well_id,cycle_number,day_index,date,wellhead_temp_c,viscosity_cp,oil_rate_bopd,water_rate_bwpd,water_cut,bhp_kpa,pump_fillage_pct,rod_float_flag
BGW-01,1,0,2019-03-14,143.29,149.4,423.37,190.73,0.311,3875.9,96.5,False
BGW-01,1,1,2019-03-15,137.22,206.3,328.25,138.08,0.296,3844.9,100.0,False
BGW-01,1,2,2019-03-16,130.93,239.4,311.86,136.68,0.305,3834.7,100.0,False
BGW-01,1,3,2019-03-17,126.02,286.2,309.6,128.51,0.293,3897.7,98.1,False
BGW-01,1,4,2019-03-18,120.99,362.0,237.23,105.58,0.308,3882.1,96.9,False
BGW-01,1,5,2019-03-19,115.57,448.8,222.26,92.01,0.293,3875.7,100.0,False
BGW-01,1,6,2019-03-20,111.35,554.6,203.44,90.94,0.309,3843.4,100.0,False
BGW-01,1,7,2019-03-21,107.5,600.9,193.17,93.1,0.325,3783.1,96.9,False
BGW-01,1,8,2019-03-22,103.93,790.2,169.69,71.08,0.295,3840.4,99.1,False
BGW-01,1,9,2019-03-23,99.74,818.0,172.41,82.2,0.323,3863.5,95.5,False
BGW-01,1,10,2019-03-24,97.0,971.5,150.86,70.73,0.319,3784.1,100.0,False
BGW-01,1,11,2019-03-25,93.23,1124.1,155.89,73.99,0.322,3796.4,100.0,False
BGW-01,1,12,2019-03-26,90.37,1317.7,125.5,61.36,0.328,3813.3,100.0,False
BGW-01,1,13,2019-03-27,86.89,1527.7,116.11,56.21,0.326,3765.3,99.8,False
BGW-01,1,14,2019-03-28,84.3,1761.3,109.98,48.71,0.307,3818.1,100.0,False
BGW-01,1,15,2019-03-29,82.12,1818.7,114.38,58.69,0.339,3816.1,100.0,False
BGW-01,1,16,2019-03-30,80.16,2093.5,106.37,55.99,0.345,3781.3,100.0,False
BGW-01,1,17,2019-03-31,77.77,2323.9,100.38,55.63,0.357,3777.7,98.6,False
BGW-01,1,18,2019-04-01,75.99,2561.7,95.93,45.58,0.322,3760.5,97.5,False
BGW-01,1,19,2019-04-02,73.33,2845.1,82.62,43.63,0.346,3770.1,100.0,False
BGW-01,1,20,2019-04-03,71.96,3161.9,86.19,44.57,0.341,3787.7,97.3,False
BGW-01,1,21,2019-04-04,70.57,3493.2,77.5,43.71,0.361,3764.1,96.9,False
BGW-01,1,22,2019-04-05,69.04,3508.8,70.67,40.35,0.363,3727.3,98.9,False
BGW-01,1,23,2019-04-06,67.64,4145.0,62.98,33.12,0.345,3795.3,97.2,False
BGW-01,1,24,2019-04-07,66.41,4357.5,64.56,34.98,0.351,3746.7,100.0,False
BGW-01,1,25,2019-04-08,65.23,4462.8,67.83,39.36,0.367,3762.7,100.0,False
BGW-01,1,26,2019-04-09,63.41,4529.6,69.09,42.43,0.38,3676.2,96.9,False
BGW-01,1,27,2019-04-10,62.82,5307.1,66.71,40.33,0.377,3698.7,98.9,False
BGW-01,1,28,2019-04-11,61.77,5347.8,57.14,37.32,0.395,3753.0,100.0,False
BGW-01,1,29,2019-04-12,60.53,5990.9,58.66,36.27,0.382,3731.5,100.0,False
BGW-01,1,30,2019-04-13,60.13,6070.2,56.88,32.38,0.363,3689.3,100.0,False
BGW-01,1,31,2019-04-14,58.68,6852.4,57.47,37.87,0.397,3740.0,100.0,False
BGW-01,1,32,2019-04-15,58.28,6602.6,50.14,32.13,0.391,3653.9,100.0,False
BGW-01,1,33,2019-04-16,57.53,6807.1,56.66,37.54,0.399,3693.9,100.0,False
BGW-01,1,34,2019-04-17,56.87,7026.8,47.96,30.81,0.391,3642.4,97.8,False
BGW-01,1,35,2019-04-18,56.36,7401.0,44.91,29.25,0.394,3705.2,100.0,False
BGW-01,1,36,2019-04-19,55.91,7482.7,46.43,29.41,0.388,3678.3,100.0,False
BGW-01,1,37,2019-04-20,55.43,8022.6,46.36,29.53,0.389,3667.0,99.0,False
BGW-01,1,38,2019-04-21,54.46,7925.3,47.06,31.32,0.4,3663.3,98.1,False
BGW-01,1,39,2019-04-22,53.9,8450.8,45.5,29.86,0.396,3690.6,98.6,False
BGW-01,1,40,2019-04-23,53.21,7996.6,41.44,28.9,0.411,3637.4,100.0,False
BGW-01,1,41,2019-04-24,53.49,7696.4,46.7,35.12,0.429,3623.0,96.6,False
BGW-01,1,42,2019-04-25,52.5,8745.9,42.43,32.13,0.431,3617.9,100.0,False
BGW-01,1,43,2019-04-26,52.92,8862.1,46.45,33.45,0.419,3632.4,96.7,False
BGW-01,1,44,2019-04-27,52.95,9140.9,40.23,30.63,0.432,3600.2,92.3,False
BGW-01,1,45,2019-04-28,51.94,9373.1,41.5,30.77,0.426,3621.2,91.9,False
BGW-01,1,46,2019-04-29,50.78,10280.7,37.25,26.34,0.414,3604.4,81.1,False
BGW-01,1,47,2019-04-30,50.86,10298.5,36.28,27.09,0.428,3594.0,79.3,False
BGW-01,1,48,2019-05-01,50.88,9556.4,41.13,31.69,0.435,3530.2,83.3,False
BGW-01,1,49,2019-05-02,50.54,10058.0,38.37,29.82,0.437,3610.8,84.3,False
BGW-01,1,50,2019-05-03,49.97,10006.0,36.32,28.94,0.443,3563.0,87.9,False
BGW-01,1,51,2019-05-04,49.34,10166.4,36.29,28.29,0.438,3570.6,81.3,False
BGW-01,1,52,2019-05-05,49.79,11056.3,35.11,27.36,0.438,3516.8,74.5,False
BGW-01,1,53,2019-05-06,49.8,10635.1,36.35,31.66,0.465,3618.2,75.7,False
BGW-01,1,54,2019-05-07,49.44,10280.8,36.99,29.28,0.442,3561.8,79.0,False
BGW-01,1,55,2019-05-08,49.5,10513.8,38.11,33.42,0.467,3559.3,83.1,False
BGW-01,1,56,2019-05-09,49.59,9948.9,36.25,29.65,0.45,3519.8,85.2,False
BGW-01,1,57,2019-05-10,48.98,11982.2,33.67,29.36,0.466,3532.7,62.6,True
BGW-01,1,58,2019-05-11,48.89,11372.0,36.51,33.85,0.481,3541.6,70.7,False
BGW-01,1,59,2019-05-12,48.41,11446.1,35.77,32.53,0.476,3544.0,69.6,False
BGW-01,1,60,2019-05-13,48.79,11792.0,34.0,29.79,0.467,3423.0,66.3,False
BGW-01,1,61,2019-05-14,48.64,9796.5,32.89,30.14,0.478,3469.5,87.8,False
BGW-01,1,62,2019-05-15,48.2,12283.9,31.77,31.64,0.499,3510.1,60.1,True
BGW-01,1,63,2019-05-16,48.8,11285.9,31.82,29.2,0.479,3450.5,70.5,False
BGW-01,1,64,2019-05-17,48.15,11325.3,34.77,32.48,0.483,3481.7,69.4,False
BGW-01,1,65,2019-05-18,48.21,11918.1,30.76,27.85,0.475,3466.0,67.3,False
BGW-01,1,66,2019-05-19,47.63,12242.2,32.54,29.24,0.473,3494.0,61.2,True
BGW-01,1,67,2019-05-20,48.09,12004.1,29.69,29.1,0.495,3450.9,62.2,True
BGW-01,1,68,2019-05-21,48.17,12361.3,34.24,35.31,0.508,3469.5,59.0,True
BGW-01,1,69,2019-05-22,48.07,11775.2,31.93,32.69,0.506,3430.5,65.3,False
BGW-01,1,70,2019-05-23,47.66,12317.7,30.98,31.49,0.504,3434.6,61.8,True
BGW-01,1,71,2019-05-24,47.95,11984.0,29.28,31.47,0.518,3389.7,61.8,True
BGW-01,1,72,2019-05-25,47.36,11736.0,31.31,31.8,0.504,3451.5,64.9,True
BGW-01,1,73,2019-05-26,47.72,12117.3,31.29,33.33,0.516,3415.4,55.5,True
BGW-01,1,74,2019-05-27,46.92,12565.1,30.04,32.95,0.523,3426.0,60.7,True
BGW-01,1,75,2019-05-28,47.38,12449.9,29.22,31.1,0.516,3396.6,61.3,True
BGW-01,1,76,2019-05-29,47.73,12289.5,28.59,32.03,0.528,3409.9,62.1,True
BGW-01,1,77,2019-05-30,47.22,11909.7,29.41,32.77,0.527,3413.5,61.2,True
BGW-01,1,78,2019-05-31,47.04,12357.1,29.77,36.25,0.549,3438.0,55.2,True
BGW-01,1,79,2019-06-01,47.42,12381.1,29.61,33.66,0.532,3431.0,58.6,True
BGW-01,1,80,2019-06-02,47.21,12905.5,27.89,31.45,0.53,3394.5,50.3,True
BGW-01,1,81,2019-06-03,47.75,11909.7,29.3,32.05,0.522,3326.6,63.4,True
BGW-01,1,82,2019-06-04,47.01,12590.7,30.75,39.89,0.565,3410.9,55.1,True
BGW-01,1,83,2019-06-05,47.33,12168.6,29.67,34.87,0.54,3349.1,61.7,True
BGW-01,1,84,2019-06-06,46.81,11867.0,30.16,35.38,0.54,3355.1,62.7,True
BGW-01,1,85,2019-06-07,47.45,12245.4,27.76,35.02,0.558,3363.2,65.2,False
BGW-01,1,86,2019-06-08,47.48,12752.3,29.71,37.02,0.555,3357.4,56.9,True
BGW-01,1,87,2019-06-09,46.84,12961.7,25.95,30.91,0.544,3360.6,56.8,True
BGW-01,1,88,2019-06-10,47.6,11921.7,26.97,33.26,0.552,3331.2,64.2,True
BGW-01,1,89,2019-06-11,47.47,11966.0,28.9,35.0,0.548,3322.4,64.8,True
BGW-01,2,0,2019-07-03,144.5,144.2,408.88,161.98,0.284,3896.1,100.0,False
BGW-01,2,1,2019-07-04,141.32,167.5,385.99,159.75,0.293,3946.1,100.0,False
BGW-01,2,2,2019-07-05,136.23,185.1,355.83,150.15,0.297,3902.2,100.0,False
BGW-01,2,3,2019-07-06,132.96,235.3,345.5,149.1,0.301,3889.7,100.0,False
BGW-01,2,4,2019-07-07,129.23,266.8,310.09,134.56,0.303,3801.5,100.0,False
BGW-01,2,5,2019-07-08,125.45,285.4,291.36,126.7,0.303,3838.9,95.5,False
BGW-01,2,6,2019-07-09,122.25,373.6,288.25,126.19,0.304,3827.5,98.9,False
BGW-01,2,7,2019-07-10,118.71,387.2,244.32,110.16,0.311,3832.6,95.2,False
BGW-01,2,8,2019-07-11,116.24,435.6,247.48,106.77,0.301,3825.0,100.0,False
BGW-01,2,9,2019-07-12,113.42,480.6,215.23,98.72,0.314,3860.9,100.0,False
BGW-01,2,10,2019-07-13,110.36,579.4,222.67,103.84,0.318,3894.0,100.0,False
BGW-01,2,11,2019-07-14,108.28,565.6,202.03,103.36,0.338,3789.8,96.8,False
BGW-01,2,12,2019-07-15,104.95,695.0,191.96,90.37,0.32,3801.6,98.0,False
BGW-01,2,13,2019-07-16,102.35,836.9,180.04,92.12,0.338,3810.9,98.5,False
BGW-01,2,14,2019-07-17,100.02,759.9,170.45,78.2,0.315,3774.1,93.3,False
BGW-01,2,15,2019-07-18,98.35,907.2,179.75,92.48,0.34,3776.4,100.0,False
BGW-01,2,16,2019-07-19,95.93,1041.5,153.51,80.57,0.344,3780.5,100.0,False
BGW-01,2,17,2019-07-20,93.35,1083.2,154.8,81.49,0.345,3791.3,97.6,False
BGW-01,2,18,2019-07-21,91.86,1245.5,156.13,86.82,0.357,3834.5,97.0,False
BGW-01,2,19,2019-07-22,89.62,1404.1,136.97,71.66,0.343,3772.3,94.6,False
BGW-01,2,20,2019-07-23,87.48,1545.8,140.49,73.23,0.343,3749.2,100.0,False
BGW-01,2,21,2019-07-24,86.01,1643.6,125.76,74.18,0.371,3794.4,98.6,False
BGW-01,2,22,2019-07-25,84.55,1762.4,118.84,65.72,0.356,3732.9,99.7,False
BGW-01,2,23,2019-07-26,83.11,1876.3,121.09,72.65,0.375,3740.2,100.0,False
BGW-01,2,24,2019-07-27,81.49,1927.8,115.49,64.01,0.357,3755.9,100.0,False
BGW-01,2,25,2019-07-28,79.84,2245.7,96.59,50.98,0.345,3740.3,100.0,False
BGW-01,2,26,2019-07-29,78.57,2160.2,108.37,68.89,0.389,3737.0,100.0,False
BGW-01,2,27,2019-07-30,77.01,2420.9,92.48,55.3,0.374,3678.2,100.0,False
BGW-01,2,28,2019-07-31,75.65,2512.1,95.86,57.55,0.375,3737.4,93.7,False
BGW-01,2,29,2019-08-01,74.84,2712.8,85.54,49.73,0.368,3629.1,100.0,False
BGW-01,2,30,2019-08-02,73.33,2820.8,98.52,58.82,0.374,3722.9,100.0,False
BGW-01,2,31,2019-08-03,72.85,3005.1,93.34,54.53,0.369,3676.6,100.0,False
BGW-01,2,32,2019-08-04,71.05,3318.3,80.85,51.45,0.389,3701.7,100.0,False
BGW-01,2,33,2019-08-05,69.7,3541.8,87.77,51.73,0.371,3712.7,96.8,False
BGW-01,2,34,2019-08-06,69.26,3701.1,90.56,59.7,0.397,3761.3,100.0,False
BGW-01,2,35,2019-08-07,68.17,3733.0,83.44,55.63,0.4,3642.5,98.4,False
BGW-01,2,36,2019-08-08,68.01,3936.2,76.57,52.72,0.408,3659.4,99.7,False
BGW-01,2,37,2019-08-09,66.61,3969.2,80.04,58.13,0.421,3649.2,100.0,False
BGW-01,2,38,2019-08-10,65.46,4370.2,74.22,49.65,0.401,3601.9,100.0,False
BGW-01,2,39,2019-08-11,65.07,4466.6,75.45,49.53,0.396,3684.8,100.0,False
BGW-01,2,40,2019-08-12,64.33,4438.7,76.87,54.46,0.415,3640.2,95.2,False
BGW-01,2,41,2019-08-13,63.42,5062.5,70.15,50.08,0.417,3671.2,100.0,False
BGW-01,2,42,2019-08-14,61.75,5348.8,67.04,44.52,0.399,3665.4,100.0,False
BGW-01,2,43,2019-08-15,61.62,5531.5,63.32,44.53,0.413,3605.2,100.0,False
BGW-01,2,44,2019-08-16,61.44,5113.1,74.62,55.98,0.429,3632.2,99.5,False
BGW-01,2,45,2019-08-17,60.26,6159.4,61.72,45.35,0.424,3591.0,98.5,False
BGW-01,2,46,2019-08-18,60.3,5921.6,65.45,49.07,0.429,3589.4,100.0,False
BGW-01,2,47,2019-08-19,60.2,5536.1,68.9,55.31,0.445,3662.3,97.4,False
BGW-01,2,48,2019-08-20,59.29,6441.1,60.63,46.19,0.432,3600.6,99.4,False
BGW-01,2,49,2019-08-21,58.89,6377.8,57.74,46.46,0.446,3602.1,100.0,False
BGW-01,2,50,2019-08-22,58.2,6506.9,56.91,43.27,0.432,3583.0,95.1,False
BGW-01,2,51,2019-08-23,57.48,6726.9,50.46,38.24,0.431,3549.5,100.0,False
BGW-01,2,52,2019-08-24,57.16,6592.2,63.02,50.56,0.445,3632.7,100.0,False
BGW-01,2,53,2019-08-25,57.07,6917.9,55.54,44.77,0.446,3553.3,100.0,False
BGW-01,2,54,2019-08-26,56.08,7848.0,53.79,48.79,0.476,3603.5,100.0,False
BGW-01,2,55,2019-08-27,55.91,7765.8,52.11,42.14,0.447,3573.1,100.0,False
BGW-01,2,56,2019-08-28,55.44,7289.8,51.5,41.18,0.444,3540.2,94.7,False
BGW-01,2,57,2019-08-29,55.4,7687.5,47.95,40.8,0.46,3593.3,99.5,False
BGW-01,2,58,2019-08-30,54.27,8067.9,57.05,50.41,0.469,3527.3,100.0,False
BGW-01,2,59,2019-08-31,54.47,8357.8,49.35,44.9,0.476,3527.3,95.9,False
BGW-01,2,60,2019-09-01,54.11,8069.7,51.79,44.9,0.464,3500.3,96.8,False
BGW-01,2,61,2019-09-02,53.42,8713.9,47.23,43.72,0.481,3487.4,94.3,False
BGW-01,2,62,2019-09-03,53.27,9147.8,49.63,44.81,0.474,3434.7,94.8,False
BGW-01,2,63,2019-09-04,53.16,9454.2,48.26,44.6,0.48,3518.3,91.7,False
BGW-01,2,64,2019-09-05,52.31,8568.7,50.15,45.45,0.475,3475.4,100.0,False
BGW-01,2,65,2019-09-06,52.07,8831.8,42.52,39.77,0.483,3465.7,96.0,False
BGW-01,2,66,2019-09-07,52.73,9387.2,46.98,41.21,0.467,3488.6,92.6,False
BGW-01,2,67,2019-09-08,52.26,9557.9,44.17,46.29,0.512,3487.9,86.0,False
BGW-01,2,68,2019-09-09,51.44,9283.9,50.86,49.26,0.492,3466.0,94.3,False
BGW-01,2,69,2019-09-10,51.69,10025.7,44.97,41.48,0.48,3468.9,81.6,False
BGW-01,2,70,2019-09-11,51.64,8945.8,45.72,44.78,0.495,3404.6,94.3,False
BGW-01,2,71,2019-09-12,51.13,9524.1,47.83,50.13,0.512,3427.6,88.8,False
BGW-01,2,72,2019-09-13,51.17,9468.2,43.36,42.88,0.497,3398.0,88.0,False
BGW-01,2,73,2019-09-14,51.0,10174.5,41.03,42.68,0.51,3436.6,81.7,False
BGW-01,2,74,2019-09-15,50.77,9446.3,42.77,45.03,0.513,3353.5,93.2,False
BGW-01,2,75,2019-09-16,50.71,10535.5,43.09,46.89,0.521,3409.8,76.5,False
BGW-01,2,76,2019-09-17,49.96,9552.8,47.12,48.8,0.509,3365.3,87.6,False
BGW-01,2,77,2019-09-18,49.88,10473.4,41.6,46.05,0.525,3410.0,80.6,False
BGW-01,2,78,2019-09-19,50.22,11008.2,39.92,43.96,0.524,3431.8,77.0,False
BGW-01,2,79,2019-09-20,49.59,10592.3,45.57,51.95,0.533,3380.8,78.6,False
BGW-01,2,80,2019-09-21,49.76,10738.1,41.64,46.99,0.53,3360.5,76.7,False
BGW-01,2,81,2019-09-22,49.91,11826.0,36.97,42.85,0.537,3391.7,62.7,True
BGW-01,2,82,2019-09-23,49.64,11021.2,43.89,51.22,0.539,3297.5,76.9,False
BGW-01,2,83,2019-09-24,49.99,10635.8,44.12,49.24,0.527,3365.7,75.0,False
BGW-01,2,84,2019-09-25,49.39,10970.0,43.42,47.98,0.525,3355.1,76.9,False
BGW-01,2,85,2019-09-26,49.23,10324.7,43.03,46.89,0.521,3303.6,82.8,False
BGW-01,2,86,2019-09-27,49.2,10914.8,43.34,52.29,0.547,3326.7,72.5,False
BGW-01,2,87,2019-09-28,49.47,11031.3,39.77,48.45,0.549,3347.0,68.6,False
BGW-01,2,88,2019-09-29,48.47,11799.8,39.56,54.29,0.578,3325.8,61.9,True
BGW-01,2,89,2019-09-30,49.45,11342.1,38.42,48.86,0.56,3330.8,70.1,False
BGW-01,3,0,2019-10-24,145.31,151.2,414.03,163.7,0.283,3856.0,99.2,False
BGW-01,3,1,2019-10-25,140.77,166.8,405.48,163.39,0.287,3878.3,100.0,False
BGW-01,3,2,2019-10-26,136.65,196.3,364.49,149.79,0.291,3846.5,95.3,False
BGW-01,3,3,2019-10-27,132.14,221.5,331.8,138.81,0.295,3829.4,100.0,False
BGW-01,3,4,2019-10-28,128.28,257.0,292.46,127.75,0.304,3882.1,93.0,False
BGW-01,3,5,2019-10-29,124.91,300.1,279.58,129.07,0.316,3851.1,99.5,False
BGW-01,3,6,2019-10-30,119.96,379.9,244.8,104.16,0.298,3844.5,100.0,False
BGW-01,3,7,2019-10-31,116.96,427.2,215.56,102.41,0.322,3835.6,95.8,False
BGW-01,3,8,2019-11-01,114.34,484.5,216.21,94.98,0.305,3851.2,98.4,False
BGW-01,3,9,2019-11-02,110.59,537.9,202.4,93.27,0.315,3827.0,95.7,False
BGW-01,3,10,2019-11-03,107.81,573.6,192.39,87.41,0.312,3824.3,100.0,False
BGW-01,3,11,2019-11-04,105.08,693.5,165.82,81.79,0.33,3812.2,97.7,False
BGW-01,3,12,2019-11-05,101.98,761.0,175.55,82.18,0.319,3803.3,98.1,False
BGW-01,3,13,2019-11-06,99.09,919.5,158.15,83.93,0.347,3785.6,100.0,False
BGW-01,3,14,2019-11-07,96.78,929.5,144.58,70.03,0.326,3778.4,96.8,False
BGW-01,3,15,2019-11-08,94.33,1035.0,147.99,71.72,0.326,3789.9,100.0,False
BGW-01,3,16,2019-11-09,92.13,1139.7,146.58,78.86,0.35,3756.6,100.0,False
BGW-01,3,17,2019-11-10,90.01,1264.4,137.01,73.68,0.35,3717.4,100.0,False
BGW-01,3,18,2019-11-11,87.6,1520.1,124.02,68.47,0.356,3793.0,95.2,False
BGW-01,3,19,2019-11-12,86.24,1474.7,116.57,62.86,0.35,3721.9,99.1,False
BGW-01,3,20,2019-11-13,83.98,1731.3,107.18,56.45,0.345,3769.8,98.7,False
BGW-01,3,21,2019-11-14,82.43,1865.7,101.4,55.7,0.355,3778.8,94.2,False
BGW-01,3,22,2019-11-15,80.61,2065.5,103.01,52.38,0.337,3766.2,94.1,False
BGW-01,3,23,2019-11-16,79.0,2245.9,91.68,52.98,0.366,3766.0,100.0,False
BGW-01,3,24,2019-11-17,77.39,2219.0,96.84,58.06,0.375,3718.6,100.0,False
BGW-01,3,25,2019-11-18,76.21,2649.2,92.79,51.49,0.357,3760.9,99.3,False
BGW-01,3,26,2019-11-19,74.63,2648.0,86.69,51.88,0.374,3738.5,100.0,False
BGW-01,3,27,2019-11-20,73.21,3155.3,74.86,43.16,0.366,3751.8,100.0,False
BGW-01,3,28,2019-11-21,71.58,3066.4,70.78,42.46,0.375,3707.4,96.6,False
BGW-01,3,29,2019-11-22,71.03,3239.9,76.76,45.98,0.375,3726.7,100.0,False
BGW-01,3,30,2019-11-23,69.48,3575.7,76.07,47.53,0.385,3725.6,95.8,False
BGW-01,3,31,2019-11-24,68.27,4055.2,71.55,45.07,0.387,3693.2,100.0,False
BGW-01,3,32,2019-11-25,67.77,3877.2,69.35,45.34,0.395,3674.5,98.3,False
BGW-01,3,33,2019-11-26,66.22,4090.3,60.64,39.91,0.397,3729.2,100.0,False
BGW-01,3,34,2019-11-27,65.15,4649.4,67.14,42.57,0.388,3619.7,100.0,False
BGW-01,3,35,2019-11-28,64.82,4404.2,63.95,39.19,0.38,3704.2,100.0,False
BGW-01,3,36,2019-11-29,63.65,4673.3,55.01,36.06,0.396,3620.4,98.3,False
BGW-01,3,37,2019-11-30,63.21,4918.3,56.39,36.98,0.396,3678.5,100.0,False
BGW-01,3,38,2019-12-01,62.26,5401.7,53.61,36.48,0.405,3639.8,100.0,False
BGW-01,3,39,2019-12-02,61.7,5266.4,58.37,41.09,0.413,3683.1,91.2,False
BGW-01,3,40,2019-12-03,59.95,5829.4,57.03,39.21,0.407,3608.1,95.6,False
BGW-01,3,41,2019-12-04,60.51,5367.7,58.76,41.35,0.413,3616.9,96.4,False
BGW-01,3,42,2019-12-05,59.26,6425.3,53.17,35.36,0.399,3602.0,98.8,False
BGW-01,3,43,2019-12-06,59.35,5851.8,57.19,41.29,0.419,3601.1,96.5,False
BGW-01,3,44,2019-12-07,58.14,6272.4,51.18,35.61,0.41,3603.5,93.5,False
BGW-01,3,45,2019-12-08,57.29,6713.6,47.0,33.6,0.417,3610.1,100.0,False
BGW-01,3,46,2019-12-09,57.38,6411.3,48.11,36.41,0.431,3629.2,96.9,False
BGW-01,3,47,2019-12-10,56.45,7167.8,45.82,35.03,0.433,3587.3,98.1,False
BGW-01,3,48,2019-12-11,56.27,7113.3,48.13,37.36,0.437,3576.0,99.7,False
BGW-01,3,49,2019-12-12,56.12,7314.2,45.42,35.49,0.439,3542.2,100.0,False
BGW-01,3,50,2019-12-13,55.69,7015.1,47.07,39.51,0.456,3581.0,100.0,False
BGW-01,3,51,2019-12-14,54.88,7928.9,43.47,33.57,0.436,3575.4,99.1,False
BGW-01,3,52,2019-12-15,54.43,7865.9,40.97,33.59,0.451,3569.9,100.0,False
BGW-01,3,53,2019-12-16,54.58,8084.2,43.93,36.33,0.453,3540.5,99.7,False
BGW-01,3,54,2019-12-17,54.6,7902.0,41.76,35.14,0.457,3507.8,100.0,False
BGW-01,3,55,2019-12-18,53.93,8323.0,39.73,34.88,0.467,3505.5,100.0,False
BGW-01,3,56,2019-12-19,53.81,8638.1,41.09,37.1,0.475,3536.1,99.1,False
BGW-01,3,57,2019-12-20,52.77,9135.2,40.9,35.09,0.462,3534.3,91.0,False
BGW-01,3,58,2019-12-21,52.66,8516.5,37.91,33.65,0.47,3530.1,92.1,False
BGW-01,3,59,2019-12-22,52.26,9684.5,37.57,33.89,0.474,3520.8,86.4,False
BGW-01,3,60,2019-12-23,52.36,8970.3,41.48,35.43,0.461,3538.6,96.0,False
BGW-01,3,61,2019-12-24,52.09,10022.0,36.11,30.74,0.46,3524.2,81.0,False
BGW-01,3,62,2019-12-25,51.8,9475.7,36.05,33.85,0.484,3532.7,86.1,False
BGW-01,3,63,2019-12-26,52.28,9316.1,39.29,35.5,0.475,3473.3,86.1,False
BGW-01,3,64,2019-12-27,50.88,9392.2,41.21,38.86,0.485,3475.6,91.8,False
BGW-01,3,65,2019-12-28,50.95,10301.8,36.16,34.87,0.491,3468.1,80.5,False
BGW-01,3,66,2019-12-29,50.38,9463.4,36.77,35.21,0.489,3470.9,86.1,False
BGW-01,3,67,2019-12-30,50.63,9260.5,35.69,35.07,0.496,3430.8,93.2,False
BGW-01,3,68,2019-12-31,50.48,10605.8,36.57,35.66,0.494,3440.0,76.4,False
BGW-01,3,69,2020-01-01,50.41,10306.4,36.52,36.36,0.499,3455.2,83.5,False
BGW-01,3,70,2020-01-02,50.34,10629.7,33.38,31.13,0.483,3453.6,82.2,False
BGW-01,3,71,2020-01-03,49.44,10515.1,36.08,36.2,0.501,3481.4,77.3,False
BGW-01,3,72,2020-01-04,49.49,10447.0,34.98,36.48,0.511,3460.2,81.0,False
BGW-01,3,73,2020-01-05,49.72,10850.1,33.47,34.87,0.51,3432.8,75.6,False
BGW-01,3,74,2020-01-06,49.76,10853.9,33.8,34.41,0.505,3419.0,75.4,False
BGW-01,3,75,2020-01-07,49.46,11799.7,31.6,34.21,0.52,3416.3,68.4,False
BGW-01,3,76,2020-01-08,49.99,10321.8,34.6,36.1,0.511,3414.3,79.8,False
BGW-01,3,77,2020-01-09,49.42,10966.8,35.21,38.24,0.521,3481.5,73.0,False
BGW-01,3,78,2020-01-10,49.18,10672.0,32.11,34.13,0.515,3382.9,80.0,False
BGW-01,3,79,2020-01-11,48.99,11074.3,33.81,36.5,0.519,3394.1,69.7,False
BGW-01,3,80,2020-01-12,49.04,11222.9,30.98,35.98,0.537,3365.2,69.1,False
BGW-01,3,81,2020-01-13,48.48,12053.6,32.2,37.74,0.54,3458.7,66.3,False
BGW-01,3,82,2020-01-14,48.16,11319.7,30.86,34.54,0.528,3358.9,67.1,False
BGW-01,3,83,2020-01-15,48.22,11773.2,31.26,37.36,0.544,3379.5,67.0,False
BGW-01,3,84,2020-01-16,48.39,12518.4,30.63,33.72,0.524,3302.6,54.6,True
BGW-01,3,85,2020-01-17,48.43,11417.6,30.54,39.78,0.566,3370.1,70.9,False
BGW-01,3,86,2020-01-18,48.08,11258.5,31.35,38.36,0.55,3336.4,65.4,False
BGW-01,3,87,2020-01-19,48.29,11472.5,29.68,35.72,0.546,3338.1,68.2,False
BGW-01,3,88,2020-01-20,48.4,12005.0,29.77,36.39,0.55,3347.2,64.4,True
BGW-01,3,89,2020-01-21,48.02,12131.1,31.45,41.78,0.571,3296.4,67.1,False
BGW-01,4,0,2020-02-12,145.79,138.5,398.55,165.13,0.293,3918.4,100.0,False
BGW-01,4,1,2020-02-13,140.36,174.8,384.58,151.67,0.283,3942.0,96.1,False
BGW-01,4,2,2020-02-14,133.75,210.5,340.63,143.01,0.296,3878.8,97.3,False
BGW-01,4,3,2020-02-15,129.06,252.9,289.94,129.67,0.309,3862.9,100.0,False
BGW-01,4,4,2020-02-16,123.2,316.8,277.9,127.36,0.314,3872.5,96.9,False
BGW-01,4,5,2020-02-17,119.18,347.2,277.69,115.52,0.294,3875.9,100.0,False
BGW-01,4,6,2020-02-18,114.89,463.2,204.94,88.15,0.301,3856.1,100.0,False
BGW-01,4,7,2020-02-19,110.56,557.8,217.11,97.3,0.309,3841.8,94.5,False
BGW-01,4,8,2020-02-20,106.65,608.8,206.41,98.79,0.324,3757.1,100.0,False
BGW-01,4,9,2020-02-21,102.49,818.6,170.1,72.13,0.298,3842.9,100.0,False
BGW-01,4,10,2020-02-22,99.78,863.3,172.39,82.71,0.324,3904.3,100.0,False
BGW-01,4,11,2020-02-23,96.52,925.1,165.06,83.16,0.335,3816.7,100.0,False
BGW-01,4,12,2020-02-24,93.56,1167.8,164.8,77.23,0.319,3813.8,98.5,False
BGW-01,4,13,2020-02-25,90.22,1263.9,120.55,58.11,0.325,3801.7,100.0,False
BGW-01,4,14,2020-02-26,88.29,1433.0,138.46,69.82,0.335,3818.4,100.0,False
BGW-01,4,15,2020-02-27,85.62,1626.4,124.79,64.08,0.339,3815.6,99.1,False
BGW-01,4,16,2020-02-28,83.53,1772.4,118.55,64.17,0.351,3797.3,100.0,False
BGW-01,4,17,2020-02-29,79.94,2174.3,94.52,52.32,0.356,3820.5,100.0,False
BGW-01,4,18,2020-03-01,78.32,2167.0,105.81,55.55,0.344,3786.5,98.5,False
BGW-01,4,19,2020-03-02,77.48,2484.8,102.94,56.91,0.356,3771.8,100.0,False
BGW-01,4,20,2020-03-03,74.21,2807.2,95.73,49.51,0.341,3750.2,99.5,False
BGW-01,4,21,2020-03-04,73.57,3010.6,91.27,51.3,0.36,3770.4,99.9,False
BGW-01,4,22,2020-03-05,71.15,3026.3,87.83,49.37,0.36,3805.1,100.0,False
BGW-01,4,23,2020-03-06,70.47,3286.6,81.95,46.99,0.364,3795.9,100.0,False
BGW-01,4,24,2020-03-07,68.92,3648.5,75.71,44.56,0.37,3737.8,96.7,False
BGW-01,4,25,2020-03-08,67.22,4315.0,71.92,37.25,0.341,3717.5,100.0,False
BGW-01,4,26,2020-03-09,66.02,4297.5,71.58,43.23,0.377,3716.4,95.4,False
BGW-01,4,27,2020-03-10,65.04,4431.4,65.47,39.84,0.378,3724.1,100.0,False
BGW-01,4,28,2020-03-11,63.15,5168.1,60.8,36.9,0.378,3684.2,97.3,False
BGW-01,4,29,2020-03-12,62.57,5144.5,63.45,39.47,0.383,3741.9,98.7,False
BGW-01,4,30,2020-03-13,61.82,5248.5,61.66,35.31,0.364,3695.3,100.0,False
BGW-01,4,31,2020-03-14,60.12,5795.8,58.6,38.96,0.399,3656.2,94.9,False
BGW-01,4,32,2020-03-15,60.31,6186.8,57.01,34.98,0.38,3623.1,100.0,False
BGW-01,4,33,2020-03-16,58.61,6358.5,62.67,39.27,0.385,3720.5,100.0,False
BGW-01,4,34,2020-03-17,59.05,6133.9,58.26,40.63,0.411,3710.8,95.4,False
BGW-01,4,35,2020-03-18,57.41,6902.3,54.47,34.25,0.386,3681.7,97.1,False
BGW-01,4,36,2020-03-19,57.35,6861.0,54.99,37.32,0.404,3689.1,97.1,False
BGW-01,4,37,2020-03-20,56.67,7947.0,50.28,33.1,0.397,3685.0,100.0,False
BGW-01,4,38,2020-03-21,55.68,7448.1,53.57,35.17,0.396,3656.6,98.8,False
BGW-01,4,39,2020-03-22,55.59,7425.6,47.22,29.99,0.388,3608.0,96.2,False
BGW-01,4,40,2020-03-23,54.73,7614.0,49.09,33.12,0.403,3680.6,98.7,False
BGW-01,4,41,2020-03-24,54.49,8098.4,48.1,33.32,0.409,3652.0,100.0,False
BGW-01,4,42,2020-03-25,53.57,8541.3,43.19,31.11,0.419,3619.5,100.0,False
BGW-01,4,43,2020-03-26,53.96,8052.6,49.1,35.45,0.419,3618.0,99.7,False
BGW-01,4,44,2020-03-27,53.05,9089.2,49.2,36.01,0.423,3593.9,96.3,False
BGW-01,4,45,2020-03-28,52.87,8609.3,49.19,39.88,0.448,3542.6,98.6,False
BGW-01,4,46,2020-03-29,52.12,9731.2,45.26,34.3,0.431,3616.5,90.1,False
BGW-01,4,47,2020-03-30,52.32,9501.5,47.62,36.69,0.435,3586.2,92.2,False
BGW-01,4,48,2020-03-31,51.46,10299.9,42.89,34.06,0.443,3571.3,81.5,False
BGW-01,4,49,2020-04-01,51.36,10252.5,43.39,31.49,0.42,3635.9,80.9,False
BGW-01,4,50,2020-04-02,51.01,9186.7,48.14,38.98,0.447,3564.8,92.6,False
BGW-01,4,51,2020-04-03,51.15,9587.8,45.29,36.91,0.449,3573.8,89.3,False
BGW-01,4,52,2020-04-04,50.53,10588.3,39.09,29.53,0.43,3581.9,79.9,False
BGW-01,4,53,2020-04-05,50.5,10339.5,40.28,33.97,0.457,3541.8,80.5,False
BGW-01,4,54,2020-04-06,50.05,11320.5,35.96,30.34,0.458,3546.7,65.3,False
BGW-01,4,55,2020-04-07,49.81,9738.8,42.19,34.77,0.452,3568.6,80.7,False
BGW-01,4,56,2020-04-08,50.18,10995.0,39.88,33.84,0.459,3587.4,77.7,False
BGW-01,4,57,2020-04-09,49.92,10131.6,40.62,35.45,0.466,3544.5,77.4,False
BGW-01,4,58,2020-04-10,50.09,10683.0,42.12,36.82,0.466,3535.3,76.8,False
BGW-01,4,59,2020-04-11,49.01,10671.1,41.45,38.46,0.481,3546.4,74.2,False
BGW-01,4,60,2020-04-12,49.09,11194.4,38.82,35.91,0.481,3553.2,71.9,False
BGW-01,4,61,2020-04-13,49.07,11334.2,35.99,35.3,0.495,3525.8,71.6,False
BGW-01,4,62,2020-04-14,48.36,11146.9,39.94,36.79,0.479,3529.0,66.4,False
BGW-01,4,63,2020-04-15,48.56,12047.5,36.02,33.47,0.482,3464.5,66.1,False
BGW-01,4,64,2020-04-16,48.32,11462.5,38.25,33.82,0.469,3509.6,63.8,True
BGW-01,4,65,2020-04-17,48.33,11365.9,33.36,30.65,0.479,3506.3,69.8,False
BGW-01,4,66,2020-04-18,48.18,12446.3,33.92,31.54,0.482,3478.2,63.0,True
BGW-01,4,67,2020-04-19,48.15,11594.8,38.42,39.4,0.506,3464.1,64.9,True
BGW-01,4,68,2020-04-20,48.25,11146.8,36.18,35.41,0.495,3495.1,75.5,False
BGW-01,4,69,2020-04-21,48.05,11638.1,36.66,35.47,0.492,3449.7,68.7,False
BGW-01,4,70,2020-04-22,47.78,11478.0,38.13,37.98,0.499,3430.5,73.5,False
BGW-01,4,71,2020-04-23,48.08,12889.7,31.94,30.04,0.485,3414.6,57.6,True
BGW-01,4,72,2020-04-24,47.92,11551.4,35.47,35.06,0.497,3446.4,67.3,False
BGW-01,4,73,2020-04-25,47.56,11745.5,33.99,33.36,0.495,3429.9,64.5,True
BGW-01,4,74,2020-04-26,47.68,11862.6,34.23,35.07,0.506,3463.0,66.6,False
BGW-01,4,75,2020-04-27,47.61,12282.0,33.22,35.88,0.519,3428.6,64.8,True
BGW-01,4,76,2020-04-28,47.16,12593.8,35.22,37.61,0.516,3386.2,59.8,True
BGW-01,4,77,2020-04-29,47.2,12410.3,30.36,32.78,0.519,3343.1,62.6,True
BGW-01,4,78,2020-04-30,47.21,11830.8,33.51,36.44,0.521,3422.5,69.1,False
BGW-01,4,79,2020-05-01,47.7,12048.8,33.87,36.54,0.519,3354.0,65.2,False
BGW-01,4,80,2020-05-02,47.76,12515.9,32.89,36.92,0.529,3295.0,58.8,True
BGW-01,4,81,2020-05-03,47.56,12021.9,32.83,38.64,0.541,3340.2,62.6,True
BGW-01,4,82,2020-05-04,47.39,12230.8,32.72,38.14,0.538,3335.3,63.8,True
BGW-01,4,83,2020-05-05,47.45,12797.5,29.15,34.42,0.541,3350.2,52.9,True
BGW-01,4,84,2020-05-06,47.1,12328.5,35.22,39.71,0.53,3315.8,56.1,True
BGW-01,4,85,2020-05-07,47.86,11650.7,32.66,38.59,0.542,3341.3,64.0,True
BGW-01,4,86,2020-05-08,48.05,12407.4,30.42,37.95,0.555,3288.6,56.3,True
BGW-01,4,87,2020-05-09,47.59,12629.0,33.06,39.9,0.547,3357.8,56.0,True
BGW-01,4,88,2020-05-10,47.38,12018.3,29.38,36.75,0.556,3292.9,66.1,False
BGW-01,4,89,2020-05-11,47.43,12334.9,32.59,42.55,0.566,3273.8,57.5,True
BGW-01,5,0,2020-06-06,146.01,146.3,432.39,182.13,0.296,3896.1,99.3,False
BGW-01,5,1,2020-06-07,139.09,201.0,367.75,149.46,0.289,3864.2,100.0,False
BGW-01,5,2,2020-06-08,133.56,215.2,351.94,156.1,0.307,3890.8,100.0,False
BGW-01,5,3,2020-06-09,127.4,277.3,297.28,124.46,0.295,3878.2,100.0,False
BGW-01,5,4,2020-06-10,121.83,337.1,295.11,132.19,0.309,3867.3,100.0,False
BGW-01,5,5,2020-06-11,117.26,401.5,253.83,116.89,0.315,3839.0,100.0,False
BGW-01,5,6,2020-06-12,112.19,507.8,252.03,102.67,0.289,3820.7,100.0,False
BGW-01,5,7,2020-06-13,107.91,594.6,209.97,92.7,0.306,3839.4,100.0,False
BGW-01,5,8,2020-06-14,103.61,746.5,200.88,95.86,0.323,3858.0,95.4,False
BGW-01,5,9,2020-06-15,100.47,795.1,186.55,86.36,0.316,3900.2,100.0,False
BGW-01,5,10,2020-06-16,96.23,1103.0,154.51,76.24,0.33,3806.1,100.0,False
BGW-01,5,11,2020-06-17,93.58,1119.4,163.49,79.05,0.326,3831.7,100.0,False
BGW-01,5,12,2020-06-18,90.3,1363.8,149.64,75.02,0.334,3791.6,98.0,False
BGW-01,5,13,2020-06-19,87.3,1462.9,145.45,74.72,0.339,3859.4,99.5,False
BGW-01,5,14,2020-06-20,85.19,1671.9,125.92,67.31,0.348,3813.8,99.8,False
BGW-01,5,15,2020-06-21,82.17,1845.3,116.0,60.28,0.342,3895.3,97.6,False
BGW-01,5,16,2020-06-22,79.6,2059.1,121.36,66.47,0.354,3814.1,100.0,False
BGW-01,5,17,2020-06-23,77.19,2372.7,104.91,49.97,0.323,3723.2,100.0,False
BGW-01,5,18,2020-06-24,75.3,2620.7,101.07,54.08,0.349,3810.8,100.0,False
BGW-01,5,19,2020-06-25,74.02,2989.3,99.01,53.47,0.351,3781.7,100.0,False
BGW-01,5,20,2020-06-26,71.89,3138.8,92.36,50.8,0.355,3751.1,99.7,False
BGW-01,5,21,2020-06-27,70.15,3313.6,97.98,53.79,0.354,3788.7,97.4,False
BGW-01,5,22,2020-06-28,68.62,3557.2,94.6,51.21,0.351,3759.2,98.8,False
BGW-01,5,23,2020-06-29,67.68,3955.0,80.44,46.24,0.365,3808.1,98.5,False
BGW-01,5,24,2020-06-30,65.99,3950.8,86.24,53.32,0.382,3799.9,100.0,False
BGW-01,5,25,2020-07-01,64.42,4869.8,74.52,43.36,0.368,3719.1,96.2,False
BGW-01,5,26,2020-07-02,63.34,5155.7,77.95,46.05,0.371,3722.6,95.9,False
BGW-01,5,27,2020-07-03,62.21,5470.6,76.94,47.59,0.382,3643.3,97.7,False
BGW-01,5,28,2020-07-04,60.88,6012.6,67.91,39.39,0.367,3756.9,100.0,False
BGW-01,5,29,2020-07-05,60.45,5745.2,69.54,42.6,0.38,3725.1,100.0,False
BGW-01,5,30,2020-07-06,59.77,6324.6,63.04,39.99,0.388,3630.5,99.1,False
BGW-01,5,31,2020-07-07,58.07,6361.3,67.96,42.5,0.385,3758.0,100.0,False
BGW-01,5,32,2020-07-08,57.55,6813.9,64.88,39.64,0.379,3644.9,100.0,False
BGW-01,5,33,2020-07-09,57.62,6611.3,71.05,45.29,0.389,3684.8,100.0,False
BGW-01,5,34,2020-07-10,56.5,7062.1,62.43,40.9,0.396,3676.2,97.6,False
BGW-01,5,35,2020-07-11,55.69,8293.9,57.52,40.15,0.411,3681.2,99.4,False
BGW-01,5,36,2020-07-12,54.88,7776.9,59.49,42.11,0.414,3708.5,100.0,False
BGW-01,5,37,2020-07-13,54.92,8434.2,56.42,41.79,0.426,3637.4,98.5,False
BGW-01,5,38,2020-07-14,53.84,9218.6,56.5,37.86,0.401,3674.6,96.3,False
BGW-01,5,39,2020-07-15,54.31,7687.1,57.16,38.58,0.403,3679.2,94.1,False
BGW-01,5,40,2020-07-16,53.19,8978.7,60.84,41.77,0.407,3644.5,93.8,False
BGW-01,5,41,2020-07-17,53.14,8543.7,53.08,39.1,0.424,3573.1,100.0,False
BGW-01,5,42,2020-07-18,52.08,9859.6,52.44,36.29,0.409,3628.3,85.2,False
BGW-01,5,43,2020-07-19,52.3,8683.9,51.51,37.66,0.422,3638.6,97.9,False
BGW-01,5,44,2020-07-20,51.37,9813.4,53.68,40.08,0.427,3612.1,86.6,False
BGW-01,5,45,2020-07-21,51.16,9760.0,53.91,39.75,0.424,3593.7,84.1,False
BGW-01,5,46,2020-07-22,51.17,9637.1,51.81,39.7,0.434,3644.6,90.8,False
BGW-01,5,47,2020-07-23,51.13,9446.1,48.42,36.65,0.431,3561.3,88.8,False
BGW-01,5,48,2020-07-24,50.44,10014.9,47.56,36.09,0.431,3594.9,87.6,False
BGW-01,5,49,2020-07-25,51.07,9909.1,48.39,37.66,0.438,3595.5,86.0,False
BGW-01,5,50,2020-07-26,50.72,9707.1,51.37,40.81,0.443,3599.0,82.6,False
BGW-01,5,51,2020-07-27,50.27,9962.2,48.4,35.97,0.426,3600.9,80.9,False
BGW-01,5,52,2020-07-28,49.55,10283.6,48.08,37.99,0.441,3585.1,79.8,False
BGW-01,5,53,2020-07-29,49.15,10609.0,47.03,39.95,0.459,3536.5,81.5,False
BGW-01,5,54,2020-07-30,49.61,10380.6,51.29,40.51,0.441,3530.2,84.2,False
BGW-01,5,55,2020-07-31,49.77,10865.6,43.45,35.6,0.45,3575.0,77.4,False
BGW-01,5,56,2020-08-01,48.99,11123.2,46.77,39.83,0.46,3512.5,68.5,False
BGW-01,5,57,2020-08-02,48.94,11690.4,47.6,42.11,0.469,3552.9,67.2,False
BGW-01,5,58,2020-08-03,48.54,11331.6,42.43,35.01,0.452,3529.5,71.2,False
BGW-01,5,59,2020-08-04,48.82,11461.3,44.31,39.8,0.473,3529.8,68.7,False
BGW-01,5,60,2020-08-05,48.29,11746.3,44.59,38.58,0.464,3492.2,65.9,False
BGW-01,5,61,2020-08-06,48.24,11095.6,46.75,43.9,0.484,3563.6,74.3,False
BGW-01,5,62,2020-08-07,48.24,13102.0,40.39,37.15,0.479,3509.1,50.3,True
BGW-01,5,63,2020-08-08,48.45,11408.8,46.94,43.68,0.482,3464.1,70.2,False
BGW-01,5,64,2020-08-09,48.24,11542.8,41.26,37.31,0.475,3477.0,76.0,False
BGW-01,5,65,2020-08-10,47.6,11721.5,41.95,40.48,0.491,3498.7,67.7,False
BGW-01,5,66,2020-08-11,47.76,12098.8,39.55,36.86,0.482,3436.2,59.3,True
BGW-01,5,67,2020-08-12,48.2,11953.9,43.39,42.02,0.492,3412.5,65.9,False
BGW-01,5,68,2020-08-13,48.08,11799.5,42.65,42.38,0.498,3413.9,62.3,True
BGW-01,5,69,2020-08-14,47.54,12367.4,41.78,39.18,0.484,3430.7,56.3,True
BGW-01,5,70,2020-08-15,47.59,11417.3,38.63,37.47,0.492,3410.5,69.5,False
BGW-01,5,71,2020-08-16,47.61,12564.5,37.23,37.46,0.502,3426.8,60.2,True
BGW-01,5,72,2020-08-17,47.42,12758.0,38.7,41.54,0.518,3422.6,56.4,True
BGW-01,5,73,2020-08-18,47.69,12140.9,41.99,42.69,0.504,3424.5,61.7,True
BGW-01,5,74,2020-08-19,47.71,11489.0,42.72,45.78,0.517,3456.1,64.6,True
BGW-01,5,75,2020-08-20,48.13,12156.6,42.44,45.33,0.516,3358.1,56.5,True
BGW-01,5,76,2020-08-21,47.5,11838.5,37.98,40.81,0.518,3363.3,66.7,False
BGW-01,5,77,2020-08-22,47.25,13066.2,36.05,40.71,0.53,3416.7,50.4,True
BGW-01,5,78,2020-08-23,47.68,12352.8,40.54,42.72,0.513,3368.3,62.7,True
BGW-01,5,79,2020-08-24,47.4,12320.2,39.56,44.78,0.531,3346.9,57.2,True
BGW-01,5,80,2020-08-25,47.55,12172.9,40.91,46.16,0.53,3409.9,57.1,True
BGW-01,5,81,2020-08-26,47.15,12542.2,36.79,44.97,0.55,3364.2,54.7,True
BGW-01,5,82,2020-08-27,47.27,11760.7,39.47,48.78,0.553,3379.7,64.2,True
BGW-01,5,83,2020-08-28,46.39,12924.2,36.65,41.56,0.531,3351.6,56.6,True
BGW-01,5,84,2020-08-29,47.14,12196.4,34.47,39.07,0.531,3291.6,63.9,True
BGW-01,5,85,2020-08-30,46.94,12328.6,41.04,50.84,0.553,3387.5,58.0,True
BGW-01,5,86,2020-08-31,46.93,13052.3,34.21,43.42,0.559,3311.0,50.8,True
BGW-01,5,87,2020-09-01,47.07,12572.0,36.11,45.43,0.557,3354.0,55.3,True
BGW-01,5,88,2020-09-02,47.25,12271.0,36.41,45.62,0.556,3390.7,61.9,True
BGW-01,5,89,2020-09-03,47.38,12690.3,42.69,54.94,0.563,3343.5,57.3,True
BGW-01,6,0,2020-09-27,141.62,164.3,380.29,164.51,0.302,3852.8,100.0,False
BGW-01,6,1,2020-09-28,136.94,196.7,371.66,161.34,0.303,3912.1,100.0,False
BGW-01,6,2,2020-09-29,132.93,220.2,329.82,139.2,0.297,3831.4,99.9,False
BGW-01,6,3,2020-09-30,128.85,263.8,300.02,126.83,0.297,3849.1,100.0,False
BGW-01,6,4,2020-10-01,124.72,303.5,292.78,137.45,0.319,3830.9,100.0,False
BGW-01,6,5,2020-10-02,121.56,351.5,262.9,118.67,0.311,3870.4,97.2,False
BGW-01,6,6,2020-10-03,118.33,408.1,231.34,101.6,0.305,3843.3,91.9,False
BGW-01,6,7,2020-10-04,114.79,436.8,232.06,104.77,0.311,3862.0,93.2,False
BGW-01,6,8,2020-10-05,111.55,529.1,196.42,90.29,0.315,3858.1,99.2,False
BGW-01,6,9,2020-10-06,108.89,573.2,184.65,80.21,0.303,3842.2,98.2,False
BGW-01,6,10,2020-10-07,105.84,674.9,181.19,81.77,0.311,3842.8,99.2,False
BGW-01,6,11,2020-10-08,103.41,786.8,164.48,78.43,0.323,3828.8,100.0,False
BGW-01,6,12,2020-10-09,100.58,775.0,164.23,75.83,0.316,3799.1,94.8,False
BGW-01,6,13,2020-10-10,97.95,946.9,157.86,74.48,0.321,3760.7,99.2,False
BGW-01,6,14,2020-10-11,95.77,1035.5,151.8,73.25,0.325,3764.5,100.0,False
BGW-01,6,15,2020-10-12,93.3,1171.4,148.62,76.75,0.341,3737.6,99.9,False
BGW-01,6,16,2020-10-13,90.92,1275.1,128.03,62.36,0.328,3800.4,100.0,False
BGW-01,6,17,2020-10-14,89.77,1344.8,133.88,69.49,0.342,3822.4,99.7,False
BGW-01,6,18,2020-10-15,87.24,1683.0,115.76,61.9,0.348,3840.3,100.0,False
BGW-01,6,19,2020-10-16,85.91,1501.0,125.96,66.11,0.344,3739.1,100.0,False
BGW-01,6,20,2020-10-17,84.06,1702.5,110.84,59.1,0.348,3830.4,100.0,False
BGW-01,6,21,2020-10-18,82.22,1912.8,102.07,58.59,0.365,3751.8,99.0,False
BGW-01,6,22,2020-10-19,80.88,1991.7,100.94,52.18,0.341,3816.2,100.0,False
BGW-01,6,23,2020-10-20,79.26,2334.4,89.93,51.02,0.362,3744.6,97.2,False
BGW-01,6,24,2020-10-21,77.8,2374.6,85.85,46.12,0.349,3759.7,95.9,False
BGW-01,6,25,2020-10-22,76.79,2626.2,79.61,48.76,0.38,3692.1,100.0,False
BGW-01,6,26,2020-10-23,74.74,2877.9,85.8,47.33,0.356,3667.8,100.0,False
BGW-01,6,27,2020-10-24,73.48,3070.7,80.56,46.63,0.367,3754.7,100.0,False
BGW-01,6,28,2020-10-25,72.72,3157.8,83.15,51.38,0.382,3721.6,100.0,False
BGW-01,6,29,2020-10-26,71.09,3156.4,74.35,44.57,0.375,3755.7,100.0,False
BGW-01,6,30,2020-10-27,70.04,3640.6,76.98,46.84,0.378,3698.6,100.0,False
BGW-01,6,31,2020-10-28,69.39,3710.1,67.54,42.32,0.385,3694.0,100.0,False
BGW-01,6,32,2020-10-29,68.11,3949.6,65.75,42.34,0.392,3674.2,95.8,False
BGW-01,6,33,2020-10-30,67.34,4082.2,66.68,43.36,0.394,3686.8,99.8,False
BGW-01,6,34,2020-10-31,66.29,4129.9,66.9,42.68,0.389,3652.3,95.2,False
BGW-01,6,35,2020-11-01,65.68,4458.0,60.07,36.85,0.38,3720.3,99.7,False
BGW-01,6,36,2020-11-02,64.32,4973.2,61.97,41.89,0.403,3695.1,96.0,False
BGW-01,6,37,2020-11-03,63.47,5111.3,57.32,38.75,0.403,3655.8,100.0,False
BGW-01,6,38,2020-11-04,62.93,5029.7,57.67,41.88,0.421,3631.1,100.0,False
BGW-01,6,39,2020-11-05,62.25,5118.7,55.29,39.7,0.418,3675.2,94.9,False
BGW-01,6,40,2020-11-06,61.31,5502.0,57.69,41.17,0.416,3662.5,97.5,False
BGW-01,6,41,2020-11-07,60.76,5438.1,55.85,41.69,0.427,3656.0,100.0,False
BGW-01,6,42,2020-11-08,59.73,6167.2,55.44,40.79,0.424,3638.8,100.0,False
BGW-01,6,43,2020-11-09,59.46,5989.6,48.51,35.56,0.423,3638.2,100.0,False
BGW-01,6,44,2020-11-10,58.51,6637.8,56.29,41.33,0.423,3624.2,99.8,False
BGW-01,6,45,2020-11-11,58.97,6053.6,52.83,37.88,0.418,3606.9,98.4,False
BGW-01,6,46,2020-11-12,58.24,7056.4,49.92,36.88,0.425,3589.1,100.0,False
BGW-01,6,47,2020-11-13,57.16,6492.1,53.72,42.43,0.441,3553.7,100.0,False
BGW-01,6,48,2020-11-14,57.29,6938.8,50.42,36.23,0.418,3612.5,100.0,False
BGW-01,6,49,2020-11-15,56.38,7467.7,44.93,34.15,0.432,3526.8,98.6,False
BGW-01,6,50,2020-11-16,56.22,7703.6,44.21,35.31,0.444,3585.8,99.2,False
BGW-01,6,51,2020-11-17,55.36,7441.4,48.59,38.64,0.443,3570.8,100.0,False
BGW-01,6,52,2020-11-18,54.87,8321.5,45.18,37.55,0.454,3543.3,100.0,False
BGW-01,6,53,2020-11-19,54.73,7930.7,41.56,33.59,0.447,3563.5,100.0,False
BGW-01,6,54,2020-11-20,54.0,7818.3,48.12,39.65,0.452,3541.7,98.1,False
BGW-01,6,55,2020-11-21,53.62,9001.8,40.77,36.05,0.469,3586.3,95.0,False
BGW-01,6,56,2020-11-22,53.81,8703.8,43.4,37.69,0.465,3529.9,99.0,False
BGW-01,6,57,2020-11-23,54.0,8027.8,42.97,36.86,0.462,3517.5,100.0,False
BGW-01,6,58,2020-11-24,53.22,8643.0,38.29,33.24,0.465,3471.9,95.3,False
BGW-01,6,59,2020-11-25,52.88,9046.3,41.52,37.31,0.473,3476.6,88.5,False
BGW-01,6,60,2020-11-26,53.16,8373.4,42.74,36.96,0.464,3491.9,100.0,False
BGW-01,6,61,2020-11-27,52.47,9129.2,38.92,33.57,0.463,3468.0,94.3,False
BGW-01,6,62,2020-11-28,52.18,10253.1,40.4,37.86,0.484,3439.7,81.3,False
BGW-01,6,63,2020-11-29,51.42,10151.4,36.23,32.47,0.473,3459.5,82.2,False
BGW-01,6,64,2020-11-30,51.22,9734.3,36.44,32.99,0.475,3500.6,84.7,False
BGW-01,6,65,2020-12-01,51.31,9638.5,39.18,36.78,0.484,3492.5,87.2,False
BGW-01,6,66,2020-12-02,51.37,9615.0,38.0,35.18,0.481,3495.0,85.7,False
BGW-01,6,67,2020-12-03,51.11,10000.2,37.56,36.39,0.492,3493.4,86.3,False
BGW-01,6,68,2020-12-04,51.06,9807.1,39.79,39.29,0.497,3467.3,88.2,False
BGW-01,6,69,2020-12-05,50.68,9772.3,38.28,42.5,0.526,3454.5,85.5,False
BGW-01,6,70,2020-12-06,50.3,10088.5,39.21,38.26,0.494,3398.3,81.9,False
BGW-01,6,71,2020-12-07,50.05,9751.9,37.77,42.86,0.532,3389.4,85.8,False
BGW-01,6,72,2020-12-08,50.39,9943.1,38.54,39.12,0.504,3427.5,83.0,False
BGW-01,6,73,2020-12-09,50.2,10256.7,34.61,35.68,0.508,3438.3,77.7,False
BGW-01,6,74,2020-12-10,49.29,10718.0,36.01,38.34,0.516,3417.9,78.4,False
BGW-01,6,75,2020-12-11,50.05,10836.2,35.12,38.79,0.525,3400.2,77.7,False
BGW-01,6,76,2020-12-12,49.16,11180.3,34.67,39.02,0.53,3379.7,69.0,False
BGW-01,6,77,2020-12-13,49.58,10698.4,31.09,34.41,0.525,3372.0,71.3,False
BGW-01,6,78,2020-12-14,49.73,11440.8,31.14,33.91,0.521,3447.3,69.1,False
BGW-01,6,79,2020-12-15,49.07,10847.4,36.34,39.98,0.524,3343.1,77.5,False
BGW-01,6,80,2020-12-16,49.06,10352.4,32.34,37.82,0.539,3371.3,80.4,False
BGW-01,6,81,2020-12-17,48.78,11143.7,33.44,39.81,0.543,3349.4,64.3,True
BGW-01,6,82,2020-12-18,48.96,11084.0,33.52,39.24,0.539,3352.1,71.9,False
BGW-01,6,83,2020-12-19,48.74,11798.1,30.74,35.94,0.539,3408.2,65.8,False
BGW-01,6,84,2020-12-20,48.64,11781.1,33.77,39.96,0.542,3345.0,64.8,True
BGW-01,6,85,2020-12-21,48.57,11780.9,31.97,38.76,0.548,3319.3,62.0,True
BGW-01,6,86,2020-12-22,49.2,10889.5,31.23,40.22,0.563,3359.2,75.7,False
BGW-01,6,87,2020-12-23,48.44,11321.9,31.54,36.7,0.538,3344.2,70.0,False
BGW-01,6,88,2020-12-24,48.97,11159.4,28.34,35.16,0.554,3354.8,80.2,False
BGW-01,6,89,2020-12-25,48.1,11982.1,29.69,35.43,0.544,3325.1,62.2,True
BGW-02,1,0,2019-02-25,139.94,192.8,256.56,53.06,0.171,4655.5,100.0,False
BGW-02,1,1,2019-02-26,136.33,211.2,209.72,39.48,0.158,4613.5,100.0,False
BGW-02,1,2,2019-02-27,133.24,228.3,214.75,43.78,0.169,4649.2,100.0,False
BGW-02,1,3,2019-02-28,130.17,261.0,197.21,39.65,0.167,4623.9,98.8,False
BGW-02,1,4,2019-03-01,126.36,295.0,171.2,31.84,0.157,4642.8,96.8,False
BGW-02,1,5,2019-03-02,123.01,332.7,188.04,40.4,0.177,4635.5,100.0,False
BGW-02,1,6,2019-03-03,120.72,360.9,161.64,33.12,0.17,4560.6,100.0,False
BGW-02,1,7,2019-03-04,117.35,419.3,140.49,35.73,0.203,4586.4,100.0,False
BGW-02,1,8,2019-03-05,114.53,446.7,143.45,33.44,0.189,4599.6,98.0,False
BGW-02,1,9,2019-03-06,112.41,538.5,130.53,29.48,0.184,4585.6,100.0,False
BGW-02,1,10,2019-03-07,110.03,604.1,116.16,26.17,0.184,4545.7,97.7,False
BGW-02,1,11,2019-03-08,107.56,656.6,125.54,32.41,0.205,4605.7,100.0,False
BGW-02,1,12,2019-03-09,105.14,717.7,121.7,31.45,0.205,4536.8,99.1,False
BGW-02,1,13,2019-03-10,102.96,823.8,105.19,29.72,0.22,4552.5,94.1,False
BGW-02,1,14,2019-03-11,100.59,842.4,116.13,30.79,0.21,4547.2,98.8,False
BGW-02,1,15,2019-03-12,97.93,943.3,102.12,26.65,0.207,4577.9,97.5,False
BGW-02,1,16,2019-03-13,96.94,1036.2,90.34,24.57,0.214,4501.0,97.6,False
BGW-02,1,17,2019-03-14,94.31,1111.1,84.27,21.54,0.204,4530.1,100.0,False
BGW-02,1,18,2019-03-15,93.3,1159.8,87.44,25.44,0.225,4537.7,99.2,False
BGW-02,1,19,2019-03-16,91.26,1322.1,79.75,22.71,0.222,4483.4,95.9,False
BGW-02,1,20,2019-03-17,89.14,1372.6,80.39,25.41,0.24,4508.3,97.3,False
BGW-02,1,21,2019-03-18,87.39,1536.5,71.79,22.33,0.237,4522.4,98.0,False
BGW-02,1,22,2019-03-19,86.06,1611.0,67.72,21.01,0.237,4492.5,100.0,False
BGW-02,1,23,2019-03-20,85.3,1813.3,66.98,20.47,0.234,4451.4,100.0,False
BGW-02,1,24,2019-03-21,83.54,1886.6,67.08,22.01,0.247,4473.9,100.0,False
BGW-02,1,25,2019-03-22,81.77,2147.1,65.31,20.63,0.24,4466.9,100.0,False
BGW-02,1,26,2019-03-23,80.58,2026.0,58.35,18.16,0.237,4434.0,97.1,False
BGW-02,1,27,2019-03-24,79.38,2250.0,60.43,18.77,0.237,4463.1,98.6,False
BGW-02,1,28,2019-03-25,78.14,2336.2,58.83,22.23,0.274,4417.0,99.9,False
BGW-02,1,29,2019-03-26,76.72,2585.1,55.08,18.85,0.255,4401.1,95.7,False
BGW-02,1,30,2019-03-27,75.59,2703.7,52.49,18.1,0.256,4448.9,100.0,False
BGW-02,1,31,2019-03-28,74.52,2915.7,50.51,18.39,0.267,4440.5,100.0,False
BGW-02,1,32,2019-03-29,73.71,3057.2,50.21,18.26,0.267,4387.2,100.0,False
BGW-02,1,33,2019-03-30,72.3,3226.4,49.97,17.46,0.259,4396.2,99.8,False
BGW-02,1,34,2019-03-31,70.86,3413.6,47.05,17.28,0.269,4354.7,100.0,False
BGW-02,1,35,2019-04-01,70.35,3183.3,47.2,17.39,0.269,4416.7,98.5,False
BGW-02,1,36,2019-04-02,69.96,3615.2,44.72,17.96,0.286,4351.2,99.9,False
BGW-02,1,37,2019-04-03,68.33,3847.4,45.76,19.8,0.302,4345.0,100.0,False
BGW-02,1,38,2019-04-04,67.66,4142.1,38.84,15.69,0.288,4373.3,100.0,False
BGW-02,1,39,2019-04-05,67.16,4252.7,42.0,16.13,0.277,4341.9,100.0,False
BGW-02,1,40,2019-04-06,66.7,3865.4,45.75,19.88,0.303,4361.4,100.0,False
BGW-02,1,41,2019-04-07,65.9,4324.5,41.84,16.53,0.283,4370.7,98.2,False
BGW-02,1,42,2019-04-08,65.33,4444.9,38.52,15.56,0.288,4299.2,100.0,False
BGW-02,1,43,2019-04-09,64.47,4927.3,37.88,16.81,0.307,4315.0,99.1,False
BGW-02,1,44,2019-04-10,63.42,5262.6,35.4,15.44,0.304,4282.0,99.8,False
BGW-02,1,45,2019-04-11,62.91,5486.4,36.27,15.04,0.293,4301.5,100.0,False
BGW-02,1,46,2019-04-12,63.53,5081.7,36.06,17.0,0.32,4300.9,94.5,False
BGW-02,1,47,2019-04-13,62.51,5275.3,32.97,14.48,0.305,4301.6,100.0,False
BGW-02,1,48,2019-04-14,61.11,5555.7,34.0,15.7,0.316,4314.2,100.0,False
BGW-02,1,49,2019-04-15,60.97,5455.1,32.73,15.44,0.321,4268.1,96.0,False
BGW-02,1,50,2019-04-16,60.41,5663.4,32.51,15.11,0.317,4298.9,100.0,False
BGW-02,1,51,2019-04-17,60.02,6073.2,31.84,14.34,0.311,4271.6,98.5,False
BGW-02,1,52,2019-04-18,59.46,5735.3,32.29,16.36,0.336,4209.1,100.0,False
BGW-02,1,53,2019-04-19,59.62,6179.2,33.01,16.35,0.331,4222.0,98.9,False
BGW-02,1,54,2019-04-20,59.11,6617.3,32.62,16.5,0.336,4274.4,97.0,False
BGW-02,1,55,2019-04-21,57.81,6901.7,28.18,12.83,0.313,4204.0,100.0,False
BGW-02,1,56,2019-04-22,57.06,7262.3,33.1,17.84,0.35,4220.8,99.2,False
BGW-02,1,57,2019-04-23,57.54,7241.6,29.12,14.97,0.34,4229.4,100.0,False
BGW-02,1,58,2019-04-24,56.86,7150.0,31.7,17.4,0.354,4256.6,100.0,False
BGW-02,1,59,2019-04-25,56.43,7849.9,29.11,17.68,0.378,4176.6,96.4,False
BGW-02,1,60,2019-04-26,56.33,7515.4,31.59,16.38,0.342,4224.4,100.0,False
BGW-02,1,61,2019-04-27,56.09,7213.5,31.06,17.74,0.364,4187.9,100.0,False
BGW-02,1,62,2019-04-28,55.63,7663.9,29.01,15.93,0.355,4142.5,97.5,False
BGW-02,1,63,2019-04-29,55.03,8016.6,27.39,15.37,0.359,4147.4,100.0,False
BGW-02,1,64,2019-04-30,55.41,7700.0,27.12,15.59,0.365,4134.8,94.5,False
BGW-02,1,65,2019-05-01,54.98,7433.0,29.55,17.99,0.378,4159.5,98.9,False
BGW-02,1,66,2019-05-02,54.76,7919.7,28.3,15.88,0.36,4119.0,98.6,False
BGW-02,1,67,2019-05-03,54.27,8685.1,25.73,14.25,0.357,4147.0,96.4,False
BGW-02,1,68,2019-05-04,54.47,8329.3,25.76,15.78,0.38,4116.1,99.3,False
BGW-02,1,69,2019-05-05,53.39,9212.1,22.09,13.73,0.383,4107.4,92.8,False
BGW-02,1,70,2019-05-06,53.96,8198.8,25.27,15.28,0.377,4098.7,100.0,False
BGW-02,1,71,2019-05-07,52.76,8715.0,27.05,16.72,0.382,4096.3,100.0,False
BGW-02,1,72,2019-05-08,52.82,9614.1,24.04,14.72,0.38,4074.7,93.3,False
BGW-02,1,73,2019-05-09,52.64,9086.9,24.69,15.77,0.39,4098.7,100.0,False
BGW-02,1,74,2019-05-10,51.91,9588.8,24.09,15.44,0.391,4080.0,91.0,False
BGW-02,1,75,2019-05-11,52.42,9424.4,23.44,14.6,0.384,4051.6,100.0,False
BGW-02,1,76,2019-05-12,52.28,8727.7,24.85,15.68,0.387,4096.7,97.9,False
BGW-02,1,77,2019-05-13,52.22,9511.6,21.74,15.59,0.418,4103.5,87.5,False
BGW-02,1,78,2019-05-14,52.22,9515.6,22.64,15.33,0.404,4050.7,89.6,False
BGW-02,1,79,2019-05-15,51.68,8835.9,25.62,17.4,0.404,4025.3,96.6,False
BGW-02,1,80,2019-05-16,51.71,9234.7,21.16,14.84,0.412,4028.3,95.5,False
BGW-02,1,81,2019-05-17,51.11,9936.4,21.27,14.24,0.401,4051.9,84.4,False
BGW-02,1,82,2019-05-18,51.2,9673.5,25.39,18.21,0.418,4007.7,90.4,False
BGW-02,1,83,2019-05-19,51.0,9129.8,24.61,17.95,0.422,4006.9,94.5,False
BGW-02,1,84,2019-05-20,51.27,9221.6,22.57,15.61,0.409,4029.6,99.4,False
BGW-02,1,85,2019-05-21,50.26,9780.9,22.45,16.16,0.419,4053.9,84.3,False
BGW-02,1,86,2019-05-22,50.89,10215.3,21.36,16.34,0.433,3979.3,82.6,False
BGW-02,1,87,2019-05-23,50.87,9404.9,24.64,18.67,0.431,3947.8,96.0,False
BGW-02,1,88,2019-05-24,50.3,9899.1,22.47,17.15,0.433,3941.8,85.6,False
BGW-02,1,89,2019-05-25,50.09,10474.6,21.1,15.81,0.428,3962.0,85.7,False
BGW-02,2,0,2019-06-11,139.72,185.4,237.84,45.15,0.16,4664.3,100.0,False
BGW-02,2,1,2019-06-12,135.4,235.1,227.46,49.55,0.179,4626.4,95.7,False
BGW-02,2,2,2019-06-13,130.97,269.0,202.06,38.58,0.16,4594.7,99.4,False
BGW-02,2,3,2019-06-14,127.42,278.7,199.84,44.17,0.181,4657.2,100.0,False
BGW-02,2,4,2019-06-15,123.66,354.3,162.5,33.43,0.171,4559.2,100.0,False
BGW-02,2,5,2019-06-16,120.28,374.5,168.94,35.2,0.172,4616.8,100.0,False
BGW-02,2,6,2019-06-17,117.39,436.6,150.06,33.78,0.184,4620.6,96.0,False
BGW-02,2,7,2019-06-18,113.97,551.3,135.88,31.16,0.187,4607.1,98.3,False
BGW-02,2,8,2019-06-19,110.88,564.2,144.75,33.09,0.186,4609.1,100.0,False
BGW-02,2,9,2019-06-20,107.87,631.2,146.15,33.63,0.187,4562.7,100.0,False
BGW-02,2,10,2019-06-21,105.65,725.8,116.89,29.84,0.203,4561.9,100.0,False
BGW-02,2,11,2019-06-22,102.72,804.7,115.89,29.12,0.201,4576.5,100.0,False
BGW-02,2,12,2019-06-23,100.0,866.9,119.71,28.76,0.194,4552.3,100.0,False
BGW-02,2,13,2019-06-24,98.11,930.3,101.9,25.08,0.198,4513.0,100.0,False
BGW-02,2,14,2019-06-25,95.16,1006.8,102.51,26.47,0.205,4579.0,95.5,False
BGW-02,2,15,2019-06-26,92.73,1261.3,88.39,26.29,0.229,4508.4,100.0,False
BGW-02,2,16,2019-06-27,90.77,1366.7,86.57,23.64,0.215,4508.4,100.0,False
BGW-02,2,17,2019-06-28,89.09,1495.5,87.18,24.25,0.218,4470.9,99.1,False
BGW-02,2,18,2019-06-29,86.85,1614.9,79.81,22.9,0.223,4479.7,100.0,False
BGW-02,2,19,2019-06-30,85.29,1726.7,74.78,23.56,0.24,4516.3,100.0,False
BGW-02,2,20,2019-07-01,84.18,1699.9,77.15,23.29,0.232,4508.9,97.3,False
BGW-02,2,21,2019-07-02,81.66,2088.4,74.22,22.67,0.234,4463.1,94.4,False
BGW-02,2,22,2019-07-03,80.59,2138.9,60.36,19.76,0.247,4459.7,100.0,False
BGW-02,2,23,2019-07-04,79.23,2220.6,65.13,20.66,0.241,4525.3,100.0,False
BGW-02,2,24,2019-07-05,77.61,2512.9,66.14,19.5,0.228,4446.8,100.0,False
BGW-02,2,25,2019-07-06,76.24,2613.6,63.6,20.57,0.244,4466.4,90.8,False
BGW-02,2,26,2019-07-07,75.03,2848.0,59.1,21.05,0.263,4466.4,100.0,False
BGW-02,2,27,2019-07-08,73.91,2999.7,55.15,16.0,0.225,4468.4,98.6,False
BGW-02,2,28,2019-07-09,72.31,3306.0,55.42,19.99,0.265,4451.8,99.1,False
BGW-02,2,29,2019-07-10,71.44,3551.5,48.68,16.28,0.251,4476.4,100.0,False
BGW-02,2,30,2019-07-11,70.29,3503.9,54.9,19.99,0.267,4432.2,98.9,False
BGW-02,2,31,2019-07-12,69.54,3970.8,51.76,18.35,0.262,4431.2,99.8,False
BGW-02,2,32,2019-07-13,68.17,3977.8,46.9,17.99,0.277,4393.8,96.6,False
BGW-02,2,33,2019-07-14,67.3,4470.4,45.84,16.15,0.261,4448.7,98.3,False
BGW-02,2,34,2019-07-15,65.54,4345.0,53.87,20.55,0.276,4390.0,96.7,False
BGW-02,2,35,2019-07-16,65.55,4675.4,49.65,19.03,0.277,4407.1,98.4,False
BGW-02,2,36,2019-07-17,64.51,4578.9,41.51,14.63,0.261,4340.4,97.3,False
BGW-02,2,37,2019-07-18,64.04,4662.2,38.17,14.03,0.269,4349.8,98.6,False
BGW-02,2,38,2019-07-19,63.66,4868.3,45.55,17.89,0.282,4335.1,99.9,False
BGW-02,2,39,2019-07-20,62.48,5149.3,42.68,16.83,0.283,4382.2,97.2,False
BGW-02,2,40,2019-07-21,61.95,5362.8,41.64,16.79,0.287,4346.8,97.4,False
BGW-02,2,41,2019-07-22,61.0,5532.0,37.39,15.1,0.288,4316.1,100.0,False
BGW-02,2,42,2019-07-23,61.33,5848.3,42.04,18.2,0.302,4305.5,100.0,False
BGW-02,2,43,2019-07-24,59.22,6209.1,39.27,16.73,0.299,4361.0,100.0,False
BGW-02,2,44,2019-07-25,59.54,6412.6,35.73,14.54,0.289,4316.7,100.0,False
BGW-02,2,45,2019-07-26,58.71,6337.4,36.18,15.22,0.296,4260.9,96.2,False
BGW-02,2,46,2019-07-27,58.33,6476.4,38.91,17.41,0.309,4275.8,100.0,False
BGW-02,2,47,2019-07-28,57.87,6899.3,36.97,16.47,0.308,4290.6,100.0,False
BGW-02,2,48,2019-07-29,57.68,6737.0,32.68,15.02,0.315,4299.9,100.0,False
BGW-02,2,49,2019-07-30,57.13,6982.3,33.66,15.9,0.321,4258.0,100.0,False
BGW-02,2,50,2019-07-31,56.92,6915.3,33.96,17.08,0.335,4256.3,100.0,False
BGW-02,2,51,2019-08-01,56.27,7469.1,29.38,13.33,0.312,4248.6,99.8,False
BGW-02,2,52,2019-08-02,55.87,7936.5,32.17,14.7,0.314,4241.8,100.0,False
BGW-02,2,53,2019-08-03,55.39,7701.7,36.79,16.13,0.305,4243.7,98.8,False
BGW-02,2,54,2019-08-04,54.85,8320.9,33.02,16.24,0.33,4232.7,99.2,False
BGW-02,2,55,2019-08-05,54.72,8059.2,31.62,15.98,0.336,4191.4,100.0,False
BGW-02,2,56,2019-08-06,54.12,7794.4,33.59,17.21,0.339,4177.6,100.0,False
BGW-02,2,57,2019-08-07,54.67,7913.1,32.06,17.09,0.348,4196.4,97.0,False
BGW-02,2,58,2019-08-08,53.9,9488.0,29.84,16.66,0.358,4216.1,94.9,False
BGW-02,2,59,2019-08-09,53.27,9143.9,27.53,15.57,0.361,4117.8,95.5,False
BGW-02,2,60,2019-08-10,53.21,9031.0,29.31,16.16,0.355,4150.3,93.5,False
BGW-02,2,61,2019-08-11,53.04,8893.2,29.16,16.65,0.363,4191.1,94.9,False
BGW-02,2,62,2019-08-12,52.84,8438.7,28.22,15.49,0.354,4191.4,100.0,False
BGW-02,2,63,2019-08-13,52.07,8279.5,31.34,17.34,0.356,4139.8,100.0,False
BGW-02,2,64,2019-08-14,52.48,9480.5,27.84,15.39,0.356,4174.7,91.5,False
BGW-02,2,65,2019-08-15,52.16,9700.7,27.42,14.76,0.35,4132.6,95.0,False
BGW-02,2,66,2019-08-16,51.8,9498.8,28.25,16.05,0.362,4141.8,91.1,False
BGW-02,2,67,2019-08-17,51.83,8650.2,31.94,18.58,0.368,4093.8,100.0,False
BGW-02,2,68,2019-08-18,51.46,9451.2,30.05,17.38,0.366,4107.9,94.0,False
BGW-02,2,69,2019-08-19,51.29,9705.0,29.31,16.23,0.356,4061.3,85.1,False
BGW-02,2,70,2019-08-20,50.93,9680.5,25.26,14.89,0.371,4081.4,83.3,False
BGW-02,2,71,2019-08-21,51.46,9862.0,27.3,16.12,0.371,4070.0,82.8,False
BGW-02,2,72,2019-08-22,50.94,10349.1,27.62,17.7,0.391,4097.1,80.1,False
BGW-02,2,73,2019-08-23,50.72,10043.9,29.44,17.26,0.37,4125.0,84.8,False
BGW-02,2,74,2019-08-24,50.24,10140.8,25.67,16.28,0.388,4098.7,79.7,False
BGW-02,2,75,2019-08-25,50.75,10315.2,24.95,16.23,0.394,4063.1,80.0,False
BGW-02,2,76,2019-08-26,51.07,9962.2,24.78,16.39,0.398,4029.4,82.3,False
BGW-02,2,77,2019-08-27,49.99,10365.5,27.0,18.38,0.405,4024.6,83.8,False
BGW-02,2,78,2019-08-28,50.03,10644.1,24.59,16.36,0.399,4039.4,80.6,False
BGW-02,2,79,2019-08-29,50.15,11143.3,24.59,17.59,0.417,3998.1,75.8,False
BGW-02,2,80,2019-08-30,49.65,10406.4,24.31,16.71,0.407,4072.0,83.6,False
BGW-02,2,81,2019-08-31,49.98,10374.4,22.79,15.97,0.412,4032.1,82.2,False
BGW-02,2,82,2019-09-01,50.42,10819.4,25.75,17.5,0.405,4016.0,75.9,False
BGW-02,2,83,2019-09-02,49.47,11092.0,24.85,17.01,0.406,4014.1,78.2,False
BGW-02,2,84,2019-09-03,49.1,11083.3,24.66,18.6,0.43,4028.1,73.7,False
BGW-02,2,85,2019-09-04,49.59,10242.8,23.28,17.88,0.434,4005.2,87.0,False
BGW-02,2,86,2019-09-05,49.91,11060.8,24.96,17.86,0.417,4003.9,80.1,False
BGW-02,2,87,2019-09-06,49.27,10707.7,24.65,17.31,0.413,3951.4,80.7,False
BGW-02,2,88,2019-09-07,49.42,10674.5,23.94,17.67,0.425,4028.9,78.5,False
BGW-02,2,89,2019-09-08,49.66,10906.0,23.92,19.08,0.444,3939.6,79.9,False
BGW-02,3,0,2019-09-30,141.55,172.9,238.55,50.42,0.174,4640.4,100.0,False
BGW-02,3,1,2019-10-01,137.01,211.3,219.31,41.81,0.16,4657.4,99.0,False
BGW-02,3,2,2019-10-02,133.18,227.8,224.53,38.64,0.147,4620.9,98.7,False
BGW-02,3,3,2019-10-03,129.49,282.1,204.33,41.88,0.17,4637.6,100.0,False
BGW-02,3,4,2019-10-04,125.3,347.8,162.81,36.82,0.184,4632.2,100.0,False
BGW-02,3,5,2019-10-05,122.2,374.6,154.78,34.57,0.183,4595.9,98.3,False
BGW-02,3,6,2019-10-06,119.17,425.2,154.14,37.11,0.194,4581.7,100.0,False
BGW-02,3,7,2019-10-07,115.8,459.1,144.84,34.75,0.194,4553.0,100.0,False
BGW-02,3,8,2019-10-08,112.36,541.9,132.93,32.25,0.195,4554.8,100.0,False
BGW-02,3,9,2019-10-09,109.54,638.4,130.24,30.76,0.191,4569.9,97.2,False
BGW-02,3,10,2019-10-10,106.84,690.8,117.75,31.14,0.209,4546.1,98.8,False
BGW-02,3,11,2019-10-11,104.44,663.6,122.11,30.44,0.2,4513.1,100.0,False
BGW-02,3,12,2019-10-12,102.39,830.0,118.14,30.22,0.204,4517.8,100.0,False
BGW-02,3,13,2019-10-13,99.85,867.9,99.18,24.17,0.196,4529.4,100.0,False
BGW-02,3,14,2019-10-14,97.45,923.6,93.37,26.94,0.224,4514.9,100.0,False
BGW-02,3,15,2019-10-15,95.13,1144.2,96.24,26.31,0.215,4516.7,100.0,False
BGW-02,3,16,2019-10-16,93.04,1204.0,90.08,24.28,0.212,4531.9,100.0,False
BGW-02,3,17,2019-10-17,90.71,1381.1,81.43,22.57,0.217,4533.9,99.1,False
BGW-02,3,18,2019-10-18,88.47,1534.1,78.42,24.01,0.234,4513.9,98.6,False
BGW-02,3,19,2019-10-19,87.85,1506.4,86.03,25.06,0.226,4509.7,100.0,False
BGW-02,3,20,2019-10-20,85.77,1630.3,73.82,21.05,0.222,4493.2,100.0,False
BGW-02,3,21,2019-10-21,84.06,1912.1,68.6,19.79,0.224,4553.0,95.7,False
BGW-02,3,22,2019-10-22,82.34,2005.8,65.44,20.01,0.234,4476.7,100.0,False
BGW-02,3,23,2019-10-23,81.04,2295.1,62.63,18.39,0.227,4524.7,97.4,False
BGW-02,3,24,2019-10-24,79.57,2232.5,65.9,19.91,0.232,4457.4,100.0,False
BGW-02,3,25,2019-10-25,77.78,2506.7,61.63,19.56,0.241,4484.9,100.0,False
BGW-02,3,26,2019-10-26,77.02,2598.7,63.26,20.44,0.244,4472.9,97.9,False
BGW-02,3,27,2019-10-27,75.3,2608.1,59.16,19.55,0.248,4490.0,98.5,False
BGW-02,3,28,2019-10-28,74.18,3083.0,56.5,19.14,0.253,4438.1,97.2,False
BGW-02,3,29,2019-10-29,72.87,2947.6,54.78,18.46,0.252,4443.8,100.0,False
BGW-02,3,30,2019-10-30,71.58,3383.6,52.33,15.59,0.23,4454.6,98.5,False
BGW-02,3,31,2019-10-31,70.19,3578.3,55.44,18.84,0.254,4375.4,100.0,False
BGW-02,3,32,2019-11-01,70.17,3554.4,51.05,19.63,0.278,4380.5,100.0,False
BGW-02,3,33,2019-11-02,68.52,3956.5,46.91,15.31,0.246,4354.6,99.8,False
BGW-02,3,34,2019-11-03,68.27,3956.3,45.89,16.4,0.263,4358.2,94.3,False
BGW-02,3,35,2019-11-04,67.2,4536.8,46.77,17.5,0.272,4354.8,98.7,False
BGW-02,3,36,2019-11-05,66.67,4233.0,51.15,20.91,0.29,4355.7,94.8,False
BGW-02,3,37,2019-11-06,65.04,4626.2,43.94,19.67,0.309,4374.8,96.8,False
BGW-02,3,38,2019-11-07,64.65,4735.5,43.58,16.26,0.272,4375.5,100.0,False
BGW-02,3,39,2019-11-08,63.83,5059.1,44.96,18.78,0.295,4317.3,100.0,False
BGW-02,3,40,2019-11-09,62.84,5162.6,41.78,16.53,0.283,4309.0,97.2,False
BGW-02,3,41,2019-11-10,61.85,5437.2,37.28,14.59,0.281,4296.8,98.8,False
BGW-02,3,42,2019-11-11,61.82,5664.1,38.14,15.57,0.29,4307.7,100.0,False
BGW-02,3,43,2019-11-12,60.85,6072.8,39.57,17.22,0.303,4262.1,100.0,False
BGW-02,3,44,2019-11-13,60.91,5864.0,40.1,17.52,0.304,4305.4,100.0,False
BGW-02,3,45,2019-11-14,60.05,5969.5,39.27,15.83,0.287,4367.2,98.4,False
BGW-02,3,46,2019-11-15,59.21,6262.5,35.06,15.72,0.31,4292.5,97.8,False
BGW-02,3,47,2019-11-16,59.14,6171.9,38.09,17.71,0.317,4294.6,100.0,False
BGW-02,3,48,2019-11-17,59.37,6539.6,36.13,15.74,0.303,4325.4,99.7,False
BGW-02,3,49,2019-11-18,58.44,6993.9,35.76,15.52,0.303,4237.6,100.0,False
BGW-02,3,50,2019-11-19,57.03,7185.9,34.69,16.88,0.327,4283.0,100.0,False
BGW-02,3,51,2019-11-20,56.76,7196.1,31.13,13.42,0.301,4236.7,100.0,False
BGW-02,3,52,2019-11-21,56.91,7492.9,31.82,15.68,0.33,4196.2,98.0,False
BGW-02,3,53,2019-11-22,56.29,7275.8,32.29,17.16,0.347,4255.3,95.4,False
BGW-02,3,54,2019-11-23,55.58,7994.5,32.07,16.09,0.334,4213.1,97.2,False
BGW-02,3,55,2019-11-24,55.8,8175.5,31.89,15.3,0.324,4301.1,100.0,False
BGW-02,3,56,2019-11-25,55.21,8341.8,29.58,14.96,0.336,4232.5,100.0,False
BGW-02,3,57,2019-11-26,54.63,7868.9,32.82,17.76,0.351,4266.9,100.0,False
BGW-02,3,58,2019-11-27,54.58,8045.7,32.94,17.69,0.349,4174.0,97.1,False
BGW-02,3,59,2019-11-28,54.39,8174.9,30.38,16.79,0.356,4237.2,100.0,False
BGW-02,3,60,2019-11-29,53.38,8799.5,30.41,15.18,0.333,4164.3,96.5,False
BGW-02,3,61,2019-11-30,53.7,9134.9,31.84,16.63,0.343,4198.5,96.6,False
BGW-02,3,62,2019-12-01,53.55,8769.8,29.53,17.43,0.371,4142.2,100.0,False
BGW-02,3,63,2019-12-02,53.42,9007.7,29.08,16.97,0.369,4172.2,96.9,False
BGW-02,3,64,2019-12-03,52.98,8217.4,29.41,16.09,0.354,4201.5,96.4,False
BGW-02,3,65,2019-12-04,52.87,8953.6,27.59,15.94,0.366,4125.9,99.8,False
BGW-02,3,66,2019-12-05,52.5,9475.5,25.06,14.44,0.366,4138.9,90.2,False
BGW-02,3,67,2019-12-06,52.15,9388.9,30.34,17.52,0.366,4195.0,93.2,False
BGW-02,3,68,2019-12-07,51.93,10161.1,26.57,16.99,0.39,4136.6,86.6,False
BGW-02,3,69,2019-12-08,51.89,9239.4,27.56,17.19,0.384,4110.2,93.9,False
BGW-02,3,70,2019-12-09,51.65,9988.9,28.15,16.64,0.372,4123.3,84.1,False
BGW-02,3,71,2019-12-10,52.02,9847.5,24.89,15.16,0.379,4096.1,84.8,False
BGW-02,3,72,2019-12-11,51.87,8957.4,25.25,15.21,0.376,4115.0,97.7,False
BGW-02,3,73,2019-12-12,51.37,10227.8,23.66,15.72,0.399,4110.6,82.7,False
BGW-02,3,74,2019-12-13,50.69,10143.1,26.11,17.53,0.402,4081.8,79.7,False
BGW-02,3,75,2019-12-14,50.62,10390.9,26.44,18.08,0.406,4100.9,80.3,False
BGW-02,3,76,2019-12-15,51.21,9217.5,27.38,18.7,0.406,4029.0,93.3,False
BGW-02,3,77,2019-12-16,50.95,9520.2,25.86,17.15,0.399,4038.8,93.1,False
BGW-02,3,78,2019-12-17,50.34,10383.9,26.37,19.5,0.425,4059.3,77.5,False
BGW-02,3,79,2019-12-18,50.1,10921.9,23.34,15.46,0.398,4039.8,74.6,False
BGW-02,3,80,2019-12-19,50.41,10504.3,24.73,16.14,0.395,4032.7,82.9,False
BGW-02,3,81,2019-12-20,50.55,9934.7,23.24,16.21,0.411,4031.4,90.6,False
BGW-02,3,82,2019-12-21,50.04,10163.2,27.12,18.38,0.404,4035.9,82.1,False
BGW-02,3,83,2019-12-22,49.44,11458.3,24.32,18.06,0.426,4006.2,72.5,False
BGW-02,3,84,2019-12-23,49.58,10739.9,22.93,16.96,0.425,4047.6,80.7,False
BGW-02,3,85,2019-12-24,49.92,10991.8,23.4,16.84,0.418,3983.9,77.1,False
BGW-02,3,86,2019-12-25,49.81,10221.2,23.3,17.76,0.433,3958.2,86.3,False
BGW-02,3,87,2019-12-26,49.84,10417.4,24.08,19.18,0.443,4003.9,84.1,False
BGW-02,3,88,2019-12-27,50.13,10175.3,23.02,17.02,0.425,3901.6,83.4,False
BGW-02,3,89,2019-12-28,49.42,10665.3,24.58,19.21,0.439,3982.2,77.3,False
BGW-02,4,0,2020-01-14,133.48,233.6,205.64,42.1,0.17,4667.1,100.0,False
BGW-02,4,1,2020-01-15,127.59,278.2,194.71,39.08,0.167,4649.5,98.8,False
BGW-02,4,2,2020-01-16,122.28,373.3,167.49,37.02,0.181,4615.3,100.0,False
BGW-02,4,3,2020-01-17,116.78,444.1,150.83,33.51,0.182,4624.9,100.0,False
BGW-02,4,4,2020-01-18,111.57,534.2,152.86,33.51,0.18,4634.7,100.0,False
BGW-02,4,5,2020-01-19,106.65,648.5,121.22,28.23,0.189,4620.2,96.4,False
BGW-02,4,6,2020-01-20,102.86,806.8,115.29,26.27,0.186,4659.9,100.0,False
BGW-02,4,7,2020-01-21,99.09,937.2,108.28,26.47,0.196,4617.5,99.5,False
BGW-02,4,8,2020-01-22,94.94,1100.1,106.34,25.71,0.195,4575.6,100.0,False
BGW-02,4,9,2020-01-23,91.33,1388.2,107.53,26.83,0.2,4562.0,96.0,False
BGW-02,4,10,2020-01-24,88.73,1543.8,84.63,20.76,0.197,4603.4,100.0,False
BGW-02,4,11,2020-01-25,85.54,1591.1,90.6,24.44,0.212,4581.8,99.8,False
BGW-02,4,12,2020-01-26,82.78,1862.6,85.83,22.56,0.208,4607.0,100.0,False
BGW-02,4,13,2020-01-27,80.09,2141.9,76.86,19.41,0.202,4548.5,100.0,False
BGW-02,4,14,2020-01-28,77.76,2455.1,72.04,20.27,0.22,4560.2,100.0,False
BGW-02,4,15,2020-01-29,75.98,2650.2,66.14,18.23,0.216,4589.3,99.0,False
BGW-02,4,16,2020-01-30,74.27,2979.0,65.98,18.11,0.215,4524.4,96.2,False
BGW-02,4,17,2020-01-31,72.03,3277.4,63.15,18.7,0.228,4502.6,97.9,False
BGW-02,4,18,2020-02-01,70.7,3581.1,57.81,16.42,0.221,4516.3,99.7,False
BGW-02,4,19,2020-02-02,68.79,4232.9,55.12,16.64,0.232,4493.0,94.9,False
BGW-02,4,20,2020-02-03,67.52,4147.8,43.78,13.45,0.235,4440.0,100.0,False
BGW-02,4,21,2020-02-04,66.22,3906.9,57.98,17.43,0.231,4505.5,93.0,False
BGW-02,4,22,2020-02-05,64.82,4763.3,52.14,15.58,0.23,4505.1,94.4,False
BGW-02,4,23,2020-02-06,63.8,5180.0,43.94,12.54,0.222,4428.8,97.5,False
BGW-02,4,24,2020-02-07,62.18,5479.2,43.78,14.44,0.248,4452.4,100.0,False
BGW-02,4,25,2020-02-08,61.09,5288.3,46.51,14.95,0.243,4472.4,100.0,False
BGW-02,4,26,2020-02-09,60.26,5914.4,45.48,15.67,0.256,4462.8,99.7,False
BGW-02,4,27,2020-02-10,59.24,6152.1,44.92,14.47,0.244,4446.4,100.0,False
BGW-02,4,28,2020-02-11,58.38,6527.5,41.32,12.75,0.236,4444.7,100.0,False
BGW-02,4,29,2020-02-12,57.96,6623.4,45.95,15.43,0.251,4400.2,97.4,False
BGW-02,4,30,2020-02-13,56.48,7801.2,41.59,14.93,0.264,4476.6,97.3,False
BGW-02,4,31,2020-02-14,56.24,7356.6,42.38,15.5,0.268,4422.0,100.0,False
BGW-02,4,32,2020-02-15,55.61,7510.3,35.39,12.53,0.261,4424.7,100.0,False
BGW-02,4,33,2020-02-16,55.17,7578.8,38.81,14.9,0.277,4404.0,100.0,False
BGW-02,4,34,2020-02-17,54.4,8521.7,31.07,11.73,0.274,4346.0,100.0,False
BGW-02,4,35,2020-02-18,54.08,8377.2,35.49,14.05,0.284,4388.0,100.0,False
BGW-02,4,36,2020-02-19,53.94,8451.8,42.12,16.2,0.278,4324.4,100.0,False
BGW-02,4,37,2020-02-20,53.11,9259.0,32.17,11.17,0.258,4409.1,93.8,False
BGW-02,4,38,2020-02-21,52.9,8831.1,31.71,12.75,0.287,4306.7,100.0,False
BGW-02,4,39,2020-02-22,52.86,9246.9,35.9,14.74,0.291,4368.0,95.8,False
BGW-02,4,40,2020-02-23,52.45,8536.0,32.27,12.6,0.281,4356.3,99.6,False
BGW-02,4,41,2020-02-24,51.97,9860.1,34.54,13.6,0.283,4311.5,88.2,False
BGW-02,4,42,2020-02-25,51.53,9793.6,27.39,12.79,0.318,4311.3,89.8,False
BGW-02,4,43,2020-02-26,51.89,9339.8,33.11,13.68,0.292,4318.2,97.8,False
BGW-02,4,44,2020-02-27,51.11,10387.7,32.24,13.8,0.3,4389.8,85.3,False
BGW-02,4,45,2020-02-28,50.93,10048.5,31.8,14.71,0.316,4297.5,83.7,False
BGW-02,4,46,2020-02-29,50.16,9967.2,30.62,13.48,0.306,4314.2,91.6,False
BGW-02,4,47,2020-03-01,50.15,10157.4,33.2,15.66,0.32,4277.1,84.4,False
BGW-02,4,48,2020-03-02,50.57,9809.0,31.85,16.04,0.335,4259.3,88.6,False
BGW-02,4,49,2020-03-03,50.19,10239.3,28.46,13.53,0.322,4265.5,86.8,False
BGW-02,4,50,2020-03-04,49.79,10269.4,30.07,13.67,0.313,4323.8,80.1,False
BGW-02,4,51,2020-03-05,49.9,10853.8,30.78,15.09,0.329,4267.5,75.9,False
BGW-02,4,52,2020-03-06,49.54,11019.1,29.61,13.96,0.32,4256.0,71.4,False
BGW-02,4,53,2020-03-07,49.43,10101.3,30.73,15.61,0.337,4232.1,92.5,False
BGW-02,4,54,2020-03-08,49.21,10553.3,29.57,14.72,0.332,4230.8,77.8,False
BGW-02,4,55,2020-03-09,48.67,11810.7,26.77,13.36,0.333,4210.8,62.9,True
BGW-02,4,56,2020-03-10,49.08,11112.2,29.03,15.68,0.351,4249.4,76.6,False
BGW-02,4,57,2020-03-11,49.5,11100.6,28.15,15.11,0.349,4232.2,77.8,False
BGW-02,4,58,2020-03-12,48.54,11085.1,27.68,14.9,0.35,4239.1,74.6,False
BGW-02,4,59,2020-03-13,49.29,11520.5,29.19,14.69,0.335,4179.0,71.6,False
BGW-02,4,60,2020-03-14,48.33,11475.0,29.25,15.95,0.353,4194.8,76.7,False
BGW-02,4,61,2020-03-15,49.49,10936.7,27.79,14.21,0.338,4166.7,79.6,False
BGW-02,4,62,2020-03-16,48.5,12102.1,28.09,16.19,0.366,4172.5,63.0,True
BGW-02,4,63,2020-03-17,48.61,11784.1,28.81,16.27,0.361,4193.1,73.4,False
BGW-02,4,64,2020-03-18,48.5,11880.0,28.79,17.66,0.38,4159.2,70.0,False
BGW-02,4,65,2020-03-19,48.46,11792.2,28.68,16.67,0.368,4152.3,68.7,False
BGW-02,4,66,2020-03-20,48.37,11503.1,26.68,16.59,0.383,4144.5,69.6,False
BGW-02,4,67,2020-03-21,48.17,12057.2,27.71,17.38,0.385,4152.4,65.2,False
BGW-02,4,68,2020-03-22,48.34,11848.3,26.34,15.66,0.373,4141.0,67.2,False
BGW-02,4,69,2020-03-23,48.26,11542.4,28.4,19.12,0.402,4081.9,66.3,False
BGW-02,4,70,2020-03-24,48.02,11765.3,26.93,16.8,0.384,4127.8,68.1,False
BGW-02,4,71,2020-03-25,48.07,11667.9,25.68,14.79,0.365,4070.5,65.2,False
BGW-02,4,72,2020-03-26,48.48,11623.0,26.42,15.24,0.366,4116.3,64.7,True
BGW-02,4,73,2020-03-27,47.39,12875.2,22.35,14.63,0.396,4120.1,53.4,True
BGW-02,4,74,2020-03-28,49.16,10107.0,27.79,16.47,0.372,4074.7,86.2,False
BGW-02,4,75,2020-03-29,48.21,11271.6,26.6,16.21,0.379,4060.8,76.5,False
BGW-02,4,76,2020-03-30,47.72,12813.1,24.11,17.12,0.415,4041.4,60.4,True
BGW-02,4,77,2020-03-31,48.1,11820.9,26.84,18.16,0.404,4051.6,67.6,False
BGW-02,4,78,2020-04-01,48.09,12400.7,24.29,16.08,0.398,4033.2,59.3,True
BGW-02,4,79,2020-04-02,47.67,11705.7,26.67,18.01,0.403,3967.7,70.4,False
BGW-02,4,80,2020-04-03,48.24,11593.3,24.14,16.78,0.41,3970.6,67.9,False
BGW-02,4,81,2020-04-04,48.33,11721.0,24.13,16.19,0.402,4033.3,63.7,True
BGW-02,4,82,2020-04-05,48.52,11573.0,22.89,16.34,0.416,4044.7,69.5,False
BGW-02,4,83,2020-04-06,48.21,10374.2,26.22,18.01,0.407,4005.4,77.8,False
BGW-02,4,84,2020-04-07,48.14,10992.8,25.71,19.23,0.428,3977.3,75.8,False
BGW-02,4,85,2020-04-08,47.71,12537.4,21.74,16.66,0.434,3992.7,59.1,True
BGW-02,4,86,2020-04-09,47.48,12123.1,24.4,17.16,0.413,3990.5,65.4,False
BGW-02,4,87,2020-04-10,47.79,12394.4,20.92,15.96,0.433,4023.2,65.9,False
BGW-02,4,88,2020-04-11,48.09,11630.1,23.12,17.38,0.429,3948.0,70.7,False
BGW-02,4,89,2020-04-12,48.19,12744.7,22.84,16.66,0.422,3987.8,53.4,True
BGW-02,5,0,2020-04-29,132.57,234.9,240.97,48.4,0.167,4638.9,100.0,False
BGW-02,5,1,2020-04-30,127.2,297.4,204.56,40.72,0.166,4651.9,97.4,False
BGW-02,5,2,2020-05-01,122.81,378.2,174.76,38.53,0.181,4604.9,100.0,False
BGW-02,5,3,2020-05-02,117.81,411.2,151.84,34.51,0.185,4634.1,100.0,False
BGW-02,5,4,2020-05-03,113.03,563.0,133.91,33.63,0.201,4599.6,95.7,False
BGW-02,5,5,2020-05-04,109.13,616.0,125.2,26.1,0.172,4639.5,95.9,False
BGW-02,5,6,2020-05-05,106.22,735.6,116.7,27.09,0.188,4598.4,96.1,False
BGW-02,5,7,2020-05-06,102.31,821.3,119.27,29.66,0.199,4630.6,97.5,False
BGW-02,5,8,2020-05-07,99.12,911.7,103.0,23.63,0.187,4602.2,100.0,False
BGW-02,5,9,2020-05-08,96.05,1043.9,112.21,29.52,0.208,4577.0,97.8,False
BGW-02,5,10,2020-05-09,93.0,1214.2,88.71,22.54,0.203,4538.0,100.0,False
BGW-02,5,11,2020-05-10,89.97,1356.5,84.56,24.02,0.221,4598.0,100.0,False
BGW-02,5,12,2020-05-11,87.64,1520.3,75.56,20.33,0.212,4600.5,100.0,False
BGW-02,5,13,2020-05-12,85.22,1709.4,76.98,21.23,0.216,4576.2,95.6,False
BGW-02,5,14,2020-05-13,83.0,1828.5,65.93,17.41,0.209,4596.6,100.0,False
BGW-02,5,15,2020-05-14,80.96,2271.4,65.97,18.91,0.223,4523.2,98.6,False
BGW-02,5,16,2020-05-15,78.64,2161.3,70.9,18.82,0.21,4495.5,97.6,False
BGW-02,5,17,2020-05-16,76.89,2741.1,66.19,16.82,0.203,4492.1,98.9,False
BGW-02,5,18,2020-05-17,75.47,2769.3,56.74,16.28,0.223,4563.8,98.6,False
BGW-02,5,19,2020-05-18,73.67,3073.0,48.53,14.05,0.225,4547.4,100.0,False
BGW-02,5,20,2020-05-19,71.39,3311.2,50.03,16.26,0.245,4476.8,100.0,False
BGW-02,5,21,2020-05-20,70.49,3161.9,50.62,15.26,0.232,4433.8,100.0,False
BGW-02,5,22,2020-05-21,68.98,3944.0,44.95,13.92,0.237,4535.7,100.0,False
BGW-02,5,23,2020-05-22,67.73,4010.4,49.51,14.29,0.224,4462.9,99.3,False
BGW-02,5,24,2020-05-23,66.54,4441.4,46.28,14.04,0.233,4513.5,100.0,False
BGW-02,5,25,2020-05-24,65.19,4631.7,43.34,13.88,0.243,4503.4,95.1,False
BGW-02,5,26,2020-05-25,64.13,5070.0,40.46,12.78,0.24,4483.1,100.0,False
BGW-02,5,27,2020-05-26,63.42,5207.9,40.26,13.36,0.249,4472.6,98.0,False
BGW-02,5,28,2020-05-27,62.21,5717.0,38.32,12.94,0.252,4438.5,100.0,False
BGW-02,5,29,2020-05-28,61.44,5605.5,40.61,13.44,0.249,4430.3,99.6,False
BGW-02,5,30,2020-05-29,60.95,5736.5,41.69,14.39,0.257,4417.1,99.3,False
BGW-02,5,31,2020-05-30,59.51,5968.7,36.14,13.54,0.273,4400.0,99.9,False
BGW-02,5,32,2020-05-31,59.54,6609.9,37.56,12.9,0.256,4461.1,98.5,False
BGW-02,5,33,2020-06-01,58.55,6482.6,36.5,14.01,0.277,4405.6,98.3,False
BGW-02,5,34,2020-06-02,58.11,6407.4,35.07,12.26,0.259,4374.3,97.0,False
BGW-02,5,35,2020-06-03,57.37,6899.8,32.63,12.3,0.274,4396.3,96.6,False
BGW-02,5,36,2020-06-04,56.99,7111.7,32.67,12.7,0.28,4391.8,93.9,False
BGW-02,5,37,2020-06-05,57.05,7078.3,32.58,13.09,0.287,4397.2,100.0,False
BGW-02,5,38,2020-06-06,54.96,8158.5,34.9,14.15,0.288,4368.6,96.5,False
BGW-02,5,39,2020-06-07,54.75,8478.5,28.56,11.44,0.286,4336.0,97.4,False
BGW-02,5,40,2020-06-08,55.14,7932.7,29.67,11.35,0.277,4307.1,94.4,False
BGW-02,5,41,2020-06-09,54.31,8602.9,28.48,12.61,0.307,4329.8,97.8,False
BGW-02,5,42,2020-06-10,53.56,8973.7,31.72,12.13,0.277,4367.1,95.6,False
BGW-02,5,43,2020-06-11,53.08,9062.1,30.0,12.74,0.298,4374.2,97.4,False
BGW-02,5,44,2020-06-12,53.75,8510.6,27.96,11.48,0.291,4272.5,100.0,False
BGW-02,5,45,2020-06-13,52.77,9052.4,27.1,11.95,0.306,4302.2,100.0,False
BGW-02,5,46,2020-06-14,52.41,9580.7,27.29,12.88,0.321,4290.7,90.8,False
BGW-02,5,47,2020-06-15,51.72,8964.7,25.07,11.42,0.313,4328.0,92.7,False
BGW-02,5,48,2020-06-16,52.0,9325.6,25.74,12.03,0.318,4253.0,90.6,False
BGW-02,5,49,2020-06-17,52.09,9500.5,26.14,12.4,0.322,4286.3,91.2,False
BGW-02,5,50,2020-06-18,51.25,10669.3,24.35,12.2,0.334,4291.3,78.5,False
BGW-02,5,51,2020-06-19,51.49,10141.9,24.36,12.1,0.332,4251.6,90.0,False
BGW-02,5,52,2020-06-20,51.08,9714.2,25.22,13.07,0.341,4223.3,85.9,False
BGW-02,5,53,2020-06-21,51.35,10012.4,27.99,13.34,0.323,4224.0,86.2,False
BGW-02,5,54,2020-06-22,50.73,9424.6,26.51,13.26,0.333,4224.3,91.8,False
BGW-02,5,55,2020-06-23,50.24,10707.8,22.8,11.66,0.338,4272.9,84.8,False
BGW-02,5,56,2020-06-24,49.9,10382.5,24.83,12.54,0.336,4232.1,77.8,False
BGW-02,5,57,2020-06-25,50.19,11260.0,23.09,12.48,0.351,4181.9,69.1,False
BGW-02,5,58,2020-06-26,50.27,10844.7,22.48,11.71,0.342,4199.6,73.1,False
BGW-02,5,59,2020-06-27,50.17,10263.9,23.66,11.86,0.334,4250.0,81.3,False
BGW-02,5,60,2020-06-28,49.82,10239.3,23.46,11.67,0.332,4230.3,80.5,False
BGW-02,5,61,2020-06-29,49.63,11616.6,22.41,12.11,0.351,4101.6,71.1,False
BGW-02,5,62,2020-06-30,49.63,10753.8,24.86,14.22,0.364,4211.2,74.7,False
BGW-02,5,63,2020-07-01,49.38,10538.7,23.35,12.86,0.355,4176.4,85.0,False
BGW-02,5,64,2020-07-02,49.42,11300.4,23.6,13.75,0.368,4176.7,76.7,False
BGW-02,5,65,2020-07-03,49.32,11522.7,21.94,12.54,0.364,4199.4,75.3,False
BGW-02,5,66,2020-07-04,49.18,10854.7,24.15,14.44,0.374,4133.3,78.0,False
BGW-02,5,67,2020-07-05,49.2,11030.8,21.45,12.62,0.371,4123.9,76.1,False
BGW-02,5,68,2020-07-06,49.3,11561.0,22.71,13.31,0.369,4129.8,72.0,False
BGW-02,5,69,2020-07-07,48.58,11751.9,21.53,14.42,0.401,4141.0,72.1,False
BGW-02,5,70,2020-07-08,48.96,11267.1,20.55,11.6,0.361,4110.5,70.2,False
BGW-02,5,71,2020-07-09,48.19,11449.1,21.09,12.88,0.379,4093.9,68.9,False
BGW-02,5,72,2020-07-10,49.28,11284.8,20.77,12.92,0.384,4073.4,72.5,False
BGW-02,5,73,2020-07-11,48.48,11984.4,20.31,12.25,0.376,4092.2,65.2,False
BGW-02,5,74,2020-07-12,48.06,11768.5,21.7,14.15,0.395,4118.4,74.3,False
BGW-02,5,75,2020-07-13,49.04,12462.6,20.98,13.69,0.395,4056.3,63.3,True
BGW-02,5,76,2020-07-14,48.59,11140.9,21.44,13.69,0.39,4077.8,72.1,False
BGW-02,5,77,2020-07-15,48.48,10656.5,19.79,12.53,0.388,4070.0,76.5,False
BGW-02,5,78,2020-07-16,48.54,11965.9,20.99,14.76,0.413,4056.1,67.4,False
BGW-02,5,79,2020-07-17,48.77,11742.4,20.65,14.83,0.418,4033.4,60.8,True
BGW-02,5,80,2020-07-18,48.31,12169.1,21.5,13.96,0.394,3999.2,67.7,False
BGW-02,5,81,2020-07-19,48.03,11703.0,19.77,12.94,0.396,4047.0,70.2,False
BGW-02,5,82,2020-07-20,48.65,11197.6,20.3,14.34,0.414,3933.8,78.6,False
BGW-02,5,83,2020-07-21,48.02,11819.9,18.76,13.29,0.415,3991.3,66.7,False
BGW-02,5,84,2020-07-22,48.3,11924.6,19.41,13.81,0.416,4003.1,65.5,False
BGW-02,5,85,2020-07-23,47.73,12240.6,18.92,14.61,0.436,4030.6,64.5,True
BGW-02,5,86,2020-07-24,47.93,11707.1,18.42,13.29,0.419,4032.4,72.0,False
BGW-02,5,87,2020-07-25,47.86,11709.9,19.43,14.97,0.435,3931.9,62.9,True
BGW-02,5,88,2020-07-26,48.33,10736.7,19.66,15.06,0.434,3968.0,79.6,False
BGW-02,5,89,2020-07-27,48.05,12199.6,19.29,14.48,0.429,3976.0,63.2,True
BGW-03,1,0,2019-07-26,137.41,221.0,291.23,99.56,0.255,3307.3,99.6,False
BGW-03,1,1,2019-07-27,130.79,268.7,225.31,79.33,0.26,3305.4,99.8,False
BGW-03,1,2,2019-07-28,124.98,347.1,227.51,85.82,0.274,3280.3,100.0,False
BGW-03,1,3,2019-07-29,118.75,408.3,224.26,87.71,0.281,3289.0,97.9,False
BGW-03,1,4,2019-07-30,113.69,511.5,182.93,68.93,0.274,3276.2,100.0,False
BGW-03,1,5,2019-07-31,108.53,598.6,174.41,68.3,0.281,3287.4,99.0,False
BGW-03,1,6,2019-08-01,104.38,766.3,159.41,63.17,0.284,3244.6,98.3,False
BGW-03,1,7,2019-08-02,99.8,898.9,137.86,56.36,0.29,3220.6,97.1,False
BGW-03,1,8,2019-08-03,96.35,1017.4,129.03,50.5,0.281,3306.1,100.0,False
BGW-03,1,9,2019-08-04,92.4,1216.1,130.38,49.98,0.277,3332.7,100.0,False
BGW-03,1,10,2019-08-05,88.39,1454.5,109.51,45.95,0.296,3278.2,98.7,False
BGW-03,1,11,2019-08-06,86.09,1558.5,108.06,47.73,0.306,3198.9,96.4,False
BGW-03,1,12,2019-08-07,83.88,1739.7,102.29,43.89,0.3,3296.0,100.0,False
BGW-03,1,13,2019-08-08,80.82,1930.7,91.06,39.63,0.303,3185.6,99.2,False
BGW-03,1,14,2019-08-09,78.44,2191.6,98.75,48.29,0.328,3245.0,99.3,False
BGW-03,1,15,2019-08-10,75.56,2685.5,81.45,35.3,0.302,3212.3,99.1,False
BGW-03,1,16,2019-08-11,73.74,2966.9,76.27,38.18,0.334,3269.2,96.0,False
BGW-03,1,17,2019-08-12,71.59,3166.8,74.57,34.42,0.316,3260.2,100.0,False
BGW-03,1,18,2019-08-13,70.46,3292.5,75.11,34.44,0.314,3175.3,97.0,False
BGW-03,1,19,2019-08-14,68.3,3755.8,63.48,30.53,0.325,3237.9,100.0,False
BGW-03,1,20,2019-08-15,66.71,3803.8,70.36,30.89,0.305,3192.3,100.0,False
BGW-03,1,21,2019-08-16,66.01,3887.9,70.64,34.82,0.33,3152.1,99.0,False
BGW-03,1,22,2019-08-17,64.32,4660.0,67.92,35.66,0.344,3157.6,98.2,False
BGW-03,1,23,2019-08-18,62.5,5274.8,56.3,30.59,0.352,3192.1,100.0,False
BGW-03,1,24,2019-08-19,61.68,5323.9,57.71,29.27,0.337,3172.3,100.0,False
BGW-03,1,25,2019-08-20,60.48,5648.7,55.69,29.74,0.348,3134.9,98.6,False
BGW-03,1,26,2019-08-21,60.27,5931.9,56.73,29.53,0.342,3207.1,99.1,False
BGW-03,1,27,2019-08-22,58.74,5885.8,59.24,31.72,0.349,3118.1,100.0,False
BGW-03,1,28,2019-08-23,58.17,6757.6,50.67,27.23,0.35,3187.1,96.5,False
BGW-03,1,29,2019-08-24,57.01,6586.2,47.63,28.07,0.371,3148.1,100.0,False
BGW-03,1,30,2019-08-25,56.17,7346.0,47.21,25.1,0.347,3124.2,94.7,False
BGW-03,1,31,2019-08-26,55.42,7013.6,50.4,28.04,0.357,3116.3,100.0,False
BGW-03,1,32,2019-08-27,55.26,7830.8,45.28,26.37,0.368,3178.1,95.3,False
BGW-03,1,33,2019-08-28,54.53,7864.3,45.34,27.01,0.373,3113.4,100.0,False
BGW-03,1,34,2019-08-29,54.47,7337.5,48.37,27.96,0.366,3107.6,100.0,False
BGW-03,1,35,2019-08-30,53.67,7563.7,46.17,27.54,0.374,3114.3,98.4,False
BGW-03,1,36,2019-08-31,53.24,7883.0,44.21,25.54,0.366,3142.2,100.0,False
BGW-03,1,37,2019-09-01,52.87,8641.9,38.55,21.09,0.354,3063.6,92.8,False
BGW-03,1,38,2019-09-02,52.32,8561.4,44.39,26.16,0.371,3099.9,96.1,False
BGW-03,1,39,2019-09-03,52.14,8400.2,45.43,28.34,0.384,3070.2,100.0,False
BGW-03,1,40,2019-09-04,51.93,8656.5,40.91,26.66,0.395,3008.5,92.9,False
BGW-03,1,41,2019-09-05,50.48,9882.6,41.63,28.94,0.41,3044.1,80.1,False
BGW-03,1,42,2019-09-06,50.98,9139.2,38.14,26.58,0.411,3091.7,95.2,False
BGW-03,1,43,2019-09-07,50.84,8741.5,43.8,28.95,0.398,3086.3,92.0,False
BGW-03,1,44,2019-09-08,50.42,9474.9,36.27,25.32,0.411,3101.1,84.4,False
BGW-03,1,45,2019-09-09,50.31,9425.8,36.51,25.46,0.411,3046.2,82.6,False
BGW-03,1,46,2019-09-10,50.16,9602.0,35.12,23.79,0.404,3044.0,85.7,False
BGW-03,1,47,2019-09-11,49.9,9757.7,37.51,24.89,0.399,3079.6,81.5,False
BGW-03,1,48,2019-09-12,49.47,9778.5,34.96,25.49,0.422,3018.8,81.1,False
BGW-03,1,49,2019-09-13,49.65,9368.2,35.96,24.03,0.401,3079.5,82.7,False
BGW-03,1,50,2019-09-14,49.24,10240.3,34.82,25.82,0.426,3034.4,73.1,False
BGW-03,1,51,2019-09-15,49.34,10975.7,36.21,25.72,0.415,3091.9,70.1,False
BGW-03,1,52,2019-09-16,48.7,10015.7,35.74,25.89,0.42,2983.1,77.7,False
BGW-03,1,53,2019-09-17,49.49,9369.1,36.55,28.45,0.438,2987.3,85.8,False
BGW-03,1,54,2019-09-18,48.55,10351.4,33.95,25.85,0.432,3035.6,70.8,False
BGW-03,1,55,2019-09-19,48.88,10333.7,37.69,28.3,0.429,2989.2,73.0,False
BGW-03,1,56,2019-09-20,48.69,10326.6,33.45,23.82,0.416,3011.0,73.6,False
BGW-03,1,57,2019-09-21,48.7,10868.8,37.45,30.25,0.447,3017.6,73.4,False
BGW-03,1,58,2019-09-22,49.09,10918.3,35.34,28.83,0.449,2987.9,68.0,False
BGW-03,1,59,2019-09-23,48.39,10800.8,32.46,25.85,0.443,3035.3,62.9,True
BGW-03,1,60,2019-09-24,48.36,10751.4,36.05,29.64,0.451,2940.8,74.9,False
BGW-03,1,61,2019-09-25,49.08,10595.7,33.88,29.5,0.465,2963.9,68.7,False
BGW-03,1,62,2019-09-26,48.73,9597.8,35.67,30.33,0.46,2919.6,89.2,False
BGW-03,1,63,2019-09-27,48.72,10117.4,33.03,26.48,0.445,2973.7,74.3,False
BGW-03,1,64,2019-09-28,47.85,11185.1,31.22,25.34,0.448,2966.1,64.1,True
BGW-03,1,65,2019-09-29,48.05,10752.3,33.76,30.43,0.474,2919.2,69.6,False
BGW-03,1,66,2019-09-30,48.11,10904.8,29.98,25.26,0.457,2938.8,66.7,False
BGW-03,1,67,2019-10-01,47.82,11189.7,29.3,24.31,0.453,2934.2,64.6,True
BGW-03,1,68,2019-10-02,47.57,10764.2,31.44,27.69,0.468,2914.1,70.8,False
BGW-03,1,69,2019-10-03,48.42,10729.9,30.69,27.9,0.476,2964.9,71.1,False
BGW-03,1,70,2019-10-04,47.76,11254.5,31.25,30.41,0.493,2928.9,68.8,False
BGW-03,1,71,2019-10-05,47.83,11094.0,30.93,30.69,0.498,2905.3,66.9,False
BGW-03,1,72,2019-10-06,47.74,10407.4,32.76,29.76,0.476,2873.1,77.6,False
BGW-03,1,73,2019-10-07,47.89,11344.3,27.5,28.33,0.507,2910.6,62.7,True
BGW-03,1,74,2019-10-08,48.0,11086.2,31.18,31.2,0.5,2953.7,68.4,False
BGW-03,1,75,2019-10-09,47.96,11673.6,31.36,28.39,0.475,2878.1,68.1,False
BGW-03,1,76,2019-10-10,48.23,10641.3,32.65,31.28,0.489,2882.3,73.6,False
BGW-03,1,77,2019-10-11,48.24,10814.8,32.08,29.33,0.478,2896.7,69.6,False
BGW-03,1,78,2019-10-12,47.81,11307.4,29.39,29.71,0.503,2810.5,67.9,False
BGW-03,1,79,2019-10-13,47.91,10681.1,29.12,30.14,0.509,2904.5,75.0,False
BGW-03,1,80,2019-10-14,47.67,11357.2,30.92,31.84,0.507,2848.7,61.7,True
BGW-03,1,81,2019-10-15,47.95,10779.7,28.55,27.92,0.494,2845.9,72.7,False
BGW-03,1,82,2019-10-16,47.79,11452.0,27.38,28.93,0.514,2868.2,62.2,True
BGW-03,1,83,2019-10-17,48.05,10184.8,31.38,35.04,0.528,2847.1,76.3,False
BGW-03,1,84,2019-10-18,47.79,11047.7,30.26,33.56,0.526,2875.4,64.3,True
BGW-03,1,85,2019-10-19,48.0,10847.7,27.35,29.88,0.522,2805.9,70.0,False
BGW-03,1,86,2019-10-20,47.54,10446.1,30.71,34.34,0.528,2845.3,69.0,False
BGW-03,1,87,2019-10-21,47.62,11231.0,28.26,30.76,0.521,2813.0,62.9,True
BGW-03,1,88,2019-10-22,47.63,11057.9,28.6,31.99,0.528,2898.9,66.1,False
BGW-03,1,89,2019-10-23,47.39,10898.0,34.09,39.93,0.539,2843.4,64.7,True
BGW-03,2,0,2019-11-08,133.01,259.4,257.73,97.43,0.274,3313.0,100.0,False
BGW-03,2,1,2019-11-09,127.75,317.5,241.56,91.04,0.274,3265.9,100.0,False
BGW-03,2,2,2019-11-10,122.03,381.0,214.14,82.29,0.278,3321.2,100.0,False
BGW-03,2,3,2019-11-11,117.43,451.1,187.89,78.67,0.295,3290.0,99.6,False
BGW-03,2,4,2019-11-12,112.62,527.9,201.02,83.74,0.294,3283.7,100.0,False
BGW-03,2,5,2019-11-13,108.69,629.3,169.3,68.01,0.287,3289.0,98.7,False
BGW-03,2,6,2019-11-14,104.62,755.9,151.81,63.01,0.293,3258.7,97.3,False
BGW-03,2,7,2019-11-15,100.71,828.7,156.59,60.75,0.28,3308.1,97.9,False
BGW-03,2,8,2019-11-16,97.25,991.2,129.94,55.84,0.301,3287.0,100.0,False
BGW-03,2,9,2019-11-17,94.35,1131.8,124.62,50.18,0.287,3282.3,100.0,False
BGW-03,2,10,2019-11-18,90.96,1307.2,117.45,47.26,0.287,3241.4,100.0,False
BGW-03,2,11,2019-11-19,88.06,1396.3,106.05,44.91,0.298,3222.1,99.7,False
BGW-03,2,12,2019-11-20,85.9,1625.9,109.71,47.55,0.302,3246.2,97.6,False
BGW-03,2,13,2019-11-21,82.86,1909.9,94.24,43.62,0.316,3269.2,99.0,False
BGW-03,2,14,2019-11-22,80.59,2017.4,97.34,46.21,0.322,3233.0,100.0,False
BGW-03,2,15,2019-11-23,79.32,2172.7,96.83,42.25,0.304,3156.0,100.0,False
BGW-03,2,16,2019-11-24,76.41,2564.7,79.44,37.47,0.32,3205.7,100.0,False
BGW-03,2,17,2019-11-25,74.56,2694.9,78.38,36.58,0.318,3206.1,100.0,False
BGW-03,2,18,2019-11-26,73.59,2795.5,85.98,38.96,0.312,3245.2,100.0,False
BGW-03,2,19,2019-11-27,71.77,3087.1,78.43,38.53,0.329,3222.7,98.4,False
BGW-03,2,20,2019-11-28,70.44,3411.8,74.63,37.59,0.335,3212.5,95.6,False
BGW-03,2,21,2019-11-29,68.13,3661.8,77.79,38.09,0.329,3227.8,97.8,False
BGW-03,2,22,2019-11-30,66.8,3933.9,71.52,35.97,0.335,3204.0,95.3,False
BGW-03,2,23,2019-12-01,65.7,4499.6,61.18,32.61,0.348,3156.6,100.0,False
BGW-03,2,24,2019-12-02,64.58,4546.2,59.6,31.1,0.343,3169.3,99.3,False
BGW-03,2,25,2019-12-03,63.54,4729.7,61.17,31.12,0.337,3167.6,98.3,False
BGW-03,2,26,2019-12-04,62.48,4891.6,60.28,29.43,0.328,3157.2,97.8,False
BGW-03,2,27,2019-12-05,61.27,5653.4,55.53,30.03,0.351,3159.6,98.6,False
BGW-03,2,28,2019-12-06,60.25,5542.9,52.89,28.41,0.349,3120.7,92.3,False
BGW-03,2,29,2019-12-07,60.21,5782.2,57.72,33.77,0.369,3135.5,100.0,False
BGW-03,2,30,2019-12-08,58.67,6344.2,51.79,32.17,0.383,3202.7,98.9,False
BGW-03,2,31,2019-12-09,58.19,6553.8,55.01,29.75,0.351,3107.0,98.5,False
BGW-03,2,32,2019-12-10,57.18,6729.9,49.11,28.2,0.365,3076.8,100.0,False
BGW-03,2,33,2019-12-11,57.28,6425.7,51.47,30.67,0.373,3123.9,100.0,False
BGW-03,2,34,2019-12-12,55.65,7118.6,48.2,27.1,0.36,3110.7,100.0,False
BGW-03,2,35,2019-12-13,55.32,7426.1,45.26,26.49,0.369,3153.0,98.6,False
BGW-03,2,36,2019-12-14,55.18,7306.5,45.49,27.98,0.381,3129.9,100.0,False
BGW-03,2,37,2019-12-15,54.9,7573.6,42.46,24.98,0.37,3083.2,99.4,False
BGW-03,2,38,2019-12-16,53.91,7231.9,43.0,26.31,0.38,3075.6,99.8,False
BGW-03,2,39,2019-12-17,53.82,7697.8,47.03,29.27,0.384,3100.0,100.0,False
BGW-03,2,40,2019-12-18,52.97,8169.9,40.58,25.63,0.387,3099.9,97.0,False
BGW-03,2,41,2019-12-19,52.61,8366.5,43.69,29.16,0.4,3083.4,94.7,False
BGW-03,2,42,2019-12-20,52.71,8846.1,38.28,23.98,0.385,3069.2,100.0,False
BGW-03,2,43,2019-12-21,51.76,8555.6,36.13,24.05,0.4,3044.5,97.3,False
BGW-03,2,44,2019-12-22,51.87,9030.1,36.95,23.33,0.387,3043.8,89.0,False
BGW-03,2,45,2019-12-23,51.63,8381.2,41.71,28.01,0.402,3066.8,98.5,False
BGW-03,2,46,2019-12-24,51.51,8375.6,42.03,28.36,0.403,3086.8,96.4,False
BGW-03,2,47,2019-12-25,50.98,9643.3,41.39,29.57,0.417,2984.2,79.9,False
BGW-03,2,48,2019-12-26,51.28,9026.8,37.84,27.85,0.424,3031.6,87.1,False
BGW-03,2,49,2019-12-27,50.89,8779.6,39.25,29.14,0.426,3076.2,93.1,False
BGW-03,2,50,2019-12-28,50.87,9195.1,34.25,23.52,0.407,2986.7,90.1,False
BGW-03,2,51,2019-12-29,50.24,9646.4,40.39,28.71,0.415,3026.2,80.9,False
BGW-03,2,52,2019-12-30,50.26,9447.1,39.64,28.26,0.416,3035.6,85.4,False
BGW-03,2,53,2019-12-31,49.86,10046.4,36.75,28.3,0.435,3028.0,78.9,False
BGW-03,2,54,2020-01-01,49.63,9592.7,39.26,30.42,0.437,3016.6,80.3,False
BGW-03,2,55,2020-01-02,48.96,9977.8,37.92,28.83,0.432,2915.2,79.5,False
BGW-03,2,56,2020-01-03,49.42,10091.4,36.61,29.45,0.446,2995.2,77.2,False
BGW-03,2,57,2020-01-04,49.0,10102.3,33.37,24.24,0.421,3039.9,74.5,False
BGW-03,2,58,2020-01-05,49.2,10164.1,34.36,25.32,0.424,2924.0,79.9,False
BGW-03,2,59,2020-01-06,49.0,10164.5,35.46,27.63,0.438,2959.6,71.5,False
BGW-03,2,60,2020-01-07,48.84,9967.0,36.87,28.51,0.436,2982.8,80.1,False
BGW-03,2,61,2020-01-08,49.25,9994.4,36.3,29.64,0.449,2927.5,80.2,False
BGW-03,2,62,2020-01-09,48.08,10886.3,34.27,29.07,0.459,3011.8,67.4,False
BGW-03,2,63,2020-01-10,48.64,10567.3,34.77,31.39,0.474,2942.0,71.6,False
BGW-03,2,64,2020-01-11,48.25,11300.6,33.38,28.98,0.465,2965.8,73.8,False
BGW-03,2,65,2020-01-12,48.23,10547.6,31.83,27.03,0.459,2932.9,71.6,False
BGW-03,2,66,2020-01-13,48.13,11392.2,32.72,28.32,0.464,2959.1,65.7,False
BGW-03,2,67,2020-01-14,48.57,10724.3,33.07,30.03,0.476,2944.4,73.1,False
BGW-03,2,68,2020-01-15,48.36,11224.0,31.34,28.48,0.476,2915.7,66.5,False
BGW-03,2,69,2020-01-16,48.12,10545.9,31.94,27.28,0.461,2936.5,70.8,False
BGW-03,2,70,2020-01-17,48.69,10596.7,28.55,26.84,0.485,2936.5,70.6,False
BGW-03,2,71,2020-01-18,48.25,10536.2,32.26,29.89,0.481,2916.8,76.9,False
BGW-03,2,72,2020-01-19,48.54,10853.0,32.96,28.8,0.466,2898.2,72.7,False
BGW-03,2,73,2020-01-20,48.38,10141.0,30.72,31.59,0.507,2940.8,74.4,False
BGW-03,2,74,2020-01-21,48.16,10495.8,31.92,29.14,0.477,2868.4,73.3,False
BGW-03,2,75,2020-01-22,47.97,11195.9,31.43,28.82,0.478,2895.2,68.1,False
BGW-03,2,76,2020-01-23,47.89,11166.2,30.66,28.82,0.485,2889.3,71.5,False
BGW-03,2,77,2020-01-24,47.99,10601.8,33.32,32.53,0.494,2864.0,67.5,False
BGW-03,2,78,2020-01-25,48.38,10900.3,30.53,32.54,0.516,2870.8,71.1,False
BGW-03,2,79,2020-01-26,47.9,10971.1,29.45,30.08,0.505,2822.7,69.0,False
BGW-03,2,80,2020-01-27,47.87,10717.9,32.47,31.17,0.49,2853.3,69.7,False
BGW-03,2,81,2020-01-28,48.19,10639.3,33.69,36.18,0.518,2869.5,70.5,False
BGW-03,2,82,2020-01-29,47.77,11290.9,28.01,28.69,0.506,2893.5,65.9,False
BGW-03,2,83,2020-01-30,47.19,11903.7,28.98,28.79,0.498,2805.4,48.7,True
BGW-03,2,84,2020-01-31,47.82,10846.7,31.12,33.01,0.515,2833.3,66.1,False
BGW-03,2,85,2020-02-01,47.82,10978.7,28.72,32.68,0.532,2814.1,66.1,False
BGW-03,2,86,2020-02-02,47.63,11477.6,29.03,31.36,0.519,2899.0,65.2,False
BGW-03,2,87,2020-02-03,47.84,11417.6,30.71,33.69,0.523,2790.7,63.2,True
BGW-03,2,88,2020-02-04,47.7,10682.4,29.22,32.26,0.525,2839.6,70.4,False
BGW-03,2,89,2020-02-05,47.71,10160.4,29.18,31.62,0.52,2833.3,77.8,False
BGW-03,3,0,2020-03-02,144.66,167.7,332.79,118.93,0.263,3293.7,100.0,False
BGW-03,3,1,2020-03-03,137.45,198.6,285.66,106.8,0.272,3356.2,98.8,False
BGW-03,3,2,2020-03-04,130.79,269.4,242.71,89.12,0.269,3342.3,100.0,False
BGW-03,3,3,2020-03-05,125.01,329.1,218.89,89.53,0.29,3289.3,100.0,False
BGW-03,3,4,2020-03-06,119.3,396.6,214.84,85.94,0.286,3277.3,93.8,False
BGW-03,3,5,2020-03-07,115.09,485.5,209.51,85.45,0.29,3272.6,96.7,False
BGW-03,3,6,2020-03-08,109.81,578.1,171.07,73.76,0.301,3308.3,97.1,False
BGW-03,3,7,2020-03-09,105.3,717.2,167.77,66.29,0.283,3209.0,100.0,False
BGW-03,3,8,2020-03-10,101.46,760.0,156.09,67.14,0.301,3225.9,100.0,False
BGW-03,3,9,2020-03-11,97.17,974.8,142.89,54.17,0.275,3268.7,100.0,False
BGW-03,3,10,2020-03-12,93.89,1175.3,131.62,54.49,0.293,3257.9,94.2,False
BGW-03,3,11,2020-03-13,90.4,1306.9,126.62,58.33,0.315,3265.0,99.9,False
BGW-03,3,12,2020-03-14,87.19,1554.5,113.97,52.78,0.317,3235.6,98.4,False
BGW-03,3,13,2020-03-15,85.1,1683.1,103.85,51.78,0.333,3235.4,96.8,False
BGW-03,3,14,2020-03-16,82.25,1942.1,101.8,45.39,0.308,3198.3,99.3,False
BGW-03,3,15,2020-03-17,80.34,2078.6,102.18,45.88,0.31,3212.6,98.9,False
BGW-03,3,16,2020-03-18,76.95,2438.4,90.41,44.12,0.328,3203.4,96.4,False
BGW-03,3,17,2020-03-19,75.03,2846.4,82.37,39.63,0.325,3210.9,100.0,False
BGW-03,3,18,2020-03-20,72.92,2813.5,89.5,40.14,0.31,3213.2,100.0,False
BGW-03,3,19,2020-03-21,71.61,3223.8,76.88,35.43,0.315,3185.3,100.0,False
BGW-03,3,20,2020-03-22,68.98,3691.5,71.89,35.87,0.333,3199.2,100.0,False
BGW-03,3,21,2020-03-23,68.52,3700.9,81.25,38.34,0.321,3213.4,100.0,False
BGW-03,3,22,2020-03-24,66.7,4215.1,69.2,38.07,0.355,3196.1,100.0,False
BGW-03,3,23,2020-03-25,65.56,4468.8,64.61,30.98,0.324,3190.4,100.0,False
BGW-03,3,24,2020-03-26,64.06,4596.7,59.73,30.54,0.338,3204.2,97.7,False
BGW-03,3,25,2020-03-27,63.25,4898.7,66.44,32.46,0.328,3190.0,100.0,False
BGW-03,3,26,2020-03-28,62.23,5487.4,56.79,29.56,0.342,3170.8,97.8,False
BGW-03,3,27,2020-03-29,60.85,5362.3,65.21,33.32,0.338,3129.4,96.9,False
BGW-03,3,28,2020-03-30,59.79,5442.1,61.0,32.93,0.351,3180.8,97.6,False
BGW-03,3,29,2020-03-31,59.0,6213.1,57.04,31.39,0.355,3148.9,98.3,False
BGW-03,3,30,2020-04-01,58.42,6038.3,59.39,31.99,0.35,3126.2,100.0,False
BGW-03,3,31,2020-04-02,57.71,6388.3,60.64,32.61,0.35,3119.5,95.6,False
BGW-03,3,32,2020-04-03,56.33,6482.7,57.26,32.8,0.364,3120.9,98.6,False
BGW-03,3,33,2020-04-04,55.91,7482.5,50.2,27.51,0.354,3120.5,100.0,False
BGW-03,3,34,2020-04-05,56.1,6792.2,56.11,34.54,0.381,3099.2,98.4,False
BGW-03,3,35,2020-04-06,55.14,7467.0,47.96,27.2,0.362,3133.8,92.4,False
BGW-03,3,36,2020-04-07,54.32,7576.9,46.72,26.88,0.365,3090.3,98.6,False
BGW-03,3,37,2020-04-08,53.95,7964.1,55.49,33.87,0.379,3080.0,100.0,False
BGW-03,3,38,2020-04-09,52.95,8091.8,45.16,27.96,0.382,3040.8,97.7,False
BGW-03,3,39,2020-04-10,53.56,7775.2,45.52,29.62,0.394,3126.6,97.8,False
BGW-03,3,40,2020-04-11,52.43,8264.1,48.77,31.73,0.394,3085.7,100.0,False
BGW-03,3,41,2020-04-12,52.44,8693.2,47.17,30.13,0.39,3100.9,89.1,False
BGW-03,3,42,2020-04-13,51.96,8519.8,49.89,30.57,0.38,3076.7,100.0,False
BGW-03,3,43,2020-04-14,51.73,8633.9,42.59,27.9,0.396,3092.1,95.1,False
BGW-03,3,44,2020-04-15,51.28,8232.5,43.43,31.55,0.421,3109.2,95.2,False
BGW-03,3,45,2020-04-16,50.79,9164.7,46.11,30.11,0.395,3063.1,92.9,False
BGW-03,3,46,2020-04-17,50.96,9050.4,46.16,33.7,0.422,3107.2,89.0,False
BGW-03,3,47,2020-04-18,50.4,9723.1,44.23,29.31,0.399,3050.0,82.6,False
BGW-03,3,48,2020-04-19,50.11,9719.8,43.25,30.24,0.411,3041.6,81.8,False
BGW-03,3,49,2020-04-20,50.06,9665.1,41.45,32.8,0.442,3021.2,78.4,False
BGW-03,3,50,2020-04-21,49.83,10560.7,38.47,28.14,0.422,3043.3,73.4,False
BGW-03,3,51,2020-04-22,50.18,10024.0,40.81,29.94,0.423,3030.7,73.0,False
BGW-03,3,52,2020-04-23,49.4,9888.3,38.38,28.75,0.428,3026.7,75.0,False
BGW-03,3,53,2020-04-24,49.12,9779.6,44.2,33.77,0.433,3063.5,84.8,False
BGW-03,3,54,2020-04-25,49.12,10745.0,37.15,28.92,0.438,2983.3,69.1,False
BGW-03,3,55,2020-04-26,49.41,10344.5,42.27,32.6,0.435,3021.5,75.4,False
BGW-03,3,56,2020-04-27,49.19,10299.8,40.67,32.56,0.445,2996.2,70.7,False
BGW-03,3,57,2020-04-28,48.57,10546.5,43.07,33.09,0.434,3017.3,73.2,False
BGW-03,3,58,2020-04-29,48.27,10391.8,40.45,28.49,0.413,3022.2,71.6,False
BGW-03,3,59,2020-04-30,49.09,10289.8,41.47,33.57,0.447,2974.1,77.3,False
BGW-03,3,60,2020-05-01,48.73,10080.5,42.41,36.63,0.463,2965.9,82.1,False
BGW-03,3,61,2020-05-02,48.33,11127.5,39.14,32.61,0.455,2985.4,64.4,True
BGW-03,3,62,2020-05-03,48.21,10915.8,40.93,36.38,0.471,2925.6,70.8,False
BGW-03,3,63,2020-05-04,48.53,11393.8,35.79,30.08,0.457,2980.1,67.6,False
BGW-03,3,64,2020-05-05,49.14,9815.2,37.59,33.66,0.472,2950.1,77.3,False
BGW-03,3,65,2020-05-06,48.32,11028.5,38.7,34.01,0.468,2987.0,66.2,False
BGW-03,3,66,2020-05-07,49.49,10195.2,38.74,32.11,0.453,2938.6,74.8,False
BGW-03,3,67,2020-05-08,48.06,10723.4,41.1,38.2,0.482,2903.2,70.4,False
BGW-03,3,68,2020-05-09,48.58,10409.0,34.75,32.0,0.479,2861.2,77.4,False
BGW-03,3,69,2020-05-10,47.88,10792.7,38.57,34.21,0.47,2950.3,67.6,False
BGW-03,3,70,2020-05-11,47.95,11038.8,34.7,30.12,0.465,2930.5,69.6,False
BGW-03,3,71,2020-05-12,48.32,10354.7,36.01,35.27,0.495,2955.0,70.4,False
BGW-03,3,72,2020-05-13,48.4,10898.0,35.32,32.09,0.476,2873.1,68.3,False
BGW-03,3,73,2020-05-14,47.69,11246.0,37.13,33.83,0.477,2920.0,67.1,False
BGW-03,3,74,2020-05-15,48.39,10777.9,38.39,37.62,0.495,2862.3,73.2,False
BGW-03,3,75,2020-05-16,47.88,10827.3,35.75,35.42,0.498,2907.1,71.6,False
BGW-03,3,76,2020-05-17,47.83,10555.7,38.46,38.42,0.5,2884.0,69.6,False
BGW-03,3,77,2020-05-18,47.34,11191.9,35.07,34.16,0.493,2849.7,70.4,False
BGW-03,3,78,2020-05-19,48.05,11723.3,36.54,36.82,0.502,2838.0,56.3,True
BGW-03,3,79,2020-05-20,47.69,10660.7,34.55,34.83,0.502,2887.9,71.2,False
BGW-03,3,80,2020-05-21,47.42,10823.8,35.18,36.07,0.506,2874.8,75.2,False
BGW-03,3,81,2020-05-22,47.29,11394.6,35.56,37.0,0.51,2915.0,59.7,True
BGW-03,3,82,2020-05-23,47.43,11412.7,34.79,37.72,0.52,2873.6,68.3,False
BGW-03,3,83,2020-05-24,47.57,11529.3,33.11,35.7,0.519,2820.3,58.0,True
BGW-03,3,84,2020-05-25,47.74,11089.8,31.75,35.11,0.525,2884.1,64.3,True
BGW-03,3,85,2020-05-26,47.6,10526.6,35.29,37.33,0.514,2840.2,76.8,False
BGW-03,3,86,2020-05-27,47.65,11244.9,32.44,34.22,0.513,2801.7,66.3,False
BGW-03,3,87,2020-05-28,47.35,11545.5,34.52,36.9,0.517,2802.1,59.8,True
BGW-03,3,88,2020-05-29,48.2,11040.6,33.39,38.88,0.538,2803.5,63.2,True
BGW-03,3,89,2020-05-30,47.69,11155.8,33.67,39.16,0.538,2813.3,66.3,False
BGW-03,4,0,2020-06-22,138.15,217.1,304.56,112.5,0.27,3315.7,98.8,False
BGW-03,4,1,2020-06-23,131.24,285.8,251.84,90.58,0.265,3287.7,99.5,False
BGW-03,4,2,2020-06-24,125.63,328.5,234.17,91.05,0.28,3303.8,97.8,False
BGW-03,4,3,2020-06-25,119.45,390.4,216.36,82.8,0.277,3293.5,100.0,False
BGW-03,4,4,2020-06-26,114.03,538.0,174.61,66.83,0.277,3301.4,100.0,False
BGW-03,4,5,2020-06-27,109.07,690.1,170.47,71.17,0.295,3251.6,99.1,False
BGW-03,4,6,2020-06-28,104.2,772.0,159.11,65.07,0.29,3264.7,99.4,False
BGW-03,4,7,2020-06-29,99.96,918.5,149.67,57.96,0.279,3250.9,100.0,False
BGW-03,4,8,2020-06-30,96.19,1036.0,145.99,59.06,0.288,3283.1,100.0,False
BGW-03,4,9,2020-07-01,92.13,1237.7,122.5,50.05,0.29,3292.7,98.7,False
BGW-03,4,10,2020-07-02,88.82,1465.7,116.42,46.23,0.284,3211.4,100.0,False
BGW-03,4,11,2020-07-03,86.06,1586.3,109.74,44.45,0.288,3276.1,100.0,False
BGW-03,4,12,2020-07-04,82.73,1834.6,104.64,46.8,0.309,3303.3,92.7,False
BGW-03,4,13,2020-07-05,80.46,2144.4,94.32,38.28,0.289,3220.3,100.0,False
BGW-03,4,14,2020-07-06,77.99,2317.4,92.16,39.96,0.302,3196.1,100.0,False
BGW-03,4,15,2020-07-07,76.21,2778.6,90.89,43.95,0.326,3261.3,99.7,False
BGW-03,4,16,2020-07-08,73.39,2729.0,89.98,43.82,0.328,3184.0,99.9,False
BGW-03,4,17,2020-07-09,71.29,2987.3,83.51,36.33,0.303,3189.9,100.0,False
BGW-03,4,18,2020-07-10,69.23,3586.1,72.07,35.59,0.331,3187.0,96.2,False
BGW-03,4,19,2020-07-11,67.27,3584.9,79.38,42.01,0.346,3179.5,100.0,False
BGW-03,4,20,2020-07-12,66.35,4240.5,65.47,32.33,0.331,3181.6,100.0,False
BGW-03,4,21,2020-07-13,64.86,4465.5,62.05,31.36,0.336,3197.0,98.6,False
BGW-03,4,22,2020-07-14,64.11,4552.1,67.06,31.02,0.316,3188.5,98.6,False
BGW-03,4,23,2020-07-15,63.05,4470.8,63.6,34.52,0.352,3175.8,97.6,False
BGW-03,4,24,2020-07-16,61.45,5287.6,64.04,33.69,0.345,3165.8,100.0,False
BGW-03,4,25,2020-07-17,60.08,5580.5,54.2,28.93,0.348,3151.0,98.8,False
BGW-03,4,26,2020-07-18,59.49,5547.2,59.3,30.75,0.341,3153.8,100.0,False
BGW-03,4,27,2020-07-19,58.64,6113.9,56.47,30.45,0.35,3190.4,95.0,False
BGW-03,4,28,2020-07-20,57.59,6615.6,54.11,28.43,0.344,3174.2,97.3,False
BGW-03,4,29,2020-07-21,56.77,6950.7,50.37,29.01,0.365,3157.7,100.0,False
BGW-03,4,30,2020-07-22,56.04,7022.2,53.28,29.67,0.358,3144.9,100.0,False
BGW-03,4,31,2020-07-23,55.54,7655.1,51.08,28.98,0.362,3117.0,100.0,False
BGW-03,4,32,2020-07-24,54.85,7505.7,50.18,29.69,0.372,3161.8,96.7,False
BGW-03,4,33,2020-07-25,54.32,7332.0,51.49,31.81,0.382,3148.3,100.0,False
BGW-03,4,34,2020-07-26,54.06,8177.5,47.45,26.34,0.357,3153.5,100.0,False
BGW-03,4,35,2020-07-27,53.2,7772.5,47.52,27.96,0.37,3138.3,100.0,False
BGW-03,4,36,2020-07-28,52.74,7939.3,46.48,27.4,0.371,3070.2,100.0,False
BGW-03,4,37,2020-07-29,52.43,8688.4,45.0,26.58,0.371,3105.4,89.9,False
BGW-03,4,38,2020-07-30,52.3,8643.1,42.33,26.52,0.385,3105.6,98.5,False
BGW-03,4,39,2020-07-31,51.29,9055.9,46.87,27.81,0.372,3087.1,89.5,False
BGW-03,4,40,2020-08-01,51.49,8955.8,44.68,28.46,0.389,3084.9,94.3,False
BGW-03,4,41,2020-08-02,51.06,8857.8,38.44,24.99,0.394,3096.6,97.7,False
BGW-03,4,42,2020-08-03,51.09,8931.3,41.17,27.91,0.404,3122.0,96.8,False
BGW-03,4,43,2020-08-04,50.87,9202.2,41.33,26.39,0.39,3038.1,83.4,False
BGW-03,4,44,2020-08-05,50.41,9315.1,37.56,25.03,0.4,3031.2,85.5,False
BGW-03,4,45,2020-08-06,50.07,9481.4,38.66,27.15,0.412,3001.3,78.9,False
BGW-03,4,46,2020-08-07,49.98,9688.1,40.08,26.81,0.401,3055.1,79.6,False
BGW-03,4,47,2020-08-08,49.66,10450.6,37.25,25.74,0.409,3044.0,81.3,False
BGW-03,4,48,2020-08-09,49.79,10008.5,39.7,28.18,0.415,3047.3,79.4,False
BGW-03,4,49,2020-08-10,49.29,10156.3,41.85,31.23,0.427,3064.4,78.0,False
BGW-03,4,50,2020-08-11,49.06,10050.5,39.57,30.23,0.433,3018.7,76.0,False
BGW-03,4,51,2020-08-12,49.84,9765.7,41.56,30.5,0.423,3018.6,82.2,False
BGW-03,4,52,2020-08-13,49.34,10556.5,34.71,25.2,0.421,3018.3,75.4,False
BGW-03,4,53,2020-08-14,48.79,10730.2,38.14,27.93,0.423,2980.5,71.4,False
BGW-03,4,54,2020-08-15,48.56,10488.5,36.27,26.32,0.421,2979.2,71.3,False
BGW-03,4,55,2020-08-16,48.87,9484.3,35.63,25.23,0.415,2951.6,85.9,False
BGW-03,4,56,2020-08-17,48.65,11089.9,38.06,27.35,0.418,2970.5,67.7,False
BGW-03,4,57,2020-08-18,48.2,10601.9,37.68,30.24,0.445,3015.8,70.0,False
BGW-03,4,58,2020-08-19,47.81,10563.1,33.86,26.93,0.443,2984.9,72.0,False
BGW-03,4,59,2020-08-20,48.35,10568.3,36.05,29.1,0.447,2995.7,71.7,False
BGW-03,4,60,2020-08-21,48.59,10193.7,35.29,30.05,0.46,3032.2,73.4,False
BGW-03,4,61,2020-08-22,47.88,10694.8,32.93,29.57,0.473,2957.6,69.6,False
BGW-03,4,62,2020-08-23,48.11,10744.6,33.73,27.92,0.453,2968.8,60.0,True
BGW-03,4,63,2020-08-24,48.17,11118.1,35.92,30.03,0.455,2928.5,68.9,False
BGW-03,4,64,2020-08-25,48.35,10322.8,32.49,27.49,0.458,2961.5,79.5,False
BGW-03,4,65,2020-08-26,48.52,10151.9,36.38,30.58,0.457,2957.0,77.9,False
BGW-03,4,66,2020-08-27,48.23,10739.0,32.36,29.28,0.475,2927.5,75.9,False
BGW-03,4,67,2020-08-28,47.44,11333.2,32.16,28.28,0.468,2925.8,65.7,False
BGW-03,4,68,2020-08-29,47.88,10799.8,35.69,31.97,0.473,2898.1,66.3,False
BGW-03,4,69,2020-08-30,47.97,10312.7,31.09,28.88,0.482,2917.4,77.4,False
BGW-03,4,70,2020-08-31,47.98,10861.2,33.76,31.7,0.484,2915.7,61.5,True
BGW-03,4,71,2020-09-01,48.02,10581.2,33.0,31.54,0.489,2962.7,72.7,False
BGW-03,4,72,2020-09-02,48.18,10612.5,32.42,27.14,0.456,2871.3,71.1,False
BGW-03,4,73,2020-09-03,47.88,10906.6,33.37,33.53,0.501,2974.8,68.7,False
BGW-03,4,74,2020-09-04,47.86,10297.5,31.91,30.23,0.486,2872.5,77.3,False
BGW-03,4,75,2020-09-05,47.68,10890.5,31.23,31.4,0.501,2930.4,70.9,False
BGW-03,4,76,2020-09-06,47.65,11519.6,29.04,27.05,0.482,2890.1,58.3,True
BGW-03,4,77,2020-09-07,48.1,10456.3,31.41,31.04,0.497,2870.0,75.5,False
BGW-03,4,78,2020-09-08,47.56,10458.5,31.11,32.9,0.514,2856.6,74.0,False
BGW-03,4,79,2020-09-09,48.08,10475.8,34.19,36.93,0.519,2828.4,73.7,False
BGW-03,4,80,2020-09-10,48.38,10709.9,30.92,33.2,0.518,2907.1,73.1,False
BGW-03,4,81,2020-09-11,47.48,11228.7,28.93,31.07,0.518,2870.7,65.1,False
BGW-03,4,82,2020-09-12,47.62,10888.6,29.62,32.37,0.522,2840.1,73.5,False
BGW-03,4,83,2020-09-13,47.82,11066.7,30.61,30.85,0.502,2827.8,63.1,True
BGW-03,4,84,2020-09-14,47.0,12045.5,30.0,32.49,0.52,2791.0,49.6,True
BGW-03,4,85,2020-09-15,47.63,11892.0,28.46,32.34,0.532,2841.9,56.4,True
BGW-03,4,86,2020-09-16,47.99,10626.4,29.66,34.87,0.54,2867.4,72.0,False
BGW-03,4,87,2020-09-17,47.41,11771.7,29.75,34.03,0.534,2814.0,59.6,True
BGW-03,4,88,2020-09-18,47.61,10812.3,31.72,35.79,0.53,2773.3,65.4,False
BGW-03,4,89,2020-09-19,47.09,11616.5,27.62,32.19,0.538,2816.2,61.3,True
BGW-03,5,0,2020-10-14,136.63,221.9,259.39,102.59,0.283,3319.5,100.0,False
BGW-03,5,1,2020-10-15,130.93,289.8,262.81,103.63,0.283,3293.0,100.0,False
BGW-03,5,2,2020-10-16,125.37,345.5,224.26,83.24,0.271,3347.9,100.0,False
BGW-03,5,3,2020-10-17,119.57,409.4,211.54,83.12,0.282,3349.0,98.4,False
BGW-03,5,4,2020-10-18,114.94,503.1,205.49,78.23,0.276,3249.3,99.7,False
BGW-03,5,5,2020-10-19,110.13,558.8,184.27,74.33,0.287,3278.4,99.2,False
BGW-03,5,6,2020-10-20,106.09,664.6,164.66,68.31,0.293,3296.5,94.7,False
BGW-03,5,7,2020-10-21,101.35,838.8,137.97,60.13,0.304,3220.9,96.5,False
BGW-03,5,8,2020-10-22,98.15,946.1,127.34,53.92,0.297,3233.8,94.0,False
BGW-03,5,9,2020-10-23,94.45,1160.3,133.04,58.73,0.306,3186.5,99.5,False
BGW-03,5,10,2020-10-24,91.5,1352.6,123.0,53.43,0.303,3238.1,96.4,False
BGW-03,5,11,2020-10-25,88.94,1346.9,107.88,48.62,0.311,3212.9,98.7,False
BGW-03,5,12,2020-10-26,86.01,1652.8,101.91,42.19,0.293,3242.1,100.0,False
BGW-03,5,13,2020-10-27,83.35,1894.6,94.59,40.94,0.302,3281.2,100.0,False
BGW-03,5,14,2020-10-28,79.93,2184.4,90.01,38.55,0.3,3191.3,100.0,False
BGW-03,5,15,2020-10-29,78.08,2254.6,86.14,39.15,0.313,3273.5,97.0,False
BGW-03,5,16,2020-10-30,76.26,2724.1,80.25,36.18,0.311,3203.4,100.0,False
BGW-03,5,17,2020-10-31,74.09,2891.8,73.38,35.55,0.326,3253.3,100.0,False
BGW-03,5,18,2020-11-01,72.57,3181.8,73.87,33.75,0.314,3163.9,100.0,False
BGW-03,5,19,2020-11-02,70.17,3470.4,76.94,37.4,0.327,3144.3,100.0,False
BGW-03,5,20,2020-11-03,68.86,3356.3,73.94,33.65,0.313,3214.1,96.2,False
BGW-03,5,21,2020-11-04,67.85,3778.2,69.03,35.02,0.337,3160.3,99.4,False
BGW-03,5,22,2020-11-05,66.32,4203.5,66.52,33.86,0.337,3208.4,96.5,False
BGW-03,5,23,2020-11-06,64.87,4326.7,61.33,30.25,0.33,3139.6,100.0,False
BGW-03,5,24,2020-11-07,63.38,4694.1,64.65,34.93,0.351,3217.2,95.1,False
BGW-03,5,25,2020-11-08,62.97,4633.4,52.32,27.26,0.342,3218.9,100.0,False
BGW-03,5,26,2020-11-09,61.27,5682.0,48.46,25.25,0.343,3200.2,98.7,False
BGW-03,5,27,2020-11-10,60.95,5593.0,50.47,28.13,0.358,3110.0,100.0,False
BGW-03,5,28,2020-11-11,59.04,6194.1,50.9,26.15,0.339,3165.5,99.4,False
BGW-03,5,29,2020-11-12,58.8,5655.0,57.99,33.37,0.365,3140.2,99.0,False
BGW-03,5,30,2020-11-13,58.16,5948.7,52.09,27.42,0.345,3108.5,99.8,False
BGW-03,5,31,2020-11-14,56.99,7067.7,47.56,27.13,0.363,3120.1,94.0,False
BGW-03,5,32,2020-11-15,56.79,6740.2,43.01,24.86,0.366,3171.0,100.0,False
BGW-03,5,33,2020-11-16,55.82,6434.2,46.04,25.48,0.356,3045.5,100.0,False
BGW-03,5,34,2020-11-17,55.3,7661.2,44.76,27.34,0.379,3073.4,95.1,False
BGW-03,5,35,2020-11-18,55.32,7257.8,45.58,25.87,0.362,3081.6,100.0,False
BGW-03,5,36,2020-11-19,54.74,8316.3,43.64,25.62,0.37,3059.9,90.0,False
BGW-03,5,37,2020-11-20,54.38,7295.8,43.71,27.45,0.386,3099.0,100.0,False
BGW-03,5,38,2020-11-21,53.35,8057.0,41.15,24.85,0.376,3105.0,100.0,False
BGW-03,5,39,2020-11-22,53.7,8023.2,44.7,26.77,0.375,3072.2,100.0,False
BGW-03,5,40,2020-11-23,52.8,8507.7,41.01,28.77,0.412,3123.7,99.7,False
BGW-03,5,41,2020-11-24,52.55,8999.7,36.95,25.14,0.405,3066.0,87.0,False
BGW-03,5,42,2020-11-25,52.16,9000.0,37.2,23.69,0.389,3071.8,90.3,False
BGW-03,5,43,2020-11-26,51.94,9947.2,38.38,24.53,0.39,3062.1,75.6,False
BGW-03,5,44,2020-11-27,51.12,9239.7,39.31,25.73,0.396,3044.3,93.3,False
BGW-03,5,45,2020-11-28,51.1,9313.9,39.77,28.33,0.416,3092.4,87.8,False
BGW-03,5,46,2020-11-29,50.68,9633.3,38.99,28.39,0.421,3028.1,77.9,False
BGW-03,5,47,2020-11-30,50.9,8253.8,40.35,29.2,0.42,3036.9,96.5,False
BGW-03,5,48,2020-12-01,50.11,9383.0,36.25,24.71,0.405,3036.1,83.5,False
BGW-03,5,49,2020-12-02,50.15,10305.9,34.85,25.1,0.419,3021.1,73.7,False
BGW-03,5,50,2020-12-03,49.54,9287.5,34.65,25.1,0.42,2979.7,90.0,False
BGW-03,5,51,2020-12-04,49.71,9275.1,36.11,27.46,0.432,3026.3,85.6,False
BGW-03,5,52,2020-12-05,50.15,9739.2,34.32,25.45,0.426,3034.8,79.3,False
BGW-03,5,53,2020-12-06,49.72,9271.7,36.44,27.05,0.426,3041.6,88.6,False
BGW-03,5,54,2020-12-07,49.56,9756.2,36.86,26.85,0.421,2915.3,77.6,False
BGW-03,5,55,2020-12-08,49.27,9713.0,35.72,25.19,0.414,3019.8,80.1,False
BGW-03,5,56,2020-12-09,48.86,10437.0,32.89,25.41,0.436,3028.7,75.8,False
BGW-03,5,57,2020-12-10,49.08,9816.6,33.67,27.06,0.446,2989.3,77.8,False
BGW-03,5,58,2020-12-11,48.83,10239.9,32.01,23.54,0.424,3018.1,77.8,False
BGW-03,5,59,2020-12-12,48.31,10740.8,34.66,28.5,0.451,2955.3,69.4,False
BGW-03,5,60,2020-12-13,48.78,10413.5,33.21,26.78,0.446,2990.8,71.0,False
BGW-03,5,61,2020-12-14,48.81,10375.7,33.09,29.11,0.468,3011.0,72.8,False
BGW-03,5,62,2020-12-15,48.37,11026.0,33.97,27.94,0.451,2981.1,72.5,False
BGW-03,5,63,2020-12-16,48.26,10458.6,34.32,30.01,0.466,2957.4,70.6,False
BGW-03,5,64,2020-12-17,48.51,10256.4,36.57,31.48,0.463,2991.8,75.8,False
BGW-03,5,65,2020-12-18,48.28,11040.2,28.88,24.47,0.459,2997.6,70.5,False
BGW-03,5,66,2020-12-19,48.1,10337.5,32.97,28.08,0.46,2971.3,74.3,False
BGW-03,5,67,2020-12-20,48.11,9894.9,30.4,26.88,0.469,2930.6,74.4,False
BGW-03,5,68,2020-12-21,47.8,11626.6,33.71,28.9,0.462,2905.2,61.6,True
BGW-03,5,69,2020-12-22,48.08,11523.9,29.5,26.41,0.472,2962.9,59.1,True
BGW-03,5,70,2020-12-23,47.15,11095.6,30.43,27.16,0.472,2959.0,69.3,False
BGW-03,5,71,2020-12-24,47.66,11932.8,27.45,26.81,0.494,2902.3,57.8,True
BGW-03,5,72,2020-12-25,47.92,10800.6,30.83,27.9,0.475,2888.8,69.3,False
BGW-03,5,73,2020-12-26,47.65,10630.8,28.84,26.95,0.483,2910.0,73.2,False
BGW-03,5,74,2020-12-27,48.57,9551.1,32.48,31.24,0.49,2922.4,86.3,False
BGW-03,5,75,2020-12-28,47.9,10907.1,28.84,28.77,0.499,2918.7,63.2,True
BGW-03,5,76,2020-12-29,47.91,10615.2,29.77,29.13,0.495,2986.9,75.9,False
BGW-03,5,77,2020-12-30,48.25,10380.3,31.21,31.96,0.506,2846.5,71.9,False
BGW-03,5,78,2020-12-31,47.84,11219.8,26.91,26.38,0.495,2880.1,67.0,False
BGW-03,5,79,2021-01-01,48.26,10029.4,34.15,32.79,0.49,2871.5,72.5,False
BGW-03,5,80,2021-01-02,47.48,11070.7,28.94,29.68,0.506,2880.8,64.4,True
BGW-03,5,81,2021-01-03,47.7,11443.8,28.28,28.45,0.502,2857.1,57.8,True
BGW-03,5,82,2021-01-04,47.4,10552.0,30.12,29.69,0.496,2861.6,77.0,False
BGW-03,5,83,2021-01-05,47.75,10479.2,30.42,32.59,0.517,2857.2,71.5,False
BGW-03,5,84,2021-01-06,47.24,10525.1,27.51,30.25,0.524,2877.2,73.0,False
BGW-03,5,85,2021-01-07,47.45,11361.4,27.93,29.52,0.514,2838.2,64.9,True
BGW-03,5,86,2021-01-08,47.53,11076.7,28.07,30.99,0.525,2795.6,65.7,False
BGW-03,5,87,2021-01-09,47.72,10591.1,27.21,30.3,0.527,2834.8,74.5,False
BGW-03,5,88,2021-01-10,47.53,10806.1,29.2,30.18,0.508,2767.5,72.3,False
BGW-03,5,89,2021-01-11,47.25,10999.7,31.16,38.4,0.552,2828.9,69.9,False
BGW-04,1,0,2019-05-13,138.02,146.1,337.55,87.93,0.207,3931.2,99.4,False
BGW-04,1,1,2019-05-14,131.65,184.2,309.34,81.28,0.208,3926.1,99.2,False
BGW-04,1,2,2019-05-15,126.36,233.5,283.53,76.49,0.212,3924.7,96.9,False
BGW-04,1,3,2019-05-16,120.29,281.2,270.42,71.43,0.209,3914.2,98.9,False
BGW-04,1,4,2019-05-17,116.16,343.3,218.38,54.94,0.201,3964.8,100.0,False
BGW-04,1,5,2019-05-18,110.32,479.4,217.53,60.68,0.218,3923.5,99.2,False
BGW-04,1,6,2019-05-19,106.37,552.7,189.4,53.81,0.221,3919.0,100.0,False
BGW-04,1,7,2019-05-20,102.26,671.4,181.84,53.43,0.227,3926.5,100.0,False
BGW-04,1,8,2019-05-21,98.26,771.1,171.25,50.67,0.228,3978.7,99.1,False
BGW-04,1,9,2019-05-22,94.16,1002.5,143.41,43.64,0.233,3862.9,100.0,False
BGW-04,1,10,2019-05-23,91.11,1119.7,135.97,43.85,0.244,3904.8,98.4,False
BGW-04,1,11,2019-05-24,87.85,1225.6,133.97,38.3,0.222,3832.7,100.0,False
BGW-04,1,12,2019-05-25,85.08,1540.9,118.95,34.7,0.226,3841.9,100.0,False
BGW-04,1,13,2019-05-26,82.68,1700.4,120.89,40.0,0.249,3855.6,97.5,False
BGW-04,1,14,2019-05-27,80.2,2010.2,101.99,37.19,0.267,3858.5,97.7,False
BGW-04,1,15,2019-05-28,77.62,2122.1,100.38,31.75,0.24,3822.9,98.8,False
BGW-04,1,16,2019-05-29,76.04,2357.0,95.32,31.62,0.249,3852.1,100.0,False
BGW-04,1,17,2019-05-30,73.82,2589.8,89.88,28.89,0.243,3855.0,100.0,False
BGW-04,1,18,2019-05-31,71.74,3003.7,85.34,28.47,0.25,3823.8,100.0,False
BGW-04,1,19,2019-06-01,70.91,3382.0,89.8,33.0,0.269,3843.8,98.7,False
BGW-04,1,20,2019-06-02,68.58,3908.5,80.34,29.36,0.268,3871.5,100.0,False
BGW-04,1,21,2019-06-03,66.77,4364.4,74.03,25.2,0.254,3763.2,97.7,False
BGW-04,1,22,2019-06-04,66.01,4060.4,76.95,30.28,0.282,3798.1,98.0,False
BGW-04,1,23,2019-06-05,64.14,4638.2,81.65,32.03,0.282,3781.2,99.2,False
BGW-04,1,24,2019-06-06,63.33,4963.6,67.89,26.71,0.282,3764.2,97.1,False
BGW-04,1,25,2019-06-07,62.34,4989.8,71.21,27.67,0.28,3789.7,94.5,False
BGW-04,1,26,2019-06-08,60.69,5919.5,62.86,27.14,0.302,3748.0,100.0,False
BGW-04,1,27,2019-06-09,59.63,5946.6,59.33,25.95,0.304,3801.2,100.0,False
BGW-04,1,28,2019-06-10,59.26,6220.6,61.39,26.32,0.3,3734.9,100.0,False
BGW-04,1,29,2019-06-11,59.0,6288.1,59.42,21.28,0.264,3763.1,100.0,False
BGW-04,1,30,2019-06-12,57.77,6735.7,57.06,23.46,0.291,3772.6,100.0,False
BGW-04,1,31,2019-06-13,56.95,7466.8,55.75,23.1,0.293,3706.1,100.0,False
BGW-04,1,32,2019-06-14,56.42,6977.1,54.25,21.18,0.281,3788.6,99.5,False
BGW-04,1,33,2019-06-15,55.7,7955.8,60.54,26.95,0.308,3714.9,97.7,False
BGW-04,1,34,2019-06-16,55.15,7812.4,52.38,24.29,0.317,3677.7,100.0,False
BGW-04,1,35,2019-06-17,54.37,8249.0,53.95,25.55,0.321,3706.6,100.0,False
BGW-04,1,36,2019-06-18,53.99,8805.1,48.98,22.17,0.312,3635.3,98.8,False
BGW-04,1,37,2019-06-19,53.69,8697.4,53.92,24.92,0.316,3699.6,96.2,False
BGW-04,1,38,2019-06-20,52.59,8928.5,51.36,23.79,0.317,3641.8,100.0,False
BGW-04,1,39,2019-06-21,52.75,9108.8,51.45,25.2,0.329,3740.4,99.2,False
BGW-04,1,40,2019-06-22,52.33,10044.5,44.49,20.39,0.314,3642.5,90.0,False
BGW-04,1,41,2019-06-23,52.27,9599.3,50.06,24.37,0.327,3696.3,92.4,False
BGW-04,1,42,2019-06-24,51.58,9702.1,48.09,23.76,0.331,3671.9,90.0,False
BGW-04,1,43,2019-06-25,51.95,9578.4,45.83,21.26,0.317,3687.6,92.3,False
BGW-04,1,44,2019-06-26,51.45,10104.6,47.89,25.15,0.344,3690.8,90.4,False
BGW-04,1,45,2019-06-27,51.41,10017.4,42.63,22.62,0.347,3701.8,90.3,False
BGW-04,1,46,2019-06-28,51.08,11126.6,44.8,23.63,0.345,3657.3,72.5,False
BGW-04,1,47,2019-06-29,50.3,10895.1,43.67,23.59,0.351,3669.6,78.7,False
BGW-04,1,48,2019-06-30,49.44,11489.0,45.02,26.18,0.368,3685.5,75.2,False
BGW-04,1,49,2019-07-01,50.12,10931.5,44.16,23.98,0.352,3612.9,76.3,False
BGW-04,1,50,2019-07-02,49.55,11566.4,41.84,22.67,0.351,3636.9,70.5,False
BGW-04,1,51,2019-07-03,49.95,10555.6,40.45,23.51,0.368,3631.6,78.4,False
BGW-04,1,52,2019-07-04,50.05,11713.1,42.7,24.88,0.368,3538.5,77.5,False
BGW-04,1,53,2019-07-05,49.28,11919.8,39.97,24.13,0.376,3605.9,68.5,False
BGW-04,1,54,2019-07-06,49.2,11339.4,40.14,23.55,0.37,3624.0,72.2,False
BGW-04,1,55,2019-07-07,49.35,11983.6,37.94,20.7,0.353,3675.8,67.9,False
BGW-04,1,56,2019-07-08,49.42,11169.2,41.96,25.75,0.38,3623.3,72.1,False
BGW-04,1,57,2019-07-09,48.88,11771.1,40.07,25.34,0.387,3524.4,67.9,False
BGW-04,1,58,2019-07-10,48.93,10854.9,40.51,26.0,0.391,3600.3,81.2,False
BGW-04,1,59,2019-07-11,48.92,12975.6,37.0,23.26,0.386,3591.2,56.5,True
BGW-04,1,60,2019-07-12,48.63,12856.4,37.06,24.61,0.399,3554.9,60.8,True
BGW-04,1,61,2019-07-13,48.73,12051.9,39.56,24.86,0.386,3539.3,65.2,False
BGW-04,1,62,2019-07-14,47.99,12929.3,35.35,22.49,0.389,3567.9,60.3,True
BGW-04,1,63,2019-07-15,47.89,12532.7,38.77,25.26,0.395,3511.5,66.4,False
BGW-04,1,64,2019-07-16,47.74,13115.6,36.05,22.04,0.379,3566.5,56.0,True
BGW-04,1,65,2019-07-17,47.92,13786.9,34.65,23.18,0.401,3524.2,45.9,True
BGW-04,1,66,2019-07-18,48.2,11620.7,44.35,29.33,0.398,3545.5,70.2,False
BGW-04,1,67,2019-07-19,48.73,12475.6,35.08,24.19,0.408,3536.9,57.3,True
BGW-04,1,68,2019-07-20,47.65,12369.8,37.2,26.22,0.413,3548.8,63.2,True
BGW-04,1,69,2019-07-21,48.31,12568.1,34.61,26.0,0.429,3548.8,59.6,True
BGW-04,1,70,2019-07-22,48.66,12230.1,39.0,24.33,0.384,3523.1,64.9,True
BGW-04,1,71,2019-07-23,48.29,11680.5,37.01,23.93,0.393,3427.0,72.3,False
BGW-04,1,72,2019-07-24,48.31,12838.1,35.16,26.12,0.426,3484.1,58.6,True
BGW-04,1,73,2019-07-25,47.6,13138.3,32.72,22.34,0.406,3464.0,55.8,True
BGW-04,1,74,2019-07-26,47.99,12177.6,40.06,30.05,0.429,3469.6,66.7,False
BGW-04,1,75,2019-07-27,48.18,12636.5,36.57,28.42,0.437,3403.5,55.8,True
BGW-04,1,76,2019-07-28,47.83,12527.2,36.79,28.12,0.433,3413.2,64.2,True
BGW-04,1,77,2019-07-29,47.82,11971.6,36.95,26.45,0.417,3399.9,69.1,False
BGW-04,1,78,2019-07-30,47.69,13204.9,35.1,25.68,0.423,3392.3,53.5,True
BGW-04,1,79,2019-07-31,47.27,13143.5,35.6,28.71,0.446,3430.4,58.0,True
BGW-04,1,80,2019-08-01,47.68,12212.5,34.73,26.39,0.432,3426.9,63.1,True
BGW-04,1,81,2019-08-02,47.71,14385.3,30.96,25.0,0.447,3406.0,39.2,True
BGW-04,1,82,2019-08-03,47.62,13235.6,33.34,27.18,0.449,3369.0,53.9,True
BGW-04,1,83,2019-08-04,47.51,12688.6,34.67,29.48,0.46,3396.9,60.1,True
BGW-04,1,84,2019-08-05,47.18,13449.8,32.46,28.15,0.464,3392.2,57.0,True
BGW-04,1,85,2019-08-06,47.37,12991.3,34.54,29.05,0.457,3408.2,56.0,True
BGW-04,1,86,2019-08-07,47.81,12464.9,31.65,27.79,0.468,3391.1,60.8,True
BGW-04,1,87,2019-08-08,47.7,11805.8,35.14,31.3,0.471,3381.6,71.7,False
BGW-04,1,88,2019-08-09,47.05,13966.0,33.27,28.0,0.457,3378.5,45.4,True
BGW-04,1,89,2019-08-10,47.83,12378.4,35.51,29.54,0.454,3303.0,60.8,True
BGW-04,2,0,2019-09-01,137.22,145.5,384.12,92.78,0.195,3951.4,97.8,False
BGW-04,2,1,2019-09-02,130.59,188.6,316.96,86.34,0.214,3940.6,100.0,False
BGW-04,2,2,2019-09-03,123.89,270.3,260.84,64.3,0.198,3970.1,100.0,False
BGW-04,2,3,2019-09-04,117.92,325.6,227.14,61.63,0.213,3894.2,100.0,False
BGW-04,2,4,2019-09-05,112.14,413.7,210.42,59.17,0.219,3937.6,100.0,False
BGW-04,2,5,2019-09-06,106.77,500.2,201.07,55.05,0.215,3974.6,100.0,False
BGW-04,2,6,2019-09-07,102.92,613.8,184.96,55.79,0.232,3900.9,100.0,False
BGW-04,2,7,2019-09-08,98.34,789.8,160.91,42.94,0.211,3897.1,100.0,False
BGW-04,2,8,2019-09-09,94.08,978.0,145.78,43.19,0.229,3892.4,100.0,False
BGW-04,2,9,2019-09-10,89.8,1222.6,124.95,34.99,0.219,3900.2,96.9,False
BGW-04,2,10,2019-09-11,86.81,1275.0,123.65,40.5,0.247,3880.2,98.6,False
BGW-04,2,11,2019-09-12,84.02,1652.1,117.87,31.39,0.21,3897.7,100.0,False
BGW-04,2,12,2019-09-13,81.56,1761.0,98.56,31.31,0.241,3891.6,99.2,False
BGW-04,2,13,2019-09-14,78.49,2127.0,97.28,32.29,0.249,3855.2,99.2,False
BGW-04,2,14,2019-09-15,76.04,2558.4,95.26,30.97,0.245,3854.4,93.6,False
BGW-04,2,15,2019-09-16,73.25,2813.8,82.92,27.61,0.25,3813.8,96.9,False
BGW-04,2,16,2019-09-17,71.78,2949.7,83.08,29.58,0.263,3869.5,100.0,False
BGW-04,2,17,2019-09-18,69.6,3561.2,81.51,28.68,0.26,3823.2,94.5,False
BGW-04,2,18,2019-09-19,67.96,3697.1,80.33,27.98,0.258,3866.2,100.0,False
BGW-04,2,19,2019-09-20,66.08,4245.3,72.46,23.8,0.247,3850.8,99.1,False
BGW-04,2,20,2019-09-21,64.67,4845.1,60.03,19.81,0.248,3845.3,100.0,False
BGW-04,2,21,2019-09-22,63.23,5045.3,65.59,23.03,0.26,3818.4,97.9,False
BGW-04,2,22,2019-09-23,62.3,5001.0,62.11,22.8,0.269,3805.9,100.0,False
BGW-04,2,23,2019-09-24,60.71,6045.2,55.99,20.82,0.271,3778.1,95.2,False
BGW-04,2,24,2019-09-25,59.96,6086.6,58.49,23.03,0.283,3770.5,100.0,False
BGW-04,2,25,2019-09-26,58.34,6342.8,53.35,19.76,0.27,3824.0,100.0,False
BGW-04,2,26,2019-09-27,58.39,6731.7,59.46,23.06,0.279,3811.4,95.1,False
BGW-04,2,27,2019-09-28,56.54,7148.2,53.0,21.12,0.285,3737.8,99.4,False
BGW-04,2,28,2019-09-29,56.33,7769.7,49.51,19.32,0.281,3742.3,96.3,False
BGW-04,2,29,2019-09-30,55.74,7838.2,46.9,17.34,0.27,3733.1,100.0,False
BGW-04,2,30,2019-10-01,55.18,7759.2,46.22,19.48,0.297,3775.9,100.0,False
BGW-04,2,31,2019-10-02,54.42,8498.0,42.51,17.09,0.287,3798.8,92.5,False
BGW-04,2,32,2019-10-03,54.29,8578.0,46.12,18.43,0.285,3794.1,99.3,False
BGW-04,2,33,2019-10-04,53.37,8735.9,41.28,19.23,0.318,3681.0,99.8,False
BGW-04,2,34,2019-10-05,52.59,8908.5,44.05,19.7,0.309,3750.4,97.8,False
BGW-04,2,35,2019-10-06,52.46,9859.4,41.47,21.4,0.34,3693.4,87.9,False
BGW-04,2,36,2019-10-07,51.73,9799.8,38.5,17.78,0.316,3718.8,84.5,False
BGW-04,2,37,2019-10-08,51.27,10015.1,42.52,21.81,0.339,3702.8,84.8,False
BGW-04,2,38,2019-10-09,51.13,9910.4,39.65,19.29,0.327,3768.2,87.6,False
BGW-04,2,39,2019-10-10,51.16,9833.6,40.15,18.38,0.314,3645.0,92.3,False
BGW-04,2,40,2019-10-11,50.35,10517.5,40.87,20.8,0.337,3703.5,87.0,False
BGW-04,2,41,2019-10-12,50.47,11035.9,36.31,16.28,0.31,3650.8,78.9,False
BGW-04,2,42,2019-10-13,50.24,10900.3,38.82,20.03,0.34,3680.3,81.5,False
BGW-04,2,43,2019-10-14,49.9,11125.0,36.64,18.21,0.332,3673.3,84.6,False
BGW-04,2,44,2019-10-15,49.97,10725.1,40.01,21.04,0.345,3667.7,83.1,False
BGW-04,2,45,2019-10-16,49.96,11616.1,37.08,19.0,0.339,3627.6,74.4,False
BGW-04,2,46,2019-10-17,49.26,11509.8,33.39,18.08,0.351,3633.9,69.9,False
BGW-04,2,47,2019-10-18,49.25,11557.4,35.49,18.72,0.345,3628.1,72.1,False
BGW-04,2,48,2019-10-19,48.94,12289.8,31.49,16.73,0.347,3647.5,63.4,True
BGW-04,2,49,2019-10-20,48.6,11785.5,35.15,20.01,0.363,3592.8,71.0,False
BGW-04,2,50,2019-10-21,48.77,12326.7,32.46,17.81,0.354,3610.2,64.4,True
BGW-04,2,51,2019-10-22,49.61,11098.6,36.52,19.69,0.35,3641.3,78.6,False
BGW-04,2,52,2019-10-23,48.52,12059.0,32.81,17.63,0.35,3592.0,70.3,False
BGW-04,2,53,2019-10-24,47.88,13509.7,31.29,17.72,0.362,3597.7,57.3,True
BGW-04,2,54,2019-10-25,48.46,11547.7,31.76,18.28,0.365,3604.6,73.5,False
BGW-04,2,55,2019-10-26,48.29,12275.6,30.48,18.26,0.375,3648.0,65.5,False
BGW-04,2,56,2019-10-27,48.36,11758.3,33.7,19.77,0.37,3583.0,71.6,False
BGW-04,2,57,2019-10-28,47.91,11767.1,34.01,21.73,0.39,3600.1,70.4,False
BGW-04,2,58,2019-10-29,48.53,12209.7,31.56,19.42,0.381,3585.0,69.3,False
BGW-04,2,59,2019-10-30,48.39,11962.5,32.61,20.06,0.381,3597.5,68.0,False
BGW-04,2,60,2019-10-31,47.41,12985.9,31.56,18.64,0.371,3534.2,59.8,True
BGW-04,2,61,2019-11-01,47.96,13487.8,32.63,21.19,0.394,3544.4,53.8,True
BGW-04,2,62,2019-11-02,48.62,12404.2,30.72,18.59,0.377,3541.1,65.4,False
BGW-04,2,63,2019-11-03,47.55,13078.5,30.63,20.36,0.399,3517.9,58.1,True
BGW-04,2,64,2019-11-04,48.13,12147.0,31.11,20.03,0.392,3521.1,69.7,False
BGW-04,2,65,2019-11-05,48.31,13151.4,29.52,17.39,0.371,3512.7,59.2,True
BGW-04,2,66,2019-11-06,47.61,12507.6,30.44,21.68,0.416,3554.9,63.1,True
BGW-04,2,67,2019-11-07,47.99,12348.1,30.46,21.31,0.412,3539.7,66.7,False
BGW-04,2,68,2019-11-08,47.73,12794.7,31.36,21.36,0.405,3479.0,56.3,True
BGW-04,2,69,2019-11-09,47.71,13062.4,31.99,21.19,0.398,3485.9,55.2,True
BGW-04,2,70,2019-11-10,48.0,12229.9,30.03,20.09,0.401,3485.2,66.9,False
BGW-04,2,71,2019-11-11,47.54,12725.6,31.78,21.9,0.408,3521.0,57.9,True
BGW-04,2,72,2019-11-12,47.74,13041.4,30.19,21.92,0.421,3501.8,56.1,True
BGW-04,2,73,2019-11-13,48.05,13002.9,27.77,21.56,0.437,3447.6,56.5,True
BGW-04,2,74,2019-11-14,47.63,13216.8,29.93,22.07,0.424,3467.9,57.9,True
BGW-04,2,75,2019-11-15,47.5,12536.1,30.21,22.72,0.429,3482.5,58.2,True
BGW-04,2,76,2019-11-16,47.51,13732.4,26.47,20.07,0.431,3421.3,48.0,True
BGW-04,2,77,2019-11-17,47.5,13844.0,28.37,21.23,0.428,3392.3,43.5,True
BGW-04,2,78,2019-11-18,47.47,12596.3,28.78,20.53,0.416,3468.2,61.4,True
BGW-04,2,79,2019-11-19,48.11,11502.0,28.86,22.08,0.433,3394.2,73.3,False
BGW-04,2,80,2019-11-20,48.11,12423.1,28.81,24.63,0.461,3436.2,63.4,True
BGW-04,2,81,2019-11-21,47.37,12304.7,28.09,24.89,0.47,3425.9,66.6,False
BGW-04,2,82,2019-11-22,47.3,13546.3,25.91,19.98,0.435,3469.7,50.4,True
BGW-04,2,83,2019-11-23,48.15,12149.9,27.87,21.69,0.438,3409.3,66.5,False
BGW-04,2,84,2019-11-24,47.81,13109.8,27.56,23.72,0.463,3414.0,54.4,True
BGW-04,2,85,2019-11-25,47.42,13203.5,28.16,24.05,0.461,3344.2,57.9,True
BGW-04,2,86,2019-11-26,47.24,12966.4,25.78,21.86,0.459,3424.0,56.8,True
BGW-04,2,87,2019-11-27,47.6,13351.6,27.67,23.63,0.461,3400.0,54.4,True
BGW-04,2,88,2019-11-28,47.91,12496.8,25.66,21.15,0.452,3301.4,61.8,True
BGW-04,2,89,2019-11-29,48.08,12724.1,26.68,22.81,0.461,3331.5,63.5,True
BGW-04,3,0,2019-12-24,146.22,110.1,386.5,88.78,0.187,3926.8,98.0,False
BGW-04,3,1,2019-12-25,140.28,127.3,361.52,98.55,0.214,3892.7,100.0,False
BGW-04,3,2,2019-12-26,134.67,159.3,344.9,91.11,0.209,3959.3,97.8,False
BGW-04,3,3,2019-12-27,130.25,195.9,288.14,79.72,0.217,3924.0,99.3,False
BGW-04,3,4,2019-12-28,125.0,251.9,270.12,79.49,0.227,3938.4,100.0,False
BGW-04,3,5,2019-12-29,120.48,305.6,248.54,81.11,0.246,3939.0,100.0,False
BGW-04,3,6,2019-12-30,116.46,346.7,224.25,65.46,0.226,3946.1,100.0,False
BGW-04,3,7,2019-12-31,112.46,406.8,206.38,55.78,0.213,3888.7,100.0,False
BGW-04,3,8,2020-01-01,108.88,491.2,194.53,57.4,0.228,3869.3,97.6,False
BGW-04,3,9,2020-01-02,105.55,567.4,188.53,61.46,0.246,3904.4,98.8,False
BGW-04,3,10,2020-01-03,101.69,644.1,165.45,52.5,0.241,3875.4,98.5,False
BGW-04,3,11,2020-01-04,98.47,854.0,134.22,43.09,0.243,3859.3,99.2,False
BGW-04,3,12,2020-01-05,95.47,930.4,145.41,46.64,0.243,3910.0,100.0,False
BGW-04,3,13,2020-01-06,93.0,999.1,137.88,45.71,0.249,3818.3,97.6,False
BGW-04,3,14,2020-01-07,89.51,1216.0,124.59,38.31,0.235,3863.4,100.0,False
BGW-04,3,15,2020-01-08,88.04,1324.5,111.06,37.93,0.255,3835.8,100.0,False
BGW-04,3,16,2020-01-09,84.86,1538.7,103.67,37.23,0.264,3897.4,98.8,False
BGW-04,3,17,2020-01-10,82.46,1743.7,110.03,36.11,0.247,3827.0,99.5,False
BGW-04,3,18,2020-01-11,80.82,1907.3,91.56,31.82,0.258,3826.0,100.0,False
BGW-04,3,19,2020-01-12,78.77,2191.7,94.75,31.85,0.252,3797.3,96.1,False
BGW-04,3,20,2020-01-13,77.39,2287.5,92.39,32.76,0.262,3846.9,97.2,False
BGW-04,3,21,2020-01-14,75.33,2545.4,77.89,27.7,0.262,3791.2,100.0,False
BGW-04,3,22,2020-01-15,74.11,2458.6,82.11,30.26,0.269,3771.1,100.0,False
BGW-04,3,23,2020-01-16,72.53,3068.5,73.77,27.32,0.27,3755.1,100.0,False
BGW-04,3,24,2020-01-17,70.75,3415.0,74.45,28.3,0.275,3810.4,100.0,False
BGW-04,3,25,2020-01-18,69.76,3353.6,78.09,32.39,0.293,3761.1,100.0,False
BGW-04,3,26,2020-01-19,67.93,3747.6,68.72,24.82,0.265,3818.4,100.0,False
BGW-04,3,27,2020-01-20,67.2,3850.6,64.5,26.22,0.289,3786.5,99.5,False
BGW-04,3,28,2020-01-21,66.07,4406.2,59.53,24.46,0.291,3763.7,98.9,False
BGW-04,3,29,2020-01-22,65.08,4640.8,65.56,27.6,0.296,3752.4,99.7,False
BGW-04,3,30,2020-01-23,63.29,5219.7,56.87,24.38,0.3,3716.1,100.0,False
BGW-04,3,31,2020-01-24,62.59,5483.2,56.98,23.53,0.292,3779.5,99.6,False
BGW-04,3,32,2020-01-25,62.25,4957.0,62.9,28.35,0.311,3704.5,99.5,False
BGW-04,3,33,2020-01-26,61.44,5615.6,50.82,21.96,0.302,3734.2,100.0,False
BGW-04,3,34,2020-01-27,60.11,5722.3,58.78,27.09,0.315,3734.6,100.0,False
BGW-04,3,35,2020-01-28,59.96,5809.8,53.46,24.34,0.313,3730.1,100.0,False
BGW-04,3,36,2020-01-29,58.69,6495.5,46.26,18.87,0.29,3702.7,100.0,False
BGW-04,3,37,2020-01-30,58.14,6922.4,52.16,24.7,0.321,3722.4,100.0,False
BGW-04,3,38,2020-01-31,57.68,6947.1,45.19,22.11,0.329,3683.2,92.7,False
BGW-04,3,39,2020-02-01,57.01,6940.5,46.76,24.13,0.34,3673.6,100.0,False
BGW-04,3,40,2020-02-02,56.31,7100.0,48.72,23.19,0.323,3690.6,94.1,False
BGW-04,3,41,2020-02-03,56.06,7883.2,44.6,21.4,0.324,3681.2,100.0,False
BGW-04,3,42,2020-02-04,55.65,7608.3,46.65,21.6,0.316,3638.2,98.6,False
BGW-04,3,43,2020-02-05,54.79,8610.9,41.29,21.38,0.341,3667.0,100.0,False
BGW-04,3,44,2020-02-06,54.84,8344.4,43.05,22.63,0.345,3642.1,100.0,False
BGW-04,3,45,2020-02-07,53.84,8334.6,44.68,24.2,0.351,3590.6,98.4,False
BGW-04,3,46,2020-02-08,53.54,9038.5,40.73,21.44,0.345,3678.5,96.4,False
BGW-04,3,47,2020-02-09,53.48,9085.0,40.83,22.1,0.351,3613.7,98.9,False
BGW-04,3,48,2020-02-10,53.15,9349.5,42.13,23.0,0.353,3610.6,91.9,False
BGW-04,3,49,2020-02-11,52.58,9450.3,39.09,20.21,0.341,3565.4,90.4,False
BGW-04,3,50,2020-02-12,51.47,9992.6,42.9,25.52,0.373,3626.2,85.3,False
BGW-04,3,51,2020-02-13,51.68,9408.3,36.62,20.22,0.356,3622.7,93.6,False
BGW-04,3,52,2020-02-14,52.05,9561.7,38.45,20.71,0.35,3563.6,88.6,False
BGW-04,3,53,2020-02-15,51.79,9715.3,34.51,19.7,0.363,3651.8,87.3,False
BGW-04,3,54,2020-02-16,51.18,10508.7,38.53,21.43,0.357,3612.0,83.2,False
BGW-04,3,55,2020-02-17,51.17,10385.8,34.09,20.5,0.376,3599.3,82.8,False
BGW-04,3,56,2020-02-18,51.2,10495.3,36.69,22.43,0.379,3627.1,85.2,False
BGW-04,3,57,2020-02-19,50.71,10601.7,37.39,22.07,0.371,3590.5,78.0,False
BGW-04,3,58,2020-02-20,50.47,10187.1,36.96,23.96,0.393,3599.7,81.4,False
BGW-04,3,59,2020-02-21,49.59,11115.3,37.94,23.13,0.379,3585.4,77.1,False
BGW-04,3,60,2020-02-22,49.67,11271.0,34.32,23.23,0.404,3544.5,71.5,False
BGW-04,3,61,2020-02-23,49.75,10729.5,36.7,23.29,0.388,3533.8,79.1,False
BGW-04,3,62,2020-02-24,49.71,10999.3,32.06,20.36,0.388,3520.0,76.9,False
BGW-04,3,63,2020-02-25,49.79,11263.9,32.71,21.14,0.393,3599.8,81.8,False
BGW-04,3,64,2020-02-26,49.3,11094.8,31.91,21.95,0.408,3536.8,75.8,False
BGW-04,3,65,2020-02-27,50.09,10945.5,34.85,23.74,0.405,3554.7,76.8,False
BGW-04,3,66,2020-02-28,49.12,12279.1,31.03,20.53,0.398,3488.7,61.7,True
BGW-04,3,67,2020-02-29,49.14,10548.3,33.38,22.34,0.401,3522.5,84.9,False
BGW-04,3,68,2020-03-01,48.95,11550.1,32.02,23.55,0.424,3481.6,69.9,False
BGW-04,3,69,2020-03-02,48.72,11244.3,33.07,23.37,0.414,3527.9,79.3,False
BGW-04,3,70,2020-03-03,49.69,11193.7,32.04,21.54,0.402,3493.6,78.1,False
BGW-04,3,71,2020-03-04,49.08,11146.4,32.92,23.84,0.42,3463.0,76.9,False
BGW-04,3,72,2020-03-05,49.16,12599.3,28.98,21.7,0.428,3496.9,53.1,True
BGW-04,3,73,2020-03-06,48.17,12103.0,29.01,21.16,0.422,3414.6,69.3,False
BGW-04,3,74,2020-03-07,48.55,11819.9,33.67,25.54,0.431,3449.6,66.1,False
BGW-04,3,75,2020-03-08,49.05,12024.0,29.36,21.91,0.427,3441.0,66.8,False
BGW-04,3,76,2020-03-09,48.01,12148.8,32.66,24.56,0.429,3454.8,66.0,False
BGW-04,3,77,2020-03-10,49.13,11634.6,32.58,24.58,0.43,3444.3,70.7,False
BGW-04,3,78,2020-03-11,48.17,12253.2,31.43,23.81,0.431,3458.6,65.2,False
BGW-04,3,79,2020-03-12,48.11,12962.9,29.36,23.1,0.44,3419.6,52.0,True
BGW-04,3,80,2020-03-13,48.41,13046.8,29.88,25.07,0.456,3420.4,53.5,True
BGW-04,3,81,2020-03-14,48.62,11589.5,31.81,26.59,0.455,3407.8,72.8,False
BGW-04,3,82,2020-03-15,47.92,13482.4,29.31,24.41,0.454,3412.2,51.5,True
BGW-04,3,83,2020-03-16,48.22,12517.6,30.2,24.33,0.446,3407.0,58.1,True
BGW-04,3,84,2020-03-17,47.61,12643.1,28.14,24.16,0.462,3339.5,67.2,False
BGW-04,3,85,2020-03-18,48.77,11782.8,30.08,24.2,0.446,3392.5,73.0,False
BGW-04,3,86,2020-03-19,48.04,11530.9,29.79,26.57,0.471,3419.9,71.9,False
BGW-04,3,87,2020-03-20,48.36,11896.8,31.6,27.63,0.466,3381.1,69.0,False
BGW-04,3,88,2020-03-21,48.01,11233.5,29.45,24.62,0.455,3419.1,80.5,False
BGW-04,3,89,2020-03-22,48.22,12201.3,27.23,23.7,0.465,3344.2,71.6,False
BGW-04,4,0,2020-04-07,132.42,179.9,338.74,86.63,0.204,3922.1,99.5,False
BGW-04,4,1,2020-04-08,127.94,231.6,318.09,83.53,0.208,3915.0,100.0,False
BGW-04,4,2,2020-04-09,123.91,272.6,245.59,67.52,0.216,3953.7,100.0,False
BGW-04,4,3,2020-04-10,119.93,325.6,238.65,67.6,0.221,3912.3,100.0,False
BGW-04,4,4,2020-04-11,115.48,373.0,226.28,59.5,0.208,3911.0,98.6,False
BGW-04,4,5,2020-04-12,111.34,440.9,209.45,62.49,0.23,3900.8,97.4,False
BGW-04,4,6,2020-04-13,108.46,491.8,192.81,54.78,0.221,3946.6,100.0,False
BGW-04,4,7,2020-04-14,104.93,581.5,169.11,54.95,0.245,3891.2,100.0,False
BGW-04,4,8,2020-04-15,101.82,656.3,177.33,57.17,0.244,3915.8,97.2,False
BGW-04,4,9,2020-04-16,98.61,865.8,140.04,45.77,0.246,3854.5,100.0,False
BGW-04,4,10,2020-04-17,95.48,905.4,133.12,41.61,0.238,3892.3,100.0,False
BGW-04,4,11,2020-04-18,92.66,1032.0,130.99,41.41,0.24,3886.7,100.0,False
BGW-04,4,12,2020-04-19,89.86,1165.4,123.86,41.78,0.252,3925.2,100.0,False
BGW-04,4,13,2020-04-20,87.92,1353.8,105.92,34.99,0.248,3863.5,96.8,False
BGW-04,4,14,2020-04-21,86.52,1426.0,105.26,35.29,0.251,3830.0,98.4,False
BGW-04,4,15,2020-04-22,84.1,1662.8,103.64,33.83,0.246,3898.5,99.1,False
BGW-04,4,16,2020-04-23,81.55,1607.4,114.91,39.3,0.255,3878.2,100.0,False
BGW-04,4,17,2020-04-24,79.69,2064.6,88.95,28.66,0.244,3882.0,100.0,False
BGW-04,4,18,2020-04-25,77.56,2178.6,93.26,31.83,0.254,3821.3,98.8,False
BGW-04,4,19,2020-04-26,76.03,2284.7,82.71,29.72,0.264,3860.6,100.0,False
BGW-04,4,20,2020-04-27,75.0,2732.4,81.76,29.25,0.264,3819.8,98.1,False
BGW-04,4,21,2020-04-28,73.11,2944.9,77.24,28.1,0.267,3850.5,100.0,False
BGW-04,4,22,2020-04-29,71.77,3062.7,69.84,24.85,0.262,3813.8,98.0,False
BGW-04,4,23,2020-04-30,70.32,3140.6,69.47,26.54,0.276,3812.6,97.3,False
BGW-04,4,24,2020-05-01,68.8,3514.0,67.51,26.38,0.281,3785.7,97.5,False
BGW-04,4,25,2020-05-02,67.83,3704.5,60.0,21.59,0.265,3746.8,98.7,False
BGW-04,4,26,2020-05-03,66.45,4412.7,56.11,21.84,0.28,3792.0,100.0,False
BGW-04,4,27,2020-05-04,65.38,4361.6,61.04,26.53,0.303,3750.5,98.4,False
BGW-04,4,28,2020-05-05,64.06,4751.7,53.25,21.16,0.284,3798.8,97.3,False
BGW-04,4,29,2020-05-06,63.37,5003.6,51.12,21.22,0.293,3747.3,96.4,False
BGW-04,4,30,2020-05-07,63.29,5136.6,53.91,26.19,0.327,3788.4,97.3,False
BGW-04,4,31,2020-05-08,61.32,5496.1,48.88,21.01,0.301,3737.6,100.0,False
BGW-04,4,32,2020-05-09,61.3,5430.0,52.89,23.67,0.309,3717.8,95.6,False
BGW-04,4,33,2020-05-10,60.23,6064.8,52.94,22.89,0.302,3707.5,99.1,False
BGW-04,4,34,2020-05-11,59.6,6065.7,48.18,21.25,0.306,3710.2,100.0,False
BGW-04,4,35,2020-05-12,58.6,6628.3,40.15,17.54,0.304,3756.6,96.5,False
BGW-04,4,36,2020-05-13,58.06,6577.3,46.32,20.53,0.307,3716.9,98.8,False
BGW-04,4,37,2020-05-14,57.47,6851.2,43.05,18.84,0.304,3716.6,100.0,False
BGW-04,4,38,2020-05-15,56.6,7569.5,44.81,21.95,0.329,3719.9,100.0,False
BGW-04,4,39,2020-05-16,57.15,7019.5,41.83,18.5,0.307,3747.2,100.0,False
BGW-04,4,40,2020-05-17,55.71,7525.3,41.82,21.28,0.337,3628.6,96.1,False
BGW-04,4,41,2020-05-18,56.16,7634.0,42.88,20.73,0.326,3635.6,100.0,False
BGW-04,4,42,2020-05-19,54.81,8217.5,36.03,17.59,0.328,3665.3,98.9,False
BGW-04,4,43,2020-05-20,54.47,8026.9,36.9,18.63,0.335,3626.6,99.1,False
BGW-04,4,44,2020-05-21,54.25,8365.0,38.55,17.76,0.315,3624.3,100.0,False
BGW-04,4,45,2020-05-22,53.87,8386.6,38.35,20.79,0.352,3688.6,100.0,False
BGW-04,4,46,2020-05-23,53.6,8951.1,34.58,17.8,0.34,3684.8,98.2,False
BGW-04,4,47,2020-05-24,53.01,9231.6,37.48,20.86,0.358,3666.3,95.6,False
BGW-04,4,48,2020-05-25,52.33,8928.5,33.26,18.46,0.357,3661.8,100.0,False
BGW-04,4,49,2020-05-26,52.34,9307.1,36.18,20.93,0.366,3652.1,100.0,False
BGW-04,4,50,2020-05-27,52.36,10029.8,34.63,18.74,0.351,3592.4,87.5,False
BGW-04,4,51,2020-05-28,51.94,9331.4,37.73,21.54,0.363,3566.3,99.3,False
BGW-04,4,52,2020-05-29,52.31,8955.5,34.08,18.74,0.355,3615.3,100.0,False
BGW-04,4,53,2020-05-30,51.43,9758.2,32.42,19.48,0.375,3642.6,93.0,False
BGW-04,4,54,2020-05-31,51.39,9080.8,33.35,19.73,0.372,3578.6,96.4,False
BGW-04,4,55,2020-06-01,50.73,10924.3,33.5,20.1,0.375,3594.1,76.8,False
BGW-04,4,56,2020-06-02,50.46,10641.9,28.97,16.11,0.357,3653.5,80.7,False
BGW-04,4,57,2020-06-03,50.13,10389.3,33.33,21.64,0.394,3596.7,84.8,False
BGW-04,4,58,2020-06-04,50.39,10525.6,32.72,19.42,0.372,3520.9,85.0,False
BGW-04,4,59,2020-06-05,50.59,10626.3,31.91,18.39,0.366,3598.4,78.8,False
BGW-04,4,60,2020-06-06,50.1,11061.3,30.19,18.88,0.385,3558.9,73.2,False
BGW-04,4,61,2020-06-07,50.13,11063.6,29.96,18.72,0.385,3543.0,78.9,False
BGW-04,4,62,2020-06-08,49.79,12040.0,28.72,19.29,0.402,3562.4,63.9,True
BGW-04,4,63,2020-06-09,49.95,10819.5,29.4,17.59,0.374,3551.9,78.0,False
BGW-04,4,64,2020-06-10,49.29,11556.2,28.1,18.32,0.395,3527.2,68.9,False
BGW-04,4,65,2020-06-11,49.35,10939.2,29.74,19.07,0.391,3555.5,74.7,False
BGW-04,4,66,2020-06-12,49.28,10551.8,30.05,21.07,0.412,3561.3,80.3,False
BGW-04,4,67,2020-06-13,49.02,11948.4,30.89,21.51,0.411,3481.5,64.2,True
BGW-04,4,68,2020-06-14,49.53,10982.6,31.67,21.53,0.405,3461.6,78.6,False
BGW-04,4,69,2020-06-15,48.9,11393.5,29.89,21.02,0.413,3481.9,75.4,False
BGW-04,4,70,2020-06-16,48.71,12026.3,27.32,20.26,0.426,3480.3,67.2,False
BGW-04,4,71,2020-06-17,49.05,11654.6,26.66,18.33,0.407,3486.0,74.5,False
BGW-04,4,72,2020-06-18,48.32,12409.9,27.32,19.16,0.412,3506.9,60.2,True
BGW-04,4,73,2020-06-19,48.16,11954.0,28.53,22.4,0.44,3444.9,69.9,False
BGW-04,4,74,2020-06-20,49.14,11007.7,29.55,22.46,0.432,3484.6,75.3,False
BGW-04,4,75,2020-06-21,48.46,12472.5,25.16,19.24,0.433,3491.6,61.7,True
BGW-04,4,76,2020-06-22,48.54,12689.4,27.96,21.24,0.432,3474.4,63.1,True
BGW-04,4,77,2020-06-23,48.63,10947.3,27.39,22.39,0.45,3470.4,74.7,False
BGW-04,4,78,2020-06-24,48.65,11644.9,25.27,19.32,0.433,3411.5,77.6,False
BGW-04,4,79,2020-06-25,48.15,11891.8,29.27,22.96,0.44,3473.2,67.0,False
BGW-04,4,80,2020-06-26,48.51,11658.8,25.98,21.83,0.457,3377.7,71.3,False
BGW-04,4,81,2020-06-27,47.75,12135.4,25.42,18.99,0.428,3390.0,63.1,True
BGW-04,4,82,2020-06-28,48.1,13278.9,25.62,20.91,0.449,3403.9,56.3,True
BGW-04,4,83,2020-06-29,48.32,12378.4,26.74,24.85,0.482,3372.0,66.7,False
BGW-04,4,84,2020-06-30,48.27,11895.4,27.48,21.88,0.443,3408.2,65.5,False
BGW-04,4,85,2020-07-01,48.42,12408.6,27.44,23.73,0.464,3376.2,64.1,True
BGW-04,4,86,2020-07-02,48.33,12743.6,25.81,22.15,0.462,3384.1,65.0,True
BGW-04,4,87,2020-07-03,48.08,12673.8,25.7,21.7,0.458,3376.9,62.1,True
BGW-04,4,88,2020-07-04,48.57,12430.5,25.15,22.87,0.476,3410.8,64.3,True
BGW-04,4,89,2020-07-05,47.83,12718.3,25.43,22.78,0.473,3382.2,57.8,True
BGW-05,1,0,2019-02-19,134.02,230.9,279.54,112.87,0.288,3594.4,100.0,False
BGW-05,1,1,2019-02-20,129.31,293.4,247.17,98.67,0.285,3615.7,97.5,False
BGW-05,1,2,2019-02-21,125.78,322.3,249.82,112.98,0.311,3574.9,100.0,False
BGW-05,1,3,2019-02-22,121.28,377.0,209.03,93.72,0.31,3552.9,100.0,False
BGW-05,1,4,2019-02-23,117.13,437.1,195.53,80.67,0.292,3539.6,100.0,False
BGW-05,1,5,2019-02-24,113.54,481.2,204.73,94.92,0.317,3511.8,99.3,False
BGW-05,1,6,2019-02-25,109.93,581.9,177.62,80.67,0.312,3564.0,100.0,False
BGW-05,1,7,2019-02-26,106.71,659.4,157.51,81.06,0.34,3541.4,99.1,False
BGW-05,1,8,2019-02-27,103.75,719.0,158.14,73.46,0.317,3542.5,97.3,False
BGW-05,1,9,2019-02-28,100.12,912.4,147.91,71.75,0.327,3499.6,94.8,False
BGW-05,1,10,2019-03-01,98.22,1088.4,139.14,69.66,0.334,3492.0,100.0,False
BGW-05,1,11,2019-03-02,95.43,994.0,126.61,57.82,0.314,3509.7,100.0,False
BGW-05,1,12,2019-03-03,92.64,1172.2,117.82,56.09,0.323,3463.3,98.1,False
BGW-05,1,13,2019-03-04,90.07,1258.4,123.47,63.28,0.339,3490.6,96.1,False
BGW-05,1,14,2019-03-05,88.51,1354.4,117.83,59.7,0.336,3502.4,100.0,False
BGW-05,1,15,2019-03-06,85.68,1605.2,107.17,54.55,0.337,3524.9,96.0,False
BGW-05,1,16,2019-03-07,84.09,1650.8,102.99,52.82,0.339,3425.6,96.5,False
BGW-05,1,17,2019-03-08,81.65,1900.2,91.11,48.2,0.346,3500.9,100.0,False
BGW-05,1,18,2019-03-09,79.99,1935.3,99.83,53.45,0.349,3527.8,100.0,False
BGW-05,1,19,2019-03-10,78.05,2034.9,88.77,48.88,0.355,3427.3,100.0,False
BGW-05,1,20,2019-03-11,76.24,2454.7,80.85,45.17,0.358,3439.0,98.8,False
BGW-05,1,21,2019-03-12,74.89,2685.4,82.48,46.04,0.358,3449.6,100.0,False
BGW-05,1,22,2019-03-13,73.34,2782.9,78.88,48.32,0.38,3433.3,96.0,False
BGW-05,1,23,2019-03-14,72.29,2980.3,81.91,45.9,0.359,3464.3,99.3,False
BGW-05,1,24,2019-03-15,71.48,3320.2,73.23,42.05,0.365,3438.3,100.0,False
BGW-05,1,25,2019-03-16,69.44,3606.5,71.5,41.6,0.368,3429.8,96.2,False
BGW-05,1,26,2019-03-17,67.95,3658.4,67.87,40.57,0.374,3439.2,100.0,False
BGW-05,1,27,2019-03-18,67.83,3864.9,71.68,46.37,0.393,3392.1,97.8,False
BGW-05,1,28,2019-03-19,66.54,4020.8,66.92,40.11,0.375,3458.7,98.2,False
BGW-05,1,29,2019-03-20,65.0,4470.1,64.63,37.06,0.364,3384.2,97.5,False
BGW-05,1,30,2019-03-21,64.55,4386.2,62.7,36.61,0.369,3400.3,100.0,False
BGW-05,1,31,2019-03-22,63.63,4567.5,59.53,40.58,0.405,3400.5,94.2,False
BGW-05,1,32,2019-03-23,62.26,4929.8,57.36,35.06,0.379,3309.2,100.0,False
BGW-05,1,33,2019-03-24,61.73,5134.7,54.05,37.15,0.407,3373.1,98.2,False
BGW-05,1,34,2019-03-25,60.88,5370.1,60.24,43.61,0.42,3406.9,100.0,False
BGW-05,1,35,2019-03-26,60.85,5450.7,60.25,41.21,0.406,3378.9,100.0,False
BGW-05,1,36,2019-03-27,59.1,5988.5,49.32,30.87,0.385,3329.0,100.0,False
BGW-05,1,37,2019-03-28,58.99,5985.3,53.41,34.9,0.395,3353.7,100.0,False
BGW-05,1,38,2019-03-29,58.51,5821.4,52.69,37.88,0.418,3326.5,100.0,False
BGW-05,1,39,2019-03-30,57.63,6152.4,49.99,32.81,0.396,3363.5,99.6,False
BGW-05,1,40,2019-03-31,57.01,6594.9,49.37,36.31,0.424,3321.3,98.2,False
BGW-05,1,41,2019-04-01,56.47,6511.7,51.19,36.3,0.415,3370.8,100.0,False
BGW-05,1,42,2019-04-02,56.62,6326.4,51.76,37.71,0.421,3336.4,98.6,False
BGW-05,1,43,2019-04-03,55.24,7723.0,47.18,33.28,0.414,3269.6,97.2,False
BGW-05,1,44,2019-04-04,55.22,7152.9,44.1,33.68,0.433,3313.9,100.0,False
BGW-05,1,45,2019-04-05,54.8,7591.5,45.69,32.74,0.417,3299.8,98.0,False
BGW-05,1,46,2019-04-06,54.57,7558.7,46.02,32.78,0.416,3302.9,100.0,False
BGW-05,1,47,2019-04-07,54.88,7313.4,46.62,40.12,0.463,3294.8,100.0,False
BGW-05,1,48,2019-04-08,53.46,8534.1,40.46,31.98,0.442,3285.2,88.0,False
BGW-05,1,49,2019-04-09,52.99,8693.2,41.72,31.23,0.428,3269.8,91.3,False
BGW-05,1,50,2019-04-10,53.2,8424.1,43.62,31.75,0.421,3275.9,92.8,False
BGW-05,1,51,2019-04-11,52.69,8338.0,39.24,31.87,0.448,3264.4,87.6,False
BGW-05,1,52,2019-04-12,52.55,8811.2,39.71,34.34,0.464,3254.1,89.0,False
BGW-05,1,53,2019-04-13,51.9,8260.1,42.79,34.29,0.445,3240.6,96.2,False
BGW-05,1,54,2019-04-14,51.7,8930.0,39.32,32.87,0.455,3258.6,87.7,False
BGW-05,1,55,2019-04-15,51.76,8889.3,37.26,32.01,0.462,3275.9,85.7,False
BGW-05,1,56,2019-04-16,51.68,8787.8,42.66,36.1,0.458,3233.8,87.2,False
BGW-05,1,57,2019-04-17,51.41,8855.1,43.63,40.99,0.484,3283.4,88.3,False
BGW-05,1,58,2019-04-18,50.61,8884.6,39.28,34.51,0.468,3182.0,84.7,False
BGW-05,1,59,2019-04-19,51.22,9907.1,40.53,37.58,0.481,3200.0,73.9,False
BGW-05,1,60,2019-04-20,50.71,10173.6,36.77,32.43,0.469,3254.5,73.4,False
BGW-05,1,61,2019-04-21,50.25,9492.2,37.33,34.04,0.477,3189.2,81.4,False
BGW-05,1,62,2019-04-22,50.67,9410.4,42.93,40.01,0.482,3224.6,78.8,False
BGW-05,1,63,2019-04-23,50.08,9014.3,38.22,35.24,0.48,3199.2,79.0,False
BGW-05,1,64,2019-04-24,49.41,9918.0,37.5,35.49,0.486,3192.9,71.9,False
BGW-05,1,65,2019-04-25,49.65,9924.6,36.97,34.02,0.479,3197.3,73.8,False
BGW-05,1,66,2019-04-26,49.71,10898.0,35.09,33.5,0.488,3154.4,60.3,True
BGW-05,1,67,2019-04-27,49.83,9555.2,36.03,34.45,0.489,3125.0,74.4,False
BGW-05,1,68,2019-04-28,49.37,10440.3,35.96,37.85,0.513,3187.3,69.2,False
BGW-05,1,69,2019-04-29,49.96,9715.2,36.59,36.6,0.5,3165.7,80.1,False
BGW-05,1,70,2019-04-30,49.09,10485.2,33.8,34.98,0.509,3154.0,67.7,False
BGW-05,1,71,2019-05-01,49.35,9508.5,36.74,36.98,0.502,3158.4,86.5,False
BGW-05,1,72,2019-05-02,48.9,9793.8,38.27,39.16,0.506,3157.8,72.2,False
BGW-05,1,73,2019-05-03,49.19,10447.1,34.81,36.79,0.514,3151.9,67.6,False
BGW-05,1,74,2019-05-04,49.03,10734.7,34.35,35.33,0.507,3158.5,63.0,True
BGW-05,1,75,2019-05-05,48.29,9981.4,36.75,42.02,0.533,3132.9,68.6,False
BGW-05,1,76,2019-05-06,48.62,10405.8,34.9,36.08,0.508,3114.9,64.0,True
BGW-05,1,77,2019-05-07,48.63,10050.7,36.1,39.11,0.52,3126.4,70.3,False
BGW-05,1,78,2019-05-08,48.56,10912.1,31.91,33.65,0.513,3113.8,60.5,True
BGW-05,1,79,2019-05-09,48.16,10212.0,34.49,37.77,0.523,3135.0,65.3,False
BGW-05,1,80,2019-05-10,48.28,11226.4,32.82,37.94,0.536,3020.4,57.0,True
BGW-05,1,81,2019-05-11,48.07,10796.8,33.76,36.33,0.518,3060.4,62.6,True
BGW-05,1,82,2019-05-12,48.42,10626.5,34.47,42.12,0.55,3114.0,66.1,False
BGW-05,1,83,2019-05-13,48.19,12061.8,29.58,34.31,0.537,3104.8,50.5,True
BGW-05,1,84,2019-05-14,48.4,10943.5,29.34,37.51,0.561,3113.6,60.4,True
BGW-05,1,85,2019-05-15,47.59,11265.4,31.16,38.7,0.554,3081.2,58.2,True
BGW-05,1,86,2019-05-16,47.84,10969.6,31.97,40.07,0.556,3068.8,63.7,True
BGW-05,1,87,2019-05-17,47.73,11110.3,36.43,48.42,0.571,3060.2,50.1,True
BGW-05,1,88,2019-05-18,48.35,10600.9,31.71,39.48,0.555,3017.9,66.7,False
BGW-05,1,89,2019-05-19,48.39,10631.4,30.8,41.08,0.571,3029.8,60.1,True
BGW-05,2,0,2019-06-04,134.04,243.0,271.25,107.77,0.284,3565.9,100.0,False
BGW-05,2,1,2019-06-05,127.45,286.3,233.27,96.02,0.292,3593.0,99.3,False
BGW-05,2,2,2019-06-06,122.2,336.1,212.21,91.53,0.301,3548.4,100.0,False
BGW-05,2,3,2019-06-07,117.21,434.3,219.69,91.68,0.294,3587.9,100.0,False
BGW-05,2,4,2019-06-08,112.47,514.0,188.88,77.95,0.292,3554.1,100.0,False
BGW-05,2,5,2019-06-09,108.53,573.8,179.02,85.04,0.322,3585.6,100.0,False
BGW-05,2,6,2019-06-10,103.96,738.0,156.09,71.47,0.314,3489.8,97.7,False
BGW-05,2,7,2019-06-11,100.43,864.2,150.57,70.29,0.318,3547.4,100.0,False
BGW-05,2,8,2019-06-12,97.16,953.8,141.67,71.26,0.335,3530.6,100.0,False
BGW-05,2,9,2019-06-13,93.74,1108.2,128.59,61.16,0.322,3519.0,98.5,False
BGW-05,2,10,2019-06-14,90.39,1300.7,125.57,59.4,0.321,3535.1,94.0,False
BGW-05,2,11,2019-06-15,87.79,1398.0,121.87,55.33,0.312,3509.7,100.0,False
BGW-05,2,12,2019-06-16,84.39,1709.8,104.92,50.21,0.324,3501.6,97.8,False
BGW-05,2,13,2019-06-17,82.42,1726.0,112.54,55.38,0.33,3465.6,97.8,False
BGW-05,2,14,2019-06-18,80.46,1934.1,100.58,49.41,0.329,3460.4,98.4,False
BGW-05,2,15,2019-06-19,77.86,2304.3,93.35,46.06,0.33,3514.2,99.7,False
BGW-05,2,16,2019-06-20,75.51,2577.5,83.32,41.17,0.331,3465.3,100.0,False
BGW-05,2,17,2019-06-21,73.74,2961.9,85.74,41.27,0.325,3493.5,95.6,False
BGW-05,2,18,2019-06-22,72.25,3209.6,81.04,43.68,0.35,3484.4,96.9,False
BGW-05,2,19,2019-06-23,70.29,3508.0,76.76,39.89,0.342,3531.0,100.0,False
BGW-05,2,20,2019-06-24,69.06,3619.3,72.0,39.47,0.354,3457.8,95.5,False
BGW-05,2,21,2019-06-25,67.69,4075.5,63.58,34.76,0.353,3444.6,100.0,False
BGW-05,2,22,2019-06-26,66.28,3940.8,66.71,34.52,0.341,3416.2,98.1,False
BGW-05,2,23,2019-06-27,65.1,4191.9,66.02,36.77,0.358,3424.0,99.9,False
BGW-05,2,24,2019-06-28,63.57,4696.9,67.6,39.11,0.367,3430.2,98.2,False
BGW-05,2,25,2019-06-29,62.18,5004.7,60.75,34.01,0.359,3415.7,97.7,False
BGW-05,2,26,2019-06-30,62.07,5288.4,57.41,33.15,0.366,3446.3,98.5,False
BGW-05,2,27,2019-07-01,60.85,5414.1,60.72,35.4,0.368,3416.0,100.0,False
BGW-05,2,28,2019-07-02,59.66,5692.4,61.15,36.37,0.373,3391.3,100.0,False
BGW-05,2,29,2019-07-03,58.85,6156.9,52.93,33.62,0.388,3377.9,100.0,False
BGW-05,2,30,2019-07-04,58.28,6047.7,56.25,37.83,0.402,3414.2,98.9,False
BGW-05,2,31,2019-07-05,57.58,6423.6,53.12,32.24,0.378,3383.5,100.0,False
BGW-05,2,32,2019-07-06,56.63,7036.4,51.52,32.52,0.387,3331.1,100.0,False
BGW-05,2,33,2019-07-07,56.64,6516.2,53.05,33.4,0.386,3419.7,97.2,False
BGW-05,2,34,2019-07-08,56.23,6842.6,51.98,34.05,0.396,3310.9,100.0,False
BGW-05,2,35,2019-07-09,55.23,7077.9,44.51,29.02,0.395,3348.7,100.0,False
BGW-05,2,36,2019-07-10,54.84,7809.6,47.78,32.18,0.402,3340.9,92.8,False
BGW-05,2,37,2019-07-11,54.39,7646.4,48.78,33.28,0.406,3343.5,100.0,False
BGW-05,2,38,2019-07-12,54.15,7770.3,51.45,33.59,0.395,3338.6,99.0,False
BGW-05,2,39,2019-07-13,53.29,8508.4,46.15,33.76,0.422,3319.8,87.7,False
BGW-05,2,40,2019-07-14,52.86,8283.5,45.05,30.5,0.404,3327.6,96.0,False
BGW-05,2,41,2019-07-15,52.92,8274.6,46.69,34.06,0.422,3343.6,90.0,False
BGW-05,2,42,2019-07-16,52.73,8442.6,46.61,34.62,0.426,3332.2,91.4,False
BGW-05,2,43,2019-07-17,51.99,8974.3,40.38,29.81,0.425,3308.9,83.7,False
BGW-05,2,44,2019-07-18,51.92,8487.3,40.95,31.3,0.433,3256.8,85.7,False
BGW-05,2,45,2019-07-19,51.53,8990.5,43.67,32.12,0.424,3273.2,79.9,False
BGW-05,2,46,2019-07-20,50.91,8785.9,43.45,32.33,0.427,3307.4,87.0,False
BGW-05,2,47,2019-07-21,50.87,9454.8,40.6,31.39,0.436,3223.9,79.3,False
BGW-05,2,48,2019-07-22,50.72,9401.3,42.33,31.21,0.424,3258.1,78.2,False
BGW-05,2,49,2019-07-23,50.54,8924.7,39.88,32.05,0.446,3257.0,82.9,False
BGW-05,2,50,2019-07-24,50.39,9887.4,41.33,34.05,0.452,3272.8,72.8,False
BGW-05,2,51,2019-07-25,49.74,9940.3,38.52,30.5,0.442,3308.5,74.6,False
BGW-05,2,52,2019-07-26,49.88,10524.3,37.11,28.09,0.431,3243.8,68.1,False
BGW-05,2,53,2019-07-27,49.52,9313.8,38.38,29.82,0.437,3249.2,78.9,False
BGW-05,2,54,2019-07-28,49.48,10529.5,39.32,30.77,0.439,3258.4,67.7,False
BGW-05,2,55,2019-07-29,49.28,10122.5,38.8,31.92,0.451,3284.6,70.1,False
BGW-05,2,56,2019-07-30,48.97,9895.9,38.43,31.43,0.45,3232.8,68.2,False
BGW-05,2,57,2019-07-31,49.49,9996.3,38.53,30.64,0.443,3240.0,73.5,False
BGW-05,2,58,2019-08-01,48.74,10519.2,37.54,31.55,0.457,3267.1,67.0,False
BGW-05,2,59,2019-08-02,48.77,10073.4,37.34,34.3,0.479,3242.6,67.6,False
BGW-05,2,60,2019-08-03,48.53,10671.3,35.6,31.27,0.468,3177.0,68.8,False
BGW-05,2,61,2019-08-04,48.79,11163.1,37.03,31.92,0.463,3190.8,54.6,True
BGW-05,2,62,2019-08-05,48.61,10621.3,34.08,30.29,0.471,3202.0,62.4,True
BGW-05,2,63,2019-08-06,49.07,9875.6,35.43,31.54,0.471,3200.2,75.5,False
BGW-05,2,64,2019-08-07,48.13,10656.0,34.52,32.93,0.488,3212.0,72.5,False
BGW-05,2,65,2019-08-08,48.3,10426.5,33.71,33.12,0.496,3175.5,69.1,False
BGW-05,2,66,2019-08-09,48.63,10520.3,37.16,36.31,0.494,3154.9,65.5,False
BGW-05,2,67,2019-08-10,48.16,11164.6,33.87,33.68,0.499,3201.0,55.2,True
BGW-05,2,68,2019-08-11,48.24,10241.3,35.39,36.33,0.507,3139.5,65.5,False
BGW-05,2,69,2019-08-12,48.07,11815.4,32.53,33.21,0.505,3148.0,51.5,True
BGW-05,2,70,2019-08-13,48.09,10644.8,34.29,32.5,0.487,3186.7,64.5,True
BGW-05,2,71,2019-08-14,48.01,11370.5,34.84,35.63,0.506,3139.1,54.1,True
BGW-05,2,72,2019-08-15,47.51,11081.8,34.28,38.11,0.526,3121.8,61.0,True
BGW-05,2,73,2019-08-16,47.48,11128.6,35.22,36.67,0.51,3136.4,60.5,True
BGW-05,2,74,2019-08-17,48.09,10167.7,37.82,38.45,0.504,3127.7,72.5,False
BGW-05,2,75,2019-08-18,47.8,10910.1,34.22,37.49,0.523,3172.1,64.6,True
BGW-05,2,76,2019-08-19,47.91,11729.7,32.83,37.32,0.532,3107.4,53.0,True
BGW-05,2,77,2019-08-20,47.83,11223.7,33.06,37.04,0.528,3117.3,60.3,True
BGW-05,2,78,2019-08-21,46.86,12431.3,31.18,33.64,0.519,3101.9,40.1,True
BGW-05,2,79,2019-08-22,47.55,10851.7,32.16,37.08,0.536,3130.6,68.2,False
BGW-05,2,80,2019-08-23,48.03,10711.8,33.48,38.91,0.538,3087.3,61.8,True
BGW-05,2,81,2019-08-24,47.93,11426.8,32.42,35.73,0.524,3050.9,54.4,True
BGW-05,2,82,2019-08-25,47.67,11213.6,31.99,37.8,0.542,3095.8,59.1,True
BGW-05,2,83,2019-08-26,47.27,11243.6,32.92,41.56,0.558,3098.7,56.7,True
BGW-05,2,84,2019-08-27,47.87,10887.1,34.46,43.37,0.557,3090.0,65.8,False
BGW-05,2,85,2019-08-28,48.3,10449.8,36.63,45.85,0.556,3060.7,70.9,False
BGW-05,2,86,2019-08-29,47.83,11647.2,29.75,36.3,0.55,3058.9,46.3,True
BGW-05,2,87,2019-08-30,47.31,11229.8,36.74,48.99,0.571,3075.0,53.3,True
BGW-05,2,88,2019-08-31,47.78,10880.4,32.31,41.12,0.56,3021.4,57.7,True
BGW-05,2,89,2019-09-01,47.58,11200.3,30.43,37.54,0.552,3073.0,57.7,True
BGW-05,3,0,2019-09-29,141.65,190.5,272.19,122.51,0.31,3593.6,100.0,False
BGW-05,3,1,2019-09-30,136.55,217.7,263.35,114.07,0.302,3544.4,100.0,False
BGW-05,3,2,2019-10-01,131.39,256.4,243.88,99.76,0.29,3506.4,99.3,False
BGW-05,3,3,2019-10-02,125.57,308.7,213.87,95.96,0.31,3540.0,99.3,False
BGW-05,3,4,2019-10-03,120.84,377.5,204.08,86.73,0.298,3551.6,100.0,False
BGW-05,3,5,2019-10-04,116.13,440.5,192.36,88.03,0.314,3567.5,99.3,False
BGW-05,3,6,2019-10-05,111.99,504.6,171.03,82.81,0.326,3533.0,100.0,False
BGW-05,3,7,2019-10-06,108.8,588.3,178.39,79.82,0.309,3530.3,97.0,False
BGW-05,3,8,2019-10-07,104.56,684.5,167.63,79.04,0.32,3515.5,100.0,False
BGW-05,3,9,2019-10-08,100.99,854.5,121.51,54.29,0.309,3563.9,99.3,False
BGW-05,3,10,2019-10-09,97.78,954.8,124.25,62.93,0.336,3539.5,95.2,False
BGW-05,3,11,2019-10-10,94.77,1109.3,110.18,53.41,0.326,3481.3,99.7,False
BGW-05,3,12,2019-10-11,91.56,1201.6,109.99,52.16,0.322,3448.9,99.0,False
BGW-05,3,13,2019-10-12,89.13,1427.4,103.92,51.5,0.331,3474.7,100.0,False
BGW-05,3,14,2019-10-13,87.18,1624.1,94.53,53.44,0.361,3456.0,98.0,False
BGW-05,3,15,2019-10-14,84.09,1706.1,101.59,51.28,0.335,3460.6,97.4,False
BGW-05,3,16,2019-10-15,82.41,1936.4,82.71,39.37,0.322,3533.3,96.6,False
BGW-05,3,17,2019-10-16,80.16,2071.4,89.24,51.04,0.364,3475.1,99.9,False
BGW-05,3,18,2019-10-17,77.8,2283.9,71.54,35.61,0.332,3502.2,94.8,False
BGW-05,3,19,2019-10-18,75.65,2768.9,67.84,39.44,0.368,3416.7,98.9,False
BGW-05,3,20,2019-10-19,74.76,2828.3,65.79,35.41,0.35,3454.2,97.3,False
BGW-05,3,21,2019-10-20,72.76,2905.7,61.36,33.1,0.35,3445.5,100.0,False
BGW-05,3,22,2019-10-21,71.09,3082.8,62.85,37.44,0.373,3467.5,96.6,False
BGW-05,3,23,2019-10-22,69.76,3452.8,58.96,32.98,0.359,3424.3,100.0,False
BGW-05,3,24,2019-10-23,68.48,3711.7,65.43,38.1,0.368,3468.8,94.3,False
BGW-05,3,25,2019-10-24,67.05,4247.0,59.15,33.74,0.363,3410.1,100.0,False
BGW-05,3,26,2019-10-25,65.91,4265.7,57.33,35.17,0.38,3496.5,100.0,False
BGW-05,3,27,2019-10-26,64.67,4148.0,50.52,32.16,0.389,3420.8,99.8,False
BGW-05,3,28,2019-10-27,63.56,4600.3,49.46,30.57,0.382,3423.1,99.7,False
BGW-05,3,29,2019-10-28,62.83,4782.8,46.58,26.75,0.365,3448.5,100.0,False
BGW-05,3,30,2019-10-29,62.2,4894.2,49.15,29.5,0.375,3380.5,96.1,False
BGW-05,3,31,2019-10-30,61.32,5445.3,44.38,27.56,0.383,3375.1,100.0,False
BGW-05,3,32,2019-10-31,60.12,5698.7,46.17,29.74,0.392,3369.7,98.0,False
BGW-05,3,33,2019-11-01,58.98,5595.7,44.9,29.98,0.4,3388.5,95.9,False
BGW-05,3,34,2019-11-02,58.83,5579.2,44.17,30.91,0.412,3318.2,100.0,False
BGW-05,3,35,2019-11-03,58.11,6056.0,44.42,28.56,0.391,3352.2,99.8,False
BGW-05,3,36,2019-11-04,57.27,6380.0,41.17,26.26,0.389,3367.6,100.0,False
BGW-05,3,37,2019-11-05,56.18,7201.1,38.95,26.61,0.406,3366.3,100.0,False
BGW-05,3,38,2019-11-06,56.45,6741.4,42.11,29.08,0.408,3362.6,100.0,False
BGW-05,3,39,2019-11-07,55.94,7216.6,37.72,25.55,0.404,3321.7,99.9,False
BGW-05,3,40,2019-11-08,54.75,6868.4,36.08,27.57,0.433,3395.6,98.0,False
BGW-05,3,41,2019-11-09,54.72,7477.0,34.66,24.72,0.416,3379.3,100.0,False
BGW-05,3,42,2019-11-10,54.24,7345.3,35.57,24.79,0.411,3375.6,100.0,False
BGW-05,3,43,2019-11-11,53.8,7782.2,39.07,27.43,0.412,3334.5,98.4,False
BGW-05,3,44,2019-11-12,53.1,7983.4,34.26,26.85,0.439,3318.1,100.0,False
BGW-05,3,45,2019-11-13,52.91,8077.7,35.05,25.67,0.423,3321.1,94.5,False
BGW-05,3,46,2019-11-14,52.53,8387.4,33.94,25.4,0.428,3325.6,89.8,False
BGW-05,3,47,2019-11-15,51.8,9373.1,32.73,25.75,0.44,3275.6,81.7,False
BGW-05,3,48,2019-11-16,51.75,8466.5,33.19,26.53,0.444,3309.1,88.5,False
BGW-05,3,49,2019-11-17,51.03,9044.0,34.43,26.89,0.439,3265.2,80.9,False
BGW-05,3,50,2019-11-18,50.56,9052.5,33.98,26.42,0.437,3209.0,81.9,False
BGW-05,3,51,2019-11-19,50.73,9793.2,31.97,24.44,0.433,3272.1,72.7,False
BGW-05,3,52,2019-11-20,50.63,8669.5,32.06,26.76,0.455,3293.3,89.6,False
BGW-05,3,53,2019-11-21,50.3,9589.7,30.4,25.01,0.451,3241.2,76.3,False
BGW-05,3,54,2019-11-22,49.65,10393.7,30.12,23.71,0.44,3241.7,68.9,False
BGW-05,3,55,2019-11-23,50.24,9310.6,31.59,25.87,0.45,3283.1,77.0,False
BGW-05,3,56,2019-11-24,50.13,9604.5,31.22,26.02,0.455,3252.3,75.4,False
BGW-05,3,57,2019-11-25,49.54,10070.8,28.31,25.38,0.473,3249.6,72.9,False
BGW-05,3,58,2019-11-26,49.36,10043.2,27.56,24.14,0.467,3185.0,64.7,True
BGW-05,3,59,2019-11-27,50.05,9846.8,28.76,24.61,0.461,3231.3,70.7,False
BGW-05,3,60,2019-11-28,49.45,10677.6,27.9,25.12,0.474,3208.5,60.0,True
BGW-05,3,61,2019-11-29,49.47,9876.2,28.17,25.95,0.48,3217.7,78.1,False
BGW-05,3,62,2019-11-30,49.63,10182.3,29.91,26.86,0.473,3201.3,69.4,False
BGW-05,3,63,2019-12-01,49.34,10425.5,28.07,27.07,0.491,3228.0,65.4,False
BGW-05,3,64,2019-12-02,49.37,10360.3,27.98,27.14,0.492,3201.4,65.2,False
BGW-05,3,65,2019-12-03,49.05,9734.8,29.0,26.31,0.476,3190.7,74.0,False
BGW-05,3,66,2019-12-04,48.64,10540.7,27.36,25.56,0.483,3160.6,67.5,False
BGW-05,3,67,2019-12-05,49.45,9990.1,26.12,24.54,0.484,3165.3,75.7,False
BGW-05,3,68,2019-12-06,48.27,11100.4,25.85,26.24,0.504,3179.8,62.0,True
BGW-05,3,69,2019-12-07,49.32,9436.8,26.88,26.63,0.498,3219.6,85.6,False
BGW-05,3,70,2019-12-08,48.91,10023.3,26.27,25.75,0.495,3204.5,69.5,False
BGW-05,3,71,2019-12-09,48.38,10615.6,27.45,26.33,0.49,3120.8,65.0,False
BGW-05,3,72,2019-12-10,48.29,10464.7,25.58,26.79,0.511,3141.2,67.3,False
BGW-05,3,73,2019-12-11,48.43,10267.6,27.38,28.52,0.51,3118.0,67.5,False
BGW-05,3,74,2019-12-12,48.19,11615.7,24.98,25.36,0.504,3121.7,55.9,True
BGW-05,3,75,2019-12-13,48.29,10459.7,27.7,29.11,0.512,3098.4,70.9,False
BGW-05,3,76,2019-12-14,48.06,11479.5,25.11,29.95,0.544,3131.6,53.9,True
BGW-05,3,77,2019-12-15,48.67,9868.9,24.25,25.88,0.516,3069.7,76.1,False
BGW-05,3,78,2019-12-16,48.24,10977.9,27.74,32.27,0.538,3152.8,61.7,True
BGW-05,3,79,2019-12-17,48.17,10589.6,23.91,26.38,0.525,3111.3,65.1,False
BGW-05,3,80,2019-12-18,47.33,11217.9,24.65,28.79,0.539,3105.6,62.7,True
BGW-05,3,81,2019-12-19,47.66,10327.2,26.2,29.25,0.528,3136.0,70.9,False
BGW-05,3,82,2019-12-20,47.43,11502.6,25.73,31.38,0.549,3062.5,48.1,True
BGW-05,3,83,2019-12-21,47.48,11458.9,24.54,26.08,0.515,3106.2,54.0,True
BGW-05,3,84,2019-12-22,47.88,11035.0,23.84,27.39,0.535,3077.8,59.9,True
BGW-05,3,85,2019-12-23,47.99,11210.0,24.12,30.59,0.559,3026.9,56.8,True
BGW-05,3,86,2019-12-24,47.92,11000.7,24.68,28.81,0.539,3085.6,65.7,False
BGW-05,3,87,2019-12-25,47.66,10697.9,25.57,30.41,0.543,3039.9,70.7,False
BGW-05,3,88,2019-12-26,48.24,10667.7,26.13,31.92,0.55,3076.5,64.3,True
BGW-05,3,89,2019-12-27,47.9,11450.1,22.8,29.14,0.561,3025.3,58.8,True
BGW-05,4,0,2020-01-19,139.12,204.9,302.6,127.32,0.296,3552.3,97.7,False
BGW-05,4,1,2020-01-20,135.18,212.0,281.81,120.69,0.3,3541.0,99.1,False
BGW-05,4,2,2020-01-21,130.01,259.6,246.3,111.97,0.313,3549.4,100.0,False
BGW-05,4,3,2020-01-22,126.16,313.5,229.76,103.84,0.311,3594.3,96.2,False
BGW-05,4,4,2020-01-23,122.21,352.8,212.83,88.19,0.293,3530.3,95.0,False
BGW-05,4,5,2020-01-24,118.67,389.0,193.85,82.74,0.299,3536.8,98.8,False
BGW-05,4,6,2020-01-25,114.92,486.9,201.5,99.83,0.331,3515.6,95.1,False
BGW-05,4,7,2020-01-26,111.81,518.4,190.6,88.18,0.316,3566.5,100.0,False
BGW-05,4,8,2020-01-27,108.72,587.3,170.98,78.33,0.314,3573.5,95.5,False
BGW-05,4,9,2020-01-28,105.59,668.5,172.29,78.84,0.314,3553.6,94.5,False
BGW-05,4,10,2020-01-29,102.1,776.7,151.99,73.88,0.327,3534.8,100.0,False
BGW-05,4,11,2020-01-30,99.91,831.4,147.06,66.44,0.311,3469.3,100.0,False
BGW-05,4,12,2020-01-31,97.04,919.7,132.85,65.25,0.329,3539.8,98.4,False
BGW-05,4,13,2020-02-01,94.73,1051.0,128.5,67.51,0.344,3465.3,100.0,False
BGW-05,4,14,2020-02-02,92.11,1223.5,122.71,59.01,0.325,3466.8,100.0,False
BGW-05,4,15,2020-02-03,90.47,1318.3,109.54,54.68,0.333,3492.4,98.4,False
BGW-05,4,16,2020-02-04,87.89,1383.3,105.08,55.77,0.347,3484.8,100.0,False
BGW-05,4,17,2020-02-05,86.02,1537.8,108.0,63.33,0.37,3467.0,100.0,False
BGW-05,4,18,2020-02-06,83.86,1551.7,111.48,61.39,0.355,3426.7,98.4,False
BGW-05,4,19,2020-02-07,81.85,1943.8,95.3,52.95,0.357,3492.7,100.0,False
BGW-05,4,20,2020-02-08,80.57,2095.0,82.97,42.91,0.341,3490.2,98.9,False
BGW-05,4,21,2020-02-09,79.38,2129.6,88.0,44.67,0.337,3435.3,100.0,False
BGW-05,4,22,2020-02-10,78.14,2207.1,98.55,57.07,0.367,3452.8,96.9,False
BGW-05,4,23,2020-02-11,76.0,2496.1,87.34,51.38,0.37,3439.4,100.0,False
BGW-05,4,24,2020-02-12,74.0,2765.6,80.45,42.65,0.346,3431.0,100.0,False
BGW-05,4,25,2020-02-13,72.62,2928.2,76.13,48.17,0.388,3459.0,100.0,False
BGW-05,4,26,2020-02-14,71.7,2881.0,79.87,45.84,0.365,3390.4,99.0,False
BGW-05,4,27,2020-02-15,70.54,3431.0,74.87,47.89,0.39,3354.7,100.0,False
BGW-05,4,28,2020-02-16,69.01,3301.3,74.34,43.72,0.37,3403.6,98.5,False
BGW-05,4,29,2020-02-17,68.39,3450.3,65.95,40.47,0.38,3403.3,100.0,False
BGW-05,4,30,2020-02-18,67.0,3604.7,71.85,43.28,0.376,3346.7,96.6,False
BGW-05,4,31,2020-02-19,65.81,4014.5,64.38,38.49,0.374,3384.8,100.0,False
BGW-05,4,32,2020-02-20,65.97,3865.4,66.21,42.5,0.391,3389.1,96.9,False
BGW-05,4,33,2020-02-21,64.64,4446.6,66.08,38.89,0.37,3424.5,97.5,False
BGW-05,4,34,2020-02-22,63.84,4718.1,63.6,38.34,0.376,3406.2,100.0,False
BGW-05,4,35,2020-02-23,62.56,5480.5,56.49,34.08,0.376,3346.7,100.0,False
BGW-05,4,36,2020-02-24,62.34,5100.6,55.5,39.57,0.416,3337.5,100.0,False
BGW-05,4,37,2020-02-25,61.22,5402.4,54.51,36.47,0.401,3324.4,100.0,False
BGW-05,4,38,2020-02-26,59.9,5726.2,48.78,32.15,0.397,3301.0,94.7,False
BGW-05,4,39,2020-02-27,60.04,5580.0,53.39,35.16,0.397,3355.8,98.0,False
BGW-05,4,40,2020-02-28,59.27,6059.9,54.56,38.03,0.411,3315.8,94.4,False
BGW-05,4,41,2020-02-29,58.67,5871.0,49.64,35.49,0.417,3317.9,100.0,False
BGW-05,4,42,2020-03-01,58.13,5913.3,55.18,41.28,0.428,3367.4,100.0,False
BGW-05,4,43,2020-03-02,57.47,6379.7,54.45,40.84,0.429,3334.3,93.3,False
BGW-05,4,44,2020-03-03,56.91,6896.6,49.15,33.85,0.408,3321.0,100.0,False
BGW-05,4,45,2020-03-04,56.71,6882.2,51.63,39.33,0.432,3343.2,100.0,False
BGW-05,4,46,2020-03-05,56.81,6937.5,47.97,37.02,0.436,3303.3,100.0,False
BGW-05,4,47,2020-03-06,56.35,6654.1,50.84,38.83,0.433,3291.2,95.6,False
BGW-05,4,48,2020-03-07,55.12,7500.3,45.69,34.05,0.427,3323.5,100.0,False
BGW-05,4,49,2020-03-08,55.37,7301.0,45.63,36.93,0.447,3288.8,98.3,False
BGW-05,4,50,2020-03-09,54.47,7166.0,46.09,36.04,0.439,3289.8,99.3,False
BGW-05,4,51,2020-03-10,54.54,7312.5,44.42,34.7,0.439,3255.1,97.5,False
BGW-05,4,52,2020-03-11,53.76,8082.1,43.85,34.27,0.439,3295.3,98.6,False
BGW-05,4,53,2020-03-12,53.23,8537.9,42.68,35.02,0.451,3260.3,90.4,False
BGW-05,4,54,2020-03-13,53.36,8133.7,41.87,32.23,0.435,3243.9,95.7,False
BGW-05,4,55,2020-03-14,53.14,8330.8,41.22,36.33,0.468,3254.0,92.4,False
BGW-05,4,56,2020-03-15,52.59,9011.1,39.02,32.97,0.458,3264.9,80.1,False
BGW-05,4,57,2020-03-16,52.19,8450.5,40.22,34.94,0.465,3169.9,86.6,False
BGW-05,4,58,2020-03-17,52.25,7885.6,44.05,41.12,0.483,3270.2,96.6,False
BGW-05,4,59,2020-03-18,51.87,9343.9,38.35,30.95,0.447,3276.5,79.6,False
BGW-05,4,60,2020-03-19,51.81,8613.6,41.0,38.29,0.483,3298.1,88.2,False
BGW-05,4,61,2020-03-20,51.28,9426.6,40.21,35.55,0.469,3243.9,77.6,False
BGW-05,4,62,2020-03-21,51.28,9181.9,35.86,33.88,0.486,3205.5,82.6,False
BGW-05,4,63,2020-03-22,51.15,8975.7,37.94,35.0,0.48,3266.8,82.8,False
BGW-05,4,64,2020-03-23,51.13,8786.2,43.42,40.23,0.481,3222.4,86.5,False
BGW-05,4,65,2020-03-24,50.09,9588.8,36.62,35.23,0.49,3187.2,78.1,False
BGW-05,4,66,2020-03-25,50.48,9884.2,37.62,36.38,0.492,3238.6,73.9,False
BGW-05,4,67,2020-03-26,50.41,9314.9,34.33,31.67,0.48,3174.3,78.8,False
BGW-05,4,68,2020-03-27,50.04,9844.4,35.74,34.07,0.488,3212.7,75.8,False
BGW-05,4,69,2020-03-28,49.73,9973.3,33.1,31.23,0.485,3199.7,70.7,False
BGW-05,4,70,2020-03-29,49.7,9579.2,36.89,37.43,0.504,3219.3,74.7,False
BGW-05,4,71,2020-03-30,49.72,9928.0,35.42,36.96,0.511,3203.6,76.7,False
BGW-05,4,72,2020-03-31,49.45,10486.9,36.17,39.03,0.519,3142.1,66.1,False
BGW-05,4,73,2020-04-01,49.84,10197.6,38.31,40.56,0.514,3068.0,69.5,False
BGW-05,4,74,2020-04-02,48.97,10150.2,33.44,36.73,0.523,3120.8,66.4,False
BGW-05,4,75,2020-04-03,49.21,10675.1,33.45,36.64,0.523,3157.0,64.8,True
BGW-05,4,76,2020-04-04,49.5,9992.3,32.38,34.93,0.519,3132.5,72.2,False
BGW-05,4,77,2020-04-05,48.93,10815.9,34.02,36.13,0.515,3175.8,61.1,True
BGW-05,4,78,2020-04-06,49.26,10576.7,32.43,35.18,0.52,3117.5,63.3,True
BGW-05,4,79,2020-04-07,48.92,10136.8,33.97,37.14,0.522,3139.4,70.0,False
BGW-05,4,80,2020-04-08,48.44,10772.2,36.02,40.85,0.531,3127.8,61.5,True
BGW-05,4,81,2020-04-09,48.52,10565.4,32.03,34.36,0.518,3056.2,65.0,False
BGW-05,4,82,2020-04-10,48.74,10921.5,36.38,42.74,0.54,3100.1,64.3,True
BGW-05,4,83,2020-04-11,48.56,9770.9,37.45,42.53,0.532,3098.3,79.0,False
BGW-05,4,84,2020-04-12,48.32,10834.4,36.71,46.83,0.561,3054.9,60.8,True
BGW-05,4,85,2020-04-13,48.58,10473.9,35.37,44.22,0.556,3084.0,61.5,True
BGW-05,4,86,2020-04-14,48.43,10645.5,33.37,43.03,0.563,3041.8,67.5,False
BGW-05,4,87,2020-04-15,48.41,10453.1,30.4,37.63,0.553,3007.0,72.3,False
BGW-05,4,88,2020-04-16,48.37,10644.8,33.17,40.15,0.548,3011.0,60.3,True
BGW-05,4,89,2020-04-17,48.72,10053.1,32.5,45.12,0.581,3056.7,69.3,False
BGW-06,1,0,2019-06-27,135.98,98.0,402.69,169.95,0.297,3910.8,100.0,False
BGW-06,1,1,2019-06-28,132.16,113.8,420.96,179.7,0.299,3912.4,100.0,False
BGW-06,1,2,2019-06-29,128.72,128.7,322.79,147.17,0.313,3911.1,100.0,False
BGW-06,1,3,2019-06-30,125.0,154.4,347.29,164.21,0.321,3918.6,98.1,False
BGW-06,1,4,2019-07-01,122.24,179.4,335.35,145.16,0.302,3903.3,100.0,False
BGW-06,1,5,2019-07-02,119.12,218.2,282.76,126.25,0.309,3922.8,100.0,False
BGW-06,1,6,2019-07-03,116.54,198.2,292.07,134.16,0.315,3897.1,99.9,False
BGW-06,1,7,2019-07-04,113.44,273.5,244.56,120.79,0.331,3888.6,100.0,False
BGW-06,1,8,2019-07-05,110.81,314.4,243.52,113.29,0.318,3871.0,100.0,False
BGW-06,1,9,2019-07-06,108.64,346.8,212.95,112.13,0.345,3878.4,93.7,False
BGW-06,1,10,2019-07-07,105.36,417.2,204.12,94.6,0.317,3831.3,99.2,False
BGW-06,1,11,2019-07-08,103.09,425.5,190.29,93.87,0.33,3816.3,100.0,False
BGW-06,1,12,2019-07-09,100.39,497.2,188.42,96.17,0.338,3886.8,100.0,False
BGW-06,1,13,2019-07-10,98.98,585.4,198.41,91.68,0.316,3832.9,93.4,False
BGW-06,1,14,2019-07-11,96.72,586.1,173.96,87.22,0.334,3810.3,97.9,False
BGW-06,1,15,2019-07-12,94.48,679.8,152.78,77.57,0.337,3814.1,100.0,False
BGW-06,1,16,2019-07-13,92.93,685.0,145.88,77.07,0.346,3787.6,100.0,False
BGW-06,1,17,2019-07-14,91.13,841.0,136.41,76.9,0.361,3839.3,92.9,False
BGW-06,1,18,2019-07-15,88.67,918.5,128.18,68.4,0.348,3794.0,97.6,False
BGW-06,1,19,2019-07-16,87.76,922.2,147.72,78.76,0.348,3745.2,100.0,False
BGW-06,1,20,2019-07-17,85.47,1021.8,136.43,75.57,0.356,3748.1,93.7,False
BGW-06,1,21,2019-07-18,83.67,1192.1,122.46,67.29,0.355,3802.4,98.4,False
BGW-06,1,22,2019-07-19,82.12,1271.0,115.7,64.49,0.358,3777.4,100.0,False
BGW-06,1,23,2019-07-20,81.15,1246.6,116.93,69.83,0.374,3785.8,100.0,False
BGW-06,1,24,2019-07-21,79.56,1484.7,105.11,57.89,0.355,3712.3,100.0,False
BGW-06,1,25,2019-07-22,78.34,1508.6,100.88,59.59,0.371,3770.1,97.9,False
BGW-06,1,26,2019-07-23,76.98,1610.6,106.52,63.82,0.375,3790.7,100.0,False
BGW-06,1,27,2019-07-24,76.15,1769.5,93.68,53.0,0.361,3774.5,100.0,False
BGW-06,1,28,2019-07-25,74.64,1637.9,101.59,64.39,0.388,3764.8,99.1,False
BGW-06,1,29,2019-07-26,73.59,1941.0,96.03,56.15,0.369,3723.9,99.8,False
BGW-06,1,30,2019-07-27,72.06,2202.0,90.73,59.76,0.397,3671.2,100.0,False
BGW-06,1,31,2019-07-28,70.85,2345.5,82.05,50.86,0.383,3718.7,100.0,False
BGW-06,1,32,2019-07-29,70.41,2486.3,79.88,57.03,0.417,3690.9,97.2,False
BGW-06,1,33,2019-07-30,69.0,2759.9,78.9,50.06,0.388,3744.1,97.4,False
BGW-06,1,34,2019-07-31,68.46,2829.7,74.25,49.86,0.402,3677.3,100.0,False
BGW-06,1,35,2019-08-01,67.42,2710.3,77.07,52.95,0.407,3709.4,100.0,False
BGW-06,1,36,2019-08-02,66.57,3178.0,73.22,52.27,0.417,3679.2,100.0,False
BGW-06,1,37,2019-08-03,65.9,3203.6,65.42,42.6,0.394,3673.1,96.1,False
BGW-06,1,38,2019-08-04,64.9,3111.7,70.11,48.25,0.408,3730.2,100.0,False
BGW-06,1,39,2019-08-05,64.38,3305.2,69.66,48.75,0.412,3637.5,99.3,False
BGW-06,1,40,2019-08-06,63.38,3582.1,67.51,48.83,0.42,3677.0,100.0,False
BGW-06,1,41,2019-08-07,62.95,3656.4,60.64,42.48,0.412,3573.4,97.9,False
BGW-06,1,42,2019-08-08,61.86,4215.8,61.03,43.63,0.417,3585.1,100.0,False
BGW-06,1,43,2019-08-09,61.6,4225.6,59.1,40.38,0.406,3675.6,98.8,False
BGW-06,1,44,2019-08-10,60.98,3939.2,68.38,48.33,0.414,3599.6,99.3,False
BGW-06,1,45,2019-08-11,60.0,4345.5,59.89,47.55,0.443,3593.8,98.8,False
BGW-06,1,46,2019-08-12,59.89,4546.6,57.29,44.18,0.435,3620.6,99.7,False
BGW-06,1,47,2019-08-13,59.15,4865.8,61.19,47.58,0.437,3618.8,100.0,False
BGW-06,1,48,2019-08-14,58.49,5007.1,54.97,42.22,0.434,3605.1,100.0,False
BGW-06,1,49,2019-08-15,57.89,5108.8,53.64,44.11,0.451,3594.8,100.0,False
BGW-06,1,50,2019-08-16,57.56,5142.0,53.51,43.68,0.449,3588.8,100.0,False
BGW-06,1,51,2019-08-17,57.54,5011.0,59.73,49.92,0.455,3590.5,96.6,False
BGW-06,1,52,2019-08-18,57.03,5239.6,47.81,37.6,0.44,3525.8,100.0,False
BGW-06,1,53,2019-08-19,55.94,5810.7,48.59,39.23,0.447,3527.8,98.5,False
BGW-06,1,54,2019-08-20,56.11,5447.5,48.8,41.59,0.46,3544.2,99.2,False
BGW-06,1,55,2019-08-21,54.98,6129.8,47.72,39.75,0.454,3559.2,96.9,False
BGW-06,1,56,2019-08-22,55.35,5926.1,51.99,46.05,0.47,3574.5,99.7,False
BGW-06,1,57,2019-08-23,54.86,6098.5,50.24,42.22,0.457,3581.5,100.0,False
BGW-06,1,58,2019-08-24,54.59,6100.1,42.99,34.6,0.446,3548.5,100.0,False
BGW-06,1,59,2019-08-25,53.99,6520.3,43.23,38.08,0.468,3490.3,97.2,False
BGW-06,1,60,2019-08-26,53.22,6335.5,47.99,41.67,0.465,3554.9,100.0,False
BGW-06,1,61,2019-08-27,53.55,6534.4,45.1,40.55,0.473,3576.0,100.0,False
BGW-06,1,62,2019-08-28,53.68,6015.1,45.06,41.71,0.481,3461.3,100.0,False
BGW-06,1,63,2019-08-29,52.45,7474.4,40.84,36.04,0.469,3518.3,96.7,False
BGW-06,1,64,2019-08-30,52.45,7159.7,40.47,35.78,0.469,3512.0,100.0,False
BGW-06,1,65,2019-08-31,52.34,6994.5,45.92,45.11,0.496,3476.0,100.0,False
BGW-06,1,66,2019-09-01,52.21,7319.8,40.56,39.23,0.492,3499.0,98.2,False
BGW-06,1,67,2019-09-02,51.56,7683.3,41.32,40.28,0.494,3469.5,100.0,False
BGW-06,1,68,2019-09-03,51.52,7691.2,41.67,40.61,0.494,3468.5,97.8,False
BGW-06,1,69,2019-09-04,51.34,8094.4,40.07,40.36,0.502,3489.6,92.1,False
BGW-06,1,70,2019-09-05,51.11,7529.1,41.99,43.45,0.509,3456.2,92.5,False
BGW-06,1,71,2019-09-06,51.13,7614.7,40.35,38.69,0.49,3425.1,91.5,False
BGW-06,1,72,2019-09-07,50.98,6849.3,39.84,38.49,0.491,3506.6,99.3,False
BGW-06,1,73,2019-09-08,50.65,7929.1,40.67,42.99,0.514,3469.1,96.2,False
BGW-06,1,74,2019-09-09,50.67,8041.1,38.33,40.4,0.513,3424.7,98.3,False
BGW-06,1,75,2019-09-10,50.73,7595.1,42.22,46.55,0.524,3443.5,97.1,False
BGW-06,1,76,2019-09-11,50.0,8313.8,36.82,40.1,0.521,3437.3,95.1,False
BGW-06,1,77,2019-09-12,49.7,8112.2,38.44,43.19,0.529,3462.9,92.7,False
BGW-06,1,78,2019-09-13,50.13,8029.8,36.56,40.63,0.526,3446.3,94.7,False
BGW-06,1,79,2019-09-14,50.04,8295.3,38.53,45.2,0.54,3414.2,92.7,False
BGW-06,1,80,2019-09-15,49.78,8588.7,35.17,39.32,0.528,3374.4,88.2,False
BGW-06,1,81,2019-09-16,49.03,9089.2,36.21,39.9,0.524,3383.5,82.5,False
BGW-06,1,82,2019-09-17,49.39,8271.3,34.38,41.32,0.546,3375.6,88.2,False
BGW-06,1,83,2019-09-18,49.12,8750.5,36.27,46.09,0.56,3402.3,82.4,False
BGW-06,1,84,2019-09-19,48.34,9780.7,30.79,40.98,0.571,3408.2,73.9,False
BGW-06,1,85,2019-09-20,49.31,8534.6,35.22,41.56,0.541,3350.2,92.1,False
BGW-06,1,86,2019-09-21,48.63,9276.4,33.02,40.25,0.549,3337.1,81.3,False
BGW-06,1,87,2019-09-22,48.62,9658.2,33.49,41.28,0.552,3363.5,76.0,False
BGW-06,1,88,2019-09-23,48.36,9400.1,34.5,40.62,0.541,3387.2,84.9,False
BGW-06,1,89,2019-09-24,48.33,8850.4,35.15,42.5,0.547,3322.8,90.1,False
BGW-06,2,0,2019-10-21,143.87,70.5,438.7,188.43,0.3,3949.8,100.0,False
BGW-06,2,1,2019-10-22,138.88,85.2,378.95,183.55,0.326,3915.6,100.0,False
BGW-06,2,2,2019-10-23,134.23,102.8,370.88,172.98,0.318,3882.0,100.0,False
BGW-06,2,3,2019-10-24,129.21,131.2,336.64,161.44,0.324,3862.7,99.4,False
BGW-06,2,4,2019-10-25,125.24,160.1,289.69,130.55,0.311,3896.0,100.0,False
BGW-06,2,5,2019-10-26,120.92,186.9,261.56,116.58,0.308,3858.5,100.0,False
BGW-06,2,6,2019-10-27,117.85,225.5,236.15,98.77,0.295,3926.0,97.0,False
BGW-06,2,7,2019-10-28,113.85,278.9,232.76,106.31,0.314,3882.8,96.3,False
BGW-06,2,8,2019-10-29,110.03,308.3,237.8,110.56,0.317,3818.1,100.0,False
BGW-06,2,9,2019-10-30,107.58,343.5,213.67,105.38,0.33,3883.8,98.5,False
BGW-06,2,10,2019-10-31,103.89,403.2,183.51,88.39,0.325,3894.5,99.7,False
BGW-06,2,11,2019-11-01,100.86,478.5,179.87,79.74,0.307,3854.8,98.2,False
BGW-06,2,12,2019-11-02,98.16,551.8,174.41,89.57,0.339,3835.4,98.5,False
BGW-06,2,13,2019-11-03,95.27,620.4,164.4,78.27,0.323,3855.2,100.0,False
BGW-06,2,14,2019-11-04,92.52,710.0,141.54,74.47,0.345,3794.5,98.5,False
BGW-06,2,15,2019-11-05,90.55,814.9,139.32,74.11,0.347,3853.5,100.0,False
BGW-06,2,16,2019-11-06,87.71,946.4,119.6,61.09,0.338,3804.9,95.8,False
BGW-06,2,17,2019-11-07,85.93,1016.7,111.53,55.03,0.33,3816.7,100.0,False
BGW-06,2,18,2019-11-08,83.46,1182.8,122.05,67.13,0.355,3880.0,91.6,False
BGW-06,2,19,2019-11-09,81.21,1299.4,98.24,51.57,0.344,3731.8,100.0,False
BGW-06,2,20,2019-11-10,79.9,1472.9,93.58,48.36,0.341,3777.2,99.6,False
BGW-06,2,21,2019-11-11,78.0,1488.2,98.5,56.27,0.364,3753.1,96.8,False
BGW-06,2,22,2019-11-12,76.56,1625.5,92.34,55.47,0.375,3737.9,99.8,False
BGW-06,2,23,2019-11-13,75.07,1822.8,85.72,50.0,0.368,3768.9,100.0,False
BGW-06,2,24,2019-11-14,73.44,2184.2,84.31,50.58,0.375,3731.1,100.0,False
BGW-06,2,25,2019-11-15,72.39,2147.2,76.78,44.55,0.367,3786.5,97.1,False
BGW-06,2,26,2019-11-16,70.92,2338.5,75.36,43.47,0.366,3705.8,93.6,False
BGW-06,2,27,2019-11-17,69.22,2469.7,74.15,46.17,0.384,3784.0,99.6,False
BGW-06,2,28,2019-11-18,68.0,2731.5,69.27,44.2,0.39,3739.2,100.0,False
BGW-06,2,29,2019-11-19,66.6,2875.5,71.11,40.15,0.361,3743.6,100.0,False
BGW-06,2,30,2019-11-20,65.79,3023.8,71.8,47.61,0.399,3726.1,99.6,False
BGW-06,2,31,2019-11-21,64.8,3333.5,60.11,37.93,0.387,3712.7,100.0,False
BGW-06,2,32,2019-11-22,63.71,3350.1,61.83,38.38,0.383,3660.5,100.0,False
BGW-06,2,33,2019-11-23,63.31,3473.4,60.11,38.47,0.39,3707.7,100.0,False
BGW-06,2,34,2019-11-24,62.81,3818.1,61.42,40.02,0.395,3732.5,100.0,False
BGW-06,2,35,2019-11-25,61.67,4084.7,54.26,35.88,0.398,3729.8,100.0,False
BGW-06,2,36,2019-11-26,60.44,4183.4,51.74,36.09,0.411,3707.4,97.2,False
BGW-06,2,37,2019-11-27,60.03,4321.6,57.26,36.76,0.391,3686.0,100.0,False
BGW-06,2,38,2019-11-28,58.54,5157.9,51.34,34.85,0.404,3622.8,97.1,False
BGW-06,2,39,2019-11-29,59.22,4474.0,48.17,34.08,0.414,3633.9,95.1,False
BGW-06,2,40,2019-11-30,58.16,5048.1,47.55,33.71,0.415,3654.9,98.7,False
BGW-06,2,41,2019-12-01,57.03,5192.0,46.11,32.09,0.41,3673.4,100.0,False
BGW-06,2,42,2019-12-02,56.41,5265.8,46.51,36.87,0.442,3638.9,96.9,False
BGW-06,2,43,2019-12-03,56.17,5580.5,44.4,34.21,0.435,3662.6,100.0,False
BGW-06,2,44,2019-12-04,55.81,5942.0,47.58,37.37,0.44,3667.2,100.0,False
BGW-06,2,45,2019-12-05,54.95,6261.2,44.25,36.03,0.449,3640.9,97.1,False
BGW-06,2,46,2019-12-06,54.48,6361.3,41.66,32.39,0.437,3641.4,95.8,False
BGW-06,2,47,2019-12-07,54.31,6338.1,46.13,35.06,0.432,3614.1,100.0,False
BGW-06,2,48,2019-12-08,53.9,7068.9,39.89,30.45,0.433,3595.3,100.0,False
BGW-06,2,49,2019-12-09,52.96,6662.5,37.97,27.91,0.424,3595.9,98.9,False
BGW-06,2,50,2019-12-10,53.43,6833.4,40.89,31.57,0.436,3633.2,100.0,False
BGW-06,2,51,2019-12-11,52.84,7035.7,36.58,30.94,0.458,3594.7,100.0,False
BGW-06,2,52,2019-12-12,52.21,7155.8,37.64,30.42,0.447,3586.8,100.0,False
BGW-06,2,53,2019-12-13,52.37,7234.5,36.39,29.61,0.449,3566.3,98.3,False
BGW-06,2,54,2019-12-14,52.31,7739.0,38.3,32.34,0.458,3572.0,95.0,False
BGW-06,2,55,2019-12-15,51.25,8177.1,32.94,28.45,0.463,3558.6,91.3,False
BGW-06,2,56,2019-12-16,51.41,7895.4,35.84,31.82,0.47,3559.7,95.2,False
BGW-06,2,57,2019-12-17,51.26,7757.7,35.03,30.18,0.463,3513.0,100.0,False
BGW-06,2,58,2019-12-18,50.43,8271.5,34.07,28.34,0.454,3506.3,96.9,False
BGW-06,2,59,2019-12-19,50.42,7880.7,34.76,29.94,0.463,3536.1,99.5,False
BGW-06,2,60,2019-12-20,50.56,7814.6,39.13,32.75,0.456,3578.8,93.4,False
BGW-06,2,61,2019-12-21,50.2,8308.7,34.85,32.6,0.483,3490.7,93.3,False
BGW-06,2,62,2019-12-22,50.11,8466.4,36.13,35.88,0.498,3476.3,91.5,False
BGW-06,2,63,2019-12-23,50.21,7865.2,35.02,32.47,0.481,3529.5,96.3,False
BGW-06,2,64,2019-12-24,49.57,8713.9,31.54,29.69,0.485,3494.1,85.3,False
BGW-06,2,65,2019-12-25,49.3,9357.1,31.33,27.6,0.468,3507.0,84.2,False
BGW-06,2,66,2019-12-26,49.13,8631.8,31.08,32.61,0.512,3434.9,88.7,False
BGW-06,2,67,2019-12-27,49.12,9225.9,31.79,30.14,0.487,3453.0,78.6,False
BGW-06,2,68,2019-12-28,49.34,8643.8,29.6,29.9,0.502,3460.5,88.9,False
BGW-06,2,69,2019-12-29,48.44,8809.2,33.54,34.1,0.504,3474.8,87.9,False
BGW-06,2,70,2019-12-30,48.72,8859.8,31.19,33.29,0.516,3424.2,90.1,False
BGW-06,2,71,2019-12-31,48.43,9509.6,33.47,37.06,0.525,3492.6,75.9,False
BGW-06,2,72,2020-01-01,48.4,9610.0,31.38,31.13,0.498,3478.0,78.7,False
BGW-06,2,73,2020-01-02,48.27,9206.2,28.22,30.63,0.52,3413.6,82.4,False
BGW-06,2,74,2020-01-03,48.07,9475.6,29.19,31.2,0.517,3475.3,73.4,False
BGW-06,2,75,2020-01-04,48.08,9009.4,26.94,30.37,0.53,3434.6,85.8,False
BGW-06,2,76,2020-01-05,48.24,9641.7,29.78,32.27,0.52,3434.3,75.5,False
BGW-06,2,77,2020-01-06,48.31,9233.5,32.14,36.14,0.529,3487.3,82.6,False
BGW-06,2,78,2020-01-07,48.3,9920.0,27.73,33.96,0.551,3401.8,73.2,False
BGW-06,2,79,2020-01-08,47.08,10185.1,26.91,31.05,0.536,3456.1,66.8,False
BGW-06,2,80,2020-01-09,47.82,10490.0,26.54,32.45,0.55,3401.8,61.3,True
BGW-06,2,81,2020-01-10,47.39,9673.4,27.97,31.35,0.528,3375.8,72.6,False
BGW-06,2,82,2020-01-11,47.55,10211.5,28.37,34.99,0.552,3369.6,65.6,False
BGW-06,2,83,2020-01-12,47.66,9807.6,27.08,33.49,0.553,3352.7,73.2,False
BGW-06,2,84,2020-01-13,47.53,9758.1,27.46,32.37,0.541,3357.6,72.1,False
BGW-06,2,85,2020-01-14,47.66,9769.9,29.41,36.65,0.555,3313.5,73.4,False
BGW-06,2,86,2020-01-15,47.0,9839.3,26.8,34.45,0.562,3422.8,77.3,False
BGW-06,2,87,2020-01-16,47.0,10775.9,28.91,35.82,0.553,3387.1,64.8,True
BGW-06,2,88,2020-01-17,47.16,9946.6,26.6,30.6,0.535,3322.1,73.3,False
BGW-06,2,89,2020-01-18,46.81,10410.4,24.94,33.02,0.57,3324.8,69.1,False
BGW-06,3,0,2020-02-13,140.44,79.8,471.01,203.32,0.302,3930.3,98.4,False
BGW-06,3,1,2020-02-14,136.64,103.3,389.47,153.53,0.283,3902.1,96.0,False
BGW-06,3,2,2020-02-15,132.53,113.3,370.79,154.75,0.294,3904.6,98.4,False
BGW-06,3,3,2020-02-16,127.74,148.8,336.63,164.62,0.328,3946.1,96.5,False
BGW-06,3,4,2020-02-17,124.75,159.1,320.39,135.63,0.297,3891.9,97.3,False
BGW-06,3,5,2020-02-18,120.72,180.6,345.0,152.86,0.307,3866.6,100.0,False
BGW-06,3,6,2020-02-19,117.19,221.8,280.57,127.52,0.312,3885.6,100.0,False
BGW-06,3,7,2020-02-20,114.19,257.2,265.01,120.86,0.313,3882.0,100.0,False
BGW-06,3,8,2020-02-21,110.8,298.0,243.33,113.95,0.319,3849.0,99.8,False
BGW-06,3,9,2020-02-22,108.09,351.9,248.0,114.36,0.316,3802.0,100.0,False
BGW-06,3,10,2020-02-23,105.25,366.9,210.47,102.71,0.328,3829.9,98.1,False
BGW-06,3,11,2020-02-24,102.14,464.6,190.32,92.51,0.327,3870.8,98.9,False
BGW-06,3,12,2020-02-25,99.95,466.2,207.99,99.93,0.325,3811.5,100.0,False
BGW-06,3,13,2020-02-26,97.33,631.6,174.44,85.54,0.329,3789.0,99.3,False
BGW-06,3,14,2020-02-27,95.29,638.9,162.36,78.69,0.326,3854.5,100.0,False
BGW-06,3,15,2020-02-28,92.26,768.4,156.9,77.39,0.33,3872.5,98.6,False
BGW-06,3,16,2020-02-29,90.05,799.2,161.41,84.94,0.345,3842.5,97.6,False
BGW-06,3,17,2020-03-01,88.72,892.9,141.65,73.31,0.341,3767.6,100.0,False
BGW-06,3,18,2020-03-02,86.86,1038.8,134.8,73.29,0.352,3859.1,100.0,False
BGW-06,3,19,2020-03-03,85.07,994.8,135.56,75.14,0.357,3847.4,98.5,False
BGW-06,3,20,2020-03-04,83.32,1132.7,128.7,68.43,0.347,3780.6,99.4,False
BGW-06,3,21,2020-03-05,81.42,1250.1,108.62,56.35,0.342,3761.2,96.9,False
BGW-06,3,22,2020-03-06,79.58,1370.9,111.47,60.38,0.351,3757.7,96.7,False
BGW-06,3,23,2020-03-07,77.8,1621.6,104.63,58.87,0.36,3792.1,98.4,False
BGW-06,3,24,2020-03-08,76.47,1771.1,99.47,57.45,0.366,3724.5,98.3,False
BGW-06,3,25,2020-03-09,75.09,1964.7,96.18,56.09,0.368,3711.0,96.1,False
BGW-06,3,26,2020-03-10,73.54,1964.1,97.68,57.46,0.37,3729.4,95.1,False
BGW-06,3,27,2020-03-11,72.66,1991.4,96.72,58.92,0.379,3751.9,97.7,False
BGW-06,3,28,2020-03-12,70.84,2416.8,92.17,56.3,0.379,3725.3,100.0,False
BGW-06,3,29,2020-03-13,69.95,2592.8,95.83,57.42,0.375,3760.0,99.7,False
BGW-06,3,30,2020-03-14,69.0,2653.9,89.44,54.59,0.379,3721.9,100.0,False
BGW-06,3,31,2020-03-15,67.61,2701.2,82.14,54.06,0.397,3738.1,100.0,False
BGW-06,3,32,2020-03-16,67.1,2943.1,82.61,53.87,0.395,3666.9,100.0,False
BGW-06,3,33,2020-03-17,65.77,3003.5,84.87,59.02,0.41,3749.5,93.5,False
BGW-06,3,34,2020-03-18,65.12,3386.8,78.0,54.44,0.411,3655.1,100.0,False
BGW-06,3,35,2020-03-19,64.19,3508.4,73.72,50.43,0.406,3671.6,99.8,False
BGW-06,3,36,2020-03-20,63.07,3618.6,73.91,45.89,0.383,3623.0,97.7,False
BGW-06,3,37,2020-03-21,62.42,4010.0,65.77,46.21,0.413,3720.0,100.0,False
BGW-06,3,38,2020-03-22,61.89,4084.6,64.31,41.62,0.393,3681.8,100.0,False
BGW-06,3,39,2020-03-23,61.45,3960.1,69.98,49.28,0.413,3661.2,99.6,False
BGW-06,3,40,2020-03-24,60.18,4426.0,66.55,46.29,0.41,3687.6,100.0,False
BGW-06,3,41,2020-03-25,59.99,4248.5,66.94,46.23,0.409,3623.0,100.0,False
BGW-06,3,42,2020-03-26,59.54,4696.5,67.4,51.09,0.431,3631.0,99.2,False
BGW-06,3,43,2020-03-27,59.08,4650.1,59.36,45.46,0.434,3682.4,100.0,False
BGW-06,3,44,2020-03-28,58.07,4979.8,66.33,46.33,0.411,3604.1,98.2,False
BGW-06,3,45,2020-03-29,56.79,5585.0,56.78,44.37,0.439,3642.4,100.0,False
BGW-06,3,46,2020-03-30,56.8,5229.4,59.88,47.4,0.442,3596.6,99.8,False
BGW-06,3,47,2020-03-31,56.08,5684.3,55.78,42.93,0.435,3597.8,99.3,False
BGW-06,3,48,2020-04-01,56.06,5772.7,62.54,50.39,0.446,3580.0,100.0,False
BGW-06,3,49,2020-04-02,55.04,6014.4,57.9,47.12,0.449,3521.9,100.0,False
BGW-06,3,50,2020-04-03,55.47,5937.3,51.35,42.33,0.452,3602.9,100.0,False
BGW-06,3,51,2020-04-04,54.98,6144.0,50.57,40.74,0.446,3604.4,95.1,False
BGW-06,3,52,2020-04-05,54.71,5844.9,53.42,42.28,0.442,3590.8,98.6,False
BGW-06,3,53,2020-04-06,53.79,6683.9,54.94,47.69,0.465,3613.5,96.6,False
BGW-06,3,54,2020-04-07,54.01,6833.6,50.97,41.56,0.449,3532.3,97.0,False
BGW-06,3,55,2020-04-08,53.24,6977.9,54.12,45.14,0.455,3555.7,99.9,False
BGW-06,3,56,2020-04-09,52.72,7178.8,50.79,43.98,0.464,3570.8,100.0,False
BGW-06,3,57,2020-04-10,52.78,6712.8,53.32,46.94,0.468,3552.8,98.7,False
BGW-06,3,58,2020-04-11,52.41,7422.5,46.26,43.02,0.482,3524.1,100.0,False
BGW-06,3,59,2020-04-12,51.87,7070.9,45.34,41.58,0.478,3484.2,100.0,False
BGW-06,3,60,2020-04-13,51.48,7777.1,47.28,44.16,0.483,3508.8,98.3,False
BGW-06,3,61,2020-04-14,51.44,6877.0,46.79,44.44,0.487,3561.9,100.0,False
BGW-06,3,62,2020-04-15,51.4,6930.6,47.62,46.47,0.494,3554.0,100.0,False
BGW-06,3,63,2020-04-16,50.97,7403.0,47.56,44.57,0.484,3513.4,100.0,False
BGW-06,3,64,2020-04-17,50.82,7896.4,47.17,45.85,0.493,3468.4,95.0,False
BGW-06,3,65,2020-04-18,51.02,7280.3,51.6,45.86,0.471,3522.7,98.2,False
BGW-06,3,66,2020-04-19,50.41,7672.6,47.35,46.1,0.493,3468.3,99.2,False
BGW-06,3,67,2020-04-20,50.21,8005.2,51.24,49.87,0.493,3464.2,94.8,False
BGW-06,3,68,2020-04-21,50.57,7496.4,47.21,46.51,0.496,3449.4,95.7,False
BGW-06,3,69,2020-04-22,49.95,8044.9,45.47,49.05,0.519,3423.8,96.0,False
BGW-06,3,70,2020-04-23,49.44,8513.6,42.93,44.0,0.506,3512.8,90.9,False
BGW-06,3,71,2020-04-24,49.53,8172.9,46.84,50.8,0.52,3447.0,94.7,False
BGW-06,3,72,2020-04-25,49.57,8465.9,39.17,41.81,0.516,3491.1,93.2,False
BGW-06,3,73,2020-04-26,49.02,8929.5,42.85,45.4,0.514,3442.4,85.4,False
BGW-06,3,74,2020-04-27,49.17,9029.0,44.6,46.24,0.509,3422.1,83.4,False
BGW-06,3,75,2020-04-28,48.8,8414.3,43.03,47.45,0.524,3428.0,90.7,False
BGW-06,3,76,2020-04-29,48.97,9392.2,40.11,41.9,0.511,3478.2,79.4,False
BGW-06,3,77,2020-04-30,48.38,9470.8,43.08,43.42,0.502,3433.3,79.9,False
BGW-06,3,78,2020-05-01,48.54,8901.5,40.3,44.61,0.525,3393.9,84.5,False
BGW-06,3,79,2020-05-02,48.4,9663.1,37.65,39.84,0.514,3396.4,80.1,False
BGW-06,3,80,2020-05-03,48.29,9242.9,40.99,46.11,0.529,3366.7,82.9,False
BGW-06,3,81,2020-05-04,48.22,8537.5,44.23,51.06,0.536,3403.4,91.7,False
BGW-06,3,82,2020-05-05,48.38,9227.1,41.06,46.5,0.531,3379.5,78.1,False
BGW-06,3,83,2020-05-06,47.92,10070.0,39.47,45.68,0.536,3380.0,70.9,False
BGW-06,3,84,2020-05-07,48.02,9554.0,39.55,45.09,0.533,3358.3,71.3,False
BGW-06,3,85,2020-05-08,48.12,9249.4,42.31,51.54,0.549,3397.5,85.4,False
BGW-06,3,86,2020-05-09,48.19,8902.6,40.27,52.27,0.565,3373.1,86.2,False
BGW-06,3,87,2020-05-10,47.39,10635.9,35.88,41.39,0.536,3276.5,64.0,True
BGW-06,3,88,2020-05-11,47.41,10897.0,36.14,43.17,0.544,3316.4,62.0,True
BGW-06,3,89,2020-05-12,47.93,9175.1,39.84,48.73,0.55,3351.9,90.0,False
BGW-06,4,0,2020-05-30,135.83,97.3,434.4,179.25,0.292,3953.1,99.6,False
BGW-06,4,1,2020-05-31,131.71,123.8,354.04,154.19,0.303,3904.2,98.8,False
BGW-06,4,2,2020-06-01,127.88,145.9,330.93,139.08,0.296,3922.6,100.0,False
BGW-06,4,3,2020-06-02,123.43,166.8,324.54,142.28,0.305,3901.9,99.5,False
BGW-06,4,4,2020-06-03,119.76,200.4,297.01,139.27,0.319,3933.1,100.0,False
BGW-06,4,5,2020-06-04,115.97,244.2,265.49,124.83,0.32,3904.3,100.0,False
BGW-06,4,6,2020-06-05,113.05,265.1,237.1,106.77,0.31,3819.2,98.9,False
BGW-06,4,7,2020-06-06,109.55,305.3,222.99,96.21,0.301,3848.7,100.0,False
BGW-06,4,8,2020-06-07,105.64,384.9,190.67,86.83,0.313,3889.8,100.0,False
BGW-06,4,9,2020-06-08,102.73,421.5,186.96,90.85,0.327,3827.1,100.0,False
BGW-06,4,10,2020-06-09,100.03,523.7,185.44,85.16,0.315,3864.1,97.8,False
BGW-06,4,11,2020-06-10,97.25,555.5,163.13,85.21,0.343,3891.1,96.1,False
BGW-06,4,12,2020-06-11,94.68,659.8,160.06,80.23,0.334,3861.2,99.1,False
BGW-06,4,13,2020-06-12,92.36,746.9,136.91,71.23,0.342,3802.7,95.8,False
BGW-06,4,14,2020-06-13,89.67,837.3,120.42,59.23,0.33,3871.0,96.7,False
BGW-06,4,15,2020-06-14,87.59,887.6,126.56,70.11,0.356,3818.9,99.7,False
BGW-06,4,16,2020-06-15,86.18,1041.7,117.94,59.9,0.337,3772.7,100.0,False
BGW-06,4,17,2020-06-16,83.62,1219.4,113.99,61.38,0.35,3770.7,94.2,False
BGW-06,4,18,2020-06-17,81.72,1266.2,97.42,51.58,0.346,3812.5,100.0,False
BGW-06,4,19,2020-06-18,80.2,1329.1,92.4,47.46,0.339,3796.2,95.0,False
BGW-06,4,20,2020-06-19,78.54,1457.4,96.06,56.25,0.369,3810.5,100.0,False
BGW-06,4,21,2020-06-20,76.76,1721.1,94.19,48.0,0.338,3764.5,100.0,False
BGW-06,4,22,2020-06-21,75.12,1805.0,86.64,46.55,0.35,3790.1,99.1,False
BGW-06,4,23,2020-06-22,73.89,1991.8,79.64,46.89,0.371,3797.7,100.0,False
BGW-06,4,24,2020-06-23,72.56,2194.6,80.33,52.1,0.393,3758.6,100.0,False
BGW-06,4,25,2020-06-24,70.85,2306.6,73.26,43.91,0.375,3790.5,97.9,False
BGW-06,4,26,2020-06-25,69.45,2365.4,72.39,41.47,0.364,3729.1,96.2,False
BGW-06,4,27,2020-06-26,68.46,2676.2,66.48,39.09,0.37,3772.1,100.0,False
BGW-06,4,28,2020-06-27,68.0,2763.4,67.71,40.94,0.377,3746.9,100.0,False
BGW-06,4,29,2020-06-28,66.89,2718.3,65.88,41.25,0.385,3700.5,99.9,False
BGW-06,4,30,2020-06-29,65.08,3367.0,58.29,33.81,0.367,3735.9,100.0,False
BGW-06,4,31,2020-06-30,64.47,3258.8,60.35,40.2,0.4,3668.7,95.2,False
BGW-06,4,32,2020-07-01,63.4,3599.1,56.31,37.08,0.397,3717.4,100.0,False
BGW-06,4,33,2020-07-02,62.89,3756.2,56.21,34.55,0.381,3662.0,96.9,False
BGW-06,4,34,2020-07-03,61.85,3992.3,50.49,33.29,0.397,3663.9,97.4,False
BGW-06,4,35,2020-07-04,60.92,4000.5,55.38,36.6,0.398,3676.1,100.0,False
BGW-06,4,36,2020-07-05,60.24,4699.8,46.0,32.7,0.415,3705.9,100.0,False
BGW-06,4,37,2020-07-06,59.56,4814.0,48.17,31.93,0.399,3659.3,98.8,False
BGW-06,4,38,2020-07-07,58.7,5010.1,45.93,31.7,0.408,3670.8,95.7,False
BGW-06,4,39,2020-07-08,58.0,4773.5,47.98,35.06,0.422,3678.6,100.0,False
BGW-06,4,40,2020-07-09,57.7,5029.6,48.71,33.71,0.409,3693.9,100.0,False
BGW-06,4,41,2020-07-10,56.91,5206.8,44.55,30.07,0.403,3689.3,98.6,False
BGW-06,4,42,2020-07-11,56.3,5862.9,42.36,33.52,0.442,3639.4,98.0,False
BGW-06,4,43,2020-07-12,55.82,5573.8,46.83,35.1,0.428,3597.7,100.0,False
BGW-06,4,44,2020-07-13,55.8,5519.2,40.79,30.65,0.429,3632.3,100.0,False
BGW-06,4,45,2020-07-14,55.35,6111.8,44.7,32.07,0.418,3680.6,100.0,False
BGW-06,4,46,2020-07-15,54.58,5795.1,39.28,29.39,0.428,3618.1,100.0,False
BGW-06,4,47,2020-07-16,54.08,6220.2,37.99,30.39,0.444,3674.1,99.7,False
BGW-06,4,48,2020-07-17,54.05,6620.5,38.81,29.01,0.428,3563.5,97.4,False
BGW-06,4,49,2020-07-18,53.76,6426.1,41.38,32.91,0.443,3562.9,99.1,False
BGW-06,4,50,2020-07-19,53.21,6696.6,40.3,31.34,0.437,3640.7,100.0,False
BGW-06,4,51,2020-07-20,52.86,7129.3,38.37,33.57,0.467,3606.0,100.0,False
BGW-06,4,52,2020-07-21,52.44,6879.8,35.35,30.52,0.463,3600.8,97.0,False
BGW-06,4,53,2020-07-22,52.27,7444.2,35.21,28.31,0.446,3563.1,100.0,False
BGW-06,4,54,2020-07-23,51.48,8156.7,33.24,26.84,0.447,3603.0,93.4,False
BGW-06,4,55,2020-07-24,50.92,8200.5,32.74,28.15,0.462,3618.6,91.6,False
BGW-06,4,56,2020-07-25,51.34,7403.2,34.92,30.18,0.464,3565.5,100.0,False
BGW-06,4,57,2020-07-26,51.05,7343.6,34.73,31.01,0.472,3566.0,98.0,False
BGW-06,4,58,2020-07-27,50.82,7807.1,36.35,29.89,0.451,3576.2,96.2,False
BGW-06,4,59,2020-07-28,51.13,8457.6,33.03,30.03,0.476,3571.0,93.1,False
BGW-06,4,60,2020-07-29,50.46,8364.6,33.64,31.03,0.48,3516.3,89.0,False
BGW-06,4,61,2020-07-30,50.0,7916.6,30.75,27.64,0.473,3522.8,96.2,False
BGW-06,4,62,2020-07-31,50.13,8295.4,32.15,28.68,0.471,3510.1,95.2,False
BGW-06,4,63,2020-08-01,49.65,8431.8,30.99,28.42,0.478,3498.0,89.2,False
BGW-06,4,64,2020-08-02,49.8,8550.1,34.33,34.16,0.499,3516.9,95.4,False
BGW-06,4,65,2020-08-03,49.6,8358.0,33.21,31.04,0.483,3539.3,87.4,False
BGW-06,4,66,2020-08-04,48.9,9076.2,29.33,29.79,0.504,3502.9,87.1,False
BGW-06,4,67,2020-08-05,49.5,8579.8,34.84,35.28,0.503,3482.6,86.5,False
BGW-06,4,68,2020-08-06,48.94,8809.1,28.21,28.5,0.502,3398.2,82.3,False
BGW-06,4,69,2020-08-07,48.74,8742.5,29.28,26.02,0.471,3462.2,84.7,False
BGW-06,4,70,2020-08-08,48.53,9281.9,31.81,33.08,0.51,3494.2,84.0,False
BGW-06,4,71,2020-08-09,48.29,9447.3,30.79,31.19,0.503,3470.3,76.6,False
BGW-06,4,72,2020-08-10,48.03,9037.6,28.68,30.47,0.515,3478.8,84.5,False
BGW-06,4,73,2020-08-11,48.09,9044.2,30.26,30.95,0.506,3385.6,81.9,False
BGW-06,4,74,2020-08-12,48.35,9833.8,26.93,29.98,0.527,3381.8,74.3,False
BGW-06,4,75,2020-08-13,47.9,9168.8,28.54,31.4,0.524,3385.3,87.8,False
BGW-06,4,76,2020-08-14,47.92,9173.9,27.06,29.74,0.524,3367.3,82.2,False
BGW-06,4,77,2020-08-15,47.98,9024.9,28.88,33.68,0.538,3420.5,85.3,False
BGW-06,4,78,2020-08-16,47.74,9653.1,28.75,32.85,0.533,3415.2,76.3,False
BGW-06,4,79,2020-08-17,47.42,9546.2,28.94,33.98,0.54,3446.5,78.1,False
BGW-06,4,80,2020-08-18,47.89,9442.6,26.26,31.96,0.549,3449.5,81.4,False
BGW-06,4,81,2020-08-19,48.31,8804.1,26.78,27.76,0.509,3408.8,89.3,False
BGW-06,4,82,2020-08-20,47.62,9234.9,27.75,32.9,0.542,3390.7,83.8,False
BGW-06,4,83,2020-08-21,47.73,9585.4,28.99,35.42,0.55,3417.7,73.8,False
BGW-06,4,84,2020-08-22,47.83,9746.1,27.39,35.32,0.563,3406.7,70.6,False
BGW-06,4,85,2020-08-23,47.26,10377.1,26.37,30.61,0.537,3393.6,66.6,False
BGW-06,4,86,2020-08-24,47.29,9673.6,25.99,32.96,0.559,3292.2,81.6,False
BGW-06,4,87,2020-08-25,48.13,9454.7,27.73,34.07,0.551,3355.7,78.9,False
BGW-06,4,88,2020-08-26,46.93,9831.3,28.01,33.29,0.543,3332.2,75.8,False
BGW-06,4,89,2020-08-27,46.91,11002.6,23.94,29.3,0.55,3313.8,60.2,True
BGW-06,5,0,2020-09-20,140.46,84.3,428.41,191.96,0.309,3950.8,99.6,False
BGW-06,5,1,2020-09-21,134.16,114.9,394.39,167.12,0.298,3904.1,99.8,False
BGW-06,5,2,2020-09-22,127.1,150.6,340.11,152.01,0.309,3924.9,99.6,False
BGW-06,5,3,2020-09-23,121.72,175.9,274.29,118.84,0.302,3871.3,97.7,False
BGW-06,5,4,2020-09-24,117.01,223.0,258.53,128.54,0.332,3859.4,99.9,False
BGW-06,5,5,2020-09-25,111.83,284.4,245.83,117.1,0.323,3941.0,99.8,False
BGW-06,5,6,2020-09-26,107.37,358.1,234.37,112.63,0.325,3870.7,100.0,False
BGW-06,5,7,2020-09-27,103.28,386.9,210.63,102.13,0.327,3869.7,100.0,False
BGW-06,5,8,2020-09-28,99.86,496.2,183.1,83.79,0.314,3884.4,96.6,False
BGW-06,5,9,2020-09-29,95.77,631.3,166.45,78.71,0.321,3870.5,93.5,False
BGW-06,5,10,2020-09-30,92.31,701.6,159.85,75.93,0.322,3820.9,100.0,False
BGW-06,5,11,2020-10-01,89.21,822.6,144.68,71.39,0.33,3846.0,99.4,False
BGW-06,5,12,2020-10-02,86.26,982.3,142.97,69.65,0.328,3850.5,99.7,False
BGW-06,5,13,2020-10-03,83.47,1190.9,127.05,64.96,0.338,3801.0,99.0,False
BGW-06,5,14,2020-10-04,80.42,1279.3,131.08,60.14,0.315,3802.0,100.0,False
BGW-06,5,15,2020-10-05,78.82,1366.3,114.15,62.6,0.354,3809.9,100.0,False
BGW-06,5,16,2020-10-06,75.66,1684.7,112.53,57.75,0.339,3822.0,99.8,False
BGW-06,5,17,2020-10-07,73.79,2005.1,94.78,50.72,0.349,3759.8,98.3,False
BGW-06,5,18,2020-10-08,72.12,2223.2,93.66,50.2,0.349,3794.4,100.0,False
BGW-06,5,19,2020-10-09,70.48,2335.3,93.42,51.32,0.355,3749.3,98.3,False
BGW-06,5,20,2020-10-10,69.13,2498.0,86.07,52.34,0.378,3835.7,100.0,False
BGW-06,5,21,2020-10-11,67.08,3025.5,78.71,44.52,0.361,3772.5,100.0,False
BGW-06,5,22,2020-10-12,65.8,3013.8,81.46,44.84,0.355,3724.8,100.0,False
BGW-06,5,23,2020-10-13,64.62,3266.8,77.46,44.24,0.363,3756.2,98.4,False
BGW-06,5,24,2020-10-14,62.94,3830.1,65.84,37.68,0.364,3809.7,100.0,False
BGW-06,5,25,2020-10-15,62.03,3875.5,69.34,37.15,0.349,3743.5,96.4,False
BGW-06,5,26,2020-10-16,60.73,3970.4,70.03,42.06,0.375,3727.4,100.0,False
BGW-06,5,27,2020-10-17,59.96,4529.4,62.22,38.15,0.38,3744.6,97.6,False
BGW-06,5,28,2020-10-18,59.33,4842.2,65.01,40.09,0.381,3721.7,100.0,False
BGW-06,5,29,2020-10-19,57.57,4868.7,59.65,36.64,0.381,3768.1,100.0,False
BGW-06,5,30,2020-10-20,57.09,5469.1,55.57,35.75,0.391,3759.4,100.0,False
BGW-06,5,31,2020-10-21,56.39,5758.3,50.33,33.63,0.401,3715.5,99.9,False
BGW-06,5,32,2020-10-22,55.22,5858.1,58.24,36.67,0.386,3710.1,100.0,False
BGW-06,5,33,2020-10-23,55.49,5894.4,51.38,33.43,0.394,3717.4,100.0,False
BGW-06,5,34,2020-10-24,54.52,6803.2,53.42,36.33,0.405,3717.9,100.0,False
BGW-06,5,35,2020-10-25,54.22,5808.1,54.33,35.92,0.398,3683.6,98.5,False
BGW-06,5,36,2020-10-26,52.99,6374.1,54.19,37.23,0.407,3665.6,92.8,False
BGW-06,5,37,2020-10-27,53.23,6674.0,52.78,37.62,0.416,3672.1,95.9,False
BGW-06,5,38,2020-10-28,52.37,6743.9,45.57,30.45,0.401,3678.4,98.1,False
BGW-06,5,39,2020-10-29,52.39,7268.6,49.0,33.91,0.409,3658.9,100.0,False
BGW-06,5,40,2020-10-30,51.54,8109.8,39.9,26.15,0.396,3648.9,95.9,False
BGW-06,5,41,2020-10-31,50.87,7524.6,43.79,32.57,0.427,3699.5,100.0,False
BGW-06,5,42,2020-11-01,50.48,7621.7,42.15,32.26,0.434,3646.1,100.0,False
BGW-06,5,43,2020-11-02,50.7,7916.8,41.87,31.43,0.429,3601.2,96.4,False
BGW-06,5,44,2020-11-03,50.5,7900.6,44.51,32.95,0.425,3637.3,99.8,False
BGW-06,5,45,2020-11-04,49.79,8527.6,43.15,33.18,0.435,3605.7,92.9,False
BGW-06,5,46,2020-11-05,49.99,7753.2,43.47,32.78,0.43,3612.9,100.0,False
BGW-06,5,47,2020-11-06,49.73,7873.7,42.41,31.63,0.427,3591.1,100.0,False
BGW-06,5,48,2020-11-07,49.35,8707.4,38.04,29.09,0.433,3607.1,88.9,False
BGW-06,5,49,2020-11-08,48.42,8994.9,42.5,34.42,0.448,3568.5,88.0,False
BGW-06,5,50,2020-11-09,49.3,8672.4,44.08,35.3,0.445,3617.0,82.0,False
BGW-06,5,51,2020-11-10,48.6,8957.9,37.13,32.12,0.464,3632.2,83.2,False
BGW-06,5,52,2020-11-11,48.44,8858.1,42.57,34.82,0.45,3540.0,85.7,False
BGW-06,5,53,2020-11-12,48.27,9454.1,36.16,29.37,0.448,3573.9,77.6,False
BGW-06,5,54,2020-11-13,48.71,8925.1,37.91,35.57,0.484,3559.7,83.8,False
BGW-06,5,55,2020-11-14,48.02,9345.3,38.44,33.93,0.469,3591.2,81.4,False
BGW-06,5,56,2020-11-15,48.31,9347.0,38.78,34.9,0.474,3627.3,76.8,False
BGW-06,5,57,2020-11-16,47.73,9498.4,35.37,29.39,0.454,3613.9,81.3,False
BGW-06,5,58,2020-11-17,47.6,9849.3,37.23,34.18,0.479,3584.9,80.9,False
BGW-06,5,59,2020-11-18,47.6,9923.8,37.66,33.59,0.471,3508.8,70.1,False
BGW-06,5,60,2020-11-19,47.92,10001.8,35.8,32.68,0.477,3475.1,76.1,False
BGW-06,5,61,2020-11-20,47.35,10705.8,35.53,31.05,0.466,3550.3,64.6,True
BGW-06,5,62,2020-11-21,46.64,10425.4,34.53,29.91,0.464,3509.0,67.7,False
BGW-06,5,63,2020-11-22,47.32,9760.5,34.13,30.15,0.469,3532.4,73.2,False
BGW-06,5,64,2020-11-23,47.32,9866.7,33.76,31.53,0.483,3515.2,76.3,False
BGW-06,5,65,2020-11-24,47.04,9079.0,35.35,33.27,0.485,3481.2,80.6,False
BGW-06,5,66,2020-11-25,47.37,9849.5,36.99,33.81,0.478,3428.8,73.3,False
BGW-06,5,67,2020-11-26,46.94,9733.2,37.51,37.47,0.5,3467.6,78.7,False
BGW-06,5,68,2020-11-27,46.7,9881.4,35.25,37.69,0.517,3462.7,75.1,False
BGW-06,5,69,2020-11-28,46.9,10158.4,37.87,40.05,0.514,3470.7,71.4,False
BGW-06,5,70,2020-11-29,47.0,10306.1,33.16,32.65,0.496,3461.6,72.0,False
BGW-06,5,71,2020-11-30,47.15,10684.8,34.07,35.63,0.511,3460.6,74.0,False
BGW-06,5,72,2020-12-01,46.5,10328.3,36.18,35.84,0.498,3481.0,66.4,False
BGW-06,5,73,2020-12-02,46.71,10256.9,35.24,36.16,0.506,3399.6,65.1,False
BGW-06,5,74,2020-12-03,46.93,10258.6,32.1,32.75,0.505,3468.3,68.6,False
BGW-06,5,75,2020-12-04,46.47,10191.7,31.24,33.3,0.516,3491.7,71.3,False
BGW-06,5,76,2020-12-05,46.76,10247.3,34.37,38.7,0.53,3490.8,67.9,False
BGW-06,5,77,2020-12-06,46.66,10436.5,33.43,37.56,0.529,3397.5,71.9,False
BGW-06,5,78,2020-12-07,46.87,10258.9,34.23,38.06,0.526,3430.6,68.4,False
BGW-06,5,79,2020-12-08,46.72,9962.5,35.1,41.04,0.539,3388.1,72.7,False
BGW-06,5,80,2020-12-09,46.7,10585.2,29.44,34.34,0.538,3325.0,67.6,False
BGW-06,5,81,2020-12-10,46.63,10650.1,32.59,39.14,0.546,3357.9,63.9,True
BGW-06,5,82,2020-12-11,46.01,11274.4,31.9,39.36,0.552,3406.7,55.3,True
BGW-06,5,83,2020-12-12,46.08,10374.7,31.9,39.03,0.55,3368.8,73.1,False
BGW-06,5,84,2020-12-13,46.25,10236.0,30.65,40.44,0.569,3402.9,72.0,False
BGW-06,5,85,2020-12-14,46.42,10497.3,32.38,38.72,0.545,3342.7,65.8,False
BGW-06,5,86,2020-12-15,46.35,10572.8,29.79,37.23,0.555,3351.0,66.6,False
BGW-06,5,87,2020-12-16,46.22,10686.9,30.0,37.59,0.556,3312.3,67.7,False
BGW-06,5,88,2020-12-17,47.11,10005.6,32.11,39.42,0.551,3339.6,75.9,False
BGW-06,5,89,2020-12-18,46.32,10327.7,30.51,39.76,0.566,3335.6,69.2,False
BGW-06,6,0,2021-01-06,136.38,99.1,377.42,156.01,0.292,3886.8,98.9,False
BGW-06,6,1,2021-01-07,132.52,117.4,355.63,145.63,0.291,3863.4,100.0,False
BGW-06,6,2,2021-01-08,129.19,127.9,342.93,146.03,0.299,3922.2,97.0,False
BGW-06,6,3,2021-01-09,126.35,156.3,339.03,138.36,0.29,3912.4,99.3,False
BGW-06,6,4,2021-01-10,123.04,186.8,310.3,143.09,0.316,3894.8,100.0,False
BGW-06,6,5,2021-01-11,119.64,203.3,266.61,119.95,0.31,3869.5,94.8,False
BGW-06,6,6,2021-01-12,116.77,238.0,272.02,118.25,0.303,3883.3,100.0,False
BGW-06,6,7,2021-01-13,114.07,242.5,243.36,117.78,0.326,3875.5,100.0,False
BGW-06,6,8,2021-01-14,111.37,276.1,233.22,116.28,0.333,3862.0,100.0,False
BGW-06,6,9,2021-01-15,109.19,307.6,210.33,108.48,0.34,3850.6,100.0,False
BGW-06,6,10,2021-01-16,106.22,359.8,206.98,100.39,0.327,3817.9,100.0,False
BGW-06,6,11,2021-01-17,103.93,405.5,182.43,94.11,0.34,3904.4,100.0,False
BGW-06,6,12,2021-01-18,101.75,454.8,179.72,90.41,0.335,3879.2,98.7,False
BGW-06,6,13,2021-01-19,98.75,525.7,174.63,84.15,0.325,3850.9,99.3,False
BGW-06,6,14,2021-01-20,97.7,531.8,153.8,74.78,0.327,3782.6,95.4,False
BGW-06,6,15,2021-01-21,94.93,675.2,145.37,74.87,0.34,3839.1,97.1,False
BGW-06,6,16,2021-01-22,93.83,655.2,160.75,85.15,0.346,3825.5,100.0,False
BGW-06,6,17,2021-01-23,91.52,822.2,136.45,73.81,0.351,3832.2,98.7,False
BGW-06,6,18,2021-01-24,89.32,858.2,149.06,71.31,0.324,3808.6,100.0,False
BGW-06,6,19,2021-01-25,87.81,916.2,124.75,66.91,0.349,3779.3,100.0,False
BGW-06,6,20,2021-01-26,86.83,962.4,123.79,66.05,0.348,3809.4,100.0,False
BGW-06,6,21,2021-01-27,84.76,1040.3,111.01,66.46,0.374,3800.1,97.7,False
BGW-06,6,22,2021-01-28,82.83,1250.9,102.28,55.32,0.351,3757.7,97.9,False
BGW-06,6,23,2021-01-29,81.76,1275.3,98.34,56.12,0.363,3787.1,96.6,False
BGW-06,6,24,2021-01-30,80.48,1361.5,101.46,63.29,0.384,3733.0,99.5,False
BGW-06,6,25,2021-01-31,79.06,1407.4,96.7,55.26,0.364,3747.2,97.9,False
BGW-06,6,26,2021-02-01,77.86,1644.0,95.18,57.35,0.376,3677.5,99.2,False
BGW-06,6,27,2021-02-02,76.45,1551.7,83.61,49.96,0.374,3728.2,100.0,False
BGW-06,6,28,2021-02-03,75.61,1814.8,84.53,54.61,0.392,3750.5,100.0,False
BGW-06,6,29,2021-02-04,73.76,1932.1,76.89,47.37,0.381,3718.8,96.8,False
BGW-06,6,30,2021-02-05,72.97,1907.9,77.24,47.25,0.38,3707.3,99.8,False
BGW-06,6,31,2021-02-06,71.75,2151.6,72.24,44.71,0.382,3706.3,99.4,False
BGW-06,6,32,2021-02-07,70.85,2369.7,76.61,47.81,0.384,3747.2,95.3,False
BGW-06,6,33,2021-02-08,69.96,2361.1,74.5,50.56,0.404,3710.0,100.0,False
BGW-06,6,34,2021-02-09,69.22,2438.4,71.75,46.51,0.393,3744.3,100.0,False
BGW-06,6,35,2021-02-10,68.08,2634.0,64.86,46.22,0.416,3702.9,100.0,False
BGW-06,6,36,2021-02-11,67.04,2937.6,62.41,42.75,0.407,3672.1,96.5,False
BGW-06,6,37,2021-02-12,66.12,2692.7,66.16,43.49,0.397,3676.4,99.4,False
BGW-06,6,38,2021-02-13,66.04,3118.6,64.01,45.14,0.414,3683.5,100.0,False
BGW-06,6,39,2021-02-14,64.83,3404.9,53.39,40.69,0.433,3669.8,100.0,False
BGW-06,6,40,2021-02-15,63.59,3740.4,55.62,40.27,0.42,3723.6,96.2,False
BGW-06,6,41,2021-02-16,62.87,3729.6,51.43,36.82,0.417,3684.4,98.7,False
BGW-06,6,42,2021-02-17,62.5,3980.7,52.52,37.69,0.418,3658.6,99.2,False
BGW-06,6,43,2021-02-18,62.09,4013.4,55.41,41.84,0.43,3648.9,97.3,False
BGW-06,6,44,2021-02-19,61.84,3701.7,57.44,43.93,0.433,3652.5,100.0,False
BGW-06,6,45,2021-02-20,60.78,4292.7,50.54,37.47,0.426,3668.8,96.0,False
BGW-06,6,46,2021-02-21,60.31,4185.9,53.29,42.59,0.444,3589.8,100.0,False
BGW-06,6,47,2021-02-22,58.68,4873.8,46.98,37.19,0.442,3644.5,100.0,False
BGW-06,6,48,2021-02-23,59.62,4760.2,53.72,44.38,0.452,3603.3,100.0,False
BGW-06,6,49,2021-02-24,58.2,5459.6,46.41,38.58,0.454,3626.9,98.3,False
BGW-06,6,50,2021-02-25,57.36,5121.3,46.9,38.26,0.449,3558.7,100.0,False
BGW-06,6,51,2021-02-26,57.82,5313.9,51.87,43.25,0.455,3546.8,98.6,False
BGW-06,6,52,2021-02-27,57.72,5243.4,46.01,35.34,0.434,3597.4,97.2,False
BGW-06,6,53,2021-02-28,56.84,4972.8,48.23,37.58,0.438,3578.2,100.0,False
BGW-06,6,54,2021-03-01,56.18,5828.0,44.35,39.31,0.47,3569.5,100.0,False
BGW-06,6,55,2021-03-02,55.84,5784.7,47.26,39.39,0.455,3532.4,100.0,False
BGW-06,6,56,2021-03-03,54.92,6114.3,42.98,36.84,0.462,3561.4,95.5,False
BGW-06,6,57,2021-03-04,55.25,5731.3,40.21,34.68,0.463,3558.3,100.0,False
BGW-06,6,58,2021-03-05,54.55,6239.5,43.2,36.34,0.457,3579.4,100.0,False
BGW-06,6,59,2021-03-06,54.09,6689.8,43.31,38.31,0.469,3563.7,99.0,False
BGW-06,6,60,2021-03-07,54.09,5813.6,41.78,38.47,0.479,3499.8,100.0,False
BGW-06,6,61,2021-03-08,53.76,6785.8,39.12,33.64,0.462,3513.2,100.0,False
BGW-06,6,62,2021-03-09,53.86,6129.5,40.37,38.13,0.486,3477.6,99.7,False
BGW-06,6,63,2021-03-10,52.53,7497.8,37.72,37.02,0.495,3524.5,100.0,False
BGW-06,6,64,2021-03-11,52.87,7038.7,40.81,38.81,0.487,3455.1,100.0,False
BGW-06,6,65,2021-03-12,52.22,7485.7,35.37,36.82,0.51,3541.2,100.0,False
BGW-06,6,66,2021-03-13,52.71,6720.7,35.21,36.29,0.508,3534.6,95.5,False
BGW-06,6,67,2021-03-14,52.4,7090.7,38.06,38.11,0.5,3523.3,99.4,False
BGW-06,6,68,2021-03-15,52.39,7165.6,35.78,37.49,0.512,3487.3,93.9,False
BGW-06,6,69,2021-03-16,51.96,7077.6,38.69,38.9,0.501,3496.3,98.4,False
BGW-06,6,70,2021-03-17,51.2,7956.4,31.67,32.63,0.507,3444.7,96.6,False
BGW-06,6,71,2021-03-18,51.43,7545.7,37.45,39.49,0.513,3463.1,100.0,False
BGW-06,6,72,2021-03-19,50.97,7703.2,35.49,36.77,0.509,3450.6,100.0,False
BGW-06,6,73,2021-03-20,51.04,7341.9,37.26,38.44,0.508,3490.7,96.9,False
BGW-06,6,74,2021-03-21,50.95,8121.3,34.74,36.99,0.516,3458.2,93.7,False
BGW-06,6,75,2021-03-22,50.9,7812.3,38.06,40.84,0.518,3376.6,94.0,False
BGW-06,6,76,2021-03-23,49.88,8228.9,33.05,37.19,0.529,3447.0,93.2,False
BGW-06,6,77,2021-03-24,50.24,8179.6,32.4,38.01,0.54,3424.2,89.3,False
BGW-06,6,78,2021-03-25,50.01,8558.8,32.55,36.51,0.529,3450.5,88.6,False
BGW-06,6,79,2021-03-26,49.92,9031.1,32.17,36.54,0.532,3419.1,83.4,False
BGW-06,6,80,2021-03-27,49.6,8573.2,32.25,37.54,0.538,3407.7,90.3,False
BGW-06,6,81,2021-03-28,49.66,9036.6,32.09,41.45,0.564,3417.8,84.0,False
BGW-06,6,82,2021-03-29,49.28,9200.7,29.97,35.92,0.545,3396.1,81.1,False
BGW-06,6,83,2021-03-30,49.3,8418.4,31.58,40.03,0.559,3337.3,92.5,False
BGW-06,6,84,2021-03-31,49.58,8234.8,33.36,41.13,0.552,3425.1,95.1,False
BGW-06,6,85,2021-04-01,48.88,9150.3,32.66,38.84,0.543,3354.3,80.2,False
BGW-06,6,86,2021-04-02,49.12,8312.5,32.61,38.06,0.539,3371.8,96.2,False
BGW-06,6,87,2021-04-03,49.48,8819.7,30.37,36.77,0.548,3349.0,87.1,False
BGW-06,6,88,2021-04-04,49.16,8449.5,34.55,46.06,0.571,3397.3,90.1,False
BGW-06,6,89,2021-04-05,48.47,9250.3,28.13,38.86,0.58,3293.6,76.4,False
BGW-06,7,0,2021-04-24,140.86,89.1,424.38,170.79,0.287,3940.2,100.0,False
BGW-06,7,1,2021-04-25,135.74,106.6,387.06,165.02,0.299,3920.1,100.0,False
BGW-06,7,2,2021-04-26,131.42,124.0,354.71,156.33,0.306,3928.2,100.0,False
BGW-06,7,3,2021-04-27,126.65,140.5,296.17,137.07,0.316,3897.8,100.0,False
BGW-06,7,4,2021-04-28,122.37,193.6,310.51,143.62,0.316,3869.2,97.3,False
BGW-06,7,5,2021-04-29,117.4,228.6,280.73,133.04,0.322,3880.7,100.0,False
BGW-06,7,6,2021-04-30,114.12,249.7,249.61,108.43,0.303,3839.7,100.0,False
BGW-06,7,7,2021-05-01,110.61,280.3,239.56,110.47,0.316,3844.3,98.9,False
BGW-06,7,8,2021-05-02,107.24,346.6,211.69,108.18,0.338,3881.7,100.0,False
BGW-06,7,9,2021-05-03,103.85,402.8,197.17,104.62,0.347,3870.1,99.1,False
BGW-06,7,10,2021-05-04,100.67,433.8,181.26,96.93,0.348,3901.9,100.0,False
BGW-06,7,11,2021-05-05,97.9,504.6,165.34,82.03,0.332,3845.9,100.0,False
BGW-06,7,12,2021-05-06,95.09,661.8,150.62,75.44,0.334,3828.6,100.0,False
BGW-06,7,13,2021-05-07,92.38,718.2,161.76,85.11,0.345,3809.5,100.0,False
BGW-06,7,14,2021-05-08,89.74,873.4,140.49,71.73,0.338,3782.7,98.9,False
BGW-06,7,15,2021-05-09,88.1,954.4,123.55,61.41,0.332,3800.8,100.0,False
BGW-06,7,16,2021-05-10,86.16,1002.8,121.27,63.33,0.343,3847.3,98.8,False
BGW-06,7,17,2021-05-11,83.79,1191.9,114.93,59.49,0.341,3794.2,100.0,False
BGW-06,7,18,2021-05-12,81.98,1308.4,107.82,55.38,0.339,3804.6,100.0,False
BGW-06,7,19,2021-05-13,79.62,1519.2,98.23,52.53,0.348,3754.4,99.3,False
BGW-06,7,20,2021-05-14,77.98,1515.4,96.84,51.59,0.348,3762.2,98.2,False
BGW-06,7,21,2021-05-15,76.28,1705.8,94.14,57.99,0.381,3799.0,99.5,False
BGW-06,7,22,2021-05-16,74.82,1856.4,90.98,51.36,0.361,3756.7,100.0,False
BGW-06,7,23,2021-05-17,72.95,2069.2,76.98,46.9,0.379,3772.9,100.0,False
BGW-06,7,24,2021-05-18,71.87,2295.7,75.44,45.44,0.376,3830.0,98.7,False
BGW-06,7,25,2021-05-19,70.26,2499.6,76.38,49.16,0.392,3789.7,98.5,False
BGW-06,7,26,2021-05-20,69.23,2600.4,75.92,43.82,0.366,3780.5,92.2,False
BGW-06,7,27,2021-05-21,67.68,2933.1,72.04,45.6,0.388,3667.7,100.0,False
BGW-06,7,28,2021-05-22,66.86,2895.8,74.65,46.64,0.385,3727.0,100.0,False
BGW-06,7,29,2021-05-23,65.32,3160.2,61.54,37.04,0.376,3685.5,95.6,False
BGW-06,7,30,2021-05-24,64.6,3428.0,64.44,39.44,0.38,3712.6,97.2,False
BGW-06,7,31,2021-05-25,63.34,3607.2,58.05,37.84,0.395,3726.9,98.3,False
BGW-06,7,32,2021-05-26,62.93,3755.0,63.55,37.32,0.37,3742.1,98.5,False
BGW-06,7,33,2021-05-27,61.95,4234.4,62.79,41.28,0.397,3673.8,99.2,False
BGW-06,7,34,2021-05-28,60.82,4140.7,55.97,35.4,0.387,3746.9,100.0,False
BGW-06,7,35,2021-05-29,60.46,4246.8,59.51,40.19,0.403,3686.4,99.9,False
BGW-06,7,36,2021-05-30,59.38,4716.7,54.15,35.4,0.395,3692.1,97.7,False
BGW-06,7,37,2021-05-31,58.87,4683.2,50.52,36.3,0.418,3616.8,100.0,False
BGW-06,7,38,2021-06-01,58.48,4817.2,52.92,38.32,0.42,3699.9,100.0,False
BGW-06,7,39,2021-06-02,57.52,4877.9,46.74,33.9,0.42,3638.9,100.0,False
BGW-06,7,40,2021-06-03,56.77,5279.9,48.27,35.73,0.425,3649.9,100.0,False
BGW-06,7,41,2021-06-04,57.09,4999.0,51.79,35.57,0.407,3654.7,99.5,False
BGW-06,7,42,2021-06-05,56.01,5603.0,46.9,33.66,0.418,3662.7,96.8,False
BGW-06,7,43,2021-06-06,55.34,6009.8,45.92,33.49,0.422,3667.9,100.0,False
BGW-06,7,44,2021-06-07,55.2,6046.9,48.81,35.7,0.422,3666.5,99.4,False
BGW-06,7,45,2021-06-08,54.58,6124.6,42.75,31.93,0.428,3675.9,97.9,False
BGW-06,7,46,2021-06-09,54.12,6183.8,42.27,31.22,0.425,3612.6,98.3,False
BGW-06,7,47,2021-06-10,53.82,6251.7,49.36,36.66,0.426,3661.7,95.8,False
BGW-06,7,48,2021-06-11,53.5,6584.0,43.63,34.66,0.443,3565.7,100.0,False
BGW-06,7,49,2021-06-12,52.0,7057.7,45.26,38.59,0.46,3569.3,99.2,False
BGW-06,7,50,2021-06-13,52.48,7203.0,41.95,30.3,0.419,3625.5,100.0,False
BGW-06,7,51,2021-06-14,52.01,7086.5,42.76,35.35,0.453,3598.7,100.0,False
BGW-06,7,52,2021-06-15,51.73,7547.0,40.87,33.99,0.454,3620.2,100.0,False
BGW-06,7,53,2021-06-16,50.99,7542.8,39.21,31.61,0.446,3610.5,98.8,False
BGW-06,7,54,2021-06-17,51.15,7164.7,38.87,32.74,0.457,3582.1,100.0,False
BGW-06,7,55,2021-06-18,51.07,7702.9,36.1,30.17,0.455,3550.3,97.6,False
BGW-06,7,56,2021-06-19,50.89,7965.4,39.14,33.18,0.459,3572.5,100.0,False
BGW-06,7,57,2021-06-20,50.48,8243.7,35.59,28.49,0.445,3568.2,91.3,False
BGW-06,7,58,2021-06-21,50.25,8124.2,35.27,28.75,0.449,3533.0,98.8,False
BGW-06,7,59,2021-06-22,49.89,8141.7,38.9,35.97,0.48,3567.7,91.4,False
BGW-06,7,60,2021-06-23,49.78,8222.2,35.64,31.2,0.467,3549.5,89.4,False
BGW-06,7,61,2021-06-24,49.56,8755.4,35.56,33.24,0.483,3493.7,81.0,False
BGW-06,7,62,2021-06-25,49.62,8086.4,36.65,32.08,0.467,3561.4,95.0,False
BGW-06,7,63,2021-06-26,49.52,7957.6,37.55,37.83,0.502,3520.9,100.0,False
BGW-06,7,64,2021-06-27,48.71,9187.5,36.59,34.42,0.485,3474.9,85.2,False
BGW-06,7,65,2021-06-28,49.08,7978.3,33.89,32.5,0.49,3454.5,95.2,False
BGW-06,7,66,2021-06-29,48.68,9170.1,33.27,32.39,0.493,3476.7,84.4,False
BGW-06,7,67,2021-06-30,49.1,8462.4,37.79,38.82,0.507,3471.8,89.5,False
BGW-06,7,68,2021-07-01,48.63,9301.1,34.7,32.71,0.485,3410.5,82.0,False
BGW-06,7,69,2021-07-02,48.39,9775.3,29.84,28.17,0.486,3509.1,75.8,False
BGW-06,7,70,2021-07-03,48.42,8526.5,30.93,31.63,0.506,3465.0,86.3,False
BGW-06,7,71,2021-07-04,48.28,9110.8,35.68,37.67,0.514,3482.0,86.6,False
BGW-06,7,72,2021-07-05,48.07,9345.2,31.61,33.9,0.517,3499.6,78.2,False
BGW-06,7,73,2021-07-06,47.79,9673.4,31.12,32.28,0.509,3428.1,82.8,False
BGW-06,7,74,2021-07-07,47.83,9315.0,31.85,33.91,0.516,3422.0,77.2,False
BGW-06,7,75,2021-07-08,48.02,9845.3,30.97,33.58,0.52,3413.2,73.2,False
BGW-06,7,76,2021-07-09,47.48,9200.8,30.53,34.65,0.532,3411.3,80.6,False
BGW-06,7,77,2021-07-10,47.57,10232.4,28.78,32.25,0.528,3417.2,69.6,False
BGW-06,7,78,2021-07-11,47.67,9688.2,31.9,35.73,0.528,3410.0,81.4,False
BGW-06,7,79,2021-07-12,47.02,10353.6,30.29,34.43,0.532,3338.7,67.6,False
BGW-06,7,80,2021-07-13,46.88,10880.1,28.14,33.61,0.544,3364.2,57.3,True
BGW-06,7,81,2021-07-14,47.6,9670.9,31.05,36.09,0.537,3368.7,75.7,False
BGW-06,7,82,2021-07-15,46.98,10700.9,31.24,35.27,0.53,3372.1,60.9,True
BGW-06,7,83,2021-07-16,47.39,9779.5,30.56,36.33,0.543,3448.4,74.7,False
BGW-06,7,84,2021-07-17,47.07,10738.5,30.72,37.8,0.552,3370.4,58.0,True
BGW-06,7,85,2021-07-18,47.03,10096.4,27.64,34.78,0.557,3398.1,74.3,False
BGW-06,7,86,2021-07-19,47.02,9674.9,30.04,39.85,0.57,3370.0,76.5,False
BGW-06,7,87,2021-07-20,47.02,9893.3,30.09,37.46,0.555,3365.1,75.0,False
BGW-06,7,88,2021-07-21,47.15,10232.9,27.4,33.42,0.549,3342.8,69.6,False
BGW-06,7,89,2021-07-22,46.85,10307.5,29.7,39.94,0.574,3297.4,73.1,False
BGW-07,1,0,2019-07-17,130.69,231.0,213.52,96.21,0.311,4164.5,99.4,False
BGW-07,1,1,2019-07-18,127.41,264.0,199.8,83.56,0.295,4166.6,100.0,False
BGW-07,1,2,2019-07-19,124.34,286.5,196.44,89.29,0.312,4143.5,100.0,False
BGW-07,1,3,2019-07-20,122.25,336.8,183.83,81.65,0.308,4134.7,98.3,False
BGW-07,1,4,2019-07-21,119.24,338.8,170.7,79.45,0.318,4051.0,99.4,False
BGW-07,1,5,2019-07-22,117.23,365.9,183.0,86.16,0.32,4102.6,100.0,False
BGW-07,1,6,2019-07-23,114.77,418.4,156.72,77.54,0.331,4068.7,100.0,False
BGW-07,1,7,2019-07-24,112.19,452.1,152.17,72.76,0.323,4064.0,93.5,False
BGW-07,1,8,2019-07-25,109.92,479.8,149.94,73.15,0.328,4090.3,99.4,False
BGW-07,1,9,2019-07-26,107.58,552.7,140.76,69.67,0.331,4044.9,95.1,False
BGW-07,1,10,2019-07-27,104.66,628.1,131.46,68.17,0.341,4078.4,100.0,False
BGW-07,1,11,2019-07-28,102.64,662.1,113.43,56.24,0.331,4075.3,100.0,False
BGW-07,1,12,2019-07-29,101.3,698.1,112.21,57.79,0.34,4047.9,100.0,False
BGW-07,1,13,2019-07-30,98.67,788.3,101.02,54.18,0.349,3992.1,97.9,False
BGW-07,1,14,2019-07-31,97.52,843.1,108.37,62.55,0.366,4002.6,100.0,False
BGW-07,1,15,2019-08-01,95.62,884.0,110.85,59.66,0.35,3971.8,100.0,False
BGW-07,1,16,2019-08-02,93.74,967.8,94.41,50.36,0.348,4008.1,100.0,False
BGW-07,1,17,2019-08-03,91.61,1052.8,92.95,51.16,0.355,3989.0,100.0,False
BGW-07,1,18,2019-08-04,90.27,1132.0,96.08,53.78,0.359,4028.5,100.0,False
BGW-07,1,19,2019-08-05,89.29,1245.6,94.41,50.29,0.348,4024.1,100.0,False
BGW-07,1,20,2019-08-06,87.75,1224.9,90.01,51.25,0.363,3939.1,100.0,False
BGW-07,1,21,2019-08-07,85.64,1292.3,85.11,53.89,0.388,3976.9,99.9,False
BGW-07,1,22,2019-08-08,84.63,1448.0,81.5,48.28,0.372,3964.2,97.5,False
BGW-07,1,23,2019-08-09,83.33,1602.4,81.3,48.66,0.374,3982.6,100.0,False
BGW-07,1,24,2019-08-10,81.63,1628.9,74.58,42.19,0.361,3984.8,100.0,False
BGW-07,1,25,2019-08-11,80.33,1806.0,69.2,40.11,0.367,3916.3,100.0,False
BGW-07,1,26,2019-08-12,78.94,1910.6,70.19,44.26,0.387,3916.2,100.0,False
BGW-07,1,27,2019-08-13,77.98,2114.3,69.14,44.4,0.391,3966.5,98.2,False
BGW-07,1,28,2019-08-14,77.26,2066.8,64.14,40.51,0.387,3893.0,100.0,False
BGW-07,1,29,2019-08-15,75.69,2156.5,63.11,40.16,0.389,3932.8,100.0,False
BGW-07,1,30,2019-08-16,74.9,2323.2,64.02,38.45,0.375,3887.3,100.0,False
BGW-07,1,31,2019-08-17,73.73,2464.4,59.92,39.93,0.4,3896.6,100.0,False
BGW-07,1,32,2019-08-18,73.34,2548.5,59.8,40.7,0.405,3963.6,97.9,False
BGW-07,1,33,2019-08-19,71.61,2708.3,56.25,37.16,0.398,3868.4,98.6,False
BGW-07,1,34,2019-08-20,71.38,2598.3,60.5,42.14,0.411,3900.6,98.9,False
BGW-07,1,35,2019-08-21,70.1,2779.8,52.71,37.18,0.414,3885.0,100.0,False
BGW-07,1,36,2019-08-22,69.19,3017.5,52.62,34.01,0.393,3886.6,100.0,False
BGW-07,1,37,2019-08-23,68.51,3376.3,48.29,33.07,0.406,3871.4,100.0,False
BGW-07,1,38,2019-08-24,67.13,3453.7,50.6,33.02,0.395,3832.9,99.6,False
BGW-07,1,39,2019-08-25,66.8,3248.8,51.94,40.26,0.437,3785.5,100.0,False
BGW-07,1,40,2019-08-26,66.29,3490.1,46.47,34.43,0.426,3823.4,100.0,False
BGW-07,1,41,2019-08-27,65.0,3465.1,47.32,34.76,0.424,3816.1,98.5,False
BGW-07,1,42,2019-08-28,64.98,3829.3,47.17,36.5,0.436,3796.9,98.0,False
BGW-07,1,43,2019-08-29,64.0,3861.4,41.74,30.93,0.426,3846.9,100.0,False
BGW-07,1,44,2019-08-30,63.68,4040.8,48.52,35.63,0.423,3849.7,97.1,False
BGW-07,1,45,2019-08-31,62.92,4070.0,45.96,35.06,0.433,3783.2,97.5,False
BGW-07,1,46,2019-09-01,62.42,4326.4,46.78,36.34,0.437,3845.5,99.1,False
BGW-07,1,47,2019-09-02,62.04,4399.7,39.6,30.48,0.435,3796.5,96.8,False
BGW-07,1,48,2019-09-03,61.05,4913.1,37.64,28.92,0.434,3804.2,100.0,False
BGW-07,1,49,2019-09-04,59.89,4567.3,41.13,35.41,0.463,3769.3,100.0,False
BGW-07,1,50,2019-09-05,60.11,4681.4,42.34,37.15,0.467,3774.0,100.0,False
BGW-07,1,51,2019-09-06,59.42,5022.6,42.49,34.91,0.451,3757.2,94.6,False
BGW-07,1,52,2019-09-07,59.11,4744.7,40.8,35.2,0.463,3721.1,100.0,False
BGW-07,1,53,2019-09-08,58.95,5348.4,39.23,32.23,0.451,3757.2,96.8,False
BGW-07,1,54,2019-09-09,58.32,5204.0,40.99,34.93,0.46,3740.7,94.3,False
BGW-07,1,55,2019-09-10,58.01,5484.6,38.05,35.41,0.482,3727.8,96.7,False
BGW-07,1,56,2019-09-11,57.92,5025.3,38.44,35.82,0.482,3753.5,100.0,False
BGW-07,1,57,2019-09-12,57.26,5400.6,39.89,34.13,0.461,3738.4,96.6,False
BGW-07,1,58,2019-09-13,56.53,5905.7,36.52,35.63,0.494,3701.4,100.0,False
BGW-07,1,59,2019-09-14,56.51,5670.9,37.82,34.87,0.48,3659.6,100.0,False
BGW-07,1,60,2019-09-15,55.27,5901.4,38.6,34.31,0.471,3686.9,100.0,False
BGW-07,1,61,2019-09-16,55.53,6168.0,37.54,36.2,0.491,3738.2,100.0,False
BGW-07,1,62,2019-09-17,55.08,6607.7,35.01,34.58,0.497,3679.4,99.5,False
BGW-07,1,63,2019-09-18,54.69,6261.4,32.49,31.82,0.495,3698.6,99.3,False
BGW-07,1,64,2019-09-19,54.79,6165.1,32.25,31.21,0.492,3652.3,97.7,False
BGW-07,1,65,2019-09-20,54.86,6028.0,37.83,37.82,0.5,3697.9,100.0,False
BGW-07,1,66,2019-09-21,54.25,7081.1,30.22,30.04,0.499,3614.1,96.8,False
BGW-07,1,67,2019-09-22,53.59,7403.2,30.92,33.88,0.523,3748.0,100.0,False
BGW-07,1,68,2019-09-23,54.09,7343.5,31.64,32.72,0.508,3651.3,96.9,False
BGW-07,1,69,2019-09-24,53.31,7188.3,30.53,29.96,0.495,3623.6,99.0,False
BGW-07,1,70,2019-09-25,52.84,7116.8,30.65,33.63,0.523,3672.4,98.4,False
BGW-07,1,71,2019-09-26,52.84,7132.4,31.3,31.57,0.502,3656.2,99.7,False
BGW-07,1,72,2019-09-27,52.84,6779.1,29.23,30.76,0.513,3630.5,100.0,False
BGW-07,1,73,2019-09-28,52.09,7037.6,29.89,31.55,0.514,3647.4,100.0,False
BGW-07,1,74,2019-09-29,51.79,7814.3,30.5,32.04,0.512,3620.3,89.7,False
BGW-07,1,75,2019-09-30,51.95,7019.7,30.88,35.31,0.533,3583.2,100.0,False
BGW-07,1,76,2019-10-01,51.54,7626.3,29.98,33.95,0.531,3562.6,94.2,False
BGW-07,1,77,2019-10-02,51.63,7428.1,29.51,36.09,0.55,3581.1,90.7,False
BGW-07,1,78,2019-10-03,50.94,7998.4,30.28,35.22,0.538,3622.5,87.2,False
BGW-07,1,79,2019-10-04,51.24,8077.5,29.53,30.77,0.51,3543.5,86.3,False
BGW-07,1,80,2019-10-05,50.72,8535.7,27.23,34.8,0.561,3536.4,76.5,False
BGW-07,1,81,2019-10-06,51.03,7801.4,29.08,34.69,0.544,3552.9,89.7,False
BGW-07,1,82,2019-10-07,50.7,8267.3,30.21,36.33,0.546,3539.5,83.0,False
BGW-07,1,83,2019-10-08,50.93,8177.1,25.34,28.77,0.532,3555.2,82.8,False
BGW-07,1,84,2019-10-09,50.33,8396.3,27.22,35.79,0.568,3543.8,84.8,False
BGW-07,1,85,2019-10-10,50.54,7610.6,28.32,35.82,0.558,3483.2,94.4,False
BGW-07,1,86,2019-10-11,49.98,8523.8,27.72,37.04,0.572,3525.9,83.1,False
BGW-07,1,87,2019-10-12,50.13,8253.1,27.51,36.62,0.571,3531.7,84.2,False
BGW-07,1,88,2019-10-13,50.08,8581.1,28.48,40.87,0.589,3500.2,82.2,False
BGW-07,1,89,2019-10-14,49.82,8622.4,27.45,38.53,0.584,3552.6,74.5,False
BGW-07,2,0,2019-11-10,144.14,145.7,263.56,118.99,0.311,4087.3,100.0,False
BGW-07,2,1,2019-11-11,140.07,175.1,231.08,108.78,0.32,4110.2,97.2,False
BGW-07,2,2,2019-11-12,135.68,199.9,232.46,103.02,0.307,4153.8,100.0,False
BGW-07,2,3,2019-11-13,132.08,215.9,210.49,91.35,0.303,4161.7,100.0,False
BGW-07,2,4,2019-11-14,128.32,254.4,190.78,86.69,0.312,4143.1,100.0,False
BGW-07,2,5,2019-11-15,125.17,283.8,188.67,86.43,0.314,4136.7,96.9,False
BGW-07,2,6,2019-11-16,121.72,325.0,155.6,74.56,0.324,4078.7,96.7,False
BGW-07,2,7,2019-11-17,118.3,344.6,152.53,65.41,0.3,4093.4,96.5,False
BGW-07,2,8,2019-11-18,115.55,380.0,150.2,69.81,0.317,4059.6,100.0,False
BGW-07,2,9,2019-11-19,112.43,446.4,152.93,72.46,0.321,4079.7,100.0,False
BGW-07,2,10,2019-11-20,109.45,473.1,125.36,64.48,0.34,4042.4,99.0,False
BGW-07,2,11,2019-11-21,107.33,531.6,120.7,56.78,0.32,4049.4,100.0,False
BGW-07,2,12,2019-11-22,104.73,582.9,113.86,54.89,0.325,4080.1,99.3,False
BGW-07,2,13,2019-11-23,101.94,648.2,104.81,50.46,0.325,4048.9,96.1,False
BGW-07,2,14,2019-11-24,99.25,775.9,99.51,50.98,0.339,3993.8,100.0,False
BGW-07,2,15,2019-11-25,97.68,796.3,95.05,49.4,0.342,4031.4,100.0,False
BGW-07,2,16,2019-11-26,94.48,948.7,81.61,43.3,0.347,3997.6,99.7,False
BGW-07,2,17,2019-11-27,93.35,1015.2,82.22,43.3,0.345,3955.0,99.9,False
BGW-07,2,18,2019-11-28,91.08,1150.0,74.38,40.52,0.353,4054.6,98.2,False
BGW-07,2,19,2019-11-29,89.16,1163.5,74.81,41.93,0.359,3961.0,100.0,False
BGW-07,2,20,2019-11-30,87.8,1274.1,78.24,43.78,0.359,3974.3,100.0,False
BGW-07,2,21,2019-12-01,86.2,1360.8,72.14,40.67,0.36,3981.0,98.5,False
BGW-07,2,22,2019-12-02,84.35,1434.2,70.19,41.21,0.37,3915.8,100.0,False
BGW-07,2,23,2019-12-03,82.23,1538.6,67.12,38.09,0.362,3924.3,98.5,False
BGW-07,2,24,2019-12-04,80.85,1655.8,66.79,40.74,0.379,3944.2,100.0,False
BGW-07,2,25,2019-12-05,78.9,1863.8,58.37,35.71,0.38,3956.2,100.0,False
BGW-07,2,26,2019-12-06,78.49,1892.1,57.81,37.03,0.39,3932.1,100.0,False
BGW-07,2,27,2019-12-07,77.32,2093.7,56.07,33.82,0.376,3938.9,100.0,False
BGW-07,2,28,2019-12-08,75.49,2294.6,56.42,36.31,0.392,3939.4,100.0,False
BGW-07,2,29,2019-12-09,74.41,2284.2,58.59,35.42,0.377,3878.9,100.0,False
BGW-07,2,30,2019-12-10,73.04,2457.8,51.79,33.88,0.395,3911.2,97.1,False
BGW-07,2,31,2019-12-11,72.35,2467.0,48.72,32.98,0.404,3909.8,100.0,False
BGW-07,2,32,2019-12-12,71.16,2670.9,47.53,30.6,0.392,3938.6,99.0,False
BGW-07,2,33,2019-12-13,69.3,2881.6,43.77,31.06,0.415,3881.7,98.2,False
BGW-07,2,34,2019-12-14,68.34,3139.2,46.84,32.1,0.407,3837.7,99.7,False
BGW-07,2,35,2019-12-15,67.77,3282.9,41.54,29.3,0.414,3861.9,100.0,False
BGW-07,2,36,2019-12-16,67.18,3348.2,45.44,34.34,0.43,3894.0,96.7,False
BGW-07,2,37,2019-12-17,66.48,3351.3,41.31,28.37,0.407,3853.4,99.6,False
BGW-07,2,38,2019-12-18,65.19,3846.4,36.27,24.83,0.406,3873.8,100.0,False
BGW-07,2,39,2019-12-19,64.13,4015.8,41.52,29.89,0.419,3876.6,97.0,False
BGW-07,2,40,2019-12-20,64.2,3777.0,39.56,30.21,0.433,3791.0,100.0,False
BGW-07,2,41,2019-12-21,63.08,3986.3,35.96,24.76,0.408,3811.6,100.0,False
BGW-07,2,42,2019-12-22,62.34,4407.6,36.8,27.88,0.431,3833.9,100.0,False
BGW-07,2,43,2019-12-23,61.34,4385.9,36.09,27.21,0.43,3855.9,100.0,False
BGW-07,2,44,2019-12-24,61.03,4465.4,32.04,23.82,0.426,3794.1,96.0,False
BGW-07,2,45,2019-12-25,60.38,4788.3,37.84,29.96,0.442,3830.6,100.0,False
BGW-07,2,46,2019-12-26,60.04,4788.8,32.42,25.02,0.436,3783.4,100.0,False
BGW-07,2,47,2019-12-27,58.85,5261.1,31.1,23.24,0.428,3788.4,96.6,False
BGW-07,2,48,2019-12-28,58.31,5276.4,33.4,27.53,0.452,3749.4,98.0,False
BGW-07,2,49,2019-12-29,57.91,5582.6,32.89,27.19,0.453,3833.6,100.0,False
BGW-07,2,50,2019-12-30,57.44,5918.1,30.12,25.89,0.462,3715.5,100.0,False
BGW-07,2,51,2019-12-31,56.82,5490.6,28.55,24.7,0.464,3760.2,100.0,False
BGW-07,2,52,2020-01-01,56.91,6089.1,30.05,25.37,0.458,3777.2,99.3,False
BGW-07,2,53,2020-01-02,56.48,5982.1,30.38,25.94,0.461,3781.2,95.2,False
BGW-07,2,54,2020-01-03,55.41,6376.8,29.9,24.73,0.453,3811.0,98.2,False
BGW-07,2,55,2020-01-04,55.37,5937.3,30.63,26.02,0.459,3756.1,94.2,False
BGW-07,2,56,2020-01-05,54.73,6536.6,27.01,24.64,0.477,3656.0,100.0,False
BGW-07,2,57,2020-01-06,54.76,6371.4,30.3,27.64,0.477,3705.5,100.0,False
BGW-07,2,58,2020-01-07,54.05,6691.0,27.01,25.89,0.489,3683.2,99.5,False
BGW-07,2,59,2020-01-08,53.7,7095.6,26.47,24.13,0.477,3685.6,100.0,False
BGW-07,2,60,2020-01-09,52.96,6873.5,27.19,25.05,0.48,3736.7,95.3,False
BGW-07,2,61,2020-01-10,53.36,7063.0,26.96,24.11,0.472,3726.6,100.0,False
BGW-07,2,62,2020-01-11,53.36,7159.0,26.78,23.81,0.471,3663.8,98.3,False
BGW-07,2,63,2020-01-12,53.12,7374.3,24.44,23.54,0.491,3712.6,96.3,False
BGW-07,2,64,2020-01-13,51.96,6877.9,26.25,23.16,0.469,3696.5,100.0,False
BGW-07,2,65,2020-01-14,52.57,7085.0,25.94,26.32,0.504,3699.3,95.8,False
BGW-07,2,66,2020-01-15,52.03,7303.7,25.45,25.32,0.499,3654.2,98.8,False
BGW-07,2,67,2020-01-16,51.78,7402.3,23.85,24.31,0.505,3682.2,92.5,False
BGW-07,2,68,2020-01-17,51.66,7408.6,25.11,24.94,0.498,3633.4,90.3,False
BGW-07,2,69,2020-01-18,51.25,7980.3,24.15,25.97,0.518,3633.1,84.9,False
BGW-07,2,70,2020-01-19,51.55,7116.0,24.4,24.53,0.501,3624.5,98.3,False
BGW-07,2,71,2020-01-20,51.03,7991.3,22.2,23.03,0.509,3652.9,87.7,False
BGW-07,2,72,2020-01-21,51.39,7976.1,22.42,24.01,0.517,3608.3,88.4,False
BGW-07,2,73,2020-01-22,50.61,7392.9,24.85,26.53,0.516,3660.9,95.0,False
BGW-07,2,74,2020-01-23,49.92,8509.7,23.65,26.22,0.526,3650.6,76.2,False
BGW-07,2,75,2020-01-24,50.06,8174.7,22.62,24.83,0.523,3608.2,81.8,False
BGW-07,2,76,2020-01-25,49.79,8710.7,22.87,27.53,0.546,3572.3,77.8,False
BGW-07,2,77,2020-01-26,49.37,9477.0,22.15,24.6,0.526,3630.2,73.7,False
BGW-07,2,78,2020-01-27,49.25,8477.1,22.14,24.51,0.525,3604.0,81.2,False
BGW-07,2,79,2020-01-28,49.11,8914.1,23.04,27.39,0.543,3555.8,75.6,False
BGW-07,2,80,2020-01-29,49.63,8160.9,22.68,26.87,0.542,3551.5,88.9,False
BGW-07,2,81,2020-01-30,49.1,8385.5,22.54,26.55,0.541,3539.1,80.0,False
BGW-07,2,82,2020-01-31,49.29,8344.9,20.9,26.28,0.557,3583.9,82.7,False
BGW-07,2,83,2020-02-01,48.9,8914.0,21.47,27.88,0.565,3582.9,79.8,False
BGW-07,2,84,2020-02-02,48.7,8664.5,22.28,29.27,0.568,3541.9,82.5,False
BGW-07,2,85,2020-02-03,49.0,9132.1,21.05,26.69,0.559,3511.0,73.4,False
BGW-07,2,86,2020-02-04,48.47,8880.0,19.42,24.86,0.561,3550.6,76.2,False
BGW-07,2,87,2020-02-05,48.95,9370.6,21.99,27.48,0.555,3548.8,65.7,False
BGW-07,2,88,2020-02-06,48.89,9490.1,20.79,25.01,0.546,3530.7,69.6,False
BGW-07,2,89,2020-02-07,48.76,9512.6,21.11,27.22,0.563,3523.2,65.1,False
BGW-07,3,0,2020-02-27,138.46,168.2,235.09,107.2,0.313,4131.6,97.7,False
BGW-07,3,1,2020-02-28,134.82,198.8,198.14,95.84,0.326,4027.3,99.6,False
BGW-07,3,2,2020-02-29,131.28,213.4,204.85,89.65,0.304,4079.8,98.0,False
BGW-07,3,3,2020-03-01,127.6,260.9,203.99,91.01,0.309,4063.6,99.9,False
BGW-07,3,4,2020-03-02,124.56,284.8,180.5,84.17,0.318,4058.9,100.0,False
BGW-07,3,5,2020-03-03,121.63,312.0,188.33,89.14,0.321,4118.9,100.0,False
BGW-07,3,6,2020-03-04,118.22,347.9,157.69,76.06,0.325,4059.1,100.0,False
BGW-07,3,7,2020-03-05,115.4,399.6,158.76,72.44,0.313,4085.0,100.0,False
BGW-07,3,8,2020-03-06,112.64,462.1,141.0,67.71,0.324,4054.4,100.0,False
BGW-07,3,9,2020-03-07,109.75,490.6,124.21,57.6,0.317,4077.3,100.0,False
BGW-07,3,10,2020-03-08,107.01,582.1,128.08,61.47,0.324,4054.5,100.0,False
BGW-07,3,11,2020-03-09,104.19,635.7,120.13,58.91,0.329,4084.9,99.5,False
BGW-07,3,12,2020-03-10,102.36,678.0,115.45,55.27,0.324,4066.7,100.0,False
BGW-07,3,13,2020-03-11,99.85,682.2,113.64,58.49,0.34,4015.2,100.0,False
BGW-07,3,14,2020-03-12,97.33,852.0,98.6,50.42,0.338,4062.1,100.0,False
BGW-07,3,15,2020-03-13,95.51,938.0,97.76,55.48,0.362,4075.7,94.8,False
BGW-07,3,16,2020-03-14,93.87,982.2,98.58,53.01,0.35,3989.9,99.4,False
BGW-07,3,17,2020-03-15,91.25,1105.7,91.06,54.16,0.373,3956.7,100.0,False
BGW-07,3,18,2020-03-16,89.88,1094.0,86.11,48.18,0.359,3951.1,100.0,False
BGW-07,3,19,2020-03-17,87.37,1211.3,86.75,51.15,0.371,4017.5,96.3,False
BGW-07,3,20,2020-03-18,86.15,1322.6,72.75,39.41,0.351,4027.0,98.2,False
BGW-07,3,21,2020-03-19,84.18,1426.4,77.7,42.23,0.352,3944.5,100.0,False
BGW-07,3,22,2020-03-20,82.39,1637.4,78.85,50.42,0.39,3949.1,96.9,False
BGW-07,3,23,2020-03-21,81.27,1779.6,62.08,36.77,0.372,3902.4,98.5,False
BGW-07,3,24,2020-03-22,79.27,1823.8,68.03,42.44,0.384,3981.7,100.0,False
BGW-07,3,25,2020-03-23,78.28,1900.0,65.48,40.83,0.384,3942.0,100.0,False
BGW-07,3,26,2020-03-24,76.66,2139.4,63.94,41.29,0.392,3919.5,98.0,False
BGW-07,3,27,2020-03-25,75.89,2155.0,60.3,39.47,0.396,3994.4,95.9,False
BGW-07,3,28,2020-03-26,74.25,2453.8,57.71,36.71,0.389,3951.5,99.2,False
BGW-07,3,29,2020-03-27,73.16,2443.0,63.07,40.22,0.389,3874.3,98.0,False
BGW-07,3,30,2020-03-28,72.7,2500.7,62.71,41.13,0.396,3917.2,100.0,False
BGW-07,3,31,2020-03-29,71.72,2456.3,57.1,36.88,0.392,3909.7,99.4,False
BGW-07,3,32,2020-03-30,69.95,2949.6,51.99,32.54,0.385,3919.9,100.0,False
BGW-07,3,33,2020-03-31,68.87,3327.8,52.59,36.47,0.41,3892.4,100.0,False
BGW-07,3,34,2020-04-01,68.43,3362.3,50.59,33.5,0.398,3901.9,99.9,False
BGW-07,3,35,2020-04-02,67.43,3310.1,47.14,34.55,0.423,3849.5,96.8,False
BGW-07,3,36,2020-04-03,65.91,3453.2,50.35,36.89,0.423,3885.8,99.8,False
BGW-07,3,37,2020-04-04,65.47,3496.5,52.18,38.86,0.427,3838.4,100.0,False
BGW-07,3,38,2020-04-05,64.6,3728.3,45.39,32.76,0.419,3813.6,99.0,False
BGW-07,3,39,2020-04-06,64.54,3881.4,45.13,31.99,0.415,3847.8,95.3,False
BGW-07,3,40,2020-04-07,63.07,4266.7,44.11,33.24,0.43,3897.6,100.0,False
BGW-07,3,41,2020-04-08,62.58,4445.1,42.19,28.85,0.406,3810.6,99.5,False
BGW-07,3,42,2020-04-09,61.86,4279.1,42.77,33.32,0.438,3878.3,100.0,False
BGW-07,3,43,2020-04-10,60.64,4486.8,46.8,36.94,0.441,3823.8,100.0,False
BGW-07,3,44,2020-04-11,60.51,4387.6,38.97,29.75,0.433,3798.5,97.9,False
BGW-07,3,45,2020-04-12,60.7,4646.3,39.86,31.25,0.439,3794.8,100.0,False
BGW-07,3,46,2020-04-13,59.73,5025.4,35.48,27.76,0.439,3795.7,99.5,False
BGW-07,3,47,2020-04-14,58.97,5273.5,37.83,30.51,0.446,3730.9,100.0,False
BGW-07,3,48,2020-04-15,58.53,5367.1,34.61,28.19,0.449,3823.7,100.0,False
BGW-07,3,49,2020-04-16,57.94,5498.9,37.51,30.19,0.446,3763.1,100.0,False
BGW-07,3,50,2020-04-17,57.64,5172.3,37.94,31.32,0.452,3751.4,100.0,False
BGW-07,3,51,2020-04-18,56.88,5761.2,35.42,28.35,0.445,3712.6,100.0,False
BGW-07,3,52,2020-04-19,56.21,5596.5,36.32,31.19,0.462,3805.3,100.0,False
BGW-07,3,53,2020-04-20,55.89,6209.8,33.32,28.41,0.46,3816.7,100.0,False
BGW-07,3,54,2020-04-21,55.45,6416.3,33.1,29.05,0.467,3737.4,100.0,False
BGW-07,3,55,2020-04-22,54.12,7095.0,30.04,26.08,0.465,3717.0,98.5,False
BGW-07,3,56,2020-04-23,54.9,6385.2,31.11,27.77,0.472,3761.5,99.9,False
BGW-07,3,57,2020-04-24,54.07,6480.3,33.05,28.92,0.467,3709.1,97.3,False
BGW-07,3,58,2020-04-25,54.1,6655.4,31.02,27.04,0.466,3759.7,100.0,False
BGW-07,3,59,2020-04-26,53.23,6585.0,32.91,32.22,0.495,3737.5,93.6,False
BGW-07,3,60,2020-04-27,53.98,6496.9,33.86,31.29,0.48,3684.6,100.0,False
BGW-07,3,61,2020-04-28,53.49,7142.7,32.65,32.58,0.499,3792.6,98.5,False
BGW-07,3,62,2020-04-29,53.3,7130.3,28.35,25.42,0.473,3664.5,94.4,False
BGW-07,3,63,2020-04-30,53.03,7220.5,28.6,27.44,0.49,3709.6,96.8,False
BGW-07,3,64,2020-05-01,52.09,7563.2,29.22,27.58,0.486,3669.9,97.9,False
BGW-07,3,65,2020-05-02,51.81,7840.7,28.3,28.43,0.501,3696.3,86.1,False
BGW-07,3,66,2020-05-03,52.51,6928.6,30.02,29.1,0.492,3702.2,100.0,False
BGW-07,3,67,2020-05-04,51.71,7251.8,27.42,28.6,0.511,3618.2,93.1,False
BGW-07,3,68,2020-05-05,51.41,7788.2,28.38,28.57,0.502,3625.4,93.0,False
BGW-07,3,69,2020-05-06,51.38,7825.6,28.49,30.98,0.521,3624.6,88.4,False
BGW-07,3,70,2020-05-07,50.48,7524.2,27.7,28.94,0.511,3611.4,90.4,False
BGW-07,3,71,2020-05-08,51.25,8094.6,25.35,26.45,0.511,3611.9,87.6,False
BGW-07,3,72,2020-05-09,50.36,8101.7,28.36,31.97,0.53,3637.7,84.1,False
BGW-07,3,73,2020-05-10,50.42,7860.9,26.65,27.56,0.508,3663.6,92.8,False
BGW-07,3,74,2020-05-11,50.13,8106.7,28.02,32.4,0.536,3605.7,82.9,False
BGW-07,3,75,2020-05-12,50.07,8094.5,26.98,29.24,0.52,3600.2,84.7,False
BGW-07,3,76,2020-05-13,49.48,7946.2,27.78,30.42,0.523,3655.5,94.7,False
BGW-07,3,77,2020-05-14,49.62,9398.0,25.88,28.79,0.527,3610.2,61.9,True
BGW-07,3,78,2020-05-15,49.64,8699.9,25.06,27.65,0.525,3603.9,77.3,False
BGW-07,3,79,2020-05-16,49.38,8550.4,23.54,27.64,0.54,3603.4,77.2,False
BGW-07,3,80,2020-05-17,49.13,8692.8,27.99,32.72,0.539,3586.5,77.4,False
BGW-07,3,81,2020-05-18,48.69,9481.5,25.38,31.06,0.55,3554.3,58.5,True
BGW-07,3,82,2020-05-19,48.72,9417.2,25.4,31.3,0.552,3600.0,65.8,False
BGW-07,3,83,2020-05-20,48.91,9576.6,24.15,30.26,0.556,3590.6,66.0,False
BGW-07,3,84,2020-05-21,49.05,9360.2,24.16,29.96,0.554,3584.8,71.9,False
BGW-07,3,85,2020-05-22,49.07,8877.1,22.19,28.84,0.565,3535.7,72.0,False
BGW-07,3,86,2020-05-23,48.63,8552.5,25.07,34.84,0.582,3550.7,79.6,False
BGW-07,3,87,2020-05-24,49.27,9036.4,23.2,30.19,0.565,3563.9,75.7,False
BGW-07,3,88,2020-05-25,48.83,8009.3,23.99,31.2,0.565,3403.0,84.4,False
BGW-07,3,89,2020-05-26,48.16,9293.2,22.88,29.01,0.559,3517.5,71.1,False
BGW-07,4,0,2020-06-14,137.71,184.3,223.15,99.33,0.308,4177.8,100.0,False
BGW-07,4,1,2020-06-15,131.75,211.4,223.06,101.52,0.313,4076.2,98.8,False
BGW-07,4,2,2020-06-16,126.05,267.8,177.29,79.88,0.311,4058.8,98.1,False
BGW-07,4,3,2020-06-17,120.44,346.5,179.36,84.61,0.321,4115.3,100.0,False
BGW-07,4,4,2020-06-18,115.58,379.1,152.49,67.87,0.308,4122.8,100.0,False
BGW-07,4,5,2020-06-19,110.57,483.2,139.13,64.13,0.316,4125.9,98.4,False
BGW-07,4,6,2020-06-20,106.55,571.5,131.7,59.11,0.31,4108.7,100.0,False
BGW-07,4,7,2020-06-21,102.95,627.1,114.19,54.65,0.324,4080.7,100.0,False
BGW-07,4,8,2020-06-22,98.93,735.4,110.37,48.23,0.304,3998.2,99.6,False
BGW-07,4,9,2020-06-23,95.6,952.2,101.39,46.4,0.314,4112.0,100.0,False
BGW-07,4,10,2020-06-24,92.06,1094.3,91.43,43.69,0.323,3991.6,99.8,False
BGW-07,4,11,2020-06-25,89.53,1173.4,93.61,46.2,0.33,4085.3,95.4,False
BGW-07,4,12,2020-06-26,85.65,1408.4,83.89,42.99,0.339,4031.2,97.6,False
BGW-07,4,13,2020-06-27,83.04,1616.9,78.7,40.7,0.341,4092.0,98.3,False
BGW-07,4,14,2020-06-28,80.44,1659.9,74.28,38.52,0.341,4041.3,100.0,False
BGW-07,4,15,2020-06-29,78.52,1971.7,70.32,40.96,0.368,3994.6,100.0,False
BGW-07,4,16,2020-06-30,76.4,1924.6,68.25,38.56,0.361,4017.1,100.0,False
BGW-07,4,17,2020-07-01,74.52,2445.5,65.81,36.63,0.358,3931.9,99.1,False
BGW-07,4,18,2020-07-02,72.73,2605.3,59.43,31.89,0.349,3986.7,100.0,False
BGW-07,4,19,2020-07-03,70.67,2818.0,57.71,30.75,0.348,3966.0,100.0,False
BGW-07,4,20,2020-07-04,68.84,3205.6,50.36,29.69,0.371,3931.3,100.0,False
BGW-07,4,21,2020-07-05,67.92,3279.6,52.85,31.73,0.375,3979.9,100.0,False
BGW-07,4,22,2020-07-06,66.27,3573.3,48.64,26.45,0.352,4008.4,100.0,False
BGW-07,4,23,2020-07-07,64.93,3612.0,51.45,29.96,0.368,3990.7,93.7,False
BGW-07,4,24,2020-07-08,63.23,4417.5,47.06,27.85,0.372,4026.0,100.0,False
BGW-07,4,25,2020-07-09,62.66,4278.4,51.43,31.28,0.378,3918.3,100.0,False
BGW-07,4,26,2020-07-10,60.77,4621.3,42.77,26.59,0.383,3959.4,95.7,False
BGW-07,4,27,2020-07-11,60.02,4983.7,42.95,26.22,0.379,3979.0,97.1,False
BGW-07,4,28,2020-07-12,59.59,5005.4,43.58,27.5,0.387,3895.8,98.1,False
BGW-07,4,29,2020-07-13,58.42,5459.4,41.5,26.46,0.389,3912.5,100.0,False
BGW-07,4,30,2020-07-14,57.4,5304.8,37.81,23.11,0.379,3925.3,100.0,False
BGW-07,4,31,2020-07-15,56.84,6169.4,33.87,21.99,0.394,3900.9,100.0,False
BGW-07,4,32,2020-07-16,56.89,5926.3,38.84,27.15,0.411,3883.7,100.0,False
BGW-07,4,33,2020-07-17,55.46,5963.7,35.84,23.99,0.401,3909.3,100.0,False
BGW-07,4,34,2020-07-18,55.58,5652.3,34.25,22.88,0.401,3881.4,100.0,False
BGW-07,4,35,2020-07-19,53.86,6702.9,31.73,20.56,0.393,3867.2,100.0,False
BGW-07,4,36,2020-07-20,53.81,6760.9,32.86,22.06,0.402,3881.0,99.1,False
BGW-07,4,37,2020-07-21,53.68,7098.1,30.44,22.31,0.423,3845.3,100.0,False
BGW-07,4,38,2020-07-22,52.84,7322.0,31.75,23.08,0.421,3917.0,93.7,False
BGW-07,4,39,2020-07-23,51.77,7769.4,31.24,23.14,0.425,3885.4,88.4,False
BGW-07,4,40,2020-07-24,51.91,7184.8,29.72,21.81,0.423,3897.5,93.2,False
BGW-07,4,41,2020-07-25,51.88,8120.1,32.31,23.55,0.422,3756.3,83.4,False
BGW-07,4,42,2020-07-26,51.09,8463.7,27.75,20.6,0.426,3841.0,80.0,False
BGW-07,4,43,2020-07-27,51.26,7343.3,28.4,22.86,0.446,3815.1,98.2,False
BGW-07,4,44,2020-07-28,51.08,7470.0,31.36,23.99,0.433,3744.4,96.2,False
BGW-07,4,45,2020-07-29,50.2,8533.0,28.08,22.94,0.45,3780.4,84.4,False
BGW-07,4,46,2020-07-30,50.26,7937.5,28.85,23.29,0.447,3825.9,85.9,False
BGW-07,4,47,2020-07-31,49.61,8368.2,28.97,22.28,0.435,3826.7,80.2,False
BGW-07,4,48,2020-08-01,49.56,8103.4,29.35,23.25,0.442,3713.3,82.0,False
BGW-07,4,49,2020-08-02,49.58,8288.9,26.0,21.75,0.455,3758.1,86.3,False
BGW-07,4,50,2020-08-03,49.38,9419.4,27.92,24.17,0.464,3761.5,70.3,False
BGW-07,4,51,2020-08-04,48.9,9072.4,24.71,20.0,0.447,3775.0,69.6,False
BGW-07,4,52,2020-08-05,48.76,8750.7,27.62,22.38,0.448,3784.5,75.9,False
BGW-07,4,53,2020-08-06,48.85,8657.4,26.75,22.18,0.453,3758.6,78.6,False
BGW-07,4,54,2020-08-07,48.59,9187.8,26.0,21.56,0.453,3763.9,73.5,False
BGW-07,4,55,2020-08-08,48.48,8866.9,27.05,22.48,0.454,3732.3,75.2,False
BGW-07,4,56,2020-08-09,47.76,9395.4,25.36,20.91,0.452,3681.2,68.5,False
BGW-07,4,57,2020-08-10,48.63,9127.8,25.37,22.99,0.475,3756.1,74.9,False
BGW-07,4,58,2020-08-11,47.43,10207.5,25.5,23.11,0.475,3626.8,58.9,True
BGW-07,4,59,2020-08-12,47.42,9896.7,25.59,24.23,0.486,3770.8,63.1,True
BGW-07,4,60,2020-08-13,47.99,9236.3,27.46,24.46,0.471,3693.6,67.3,False
BGW-07,4,61,2020-08-14,47.37,9580.4,25.1,23.61,0.485,3701.1,67.3,False
BGW-07,4,62,2020-08-15,46.81,9443.3,23.65,21.8,0.48,3734.6,68.4,False
BGW-07,4,63,2020-08-16,47.4,9202.4,23.27,24.05,0.508,3703.5,76.8,False
BGW-07,4,64,2020-08-17,46.88,10119.2,23.62,23.09,0.494,3667.9,58.7,True
BGW-07,4,65,2020-08-18,47.08,9437.2,25.36,25.97,0.506,3682.4,68.3,False
BGW-07,4,66,2020-08-19,47.32,10701.7,23.4,24.2,0.508,3652.0,53.1,True
BGW-07,4,67,2020-08-20,47.56,9868.8,22.07,22.75,0.508,3595.3,66.1,False
BGW-07,4,68,2020-08-21,46.81,10180.8,20.52,19.59,0.488,3666.0,58.8,True
BGW-07,4,69,2020-08-22,47.19,10458.4,22.32,22.8,0.505,3632.9,52.2,True
BGW-07,4,70,2020-08-23,47.19,10116.8,22.69,24.35,0.518,3639.8,64.3,True
BGW-07,4,71,2020-08-24,47.35,9454.0,22.8,23.76,0.51,3600.3,71.3,False
BGW-07,4,72,2020-08-25,46.79,9323.3,23.58,26.65,0.531,3648.2,73.4,False
BGW-07,4,73,2020-08-26,47.1,10148.8,22.69,25.37,0.528,3611.0,58.1,True
BGW-07,4,74,2020-08-27,46.83,9887.7,20.45,21.44,0.512,3637.3,64.1,True
BGW-07,4,75,2020-08-28,46.78,11227.8,19.97,22.66,0.532,3635.2,50.1,True
BGW-07,4,76,2020-08-29,46.94,10396.4,21.52,25.95,0.547,3570.8,60.7,True
BGW-07,4,77,2020-08-30,46.81,9433.3,23.95,27.59,0.535,3586.2,73.3,False
BGW-07,4,78,2020-08-31,46.13,11596.1,20.46,22.71,0.526,3643.7,45.0,True
BGW-07,4,79,2020-09-01,46.59,10118.3,21.62,24.18,0.528,3629.3,58.4,True
BGW-07,4,80,2020-09-02,46.59,9826.2,21.02,25.99,0.553,3576.6,58.3,True
BGW-07,4,81,2020-09-03,47.35,10556.6,21.4,27.04,0.558,3558.3,58.8,True
BGW-07,4,82,2020-09-04,46.86,10746.6,19.29,23.94,0.554,3558.3,53.5,True
BGW-07,4,83,2020-09-05,46.57,10268.5,21.15,27.17,0.562,3543.0,59.9,True
BGW-07,4,84,2020-09-06,46.29,10142.0,21.1,25.48,0.547,3554.4,63.0,True
BGW-07,4,85,2020-09-07,46.87,9747.6,20.2,26.61,0.568,3528.5,65.6,False
BGW-07,4,86,2020-09-08,46.72,10356.4,19.21,25.88,0.574,3578.8,56.2,True
BGW-07,4,87,2020-09-09,46.1,10587.0,20.0,23.79,0.543,3463.2,56.4,True
BGW-07,4,88,2020-09-10,46.39,10740.5,19.45,24.46,0.557,3506.5,54.9,True
BGW-07,4,89,2020-09-11,46.35,10843.6,18.69,24.22,0.564,3470.2,53.8,True
BGW-07,5,0,2020-10-04,139.87,157.3,233.28,108.23,0.317,4128.6,97.8,False
BGW-07,5,1,2020-10-05,131.69,216.5,228.55,99.93,0.304,4103.0,98.9,False
BGW-07,5,2,2020-10-06,124.36,276.8,183.75,88.35,0.325,4093.9,100.0,False
BGW-07,5,3,2020-10-07,118.17,336.6,182.51,87.48,0.324,4127.8,100.0,False
BGW-07,5,4,2020-10-08,111.94,480.9,140.15,63.0,0.31,4131.6,99.8,False
BGW-07,5,5,2020-10-09,106.0,557.4,135.14,64.84,0.324,4103.8,97.9,False
BGW-07,5,6,2020-10-10,101.59,728.9,119.73,56.13,0.319,4077.3,100.0,False
BGW-07,5,7,2020-10-11,96.81,919.0,109.69,50.0,0.313,4061.0,96.3,False
BGW-07,5,8,2020-10-12,92.48,1042.9,109.67,54.12,0.33,4029.1,99.0,False
BGW-07,5,9,2020-10-13,88.73,1209.0,84.36,41.42,0.329,4043.5,97.0,False
BGW-07,5,10,2020-10-14,84.81,1391.9,82.49,39.65,0.325,4019.1,97.8,False
BGW-07,5,11,2020-10-15,81.4,1629.3,80.4,40.88,0.337,4099.1,100.0,False
BGW-07,5,12,2020-10-16,78.76,1945.7,74.28,38.73,0.343,4034.8,100.0,False
BGW-07,5,13,2020-10-17,75.51,2306.5,65.74,36.27,0.356,4010.0,100.0,False
BGW-07,5,14,2020-10-18,73.69,2198.6,72.82,35.98,0.331,4034.7,100.0,False
BGW-07,5,15,2020-10-19,71.36,2693.8,53.97,28.28,0.344,3953.6,99.3,False
BGW-07,5,16,2020-10-20,68.94,2947.9,59.03,31.45,0.348,4000.5,100.0,False
BGW-07,5,17,2020-10-21,67.14,3340.7,49.44,26.74,0.351,4019.4,100.0,False
BGW-07,5,18,2020-10-22,65.17,3513.5,53.55,30.15,0.36,3986.2,100.0,False
BGW-07,5,19,2020-10-23,63.14,4221.8,47.53,28.27,0.373,3986.2,100.0,False
BGW-07,5,20,2020-10-24,62.3,4214.8,45.49,25.71,0.361,3973.9,97.2,False
BGW-07,5,21,2020-10-25,61.41,4714.1,45.06,27.69,0.381,4048.6,97.5,False
BGW-07,5,22,2020-10-26,59.46,5427.9,45.8,24.72,0.351,3958.5,100.0,False
BGW-07,5,23,2020-10-27,58.3,5440.8,38.9,23.45,0.376,3965.5,97.2,False
BGW-07,5,24,2020-10-28,57.84,5545.5,39.42,24.11,0.379,3928.1,95.8,False
BGW-07,5,25,2020-10-29,56.36,6098.5,38.99,24.15,0.382,3922.8,99.9,False
BGW-07,5,26,2020-10-30,56.07,5837.2,39.27,23.96,0.379,3921.4,100.0,False
BGW-07,5,27,2020-10-31,55.15,6667.0,37.91,23.7,0.385,4017.4,98.7,False
BGW-07,5,28,2020-11-01,53.81,7029.7,35.54,22.29,0.385,3910.5,100.0,False
BGW-07,5,29,2020-11-02,53.57,6962.8,39.7,26.44,0.4,3936.2,100.0,False
BGW-07,5,30,2020-11-03,53.39,6680.1,34.63,20.6,0.373,3937.5,100.0,False
BGW-07,5,31,2020-11-04,51.98,7946.8,31.14,20.05,0.392,3953.1,88.6,False
BGW-07,5,32,2020-11-05,51.52,7790.4,33.5,22.68,0.404,3921.2,92.1,False
BGW-07,5,33,2020-11-06,51.14,8410.9,30.78,20.41,0.399,3872.6,86.3,False
BGW-07,5,34,2020-11-07,50.98,7707.6,36.02,26.86,0.427,3900.2,91.0,False
BGW-07,5,35,2020-11-08,50.49,8037.9,31.13,21.34,0.407,3885.7,82.5,False
BGW-07,5,36,2020-11-09,50.12,8426.1,29.98,20.53,0.406,3886.9,84.7,False
BGW-07,5,37,2020-11-10,50.23,8438.2,29.52,21.31,0.419,3927.2,76.0,False
BGW-07,5,38,2020-11-11,49.59,9355.3,27.15,18.47,0.405,3868.1,71.3,False
BGW-07,5,39,2020-11-12,49.34,8760.9,27.97,18.98,0.404,3811.9,78.7,False
BGW-07,5,40,2020-11-13,48.57,8941.8,29.01,22.97,0.442,3886.5,78.4,False
BGW-07,5,41,2020-11-14,48.95,9017.8,31.81,22.27,0.412,3826.5,73.3,False
BGW-07,5,42,2020-11-15,48.81,8611.9,29.45,22.57,0.434,3853.6,82.2,False
BGW-07,5,43,2020-11-16,48.82,8937.5,28.45,20.92,0.424,3875.8,72.7,False
BGW-07,5,44,2020-11-17,47.94,9656.9,27.37,22.02,0.446,3842.7,61.4,True
BGW-07,5,45,2020-11-18,48.0,9155.2,26.68,21.61,0.447,3805.3,75.0,False
BGW-07,5,46,2020-11-19,47.53,9228.9,27.75,20.71,0.427,3882.7,71.5,False
BGW-07,5,47,2020-11-20,47.87,9729.8,24.63,18.64,0.431,3787.0,67.8,False
BGW-07,5,48,2020-11-21,47.96,9450.6,31.16,24.61,0.441,3764.7,70.2,False
BGW-07,5,49,2020-11-22,47.84,9670.5,24.57,19.85,0.447,3822.2,70.6,False
BGW-07,5,50,2020-11-23,47.0,9781.0,27.91,22.97,0.451,3808.6,65.6,False
BGW-07,5,51,2020-11-24,46.93,9635.8,25.05,22.04,0.468,3792.6,70.0,False
BGW-07,5,52,2020-11-25,47.2,10306.6,24.42,21.21,0.465,3815.0,61.1,True
BGW-07,5,53,2020-11-26,47.15,9739.6,26.67,24.2,0.476,3724.1,64.0,True
BGW-07,5,54,2020-11-27,47.46,9091.9,23.45,20.17,0.462,3715.6,73.9,False
BGW-07,5,55,2020-11-28,47.06,9996.4,23.71,22.54,0.487,3774.4,63.3,True
BGW-07,5,56,2020-11-29,46.5,9633.0,25.05,23.94,0.489,3738.0,63.6,True
BGW-07,5,57,2020-11-30,46.51,9918.8,24.27,21.36,0.468,3687.0,59.1,True
BGW-07,5,58,2020-12-01,46.26,10552.1,24.01,22.34,0.482,3750.1,52.2,True
BGW-07,5,59,2020-12-02,47.0,9932.0,23.53,21.09,0.473,3761.6,63.4,True
BGW-07,5,60,2020-12-03,47.08,9779.4,24.37,21.7,0.471,3681.3,67.0,False
BGW-07,5,61,2020-12-04,46.91,11236.5,21.67,22.95,0.514,3676.8,47.6,True
BGW-07,5,62,2020-12-05,46.43,11274.2,22.68,21.14,0.482,3705.4,45.0,True
BGW-07,5,63,2020-12-06,46.63,10279.2,24.94,23.0,0.48,3683.4,60.3,True
BGW-07,5,64,2020-12-07,46.45,10689.9,20.76,18.44,0.47,3674.6,53.8,True
BGW-07,5,65,2020-12-08,46.17,9720.4,25.4,25.58,0.502,3737.7,65.6,False
BGW-07,5,66,2020-12-09,46.86,10741.4,20.77,19.79,0.488,3677.5,54.3,True
BGW-07,5,67,2020-12-10,46.9,9351.3,23.98,25.26,0.513,3646.0,73.1,False
BGW-07,5,68,2020-12-11,46.66,9810.4,22.26,21.87,0.496,3644.1,62.1,True
BGW-07,5,69,2020-12-12,46.34,9999.5,20.88,23.43,0.529,3654.3,60.5,True
BGW-07,5,70,2020-12-13,45.94,11134.1,21.41,22.07,0.508,3663.6,46.1,True
BGW-07,5,71,2020-12-14,45.57,10425.5,21.55,22.77,0.514,3620.6,64.0,True
BGW-07,5,72,2020-12-15,46.74,10834.3,21.95,22.97,0.511,3646.2,47.4,True
BGW-07,5,73,2020-12-16,46.92,10192.4,23.01,27.79,0.547,3584.0,62.0,True
BGW-07,5,74,2020-12-17,46.43,10833.5,20.74,24.26,0.539,3620.1,51.1,True
BGW-07,5,75,2020-12-18,46.3,10399.5,21.46,22.43,0.511,3566.3,55.5,True
BGW-07,5,76,2020-12-19,46.27,10025.5,22.55,26.5,0.54,3558.4,63.3,True
BGW-07,5,77,2020-12-20,46.35,9759.9,21.4,25.07,0.54,3603.7,68.0,False
BGW-07,5,78,2020-12-21,46.75,10173.5,20.85,24.95,0.545,3566.9,62.5,True
BGW-07,5,79,2020-12-22,46.48,10106.3,19.03,22.65,0.543,3585.6,56.7,True
BGW-07,5,80,2020-12-23,45.9,10272.6,20.35,25.29,0.554,3536.7,56.9,True
BGW-07,5,81,2020-12-24,46.46,10148.2,21.64,24.89,0.535,3636.2,60.7,True
BGW-07,5,82,2020-12-25,46.27,10424.5,18.84,22.08,0.54,3545.3,57.9,True
BGW-07,5,83,2020-12-26,46.52,10374.5,19.11,24.44,0.561,3525.4,53.4,True
BGW-07,5,84,2020-12-27,46.4,10934.6,18.92,23.65,0.556,3561.2,50.5,True
BGW-07,5,85,2020-12-28,46.69,9944.1,21.63,28.72,0.57,3549.7,68.0,False
BGW-07,5,86,2020-12-29,46.37,10094.8,18.91,23.81,0.557,3524.5,61.1,True
BGW-07,5,87,2020-12-30,46.5,9635.9,20.44,28.58,0.583,3539.4,69.6,False
BGW-07,5,88,2020-12-31,46.44,10102.7,18.46,24.53,0.571,3504.3,53.3,True
BGW-07,5,89,2021-01-01,46.31,10140.1,22.32,31.77,0.587,3479.4,63.3,True
BGW-07,6,0,2021-01-18,132.97,210.8,208.57,89.12,0.299,4144.1,96.9,False
BGW-07,6,1,2021-01-19,126.08,270.0,181.18,75.35,0.294,4102.4,96.5,False
BGW-07,6,2,2021-01-20,120.33,335.3,158.81,70.15,0.306,4120.3,97.7,False
BGW-07,6,3,2021-01-21,114.58,410.6,150.42,73.52,0.328,4085.4,96.1,False
BGW-07,6,4,2021-01-22,109.51,498.0,135.87,57.11,0.296,4061.8,97.9,False
BGW-07,6,5,2021-01-23,105.18,655.8,123.32,53.62,0.303,4054.3,100.0,False
BGW-07,6,6,2021-01-24,100.08,721.4,113.6,52.61,0.317,4055.8,96.1,False
BGW-07,6,7,2021-01-25,96.46,861.4,106.95,46.0,0.301,4049.4,100.0,False
BGW-07,6,8,2021-01-26,92.71,1020.7,94.67,42.39,0.309,4087.2,100.0,False
BGW-07,6,9,2021-01-27,89.13,1277.3,88.32,46.02,0.343,4078.4,98.6,False
BGW-07,6,10,2021-01-28,85.45,1373.6,83.69,39.28,0.319,4040.0,100.0,False
BGW-07,6,11,2021-01-29,82.06,1608.0,75.52,39.53,0.344,4085.9,100.0,False
BGW-07,6,12,2021-01-30,80.05,1758.8,72.65,36.53,0.335,4037.4,100.0,False
BGW-07,6,13,2021-01-31,77.16,2062.5,68.82,34.05,0.331,3981.4,100.0,False
BGW-07,6,14,2021-02-01,75.32,2299.3,68.74,34.31,0.333,4050.0,100.0,False
BGW-07,6,15,2021-02-02,72.75,2511.3,57.05,28.56,0.334,3977.4,97.7,False
BGW-07,6,16,2021-02-03,71.27,2581.5,59.12,32.46,0.354,4021.5,100.0,False
BGW-07,6,17,2021-02-04,69.22,2981.6,54.83,29.54,0.35,4064.3,100.0,False
BGW-07,6,18,2021-02-05,66.86,3150.7,54.17,31.37,0.367,4016.6,100.0,False
BGW-07,6,19,2021-02-06,66.05,3805.3,51.81,30.15,0.368,3987.3,96.2,False
BGW-07,6,20,2021-02-07,64.25,3887.5,47.01,28.54,0.378,4004.7,97.7,False
BGW-07,6,21,2021-02-08,62.9,4043.6,43.37,23.15,0.348,3972.0,100.0,False
BGW-07,6,22,2021-02-09,61.3,4218.3,45.4,26.25,0.366,3938.1,97.9,False
BGW-07,6,23,2021-02-10,60.32,4878.1,40.72,22.83,0.359,3991.5,99.8,False
BGW-07,6,24,2021-02-11,59.33,5056.7,39.67,22.82,0.365,3903.4,97.2,False
BGW-07,6,25,2021-02-12,58.69,5316.3,39.22,24.04,0.38,3924.4,100.0,False
BGW-07,6,26,2021-02-13,57.32,5507.6,43.16,27.62,0.39,3980.5,100.0,False
BGW-07,6,27,2021-02-14,56.94,5419.5,37.46,23.24,0.383,3926.0,100.0,False
BGW-07,6,28,2021-02-15,55.76,5991.9,37.93,22.43,0.372,3870.5,98.7,False
BGW-07,6,29,2021-02-16,54.76,6526.0,34.99,21.99,0.386,3959.6,100.0,False
BGW-07,6,30,2021-02-17,54.38,6644.2,33.04,21.88,0.398,3966.0,96.4,False
BGW-07,6,31,2021-02-18,54.13,6357.2,32.73,21.76,0.399,3921.6,99.0,False
BGW-07,6,32,2021-02-19,53.11,7495.8,31.57,23.07,0.422,3857.9,95.8,False
BGW-07,6,33,2021-02-20,53.32,7285.7,32.21,22.15,0.408,3837.4,93.1,False
BGW-07,6,34,2021-02-21,52.19,7838.3,31.0,22.55,0.421,3885.3,93.6,False
BGW-07,6,35,2021-02-22,52.11,7919.2,29.86,20.32,0.405,3805.4,89.0,False
BGW-07,6,36,2021-02-23,51.42,7966.2,29.84,21.04,0.414,3811.0,87.9,False
BGW-07,6,37,2021-02-24,51.45,7613.8,28.98,21.57,0.427,3872.2,95.4,False
BGW-07,6,38,2021-02-25,50.83,7637.6,29.47,22.14,0.429,3827.2,90.2,False
BGW-07,6,39,2021-02-26,50.3,8274.8,29.33,19.99,0.405,3878.0,76.4,False
BGW-07,6,40,2021-02-27,49.64,8341.1,25.16,19.16,0.432,3852.8,84.2,False
BGW-07,6,41,2021-02-28,49.78,7811.3,27.19,19.73,0.421,3828.5,87.7,False
BGW-07,6,42,2021-03-01,49.5,8968.4,24.89,18.62,0.428,3802.0,77.3,False
BGW-07,6,43,2021-03-02,49.13,8961.7,26.6,20.72,0.438,3813.5,75.5,False
BGW-07,6,44,2021-03-03,48.62,9145.0,26.29,19.36,0.424,3854.1,74.7,False
BGW-07,6,45,2021-03-04,48.57,8820.3,25.34,18.37,0.42,3795.7,83.1,False
BGW-07,6,46,2021-03-05,48.32,8803.2,25.64,19.59,0.433,3764.8,81.6,False
BGW-07,6,47,2021-03-06,47.94,9618.5,24.9,19.63,0.441,3799.5,68.5,False
BGW-07,6,48,2021-03-07,48.23,8751.0,23.74,18.58,0.439,3796.6,74.7,False
BGW-07,6,49,2021-03-08,47.55,9447.6,24.62,20.04,0.449,3771.9,70.2,False
BGW-07,6,50,2021-03-09,47.76,9993.8,23.72,20.72,0.466,3774.3,61.1,True
BGW-07,6,51,2021-03-10,47.79,9579.7,23.83,19.98,0.456,3799.4,71.9,False
BGW-07,6,52,2021-03-11,48.03,8873.5,23.48,20.02,0.46,3745.5,78.7,False
BGW-07,6,53,2021-03-12,47.39,10262.8,24.15,21.56,0.472,3738.6,57.3,True
BGW-07,6,54,2021-03-13,47.79,9392.4,23.29,19.44,0.455,3773.6,68.2,False
BGW-07,6,55,2021-03-14,46.96,10204.4,22.26,19.35,0.465,3733.9,58.9,True
BGW-07,6,56,2021-03-15,47.24,9620.2,22.8,21.32,0.483,3729.9,66.9,False
BGW-07,6,57,2021-03-16,47.05,9737.1,22.45,20.79,0.481,3659.4,63.1,True
BGW-07,6,58,2021-03-17,47.19,9710.8,22.39,21.1,0.485,3767.2,57.5,True
BGW-07,6,59,2021-03-18,47.42,9451.1,22.64,21.25,0.484,3694.0,70.6,False
BGW-07,6,60,2021-03-19,46.56,11079.2,22.65,21.21,0.484,3724.8,48.7,True
BGW-07,6,61,2021-03-20,47.21,9025.0,22.88,21.17,0.481,3722.5,74.0,False
BGW-07,6,62,2021-03-21,46.39,9736.6,21.7,20.81,0.49,3741.4,67.8,False
BGW-07,6,63,2021-03-22,46.8,10382.4,22.53,22.21,0.496,3673.6,57.0,True
BGW-07,6,64,2021-03-23,46.52,9753.1,22.54,21.97,0.494,3698.7,63.9,True
BGW-07,6,65,2021-03-24,46.73,9717.2,21.76,22.23,0.505,3678.2,62.5,True
BGW-07,6,66,2021-03-25,46.74,9774.1,21.55,20.25,0.484,3624.1,65.2,False
BGW-07,6,67,2021-03-26,47.04,9867.4,21.05,22.32,0.515,3635.7,60.6,True
BGW-07,6,68,2021-03-27,46.14,10989.7,22.65,21.7,0.489,3653.4,46.8,True
BGW-07,6,69,2021-03-28,46.5,10201.4,21.0,22.14,0.513,3650.2,56.5,True
BGW-07,6,70,2021-03-29,46.29,10167.9,19.28,19.91,0.508,3665.9,58.1,True
BGW-07,6,71,2021-03-30,46.58,10216.1,20.85,20.34,0.494,3621.1,53.2,True
BGW-07,6,72,2021-03-31,46.66,10026.9,20.03,21.33,0.516,3647.2,60.6,True
BGW-07,6,73,2021-04-01,46.77,9837.4,20.91,23.0,0.524,3666.6,65.3,False
BGW-07,6,74,2021-04-02,46.52,10688.2,19.03,20.42,0.518,3614.7,46.7,True
BGW-07,6,75,2021-04-03,46.71,9112.8,21.58,24.64,0.533,3567.4,75.0,False
BGW-07,6,76,2021-04-04,46.73,10085.8,21.03,23.6,0.529,3629.7,62.0,True
BGW-07,6,77,2021-04-05,46.42,10379.3,21.37,24.27,0.532,3609.8,53.7,True
BGW-07,6,78,2021-04-06,46.89,10514.6,20.59,21.66,0.513,3565.1,53.5,True
BGW-07,6,79,2021-04-07,46.46,10950.3,18.42,23.59,0.561,3552.8,48.6,True
BGW-07,6,80,2021-04-08,46.69,10483.7,20.34,23.34,0.534,3537.9,57.3,True
BGW-07,6,81,2021-04-09,46.19,10359.8,18.89,23.61,0.556,3555.5,55.6,True
BGW-07,6,82,2021-04-10,46.15,10862.2,18.58,23.6,0.559,3541.8,54.1,True
BGW-07,6,83,2021-04-11,46.41,10072.3,20.25,24.66,0.549,3549.7,59.8,True
BGW-07,6,84,2021-04-12,45.92,10527.2,19.9,24.86,0.555,3530.2,58.1,True
BGW-07,6,85,2021-04-13,46.25,9909.3,19.24,26.22,0.577,3517.1,63.9,True
BGW-07,6,86,2021-04-14,46.08,9816.8,18.82,24.71,0.568,3499.0,63.0,True
BGW-07,6,87,2021-04-15,46.12,10715.8,18.77,23.59,0.557,3587.1,51.9,True
BGW-07,6,88,2021-04-16,46.73,10690.7,17.2,22.31,0.565,3530.3,51.2,True
BGW-07,6,89,2021-04-17,46.68,10245.0,18.2,23.4,0.562,3528.8,60.7,True
BGW-07,7,0,2021-05-11,139.63,164.7,242.19,100.98,0.294,4134.3,97.6,False
BGW-07,7,1,2021-05-12,131.34,227.9,207.15,94.5,0.313,4136.4,100.0,False
BGW-07,7,2,2021-05-13,124.04,292.4,189.9,78.53,0.293,4172.3,100.0,False
BGW-07,7,3,2021-05-14,117.73,376.7,166.07,73.86,0.308,4126.3,99.7,False
BGW-07,7,4,2021-05-15,111.0,454.3,143.18,67.58,0.321,4083.8,97.4,False
BGW-07,7,5,2021-05-16,105.64,564.5,115.83,51.27,0.307,4098.3,100.0,False
BGW-07,7,6,2021-05-17,100.69,739.0,111.4,50.44,0.312,4070.5,100.0,False
BGW-07,7,7,2021-05-18,96.12,888.5,111.48,52.08,0.318,4131.0,100.0,False
BGW-07,7,8,2021-05-19,91.58,1087.1,90.22,45.45,0.335,4048.3,100.0,False
BGW-07,7,9,2021-05-20,87.83,1273.1,88.74,45.14,0.337,4052.1,100.0,False
BGW-07,7,10,2021-05-21,84.33,1542.5,76.94,38.25,0.332,4066.9,94.7,False
BGW-07,7,11,2021-05-22,81.18,1688.7,75.43,37.63,0.333,4049.5,98.8,False
BGW-07,7,12,2021-05-23,77.59,2000.8,65.76,34.48,0.344,4022.7,100.0,False
BGW-07,7,13,2021-05-24,75.11,2254.3,68.3,34.66,0.337,4007.6,100.0,False
BGW-07,7,14,2021-05-25,72.85,2645.0,62.85,35.17,0.359,4059.1,100.0,False
BGW-07,7,15,2021-05-26,70.82,2680.8,56.56,28.12,0.332,3969.8,100.0,False
BGW-07,7,16,2021-05-27,67.72,3132.0,49.45,26.96,0.353,3957.5,96.7,False
BGW-07,7,17,2021-05-28,66.34,3510.8,46.25,24.46,0.346,3990.6,99.8,False
BGW-07,7,18,2021-05-29,64.52,4035.8,52.7,28.75,0.353,3987.4,96.0,False
BGW-07,7,19,2021-05-30,63.09,4134.7,47.67,29.36,0.381,3972.4,94.9,False
BGW-07,7,20,2021-05-31,62.05,4283.6,46.78,27.28,0.368,4038.1,100.0,False
BGW-07,7,21,2021-06-01,60.36,4454.7,42.18,26.62,0.387,3988.8,95.8,False
BGW-07,7,22,2021-06-02,58.3,5047.1,42.88,25.02,0.368,3942.6,98.9,False
BGW-07,7,23,2021-06-03,57.35,5761.6,37.88,20.93,0.356,3977.6,100.0,False
BGW-07,7,24,2021-06-04,56.88,5773.7,37.99,22.03,0.367,3975.3,100.0,False
BGW-07,7,25,2021-06-05,56.33,6109.9,35.42,22.02,0.383,3925.1,100.0,False
BGW-07,7,26,2021-06-06,55.04,6522.6,37.79,21.43,0.362,3974.5,100.0,False
BGW-07,7,27,2021-06-07,54.47,6484.7,35.64,21.54,0.377,3888.4,99.5,False
BGW-07,7,28,2021-06-08,53.18,7710.7,32.35,20.52,0.388,3901.0,91.2,False
BGW-07,7,29,2021-06-09,52.97,7131.9,32.59,20.11,0.382,3924.6,100.0,False
BGW-07,7,30,2021-06-10,52.59,7462.1,31.71,20.3,0.39,3883.8,98.9,False
BGW-07,7,31,2021-06-11,51.38,7933.3,29.92,18.68,0.384,3900.9,91.1,False
BGW-07,7,32,2021-06-12,51.07,8527.2,27.4,18.05,0.397,3906.5,75.1,False
BGW-07,7,33,2021-06-13,50.81,8274.0,29.73,21.05,0.415,3843.4,82.8,False
BGW-07,7,34,2021-06-14,50.67,7991.0,27.28,17.7,0.394,3931.3,85.5,False
BGW-07,7,35,2021-06-15,50.44,8064.4,30.18,19.03,0.387,3889.8,85.0,False
BGW-07,7,36,2021-06-16,49.93,8231.3,28.91,20.38,0.413,3896.8,84.6,False
BGW-07,7,37,2021-06-17,49.67,8713.2,30.56,22.25,0.421,3843.9,83.7,False
BGW-07,7,38,2021-06-18,48.81,8908.6,27.24,20.61,0.431,3854.8,72.5,False
BGW-07,7,39,2021-06-19,49.15,8824.3,27.17,19.89,0.423,3896.4,80.2,False
BGW-07,7,40,2021-06-20,48.8,8675.8,29.53,20.63,0.411,3883.8,84.3,False
BGW-07,7,41,2021-06-21,49.02,9099.2,23.94,16.96,0.415,3816.3,74.4,False
BGW-07,7,42,2021-06-22,48.28,9459.6,25.75,18.33,0.416,3845.2,71.5,False
BGW-07,7,43,2021-06-23,48.12,9583.9,25.74,20.59,0.444,3862.6,67.7,False
BGW-07,7,44,2021-06-24,47.47,9845.8,24.64,18.25,0.425,3842.7,67.4,False
BGW-07,7,45,2021-06-25,47.27,10055.9,25.47,19.2,0.43,3761.4,58.7,True
BGW-07,7,46,2021-06-26,47.64,9505.0,26.11,20.75,0.443,3809.5,65.1,False
BGW-07,7,47,2021-06-27,47.54,9274.5,23.22,18.94,0.449,3812.1,72.6,False
BGW-07,7,48,2021-06-28,47.28,9837.0,22.75,17.6,0.436,3796.4,64.1,True
BGW-07,7,49,2021-06-29,46.9,9567.7,24.01,20.34,0.459,3785.9,65.1,False
BGW-07,7,50,2021-06-30,47.37,9623.0,24.54,19.17,0.439,3817.9,64.8,True
BGW-07,7,51,2021-07-01,47.66,9888.5,25.12,19.48,0.437,3758.6,60.5,True
BGW-07,7,52,2021-07-02,47.85,9338.8,25.06,21.51,0.462,3760.4,71.5,False
BGW-07,7,53,2021-07-03,46.69,9066.4,25.87,21.59,0.455,3767.4,68.3,False
BGW-07,7,54,2021-07-04,47.11,10170.1,24.33,20.3,0.455,3737.8,57.2,True
BGW-07,7,55,2021-07-05,47.17,9036.1,24.11,21.93,0.476,3761.8,77.0,False
BGW-07,7,56,2021-07-06,47.19,8797.8,26.07,23.43,0.473,3698.4,81.4,False
BGW-07,7,57,2021-07-07,46.29,11101.0,20.78,18.42,0.47,3750.0,49.4,True
BGW-07,7,58,2021-07-08,47.1,9960.5,21.42,20.02,0.483,3665.5,64.6,True
BGW-07,7,59,2021-07-09,47.16,8906.9,24.7,22.14,0.473,3728.4,78.1,False
BGW-07,7,60,2021-07-10,46.68,10293.3,21.9,20.97,0.489,3666.0,64.8,True
BGW-07,7,61,2021-07-11,45.7,10517.5,21.14,19.62,0.481,3725.5,52.6,True
BGW-07,7,62,2021-07-12,46.21,10574.5,22.18,21.41,0.491,3721.0,56.1,True
BGW-07,7,63,2021-07-13,46.61,10010.3,22.35,22.09,0.497,3634.2,64.5,True
BGW-07,7,64,2021-07-14,46.51,9781.4,22.51,22.63,0.501,3656.9,63.9,True
BGW-07,7,65,2021-07-15,46.72,10032.1,23.12,24.53,0.515,3678.9,64.5,True
BGW-07,7,66,2021-07-16,47.07,9984.3,20.94,20.38,0.493,3664.8,60.0,True
BGW-07,7,67,2021-07-17,46.64,9576.3,21.19,21.64,0.505,3657.4,69.3,False
BGW-07,7,68,2021-07-18,46.55,9690.8,20.49,20.94,0.505,3658.2,67.4,False
BGW-07,7,69,2021-07-19,46.21,10288.5,22.45,23.79,0.515,3613.7,57.8,True
BGW-07,7,70,2021-07-20,46.23,10374.2,20.91,22.45,0.518,3626.5,58.3,True
BGW-07,7,71,2021-07-21,46.28,11226.6,19.33,19.49,0.502,3620.1,41.3,True
BGW-07,7,72,2021-07-22,46.7,9867.2,22.4,24.08,0.518,3601.1,67.0,False
BGW-07,7,73,2021-07-23,46.18,10438.1,20.73,22.39,0.519,3634.6,57.2,True
BGW-07,7,74,2021-07-24,45.97,10386.3,19.64,21.23,0.519,3595.0,58.2,True
BGW-07,7,75,2021-07-25,45.78,10541.4,18.9,21.49,0.532,3538.0,57.4,True
BGW-07,7,76,2021-07-26,46.14,10572.3,18.46,21.48,0.538,3591.5,57.8,True
BGW-07,7,77,2021-07-27,46.14,9508.2,21.4,26.49,0.553,3583.7,73.6,False
BGW-07,7,78,2021-07-28,46.03,10848.3,19.27,22.7,0.541,3585.5,52.0,True
BGW-07,7,79,2021-07-29,46.66,10560.2,19.0,21.41,0.53,3565.4,47.3,True
BGW-07,7,80,2021-07-30,46.02,10676.5,18.99,22.28,0.54,3580.9,55.7,True
BGW-07,7,81,2021-07-31,46.31,11048.3,19.67,23.17,0.541,3585.7,47.4,True
BGW-07,7,82,2021-08-01,46.4,9823.6,20.67,26.38,0.561,3601.5,67.8,False
BGW-07,7,83,2021-08-02,46.95,10666.6,19.36,23.56,0.549,3548.7,47.9,True
BGW-07,7,84,2021-08-03,46.48,10241.8,17.51,21.51,0.551,3510.7,60.8,True
BGW-07,7,85,2021-08-04,46.37,10467.8,20.08,27.07,0.574,3540.1,54.8,True
BGW-07,7,86,2021-08-05,46.38,10552.7,19.35,26.1,0.574,3540.3,47.9,True
BGW-07,7,87,2021-08-06,46.46,10140.2,17.01,21.86,0.562,3571.2,58.0,True
BGW-07,7,88,2021-08-07,46.43,9936.4,17.24,23.04,0.572,3507.6,64.9,True
BGW-07,7,89,2021-08-08,46.49,10077.8,19.95,27.43,0.579,3465.3,56.0,True
BGW-08,1,0,2019-06-18,146.26,88.3,278.4,130.53,0.319,3550.9,100.0,False
BGW-08,1,1,2019-06-19,141.89,102.3,270.94,119.85,0.307,3553.6,100.0,False
BGW-08,1,2,2019-06-20,137.9,132.1,233.89,100.87,0.301,3560.1,99.4,False
BGW-08,1,3,2019-06-21,134.03,142.0,243.88,117.79,0.326,3521.9,99.7,False
BGW-08,1,4,2019-06-22,129.84,170.7,208.25,96.53,0.317,3534.9,99.9,False
BGW-08,1,5,2019-06-23,126.73,184.9,199.04,97.18,0.328,3507.5,98.2,False
BGW-08,1,6,2019-06-24,123.57,225.3,178.44,88.27,0.331,3568.3,100.0,False
BGW-08,1,7,2019-06-25,120.58,248.3,172.0,86.54,0.335,3506.8,100.0,False
BGW-08,1,8,2019-06-26,116.92,290.5,156.22,79.2,0.336,3493.8,100.0,False
BGW-08,1,9,2019-06-27,113.93,316.6,134.86,71.25,0.346,3539.1,97.7,False
BGW-08,1,10,2019-06-28,111.95,341.9,133.32,71.99,0.351,3443.2,100.0,False
BGW-08,1,11,2019-06-29,109.06,368.8,128.82,72.23,0.359,3490.5,100.0,False
BGW-08,1,12,2019-06-30,106.03,451.7,120.51,63.37,0.345,3478.9,97.2,False
BGW-08,1,13,2019-07-01,104.05,500.7,108.56,57.84,0.348,3455.8,98.8,False
BGW-08,1,14,2019-07-02,101.35,585.3,103.76,53.4,0.34,3492.4,100.0,False
BGW-08,1,15,2019-07-03,98.87,630.5,96.48,55.96,0.367,3471.7,98.9,False
BGW-08,1,16,2019-07-04,97.05,656.7,104.42,61.31,0.37,3473.7,97.8,False
BGW-08,1,17,2019-07-05,95.31,758.4,97.95,64.08,0.395,3444.6,99.6,False
BGW-08,1,18,2019-07-06,92.72,784.2,93.87,54.14,0.366,3488.4,100.0,False
BGW-08,1,19,2019-07-07,90.77,907.4,89.57,52.97,0.372,3418.8,98.0,False
BGW-08,1,20,2019-07-08,89.2,1079.9,78.22,47.36,0.377,3486.1,100.0,False
BGW-08,1,21,2019-07-09,87.58,1231.1,69.95,44.59,0.389,3465.4,98.8,False
BGW-08,1,22,2019-07-10,85.71,1232.1,78.81,50.57,0.391,3409.1,100.0,False
BGW-08,1,23,2019-07-11,84.21,1252.6,71.76,46.45,0.393,3476.3,99.5,False
BGW-08,1,24,2019-07-12,83.05,1391.5,66.91,41.26,0.381,3388.1,99.2,False
BGW-08,1,25,2019-07-13,80.96,1533.5,56.93,37.34,0.396,3414.3,100.0,False
BGW-08,1,26,2019-07-14,78.86,1699.7,54.75,34.6,0.387,3335.6,100.0,False
BGW-08,1,27,2019-07-15,78.04,1851.8,54.17,34.42,0.389,3414.0,100.0,False
BGW-08,1,28,2019-07-16,77.25,1905.0,55.32,38.76,0.412,3346.2,100.0,False
BGW-08,1,29,2019-07-17,75.69,2024.3,51.87,36.37,0.412,3448.6,100.0,False
BGW-08,1,30,2019-07-18,74.82,2243.4,47.41,31.25,0.397,3424.5,97.8,False
BGW-08,1,31,2019-07-19,73.04,2251.4,47.05,36.35,0.436,3394.8,99.6,False
BGW-08,1,32,2019-07-20,71.87,2587.3,42.66,28.62,0.402,3379.5,97.8,False
BGW-08,1,33,2019-07-21,70.9,2789.3,45.94,31.58,0.407,3355.2,100.0,False
BGW-08,1,34,2019-07-22,69.94,2867.8,38.82,28.65,0.425,3339.7,97.9,False
BGW-08,1,35,2019-07-23,69.71,2741.6,46.43,34.05,0.423,3347.6,100.0,False
BGW-08,1,36,2019-07-24,68.09,3256.0,42.89,30.85,0.418,3331.7,96.9,False
BGW-08,1,37,2019-07-25,67.57,3305.1,41.47,28.84,0.41,3382.4,100.0,False
BGW-08,1,38,2019-07-26,66.46,3631.1,36.04,27.88,0.436,3369.1,96.9,False
BGW-08,1,39,2019-07-27,65.76,3750.0,38.64,28.94,0.428,3323.9,98.5,False
BGW-08,1,40,2019-07-28,64.62,3926.2,39.1,28.35,0.42,3327.3,100.0,False
BGW-08,1,41,2019-07-29,63.78,3972.6,38.95,31.51,0.447,3298.0,100.0,False
BGW-08,1,42,2019-07-30,63.29,3893.0,36.63,29.33,0.445,3353.0,100.0,False
BGW-08,1,43,2019-07-31,62.78,3992.8,33.22,27.13,0.45,3306.9,100.0,False
BGW-08,1,44,2019-08-01,61.44,4851.8,33.43,27.24,0.449,3302.2,96.5,False
BGW-08,1,45,2019-08-02,61.45,4550.1,32.09,26.23,0.45,3345.7,98.2,False
BGW-08,1,46,2019-08-03,60.89,4510.4,31.19,26.15,0.456,3277.3,98.5,False
BGW-08,1,47,2019-08-04,59.69,4744.2,32.42,26.92,0.454,3301.7,100.0,False
BGW-08,1,48,2019-08-05,59.11,4804.9,32.39,27.08,0.455,3286.4,100.0,False
BGW-08,1,49,2019-08-06,58.31,5140.1,29.66,25.96,0.467,3276.6,96.8,False
BGW-08,1,50,2019-08-07,57.98,5461.1,30.28,27.95,0.48,3241.6,100.0,False
BGW-08,1,51,2019-08-08,58.32,5311.2,31.02,26.66,0.462,3236.1,100.0,False
BGW-08,1,52,2019-08-09,57.49,5803.8,27.9,24.33,0.466,3229.5,100.0,False
BGW-08,1,53,2019-08-10,56.47,6053.9,27.78,24.93,0.473,3268.1,100.0,False
BGW-08,1,54,2019-08-11,56.44,5719.7,27.48,25.69,0.483,3225.8,100.0,False
BGW-08,1,55,2019-08-12,55.82,6360.5,26.71,25.44,0.488,3227.0,100.0,False
BGW-08,1,56,2019-08-13,55.93,6198.6,27.47,23.54,0.461,3203.0,97.1,False
BGW-08,1,57,2019-08-14,55.16,6485.5,26.65,25.52,0.489,3245.3,97.9,False
BGW-08,1,58,2019-08-15,55.42,6266.3,25.77,24.02,0.482,3202.8,100.0,False
BGW-08,1,59,2019-08-16,54.0,6530.9,27.39,27.96,0.505,3219.4,100.0,False
BGW-08,1,60,2019-08-17,53.87,6853.9,23.55,21.74,0.48,3222.9,100.0,False
BGW-08,1,61,2019-08-18,54.43,6724.0,23.74,23.46,0.497,3186.0,99.2,False
BGW-08,1,62,2019-08-19,53.62,6745.5,25.38,26.19,0.508,3204.1,100.0,False
BGW-08,1,63,2019-08-20,53.53,6997.1,24.33,26.12,0.518,3176.8,95.9,False
BGW-08,1,64,2019-08-21,53.26,7177.8,23.96,24.41,0.505,3215.5,98.1,False
BGW-08,1,65,2019-08-22,52.92,7394.0,25.21,26.63,0.514,3146.2,97.6,False
BGW-08,1,66,2019-08-23,52.89,7467.4,20.6,23.22,0.53,3159.2,94.1,False
BGW-08,1,67,2019-08-24,51.93,7987.9,21.88,22.82,0.511,3156.4,85.7,False
BGW-08,1,68,2019-08-25,51.71,8231.4,22.78,25.0,0.523,3156.4,86.1,False
BGW-08,1,69,2019-08-26,51.32,8757.4,22.83,26.63,0.538,3139.4,80.6,False
BGW-08,1,70,2019-08-27,50.7,8060.9,23.13,25.49,0.524,3072.5,85.2,False
BGW-08,1,71,2019-08-28,51.18,7871.8,21.69,25.14,0.537,3113.4,85.8,False
BGW-08,1,72,2019-08-29,51.03,8590.6,21.17,25.46,0.546,3091.8,75.8,False
BGW-08,1,73,2019-08-30,50.31,8116.9,22.35,24.65,0.525,3140.9,81.5,False
BGW-08,1,74,2019-08-31,50.82,8760.6,22.15,24.79,0.528,3138.5,78.3,False
BGW-08,1,75,2019-09-01,50.25,8760.4,19.81,22.7,0.534,3162.9,78.6,False
BGW-08,1,76,2019-09-02,50.56,8766.4,21.05,24.97,0.543,3086.6,73.0,False
BGW-08,1,77,2019-09-03,49.8,9154.3,21.49,26.66,0.554,3107.9,75.9,False
BGW-08,1,78,2019-09-04,49.59,9049.3,19.76,24.73,0.556,3096.9,72.7,False
BGW-08,1,79,2019-09-05,49.93,8615.7,21.82,25.49,0.539,3091.1,80.2,False
BGW-08,1,80,2019-09-06,49.82,8457.5,19.3,24.85,0.563,3085.2,80.2,False
BGW-08,1,81,2019-09-07,49.23,9613.3,20.0,25.52,0.561,3097.0,63.0,True
BGW-08,1,82,2019-09-08,49.0,9162.2,18.66,23.73,0.56,3082.9,75.5,False
BGW-08,1,83,2019-09-09,49.03,9428.6,19.76,25.66,0.565,3038.9,69.4,False
BGW-08,1,84,2019-09-10,49.07,8730.7,20.76,26.03,0.556,2990.8,81.4,False
BGW-08,1,85,2019-09-11,49.41,8583.3,19.03,25.58,0.573,3049.7,81.6,False
BGW-08,1,86,2019-09-12,49.06,9073.5,19.28,25.59,0.57,2994.3,71.8,False
BGW-08,1,87,2019-09-13,48.68,9551.9,20.24,26.13,0.563,3082.5,65.4,False
BGW-08,1,88,2019-09-14,48.66,9816.5,19.32,27.11,0.584,3043.2,69.4,False
BGW-08,1,89,2019-09-15,48.17,10160.6,18.02,25.01,0.581,3009.8,60.6,True
BGW-08,2,0,2019-10-03,132.72,150.2,261.21,120.14,0.315,3582.6,100.0,False
BGW-08,2,1,2019-10-04,126.8,189.3,192.47,88.56,0.315,3564.0,100.0,False
BGW-08,2,2,2019-10-05,121.63,237.8,198.82,99.24,0.333,3548.5,100.0,False
BGW-08,2,3,2019-10-06,115.39,301.5,176.72,84.16,0.323,3514.9,100.0,False
BGW-08,2,4,2019-10-07,110.39,404.2,150.01,79.27,0.346,3537.6,100.0,False
BGW-08,2,5,2019-10-08,105.67,462.7,128.52,65.95,0.339,3547.7,100.0,False
BGW-08,2,6,2019-10-09,101.44,563.8,137.19,68.47,0.333,3480.4,100.0,False
BGW-08,2,7,2019-10-10,97.08,706.2,122.31,64.61,0.346,3477.1,95.3,False
BGW-08,2,8,2019-10-11,93.67,794.4,115.23,54.98,0.323,3514.5,99.7,False
BGW-08,2,9,2019-10-12,90.17,930.7,92.66,48.59,0.344,3539.8,100.0,False
BGW-08,2,10,2019-10-13,86.7,1187.5,93.94,52.51,0.359,3451.7,99.8,False
BGW-08,2,11,2019-10-14,83.8,1336.3,88.76,44.31,0.333,3523.7,99.1,False
BGW-08,2,12,2019-10-15,81.03,1515.7,89.49,46.23,0.341,3522.4,100.0,False
BGW-08,2,13,2019-10-16,78.43,1753.3,75.8,41.92,0.356,3473.0,98.2,False
BGW-08,2,14,2019-10-17,76.02,1967.6,70.65,35.58,0.335,3464.0,100.0,False
BGW-08,2,15,2019-10-18,73.36,2264.6,65.88,39.2,0.373,3494.0,98.4,False
BGW-08,2,16,2019-10-19,72.3,2372.0,65.1,40.0,0.381,3479.2,100.0,False
BGW-08,2,17,2019-10-20,69.87,2853.7,59.89,31.97,0.348,3426.6,98.9,False
BGW-08,2,18,2019-10-21,68.28,2922.5,60.3,35.38,0.37,3441.3,96.3,False
BGW-08,2,19,2019-10-22,66.81,3444.9,52.2,29.53,0.361,3449.9,100.0,False
BGW-08,2,20,2019-10-23,65.14,3507.2,54.3,35.08,0.392,3476.2,100.0,False
BGW-08,2,21,2019-10-24,63.73,3756.4,50.05,29.04,0.367,3475.0,100.0,False
BGW-08,2,22,2019-10-25,62.48,4152.6,47.4,29.66,0.385,3398.3,96.3,False
BGW-08,2,23,2019-10-26,61.5,4397.6,47.07,29.17,0.383,3431.4,100.0,False
BGW-08,2,24,2019-10-27,59.9,4743.6,45.5,29.13,0.39,3416.7,99.9,False
BGW-08,2,25,2019-10-28,59.11,5103.2,42.55,28.53,0.401,3418.4,98.6,False
BGW-08,2,26,2019-10-29,57.52,5561.9,40.13,24.96,0.384,3416.1,100.0,False
BGW-08,2,27,2019-10-30,57.62,5770.3,43.52,28.33,0.394,3428.1,100.0,False
BGW-08,2,28,2019-10-31,56.45,6041.4,40.08,26.7,0.4,3408.2,99.9,False
BGW-08,2,29,2019-11-01,56.2,5782.0,43.14,28.59,0.399,3380.8,100.0,False
BGW-08,2,30,2019-11-02,55.1,6439.4,35.51,26.0,0.423,3387.4,97.2,False
BGW-08,2,31,2019-11-03,54.0,6559.9,37.75,25.42,0.402,3377.8,96.5,False
BGW-08,2,32,2019-11-04,53.27,7270.5,36.1,22.74,0.387,3387.0,95.0,False
BGW-08,2,33,2019-11-05,52.84,7581.1,36.23,24.57,0.404,3391.8,92.6,False
BGW-08,2,34,2019-11-06,52.37,7577.2,37.29,25.78,0.409,3328.7,94.0,False
BGW-08,2,35,2019-11-07,52.11,7905.1,30.47,21.61,0.415,3361.9,89.7,False
BGW-08,2,36,2019-11-08,51.55,7685.7,35.61,25.79,0.42,3360.6,92.9,False
BGW-08,2,37,2019-11-09,51.16,8588.5,31.81,24.82,0.438,3374.8,83.6,False
BGW-08,2,38,2019-11-10,50.86,9281.6,31.79,24.15,0.432,3303.5,70.7,False
BGW-08,2,39,2019-11-11,50.95,8148.8,34.56,27.59,0.444,3310.6,87.1,False
BGW-08,2,40,2019-11-12,50.13,7879.2,33.04,26.31,0.443,3307.8,88.1,False
BGW-08,2,41,2019-11-13,49.83,9374.5,30.71,25.84,0.457,3326.0,67.9,False
BGW-08,2,42,2019-11-14,49.51,9898.7,30.21,26.0,0.463,3359.4,61.6,True
BGW-08,2,43,2019-11-15,49.41,9477.1,28.47,23.09,0.448,3315.4,65.0,False
BGW-08,2,44,2019-11-16,48.68,9557.3,31.66,26.19,0.453,3244.8,63.5,True
BGW-08,2,45,2019-11-17,49.06,9981.0,27.89,24.86,0.471,3237.0,61.8,True
BGW-08,2,46,2019-11-18,48.23,10173.1,29.05,25.57,0.468,3293.4,55.7,True
BGW-08,2,47,2019-11-19,48.51,9640.0,28.76,23.78,0.453,3293.0,66.7,False
BGW-08,2,48,2019-11-20,48.41,10241.7,26.78,21.14,0.441,3249.7,61.5,True
BGW-08,2,49,2019-11-21,48.05,9737.5,27.94,22.65,0.448,3291.5,63.2,True
BGW-08,2,50,2019-11-22,48.01,10208.6,27.44,24.76,0.474,3202.8,57.3,True
BGW-08,2,51,2019-11-23,47.96,10346.6,27.05,25.0,0.48,3280.3,54.5,True
BGW-08,2,52,2019-11-24,48.26,9864.1,27.87,24.74,0.47,3266.3,68.2,False
BGW-08,2,53,2019-11-25,48.26,9961.9,27.02,23.82,0.468,3187.0,62.2,True
BGW-08,2,54,2019-11-26,47.36,10235.6,27.79,27.43,0.497,3184.7,58.7,True
BGW-08,2,55,2019-11-27,47.12,10690.8,26.96,26.59,0.497,3264.3,55.5,True
BGW-08,2,56,2019-11-28,47.23,10977.5,25.25,24.55,0.493,3187.0,48.1,True
BGW-08,2,57,2019-11-29,47.38,11003.1,25.71,25.91,0.502,3188.6,43.7,True
BGW-08,2,58,2019-11-30,47.08,10450.9,25.76,24.82,0.491,3207.8,54.2,True
BGW-08,2,59,2019-12-01,47.13,10295.2,26.51,25.05,0.486,3235.5,54.1,True
BGW-08,2,60,2019-12-02,47.48,10788.9,26.46,25.31,0.489,3238.4,50.5,True
BGW-08,2,61,2019-12-03,46.22,11035.3,26.61,25.25,0.487,3212.1,49.5,True
BGW-08,2,62,2019-12-04,46.41,11104.1,24.68,25.23,0.505,3206.8,49.4,True
BGW-08,2,63,2019-12-05,46.81,10914.3,24.04,24.43,0.504,3219.8,47.4,True
BGW-08,2,64,2019-12-06,46.94,10996.0,27.56,28.0,0.504,3172.3,47.1,True
BGW-08,2,65,2019-12-07,46.2,10546.7,26.4,26.01,0.496,3174.0,51.3,True
BGW-08,2,66,2019-12-08,46.51,11387.1,24.77,25.3,0.505,3192.9,46.6,True
BGW-08,2,67,2019-12-09,46.17,11345.0,23.74,24.6,0.509,3168.9,49.9,True
BGW-08,2,68,2019-12-10,46.49,11044.2,25.86,27.16,0.512,3178.9,46.5,True
BGW-08,2,69,2019-12-11,46.07,11764.7,22.16,24.0,0.52,3121.6,34.1,True
BGW-08,2,70,2019-12-12,46.88,11201.0,25.82,26.96,0.511,3157.5,43.0,True
BGW-08,2,71,2019-12-13,46.67,10540.7,24.15,25.85,0.517,3127.1,59.6,True
BGW-08,2,72,2019-12-14,46.44,11082.5,25.63,27.96,0.522,3097.1,51.1,True
BGW-08,2,73,2019-12-15,46.75,10110.7,24.91,30.51,0.551,3142.1,62.2,True
BGW-08,2,74,2019-12-16,46.06,10983.6,25.79,30.52,0.542,3125.8,51.6,True
BGW-08,2,75,2019-12-17,46.27,11511.6,23.86,27.85,0.539,3146.2,37.9,True
BGW-08,2,76,2019-12-18,46.46,10762.7,25.55,30.69,0.546,3138.2,52.5,True
BGW-08,2,77,2019-12-19,46.51,11122.8,23.44,30.59,0.566,3128.1,44.9,True
BGW-08,2,78,2019-12-20,46.27,11368.9,24.84,29.9,0.546,3107.8,45.8,True
BGW-08,2,79,2019-12-21,46.08,11877.9,23.67,28.7,0.548,3068.9,40.7,True
BGW-08,2,80,2019-12-22,46.25,10985.2,24.37,29.84,0.551,3105.8,51.2,True
BGW-08,2,81,2019-12-23,46.13,12114.6,21.65,25.85,0.544,3017.5,36.9,True
BGW-08,2,82,2019-12-24,46.68,10921.4,21.71,26.74,0.552,3087.5,44.8,True
BGW-08,2,83,2019-12-25,45.82,11717.3,22.23,28.25,0.56,3088.8,41.0,True
BGW-08,2,84,2019-12-26,46.55,10690.8,23.29,29.75,0.561,3040.8,53.1,True
BGW-08,2,85,2019-12-27,46.07,11116.9,23.2,30.8,0.57,3055.0,48.7,True
BGW-08,2,86,2019-12-28,46.01,11432.6,21.5,29.58,0.579,3058.4,42.3,True
BGW-08,2,87,2019-12-29,46.24,11920.5,22.47,30.66,0.577,3070.4,34.8,True
BGW-08,2,88,2019-12-30,46.09,10623.2,22.77,31.6,0.581,3036.9,51.1,True
BGW-08,2,89,2019-12-31,46.14,11229.6,23.82,31.48,0.569,3033.5,51.8,True
BGW-08,3,0,2020-01-17,128.39,172.5,227.16,106.92,0.32,3533.5,100.0,False
BGW-08,3,1,2020-01-18,121.3,243.6,205.56,94.47,0.315,3544.2,96.6,False
BGW-08,3,2,2020-01-19,115.48,301.9,183.89,90.8,0.331,3492.5,100.0,False
BGW-08,3,3,2020-01-20,109.27,390.4,145.57,70.48,0.326,3495.0,100.0,False
BGW-08,3,4,2020-01-21,104.34,498.0,136.52,68.7,0.335,3577.0,97.7,False
BGW-08,3,5,2020-01-22,99.13,671.7,111.39,58.59,0.345,3609.8,97.3,False
BGW-08,3,6,2020-01-23,94.38,825.3,103.23,53.29,0.34,3494.6,99.9,False
BGW-08,3,7,2020-01-24,89.7,1097.1,92.33,40.88,0.307,3542.1,100.0,False
BGW-08,3,8,2020-01-25,86.55,1127.4,89.21,48.32,0.351,3559.4,100.0,False
BGW-08,3,9,2020-01-26,83.65,1329.9,75.9,39.11,0.34,3511.4,100.0,False
BGW-08,3,10,2020-01-27,80.34,1645.9,76.07,39.64,0.343,3570.7,100.0,False
BGW-08,3,11,2020-01-28,76.81,1949.5,74.6,37.85,0.337,3531.7,100.0,False
BGW-08,3,12,2020-01-29,74.16,2263.8,62.23,33.62,0.351,3531.1,99.0,False
BGW-08,3,13,2020-01-30,72.15,2407.1,59.25,32.03,0.351,3471.6,96.8,False
BGW-08,3,14,2020-01-31,70.0,2801.8,59.64,33.51,0.36,3449.5,98.6,False
BGW-08,3,15,2020-02-01,68.03,3059.9,53.18,30.3,0.363,3482.0,100.0,False
BGW-08,3,16,2020-02-02,66.03,3328.2,49.37,29.22,0.372,3427.6,98.7,False
BGW-08,3,17,2020-02-03,64.73,3561.1,48.94,28.89,0.371,3387.7,100.0,False
BGW-08,3,18,2020-02-04,62.94,4316.3,46.41,24.78,0.348,3416.3,100.0,False
BGW-08,3,19,2020-02-05,61.08,4701.0,43.53,25.91,0.373,3490.1,98.3,False
BGW-08,3,20,2020-02-06,60.09,4532.6,45.34,27.49,0.378,3461.4,100.0,False
BGW-08,3,21,2020-02-07,59.63,4896.2,40.85,25.63,0.386,3462.4,99.1,False
BGW-08,3,22,2020-02-08,56.93,5790.7,37.5,22.98,0.38,3459.5,97.4,False
BGW-08,3,23,2020-02-09,56.67,5947.1,36.78,23.45,0.389,3432.3,100.0,False
BGW-08,3,24,2020-02-10,56.16,6116.5,35.12,22.07,0.386,3437.5,99.1,False
BGW-08,3,25,2020-02-11,55.1,6274.8,34.85,20.92,0.375,3414.6,99.4,False
BGW-08,3,26,2020-02-12,54.85,6941.4,31.78,20.78,0.395,3401.7,100.0,False
BGW-08,3,27,2020-02-13,53.56,7009.8,36.21,23.36,0.392,3326.8,100.0,False
BGW-08,3,28,2020-02-14,53.21,7611.4,29.95,19.49,0.394,3397.3,93.6,False
BGW-08,3,29,2020-02-15,52.52,7485.1,34.52,22.6,0.396,3428.0,100.0,False
BGW-08,3,30,2020-02-16,52.09,7454.4,32.63,22.8,0.411,3342.7,87.9,False
BGW-08,3,31,2020-02-17,51.46,8035.2,29.19,21.06,0.419,3365.3,84.1,False
BGW-08,3,32,2020-02-18,50.71,8633.9,26.44,18.1,0.406,3363.6,73.9,False
BGW-08,3,33,2020-02-19,50.71,8714.0,27.42,19.83,0.42,3407.9,77.5,False
BGW-08,3,34,2020-02-20,50.08,7809.7,30.78,21.63,0.413,3371.2,88.8,False
BGW-08,3,35,2020-02-21,49.35,9232.0,28.01,20.61,0.424,3384.9,69.6,False
BGW-08,3,36,2020-02-22,49.16,9081.9,27.01,20.07,0.426,3386.1,72.4,False
BGW-08,3,37,2020-02-23,49.26,9282.7,27.07,20.73,0.434,3289.0,71.5,False
BGW-08,3,38,2020-02-24,49.23,9313.8,27.37,20.25,0.425,3269.0,64.9,True
BGW-08,3,39,2020-02-25,48.38,9978.9,27.22,20.98,0.435,3307.9,58.6,True
BGW-08,3,40,2020-02-26,48.85,9006.9,29.27,24.34,0.454,3336.9,80.7,False
BGW-08,3,41,2020-02-27,48.14,10066.2,26.15,19.88,0.432,3311.0,57.4,True
BGW-08,3,42,2020-02-28,47.82,10636.1,23.51,18.64,0.442,3352.0,56.3,True
BGW-08,3,43,2020-02-29,47.95,10197.7,23.25,19.37,0.455,3251.5,62.8,True
BGW-08,3,44,2020-03-01,48.26,9576.2,25.63,20.81,0.448,3295.5,66.8,False
BGW-08,3,45,2020-03-02,47.29,10686.6,23.29,18.1,0.437,3257.0,49.6,True
BGW-08,3,46,2020-03-03,47.3,10663.0,22.65,19.53,0.463,3281.2,52.7,True
BGW-08,3,47,2020-03-04,47.35,11028.0,21.46,19.25,0.473,3283.2,51.2,True
BGW-08,3,48,2020-03-05,47.59,10140.9,23.92,19.88,0.454,3256.7,62.6,True
BGW-08,3,49,2020-03-06,47.12,10871.9,23.99,19.96,0.454,3242.6,52.6,True
BGW-08,3,50,2020-03-07,46.4,10746.5,23.68,20.59,0.465,3267.7,50.3,True
BGW-08,3,51,2020-03-08,46.96,10951.5,20.64,18.11,0.467,3219.2,49.7,True
BGW-08,3,52,2020-03-09,46.47,10863.1,22.3,19.89,0.471,3236.3,48.8,True
BGW-08,3,53,2020-03-10,46.69,10997.4,23.44,19.34,0.452,3244.9,50.6,True
BGW-08,3,54,2020-03-11,46.91,11242.9,20.88,19.8,0.487,3246.2,41.8,True
BGW-08,3,55,2020-03-12,46.62,10939.7,20.72,19.49,0.485,3207.2,54.2,True
BGW-08,3,56,2020-03-13,46.69,11245.5,21.08,20.82,0.497,3227.0,44.2,True
BGW-08,3,57,2020-03-14,46.29,11204.6,21.28,20.67,0.493,3204.1,44.1,True
BGW-08,3,58,2020-03-15,46.68,11500.3,21.59,22.27,0.508,3234.2,43.9,True
BGW-08,3,59,2020-03-16,46.71,11524.7,22.1,20.52,0.481,3220.6,44.3,True
BGW-08,3,60,2020-03-17,46.41,10308.5,19.98,19.33,0.492,3196.4,53.2,True
BGW-08,3,61,2020-03-18,46.64,10650.4,21.26,20.23,0.488,3216.0,54.1,True
BGW-08,3,62,2020-03-19,45.97,11037.8,19.47,19.97,0.506,3193.3,48.7,True
BGW-08,3,63,2020-03-20,46.33,11263.1,20.8,20.75,0.499,3187.1,43.4,True
BGW-08,3,64,2020-03-21,46.29,12108.1,19.37,20.18,0.51,3225.0,35.8,True
BGW-08,3,65,2020-03-22,46.08,11921.8,19.6,22.58,0.535,3140.1,37.9,True
BGW-08,3,66,2020-03-23,46.24,11798.3,19.79,20.83,0.513,3160.7,40.6,True
BGW-08,3,67,2020-03-24,46.21,10786.0,22.15,22.51,0.504,3179.5,51.9,True
BGW-08,3,68,2020-03-25,46.25,10626.1,19.33,21.32,0.525,3097.0,51.2,True
BGW-08,3,69,2020-03-26,46.36,10719.1,20.78,22.54,0.52,3154.8,51.5,True
BGW-08,3,70,2020-03-27,45.89,11066.1,19.51,20.62,0.514,3138.1,50.0,True
BGW-08,3,71,2020-03-28,45.78,11261.2,19.62,21.58,0.524,3158.6,46.5,True
BGW-08,3,72,2020-03-29,46.92,11217.4,17.91,20.02,0.528,3152.7,45.1,True
BGW-08,3,73,2020-03-30,45.91,11181.1,18.19,20.38,0.528,3120.1,44.7,True
BGW-08,3,74,2020-03-31,45.82,11944.3,19.2,21.04,0.523,3076.6,36.6,True
BGW-08,3,75,2020-04-01,46.57,11682.8,18.77,21.32,0.532,3104.0,37.9,True
BGW-08,3,76,2020-04-02,46.13,11899.0,19.49,24.12,0.553,3077.1,37.6,True
BGW-08,3,77,2020-04-03,45.92,11441.0,17.69,21.56,0.549,3122.1,45.4,True
BGW-08,3,78,2020-04-04,46.29,10343.6,20.79,23.79,0.534,3118.4,56.7,True
BGW-08,3,79,2020-04-05,46.24,10624.1,18.12,22.62,0.555,3060.7,55.0,True
BGW-08,3,80,2020-04-06,46.25,10521.1,19.73,23.78,0.546,3085.3,55.1,True
BGW-08,3,81,2020-04-07,46.47,11128.1,18.06,23.16,0.562,3104.2,53.5,True
BGW-08,3,82,2020-04-08,46.1,10912.9,18.09,23.8,0.568,3076.1,47.1,True
BGW-08,3,83,2020-04-09,46.54,11036.4,17.51,24.8,0.586,3085.2,53.5,True
BGW-08,3,84,2020-04-10,46.49,10890.1,19.18,24.71,0.563,3141.9,46.0,True
BGW-08,3,85,2020-04-11,45.68,11724.6,18.13,24.57,0.575,3055.9,39.1,True
BGW-08,3,86,2020-04-12,46.14,11470.9,17.94,24.04,0.573,3112.7,38.7,True
BGW-08,3,87,2020-04-13,46.26,11264.4,17.43,22.76,0.566,3041.6,47.9,True
BGW-08,3,88,2020-04-14,46.28,10567.4,19.84,28.36,0.588,3054.5,54.0,True
BGW-08,3,89,2020-04-15,46.31,10551.7,19.89,28.29,0.587,3001.6,52.3,True
BGW-08,4,0,2020-05-04,135.29,149.6,249.1,119.71,0.325,3574.5,100.0,False
BGW-08,4,1,2020-05-05,128.07,176.0,216.28,91.74,0.298,3519.1,100.0,False
BGW-08,4,2,2020-05-06,121.63,234.7,196.44,92.82,0.321,3587.4,100.0,False
BGW-08,4,3,2020-05-07,115.22,297.1,184.2,84.53,0.315,3560.1,95.3,False
BGW-08,4,4,2020-05-08,109.97,380.8,160.97,76.85,0.323,3572.1,100.0,False
BGW-08,4,5,2020-05-09,104.35,477.3,132.72,68.24,0.34,3544.5,96.6,False
BGW-08,4,6,2020-05-10,99.91,597.5,128.21,67.02,0.343,3500.1,97.6,False
BGW-08,4,7,2020-05-11,95.24,799.0,123.61,62.36,0.335,3553.4,97.9,False
BGW-08,4,8,2020-05-12,90.8,949.6,105.25,57.24,0.352,3487.2,100.0,False
BGW-08,4,9,2020-05-13,87.67,1072.0,98.16,52.5,0.348,3515.4,99.0,False
BGW-08,4,10,2020-05-14,84.52,1364.0,90.98,48.24,0.346,3551.2,96.7,False
BGW-08,4,11,2020-05-15,81.28,1523.0,85.44,46.4,0.352,3524.5,100.0,False
BGW-08,4,12,2020-05-16,78.76,1742.7,87.27,49.5,0.362,3441.7,99.8,False
BGW-08,4,13,2020-05-17,75.68,2160.1,70.0,38.55,0.355,3514.1,100.0,False
BGW-08,4,14,2020-05-18,73.13,2246.6,73.11,39.34,0.35,3535.1,94.5,False
BGW-08,4,15,2020-05-19,71.31,2767.7,67.74,39.3,0.367,3468.3,100.0,False
BGW-08,4,16,2020-05-20,69.15,2825.6,60.49,34.02,0.36,3431.0,100.0,False
BGW-08,4,17,2020-05-21,66.77,3376.8,57.75,34.09,0.371,3475.9,100.0,False
BGW-08,4,18,2020-05-22,65.23,3785.1,58.02,34.01,0.37,3467.3,99.9,False
BGW-08,4,19,2020-05-23,63.75,3663.2,58.37,35.65,0.379,3465.5,93.1,False
BGW-08,4,20,2020-05-24,62.92,3918.2,54.12,32.27,0.373,3477.9,100.0,False
BGW-08,4,21,2020-05-25,60.8,4694.7,56.29,33.35,0.372,3453.7,100.0,False
BGW-08,4,22,2020-05-26,59.66,5309.9,46.31,26.9,0.367,3451.9,98.4,False
BGW-08,4,23,2020-05-27,58.48,5366.0,48.22,28.59,0.372,3436.9,98.3,False
BGW-08,4,24,2020-05-28,57.9,5368.8,46.9,29.3,0.384,3436.1,100.0,False
BGW-08,4,25,2020-05-29,56.63,6027.8,43.24,28.21,0.395,3485.7,100.0,False
BGW-08,4,26,2020-05-30,55.77,6188.6,42.0,26.07,0.383,3428.6,98.6,False
BGW-08,4,27,2020-05-31,55.3,6479.8,41.68,26.81,0.391,3386.0,97.2,False
BGW-08,4,28,2020-06-01,53.95,7329.8,43.85,26.87,0.38,3404.9,96.7,False
BGW-08,4,29,2020-06-02,53.73,6871.5,42.92,29.39,0.406,3368.7,100.0,False
BGW-08,4,30,2020-06-03,52.63,7652.4,36.99,26.33,0.416,3370.8,85.3,False
BGW-08,4,31,2020-06-04,52.29,7575.7,39.23,27.52,0.412,3401.6,94.6,False
BGW-08,4,32,2020-06-05,51.9,8553.6,39.29,27.1,0.408,3363.0,79.7,False
BGW-08,4,33,2020-06-06,51.58,7711.2,36.51,23.6,0.393,3399.0,89.7,False
BGW-08,4,34,2020-06-07,50.99,8283.4,37.19,25.56,0.407,3387.8,83.7,False
BGW-08,4,35,2020-06-08,50.72,8790.5,37.92,28.25,0.427,3344.8,74.9,False
BGW-08,4,36,2020-06-09,50.84,8499.5,36.2,25.65,0.415,3370.7,80.5,False
BGW-08,4,37,2020-06-10,49.92,8699.2,34.82,27.17,0.438,3359.3,80.2,False
BGW-08,4,38,2020-06-11,49.73,8569.5,35.82,28.14,0.44,3366.7,79.1,False
BGW-08,4,39,2020-06-12,49.48,9436.4,33.89,26.76,0.441,3332.4,64.4,True
BGW-08,4,40,2020-06-13,49.26,9361.9,35.62,27.28,0.434,3276.3,68.1,False
BGW-08,4,41,2020-06-14,48.72,9767.1,34.24,25.24,0.424,3290.3,68.1,False
BGW-08,4,42,2020-06-15,48.55,9456.4,33.91,26.89,0.442,3368.9,70.6,False
BGW-08,4,43,2020-06-16,48.5,9482.8,33.76,29.2,0.464,3336.0,70.1,False
BGW-08,4,44,2020-06-17,47.71,10352.3,31.26,24.61,0.441,3305.0,56.9,True
BGW-08,4,45,2020-06-18,47.83,10195.1,31.43,26.49,0.457,3307.1,59.7,True
BGW-08,4,46,2020-06-19,48.15,10139.1,31.59,24.07,0.432,3262.5,61.3,True
BGW-08,4,47,2020-06-20,47.68,10362.9,33.31,30.11,0.475,3244.4,54.1,True
BGW-08,4,48,2020-06-21,47.67,10316.7,29.25,24.83,0.459,3241.1,59.3,True
BGW-08,4,49,2020-06-22,47.15,10287.7,30.6,27.06,0.469,3273.7,56.9,True
BGW-08,4,50,2020-06-23,48.01,9626.6,30.59,27.35,0.472,3278.5,69.3,False
BGW-08,4,51,2020-06-24,47.78,10280.3,27.75,24.53,0.469,3301.7,56.2,True
BGW-08,4,52,2020-06-25,47.43,9736.2,33.32,30.84,0.481,3251.9,63.9,True
BGW-08,4,53,2020-06-26,47.47,9564.3,31.91,30.09,0.485,3267.7,66.9,False
BGW-08,4,54,2020-06-27,47.0,10328.9,28.92,27.18,0.484,3196.6,55.4,True
BGW-08,4,55,2020-06-28,46.93,10486.5,28.06,26.01,0.481,3237.0,57.6,True
BGW-08,4,56,2020-06-29,46.51,11208.7,30.4,31.07,0.505,3200.3,50.3,True
BGW-08,4,57,2020-06-30,47.02,10753.1,27.58,26.4,0.489,3260.4,57.6,True
BGW-08,4,58,2020-07-01,46.4,11073.5,29.45,26.33,0.472,3223.2,42.7,True
BGW-08,4,59,2020-07-02,46.71,10088.5,30.27,30.65,0.503,3214.4,59.7,True
BGW-08,4,60,2020-07-03,46.78,11000.3,26.26,24.85,0.486,3180.9,47.5,True
BGW-08,4,61,2020-07-04,47.0,10931.1,26.95,26.54,0.496,3181.4,53.0,True
BGW-08,4,62,2020-07-05,46.78,11424.7,29.6,29.98,0.503,3179.2,47.0,True
BGW-08,4,63,2020-07-06,47.23,10607.5,30.25,30.34,0.501,3205.2,55.2,True
BGW-08,4,64,2020-07-07,46.17,10809.7,27.94,30.07,0.518,3172.1,45.6,True
BGW-08,4,65,2020-07-08,46.81,10268.1,30.54,30.42,0.499,3172.6,55.3,True
BGW-08,4,66,2020-07-09,46.95,10421.8,26.03,25.96,0.499,3130.4,58.9,True
BGW-08,4,67,2020-07-10,46.72,10880.3,27.74,29.97,0.519,3169.3,47.8,True
BGW-08,4,68,2020-07-11,45.98,11999.5,25.27,27.78,0.524,3143.2,32.7,True
BGW-08,4,69,2020-07-12,46.2,12629.3,25.93,27.44,0.514,3108.1,26.4,True
BGW-08,4,70,2020-07-13,46.25,12038.6,26.79,30.74,0.534,3141.2,32.6,True
BGW-08,4,71,2020-07-14,46.34,10797.4,27.95,32.09,0.534,3136.8,52.9,True
BGW-08,4,72,2020-07-15,46.58,10829.7,26.78,32.17,0.546,3084.4,47.6,True
BGW-08,4,73,2020-07-16,45.98,11545.5,28.21,31.52,0.528,3130.3,47.1,True
BGW-08,4,74,2020-07-17,46.19,10842.2,29.78,34.38,0.536,3197.3,46.7,True
BGW-08,4,75,2020-07-18,46.33,11479.7,28.6,34.46,0.546,3119.3,45.4,True
BGW-08,4,76,2020-07-19,46.42,11040.8,26.58,31.77,0.545,3126.8,47.0,True
BGW-08,4,77,2020-07-20,46.34,11482.7,26.93,35.17,0.566,3099.5,45.6,True
BGW-08,4,78,2020-07-21,46.31,11777.5,24.53,32.44,0.569,3126.8,36.4,True
BGW-08,4,79,2020-07-22,46.17,11209.2,24.48,31.33,0.561,3050.6,42.1,True
BGW-08,4,80,2020-07-23,46.51,11811.0,24.65,32.06,0.565,3085.2,40.7,True
BGW-08,4,81,2020-07-24,46.55,10892.5,26.91,32.34,0.546,3117.1,46.4,True
BGW-08,4,82,2020-07-25,46.31,11070.5,28.55,39.48,0.58,3032.4,49.1,True
BGW-08,4,83,2020-07-26,46.1,10910.3,26.12,32.57,0.555,3002.2,46.3,True
BGW-08,4,84,2020-07-27,46.18,10238.5,26.15,35.28,0.574,3031.6,56.3,True
BGW-08,4,85,2020-07-28,46.11,10911.3,26.05,33.15,0.56,3047.8,49.5,True
BGW-08,4,86,2020-07-29,46.12,12032.6,24.98,34.26,0.578,3059.0,33.5,True
BGW-08,4,87,2020-07-30,46.03,11344.3,26.05,34.72,0.571,3031.8,43.1,True
BGW-08,4,88,2020-07-31,45.96,11463.1,24.57,36.0,0.594,3023.4,50.8,True
BGW-08,4,89,2020-08-01,46.19,11690.6,24.41,32.68,0.572,3055.1,45.0,True
BGW-09,1,0,2019-06-27,142.03,177.1,260.74,60.07,0.187,3181.4,100.0,False
BGW-09,1,1,2019-06-28,134.24,223.7,220.72,41.18,0.157,3158.7,100.0,False
BGW-09,1,2,2019-06-29,126.98,290.6,201.66,42.47,0.174,3189.3,100.0,False
BGW-09,1,3,2019-06-30,121.21,356.1,188.37,39.42,0.173,3228.5,98.3,False
BGW-09,1,4,2019-07-01,114.32,433.1,158.08,30.07,0.16,3133.0,97.1,False
BGW-09,1,5,2019-07-02,109.04,539.3,155.88,30.61,0.164,3143.8,99.6,False
BGW-09,1,6,2019-07-03,104.2,724.5,135.64,30.24,0.182,3160.6,98.6,False
BGW-09,1,7,2019-07-04,99.61,896.4,116.96,27.65,0.191,3155.2,99.9,False
BGW-09,1,8,2019-07-05,95.64,1019.7,105.31,24.3,0.187,3073.9,100.0,False
BGW-09,1,9,2019-07-06,91.06,1305.6,92.91,22.76,0.197,3142.2,100.0,False
BGW-09,1,10,2019-07-07,86.83,1443.0,88.92,20.84,0.19,3118.2,100.0,False
BGW-09,1,11,2019-07-08,84.55,1623.7,83.57,21.3,0.203,3126.1,100.0,False
BGW-09,1,12,2019-07-09,80.45,2063.6,74.9,20.22,0.213,3123.6,100.0,False
BGW-09,1,13,2019-07-10,78.48,2384.7,74.24,19.69,0.21,3092.3,100.0,False
BGW-09,1,14,2019-07-11,75.48,2611.9,65.32,14.85,0.185,3116.1,98.0,False
BGW-09,1,15,2019-07-12,73.47,2795.6,63.94,17.42,0.214,3081.3,100.0,False
BGW-09,1,16,2019-07-13,71.6,3029.8,59.37,18.03,0.233,3075.4,96.9,False
BGW-09,1,17,2019-07-14,68.99,3492.4,57.11,16.67,0.226,3080.2,99.9,False
BGW-09,1,18,2019-07-15,67.18,3845.3,49.82,14.82,0.229,3083.4,100.0,False
BGW-09,1,19,2019-07-16,66.02,4351.7,50.8,15.94,0.239,3068.8,96.9,False
BGW-09,1,20,2019-07-17,64.22,4734.1,44.9,14.36,0.242,3126.5,100.0,False
BGW-09,1,21,2019-07-18,62.95,4823.8,48.85,15.53,0.241,3008.8,97.9,False
BGW-09,1,22,2019-07-19,61.13,5486.7,47.89,13.58,0.221,3052.9,99.2,False
BGW-09,1,23,2019-07-20,61.07,5960.7,43.29,14.12,0.246,3019.7,100.0,False
BGW-09,1,24,2019-07-21,59.62,5649.0,42.43,14.24,0.251,3085.9,100.0,False
BGW-09,1,25,2019-07-22,58.81,5730.1,37.72,12.88,0.255,3055.2,100.0,False
BGW-09,1,26,2019-07-23,57.62,6792.4,40.59,13.02,0.243,3031.8,100.0,False
BGW-09,1,27,2019-07-24,56.74,6931.5,36.51,11.62,0.241,3010.1,100.0,False
BGW-09,1,28,2019-07-25,56.01,7324.5,36.79,12.83,0.259,3005.5,100.0,False
BGW-09,1,29,2019-07-26,55.36,7259.0,39.96,13.98,0.259,3036.6,97.9,False
BGW-09,1,30,2019-07-27,54.27,7958.9,34.55,11.49,0.25,3094.0,97.5,False
BGW-09,1,31,2019-07-28,53.98,7867.6,33.71,12.19,0.266,2982.9,98.1,False
BGW-09,1,32,2019-07-29,53.4,8254.9,33.05,11.31,0.255,2996.3,96.1,False
BGW-09,1,33,2019-07-30,52.72,8680.1,36.62,14.25,0.28,2988.1,98.4,False
BGW-09,1,34,2019-07-31,52.95,8554.5,34.29,12.97,0.274,3021.4,92.9,False
BGW-09,1,35,2019-08-01,52.17,8250.1,32.6,12.78,0.282,3008.6,98.2,False
BGW-09,1,36,2019-08-02,51.41,9335.5,30.79,11.61,0.274,3016.6,83.2,False
BGW-09,1,37,2019-08-03,51.39,9344.8,33.95,13.44,0.284,2992.1,88.7,False
BGW-09,1,38,2019-08-04,50.85,9142.4,31.01,10.63,0.255,2988.1,88.2,False
BGW-09,1,39,2019-08-05,50.59,9642.9,27.93,11.9,0.299,2944.1,80.7,False
BGW-09,1,40,2019-08-06,50.55,9746.9,28.83,11.39,0.283,3008.4,80.6,False
BGW-09,1,41,2019-08-07,50.27,9842.5,30.26,12.43,0.291,2967.2,80.7,False
BGW-09,1,42,2019-08-08,50.08,9790.5,27.22,11.83,0.303,2924.6,84.6,False
BGW-09,1,43,2019-08-09,49.74,9977.2,29.65,12.67,0.299,2943.1,88.0,False
BGW-09,1,44,2019-08-10,49.96,10713.9,28.09,12.05,0.3,2947.1,70.0,False
BGW-09,1,45,2019-08-11,49.66,9858.5,27.83,11.93,0.3,2967.3,74.1,False
BGW-09,1,46,2019-08-12,49.47,10058.6,29.07,11.88,0.29,2932.4,77.1,False
BGW-09,1,47,2019-08-13,49.03,10616.6,26.71,11.72,0.305,2971.8,70.5,False
BGW-09,1,48,2019-08-14,48.69,11807.1,24.71,11.33,0.314,2916.8,59.2,True
BGW-09,1,49,2019-08-15,49.15,10738.9,26.03,12.74,0.329,2903.3,66.4,False
BGW-09,1,50,2019-08-16,48.79,11076.9,26.2,12.14,0.317,2948.9,64.9,True
BGW-09,1,51,2019-08-17,48.58,10481.2,24.98,12.64,0.336,2917.9,70.2,False
BGW-09,1,52,2019-08-18,48.82,10942.8,24.59,11.24,0.314,2873.2,72.8,False
BGW-09,1,53,2019-08-19,48.16,11289.3,24.78,12.35,0.333,2892.8,58.8,True
BGW-09,1,54,2019-08-20,48.45,11242.7,24.21,11.38,0.32,2854.4,64.4,True
BGW-09,1,55,2019-08-21,48.55,10942.8,24.16,11.49,0.322,2841.6,65.2,False
BGW-09,1,56,2019-08-22,48.25,10717.4,25.56,13.24,0.341,2890.8,72.6,False
BGW-09,1,57,2019-08-23,48.37,11614.2,24.42,12.7,0.342,2848.3,57.9,True
BGW-09,1,58,2019-08-24,48.36,11264.8,25.09,12.69,0.336,2865.7,68.4,False
BGW-09,1,59,2019-08-25,47.68,11174.1,26.14,13.1,0.334,2954.3,62.3,True
BGW-09,1,60,2019-08-26,48.15,10804.3,23.05,11.41,0.331,2883.8,69.0,False
BGW-09,1,61,2019-08-27,48.28,10238.4,23.12,12.43,0.35,2883.3,83.4,False
BGW-09,1,62,2019-08-28,47.9,10751.9,21.66,11.88,0.354,2843.4,69.0,False
BGW-09,1,63,2019-08-29,47.63,11127.1,22.48,13.25,0.371,2837.8,62.4,True
BGW-09,1,64,2019-08-30,47.7,11747.9,22.0,12.9,0.37,2835.9,56.4,True
BGW-09,1,65,2019-08-31,48.17,10691.4,24.57,14.61,0.373,2832.0,70.9,False
BGW-09,1,66,2019-09-01,48.29,11034.5,23.5,13.36,0.363,2859.1,66.6,False
BGW-09,1,67,2019-09-02,47.54,10594.1,24.12,13.45,0.358,2824.9,73.3,False
BGW-09,1,68,2019-09-03,47.88,10881.4,22.51,13.13,0.369,2852.9,63.4,True
BGW-09,1,69,2019-09-04,47.09,12363.0,22.31,13.27,0.373,2823.8,52.2,True
BGW-09,1,70,2019-09-05,47.43,11736.4,23.0,13.42,0.368,2730.2,59.3,True
BGW-09,1,71,2019-09-06,46.96,12194.8,21.27,12.62,0.372,2791.8,52.9,True
BGW-09,1,72,2019-09-07,47.22,10996.1,20.4,13.11,0.391,2827.5,65.3,False
BGW-09,1,73,2019-09-08,47.37,11805.8,21.62,13.67,0.387,2779.7,57.7,True
BGW-09,1,74,2019-09-09,47.12,12179.2,23.15,15.85,0.406,2765.8,51.6,True
BGW-09,1,75,2019-09-10,47.31,11601.3,21.62,13.42,0.383,2784.0,55.3,True
BGW-09,1,76,2019-09-11,46.4,12263.6,20.12,13.62,0.404,2809.3,55.5,True
BGW-09,1,77,2019-09-12,47.34,11139.8,20.93,14.06,0.402,2813.7,60.0,True
BGW-09,1,78,2019-09-13,47.34,11896.9,19.33,12.49,0.393,2797.2,50.7,True
BGW-09,1,79,2019-09-14,47.38,11902.2,21.08,14.62,0.41,2755.2,55.4,True
BGW-09,1,80,2019-09-15,47.39,11815.6,21.43,16.56,0.436,2702.6,62.4,True
BGW-09,1,81,2019-09-16,47.37,11453.8,22.52,15.5,0.408,2680.6,62.8,True
BGW-09,1,82,2019-09-17,46.95,12968.0,20.05,13.59,0.404,2713.8,45.1,True
BGW-09,1,83,2019-09-18,47.31,11020.1,20.42,14.35,0.413,2754.0,69.6,False
BGW-09,1,84,2019-09-19,47.58,11486.5,21.66,15.13,0.411,2747.0,58.8,True
BGW-09,1,85,2019-09-20,47.3,11680.2,20.38,15.72,0.435,2710.7,62.8,True
BGW-09,1,86,2019-09-21,46.85,11658.4,19.57,15.02,0.434,2693.3,61.9,True
BGW-09,1,87,2019-09-22,47.15,11113.1,20.91,15.67,0.428,2733.8,67.6,False
BGW-09,1,88,2019-09-23,47.55,10828.6,20.24,15.99,0.441,2664.8,66.8,False
BGW-09,1,89,2019-09-24,47.61,11218.8,21.61,16.62,0.435,2749.2,63.2,True
BGW-09,2,0,2019-10-17,140.68,171.3,288.3,56.18,0.163,3210.8,100.0,False
BGW-09,2,1,2019-10-18,136.85,202.9,240.8,51.65,0.177,3127.7,100.0,False
BGW-09,2,2,2019-10-19,132.31,254.8,186.55,39.81,0.176,3174.2,99.3,False
BGW-09,2,3,2019-10-20,128.81,276.5,203.64,52.35,0.205,3204.5,100.0,False
BGW-09,2,4,2019-10-21,125.15,325.2,187.08,41.79,0.183,3210.0,100.0,False
BGW-09,2,5,2019-10-22,122.28,337.2,173.29,40.93,0.191,3107.6,100.0,False
BGW-09,2,6,2019-10-23,119.11,376.2,171.51,37.1,0.178,3131.9,99.2,False
BGW-09,2,7,2019-10-24,116.3,445.2,164.0,45.68,0.218,3188.0,100.0,False
BGW-09,2,8,2019-10-25,112.67,531.9,135.28,32.09,0.192,3158.4,100.0,False
BGW-09,2,9,2019-10-26,109.65,551.6,140.68,33.26,0.191,3130.2,95.8,False
BGW-09,2,10,2019-10-27,107.28,633.6,130.36,33.11,0.203,3114.7,97.7,False
BGW-09,2,11,2019-10-28,104.99,676.6,119.3,27.24,0.186,3132.1,99.9,False
BGW-09,2,12,2019-10-29,101.63,762.6,106.35,28.58,0.212,3114.0,94.3,False
BGW-09,2,13,2019-10-30,100.05,857.4,104.99,27.97,0.21,3107.9,100.0,False
BGW-09,2,14,2019-10-31,96.89,1020.9,100.62,26.68,0.21,3096.9,94.1,False
BGW-09,2,15,2019-11-01,95.12,1003.2,97.24,25.47,0.208,3122.7,98.6,False
BGW-09,2,16,2019-11-02,93.37,1115.0,89.72,24.04,0.211,3112.7,99.3,False
BGW-09,2,17,2019-11-03,90.99,1340.6,87.34,20.69,0.192,3121.1,100.0,False
BGW-09,2,18,2019-11-04,89.51,1329.4,83.74,24.13,0.224,3042.1,100.0,False
BGW-09,2,19,2019-11-05,87.39,1589.2,77.34,24.45,0.24,3064.5,100.0,False
BGW-09,2,20,2019-11-06,85.46,1608.7,80.17,25.36,0.24,3072.9,100.0,False
BGW-09,2,21,2019-11-07,84.3,1667.9,65.18,19.53,0.231,3088.0,96.5,False
BGW-09,2,22,2019-11-08,81.99,1856.0,70.9,22.1,0.238,3119.4,99.9,False
BGW-09,2,23,2019-11-09,81.5,1903.9,74.18,25.33,0.255,3059.5,99.6,False
BGW-09,2,24,2019-11-10,79.55,2091.7,63.42,21.49,0.253,3036.2,100.0,False
BGW-09,2,25,2019-11-11,77.89,2255.0,62.03,20.9,0.252,3074.6,97.4,False
BGW-09,2,26,2019-11-12,76.89,2453.6,62.96,21.47,0.254,3009.7,95.8,False
BGW-09,2,27,2019-11-13,75.48,2650.2,61.43,20.43,0.25,3015.7,100.0,False
BGW-09,2,28,2019-11-14,74.16,2753.1,53.69,19.21,0.263,3016.5,91.7,False
BGW-09,2,29,2019-11-15,73.5,2844.3,57.65,22.07,0.277,3061.4,100.0,False
BGW-09,2,30,2019-11-16,72.76,3035.9,52.58,19.14,0.267,3019.8,100.0,False
BGW-09,2,31,2019-11-17,70.82,3525.8,48.5,18.2,0.273,3070.5,100.0,False
BGW-09,2,32,2019-11-18,69.68,3368.7,51.75,17.49,0.253,3056.9,100.0,False
BGW-09,2,33,2019-11-19,68.42,3775.9,49.86,18.13,0.267,2997.2,97.2,False
BGW-09,2,34,2019-11-20,67.76,3852.5,45.49,16.38,0.265,3047.2,100.0,False
BGW-09,2,35,2019-11-21,67.22,4169.2,47.92,17.46,0.267,2981.8,100.0,False
BGW-09,2,36,2019-11-22,65.81,4307.6,41.1,16.04,0.281,2994.3,95.3,False
BGW-09,2,37,2019-11-23,64.97,4558.7,41.16,15.53,0.274,2974.3,100.0,False
BGW-09,2,38,2019-11-24,64.69,4467.3,43.03,17.78,0.292,2964.6,100.0,False
BGW-09,2,39,2019-11-25,64.26,4437.4,40.19,15.91,0.284,2938.2,100.0,False
BGW-09,2,40,2019-11-26,63.45,4792.9,39.25,16.73,0.299,3036.6,97.6,False
BGW-09,2,41,2019-11-27,62.44,5095.4,41.94,17.35,0.293,2904.1,100.0,False
BGW-09,2,42,2019-11-28,61.7,5350.6,39.86,17.21,0.302,2989.2,100.0,False
BGW-09,2,43,2019-11-29,61.35,4925.4,41.62,16.88,0.289,2957.5,100.0,False
BGW-09,2,44,2019-11-30,60.62,5337.5,33.77,13.79,0.29,2903.4,100.0,False
BGW-09,2,45,2019-12-01,59.76,5938.1,33.61,14.23,0.297,2950.0,100.0,False
BGW-09,2,46,2019-12-02,59.16,6065.3,35.52,14.73,0.293,2914.7,100.0,False
BGW-09,2,47,2019-12-03,58.99,6267.2,33.81,15.77,0.318,2958.1,100.0,False
BGW-09,2,48,2019-12-04,58.56,6508.6,34.0,14.24,0.295,2919.3,97.6,False
BGW-09,2,49,2019-12-05,57.94,6536.8,31.75,15.99,0.335,2920.1,99.7,False
BGW-09,2,50,2019-12-06,57.3,6408.1,32.87,15.34,0.318,2964.7,99.7,False
BGW-09,2,51,2019-12-07,57.02,6749.1,33.51,15.71,0.319,2871.3,100.0,False
BGW-09,2,52,2019-12-08,56.25,7096.1,30.96,14.29,0.316,2910.7,100.0,False
BGW-09,2,53,2019-12-09,56.02,7006.4,31.6,14.65,0.317,2915.1,98.2,False
BGW-09,2,54,2019-12-10,55.84,7088.0,29.54,13.89,0.32,2954.6,99.6,False
BGW-09,2,55,2019-12-11,55.65,6922.4,32.11,15.48,0.325,2870.8,100.0,False
BGW-09,2,56,2019-12-12,55.73,6945.8,31.24,15.32,0.329,2892.0,100.0,False
BGW-09,2,57,2019-12-13,55.16,7717.7,28.29,16.48,0.368,2861.4,100.0,False
BGW-09,2,58,2019-12-14,54.52,7966.7,29.6,15.72,0.347,2898.6,100.0,False
BGW-09,2,59,2019-12-15,53.9,8749.9,30.35,16.55,0.353,2869.0,91.9,False
BGW-09,2,60,2019-12-16,53.76,8041.9,25.34,14.45,0.363,2811.7,100.0,False
BGW-09,2,61,2019-12-17,53.84,8065.9,27.78,15.35,0.356,2856.4,94.2,False
BGW-09,2,62,2019-12-18,53.32,8329.4,25.72,14.36,0.358,2863.6,99.7,False
BGW-09,2,63,2019-12-19,52.97,9428.7,24.87,14.27,0.365,2906.5,84.9,False
BGW-09,2,64,2019-12-20,52.91,8704.0,27.42,14.72,0.349,2832.5,89.7,False
BGW-09,2,65,2019-12-21,52.84,8608.6,26.42,15.96,0.377,2796.6,87.4,False
BGW-09,2,66,2019-12-22,51.58,9608.4,25.27,15.2,0.376,2860.9,81.8,False
BGW-09,2,67,2019-12-23,52.07,9051.6,26.2,15.54,0.372,2776.2,93.4,False
BGW-09,2,68,2019-12-24,51.88,9071.6,25.75,14.99,0.368,2865.5,86.5,False
BGW-09,2,69,2019-12-25,51.68,10033.9,25.2,14.92,0.372,2817.6,79.0,False
BGW-09,2,70,2019-12-26,51.92,8572.8,23.75,14.65,0.382,2817.6,96.3,False
BGW-09,2,71,2019-12-27,51.53,9373.3,23.16,14.42,0.384,2808.9,88.7,False
BGW-09,2,72,2019-12-28,50.76,9458.4,25.41,17.07,0.402,2809.2,77.9,False
BGW-09,2,73,2019-12-29,50.71,9811.7,24.95,15.59,0.385,2827.3,81.7,False
BGW-09,2,74,2019-12-30,50.78,9077.1,26.69,17.66,0.398,2767.1,89.8,False
BGW-09,2,75,2019-12-31,50.98,10278.4,23.39,15.19,0.394,2760.9,71.4,False
BGW-09,2,76,2020-01-01,50.21,9942.9,23.32,15.52,0.4,2772.2,75.7,False
BGW-09,2,77,2020-01-02,50.11,10024.0,21.68,14.48,0.4,2777.3,76.6,False
BGW-09,2,78,2020-01-03,49.77,10414.3,22.7,15.39,0.404,2729.3,67.5,False
BGW-09,2,79,2020-01-04,50.02,10566.9,23.4,16.01,0.406,2728.1,68.6,False
BGW-09,2,80,2020-01-05,50.09,10240.0,23.21,17.16,0.425,2761.4,73.0,False
BGW-09,2,81,2020-01-06,49.39,10454.4,24.39,16.3,0.4,2793.9,75.2,False
BGW-09,2,82,2020-01-07,49.58,10448.5,24.41,17.41,0.416,2692.2,75.1,False
BGW-09,2,83,2020-01-08,49.86,10304.3,21.13,14.52,0.407,2731.0,76.1,False
BGW-09,2,84,2020-01-09,49.91,10189.2,22.63,16.27,0.418,2758.9,76.5,False
BGW-09,2,85,2020-01-10,49.64,10048.5,24.03,18.09,0.429,2732.3,78.3,False
BGW-09,2,86,2020-01-11,49.53,9554.3,23.22,18.41,0.442,2726.7,83.4,False
BGW-09,2,87,2020-01-12,49.11,10738.7,21.58,17.09,0.442,2705.3,66.8,False
BGW-09,2,88,2020-01-13,49.03,11387.4,20.99,15.6,0.426,2686.3,55.9,True
BGW-09,2,89,2020-01-14,49.28,10648.3,20.97,15.75,0.429,2789.2,76.0,False
BGW-09,3,0,2020-02-13,147.8,134.7,273.35,51.23,0.158,3120.5,99.6,False
BGW-09,3,1,2020-02-14,143.17,159.7,246.36,54.64,0.182,3192.0,100.0,False
BGW-09,3,2,2020-02-15,140.23,179.7,255.37,55.46,0.178,3118.9,99.0,False
BGW-09,3,3,2020-02-16,136.86,193.9,234.45,50.66,0.178,3171.9,95.9,False
BGW-09,3,4,2020-02-17,133.49,231.7,210.78,44.21,0.173,3138.2,100.0,False
BGW-09,3,5,2020-02-18,129.97,268.4,202.17,47.1,0.189,3095.3,99.4,False
BGW-09,3,6,2020-02-19,127.71,262.5,196.15,51.2,0.207,3156.9,100.0,False
BGW-09,3,7,2020-02-20,124.46,323.0,193.18,42.54,0.18,3133.1,97.1,False
BGW-09,3,8,2020-02-21,122.05,342.9,167.98,42.68,0.203,3168.1,100.0,False
BGW-09,3,9,2020-02-22,119.25,395.6,148.9,36.39,0.196,3207.9,99.0,False
BGW-09,3,10,2020-02-23,116.05,451.1,131.66,32.76,0.199,3147.3,99.1,False
BGW-09,3,11,2020-02-24,113.91,509.5,141.98,35.55,0.2,3096.9,97.2,False
BGW-09,3,12,2020-02-25,111.36,536.3,129.56,32.1,0.199,3072.2,100.0,False
BGW-09,3,13,2020-02-26,108.76,567.1,121.75,34.21,0.219,3114.1,99.1,False
BGW-09,3,14,2020-02-27,106.89,630.7,118.27,31.9,0.212,3091.9,96.6,False
BGW-09,3,15,2020-02-28,104.63,738.8,114.33,34.9,0.234,3088.1,100.0,False
BGW-09,3,16,2020-02-29,102.41,766.5,101.99,28.72,0.22,3060.0,100.0,False
BGW-09,3,17,2020-03-01,100.75,767.7,101.39,30.35,0.23,3079.2,100.0,False
BGW-09,3,18,2020-03-02,99.07,872.0,86.91,25.44,0.226,3059.7,94.7,False
BGW-09,3,19,2020-03-03,96.8,961.0,93.82,25.44,0.213,3028.6,100.0,False
BGW-09,3,20,2020-03-04,95.21,1029.4,94.44,26.56,0.219,3045.3,100.0,False
BGW-09,3,21,2020-03-05,92.54,1182.1,86.89,27.26,0.239,3093.0,100.0,False
BGW-09,3,22,2020-03-06,91.16,1294.0,78.16,22.93,0.227,3061.7,100.0,False
BGW-09,3,23,2020-03-07,90.22,1282.2,74.98,22.39,0.23,3038.8,100.0,False
BGW-09,3,24,2020-03-08,88.64,1349.3,76.56,24.51,0.243,3085.5,100.0,False
BGW-09,3,25,2020-03-09,86.78,1498.0,76.73,23.77,0.237,2991.7,93.2,False
BGW-09,3,26,2020-03-10,84.83,1714.8,74.01,21.55,0.226,3044.9,97.7,False
BGW-09,3,27,2020-03-11,84.39,1655.9,68.42,22.37,0.246,3041.2,100.0,False
BGW-09,3,28,2020-03-12,82.7,1855.7,61.49,21.76,0.261,2971.5,96.5,False
BGW-09,3,29,2020-03-13,81.26,2044.8,58.03,20.05,0.257,3058.2,96.3,False
BGW-09,3,30,2020-03-14,80.26,2076.9,59.24,19.12,0.244,3017.3,96.0,False
BGW-09,3,31,2020-03-15,79.02,2251.7,55.27,20.27,0.268,3013.0,100.0,False
BGW-09,3,32,2020-03-16,77.81,2314.3,54.76,19.8,0.266,3037.9,100.0,False
BGW-09,3,33,2020-03-17,76.85,2400.0,51.41,19.09,0.271,3056.8,100.0,False
BGW-09,3,34,2020-03-18,74.8,2978.9,49.87,19.3,0.279,2992.7,94.8,False
BGW-09,3,35,2020-03-19,74.75,2583.2,44.33,16.92,0.276,3037.7,99.9,False
BGW-09,3,36,2020-03-20,73.46,2874.8,50.34,20.19,0.286,3017.5,97.9,False
BGW-09,3,37,2020-03-21,72.4,3043.2,48.69,19.63,0.287,2951.5,100.0,False
BGW-09,3,38,2020-03-22,71.07,3225.0,47.86,19.21,0.286,2978.4,100.0,False
BGW-09,3,39,2020-03-23,70.84,3159.5,47.37,19.67,0.293,2986.4,98.9,False
BGW-09,3,40,2020-03-24,69.38,3564.9,42.75,18.36,0.3,2994.1,99.4,False
BGW-09,3,41,2020-03-25,68.95,3300.6,43.51,18.02,0.293,2967.7,100.0,False
BGW-09,3,42,2020-03-26,68.12,3723.8,39.3,14.83,0.274,2935.0,99.7,False
BGW-09,3,43,2020-03-27,67.83,3508.5,42.84,19.99,0.318,2952.0,99.5,False
BGW-09,3,44,2020-03-28,66.9,4097.8,38.56,15.74,0.29,2889.6,100.0,False
BGW-09,3,45,2020-03-29,66.31,4075.0,39.14,16.59,0.298,2949.0,100.0,False
BGW-09,3,46,2020-03-30,65.28,4305.2,37.7,18.56,0.33,2968.7,96.0,False
BGW-09,3,47,2020-03-31,64.89,4738.7,37.43,16.73,0.309,2937.8,100.0,False
BGW-09,3,48,2020-04-01,64.31,4862.0,35.79,15.9,0.308,2939.1,98.1,False
BGW-09,3,49,2020-04-02,63.21,4797.0,33.87,15.94,0.32,2881.7,97.7,False
BGW-09,3,50,2020-04-03,62.55,4922.6,34.09,16.07,0.32,2926.1,99.5,False
BGW-09,3,51,2020-04-04,62.45,5215.1,30.79,13.81,0.31,2916.0,100.0,False
BGW-09,3,52,2020-04-05,62.06,4858.5,33.78,15.97,0.321,2905.5,100.0,False
BGW-09,3,53,2020-04-06,61.38,5333.0,35.44,18.57,0.344,2900.5,96.6,False
BGW-09,3,54,2020-04-07,60.97,5605.1,31.56,15.72,0.332,2893.2,95.2,False
BGW-09,3,55,2020-04-08,59.8,5947.0,29.55,14.85,0.335,2890.8,100.0,False
BGW-09,3,56,2020-04-09,59.58,5848.1,33.14,16.45,0.332,2866.5,100.0,False
BGW-09,3,57,2020-04-10,59.62,5902.9,29.76,15.26,0.339,2919.7,99.3,False
BGW-09,3,58,2020-04-11,58.86,5799.3,31.71,17.82,0.36,2839.5,100.0,False
BGW-09,3,59,2020-04-12,58.37,6285.3,29.72,15.92,0.349,2839.8,99.0,False
BGW-09,3,60,2020-04-13,58.33,6029.6,28.87,14.65,0.337,2865.2,100.0,False
BGW-09,3,61,2020-04-14,57.92,6249.6,27.65,14.66,0.346,2863.0,99.5,False
BGW-09,3,62,2020-04-15,56.77,6996.8,26.74,14.24,0.347,2785.9,100.0,False
BGW-09,3,63,2020-04-16,57.01,6862.5,26.88,14.63,0.352,2905.0,100.0,False
BGW-09,3,64,2020-04-17,56.88,7357.5,26.15,13.72,0.344,2864.9,99.8,False
BGW-09,3,65,2020-04-18,55.67,7026.1,26.31,15.22,0.366,2812.2,100.0,False
BGW-09,3,66,2020-04-19,55.96,6856.9,26.93,14.71,0.353,2806.2,99.5,False
BGW-09,3,67,2020-04-20,55.8,7233.9,26.46,16.68,0.387,2813.9,100.0,False
BGW-09,3,68,2020-04-21,55.11,7172.2,26.61,15.97,0.375,2778.7,94.3,False
BGW-09,3,69,2020-04-22,54.84,7304.2,26.41,15.96,0.377,2830.8,99.6,False
BGW-09,3,70,2020-04-23,54.54,7746.0,24.34,14.97,0.381,2773.0,100.0,False
BGW-09,3,71,2020-04-24,54.4,7809.2,25.73,16.04,0.384,2826.6,97.8,False
BGW-09,3,72,2020-04-25,54.34,7621.5,24.06,14.58,0.377,2804.6,95.6,False
BGW-09,3,73,2020-04-26,54.29,8328.8,23.15,15.1,0.395,2721.2,96.7,False
BGW-09,3,74,2020-04-27,53.59,8034.7,26.21,16.14,0.381,2784.6,100.0,False
BGW-09,3,75,2020-04-28,53.03,8256.6,26.2,16.83,0.391,2808.0,100.0,False
BGW-09,3,76,2020-04-29,53.1,7985.0,23.09,16.08,0.41,2725.2,100.0,False
BGW-09,3,77,2020-04-30,53.27,7752.6,23.63,15.73,0.4,2796.4,100.0,False
BGW-09,3,78,2020-05-01,52.67,8621.9,24.58,17.52,0.416,2760.0,92.5,False
BGW-09,3,79,2020-05-02,52.36,8996.7,24.17,15.16,0.386,2724.9,87.8,False
BGW-09,3,80,2020-05-03,52.46,8290.1,22.09,15.94,0.419,2754.2,96.4,False
BGW-09,3,81,2020-05-04,52.36,9107.8,22.14,15.2,0.407,2783.1,86.6,False
BGW-09,3,82,2020-05-05,52.03,8820.9,23.24,17.69,0.432,2737.3,91.2,False
BGW-09,3,83,2020-05-06,52.46,9187.2,23.67,16.58,0.412,2685.1,85.1,False
BGW-09,3,84,2020-05-07,52.0,8966.5,20.49,15.58,0.432,2728.4,88.3,False
BGW-09,3,85,2020-05-08,51.1,9592.9,22.26,16.28,0.422,2808.3,81.0,False
BGW-09,3,86,2020-05-09,51.04,9170.2,22.79,16.22,0.416,2758.1,83.8,False
BGW-09,3,87,2020-05-10,51.43,9411.8,21.87,15.96,0.422,2716.5,83.6,False
BGW-09,3,88,2020-05-11,51.36,9427.6,20.58,16.15,0.44,2704.0,79.1,False
BGW-09,3,89,2020-05-12,50.63,9335.8,23.71,17.19,0.42,2723.6,82.7,False
BGW-09,4,0,2020-06-03,139.22,187.9,256.47,53.1,0.172,3161.8,99.7,False
BGW-09,4,1,2020-06-04,135.93,213.3,213.28,41.43,0.163,3168.7,98.6,False
BGW-09,4,2,2020-06-05,132.86,267.3,189.05,40.64,0.177,3164.0,100.0,False
BGW-09,4,3,2020-06-06,129.58,266.6,207.86,44.76,0.177,3177.9,100.0,False
BGW-09,4,4,2020-06-07,126.5,290.1,233.06,52.38,0.183,3143.6,100.0,False
BGW-09,4,5,2020-06-08,123.63,333.0,172.25,36.72,0.176,3135.5,97.8,False
BGW-09,4,6,2020-06-09,120.49,373.1,192.18,44.26,0.187,3117.3,96.5,False
BGW-09,4,7,2020-06-10,118.03,386.9,177.52,45.06,0.202,3145.2,98.3,False
BGW-09,4,8,2020-06-11,115.45,441.7,165.74,37.69,0.185,3089.0,97.6,False
BGW-09,4,9,2020-06-12,113.13,518.3,157.99,41.95,0.21,3157.8,98.0,False
BGW-09,4,10,2020-06-13,110.39,570.1,157.86,40.18,0.203,3109.0,100.0,False
BGW-09,4,11,2020-06-14,108.39,579.5,143.34,36.64,0.204,3107.5,100.0,False
BGW-09,4,12,2020-06-15,106.06,670.5,132.68,31.61,0.192,3098.5,94.3,False
BGW-09,4,13,2020-06-16,103.66,706.7,127.06,32.85,0.205,3176.8,98.0,False
BGW-09,4,14,2020-06-17,101.64,834.9,119.35,30.46,0.203,3092.2,100.0,False
BGW-09,4,15,2020-06-18,99.8,924.2,102.62,27.35,0.21,3142.7,100.0,False
BGW-09,4,16,2020-06-19,98.01,1033.3,112.79,26.84,0.192,3102.3,95.6,False
BGW-09,4,17,2020-06-20,95.94,1038.5,105.05,27.41,0.207,3115.5,97.1,False
BGW-09,4,18,2020-06-21,93.91,1158.4,107.64,30.11,0.219,3101.3,95.8,False
BGW-09,4,19,2020-06-22,92.66,1105.0,113.43,31.26,0.216,3087.9,95.6,False
BGW-09,4,20,2020-06-23,91.13,1333.4,93.08,26.9,0.224,3080.0,100.0,False
BGW-09,4,21,2020-06-24,89.64,1358.7,94.19,27.62,0.227,3057.9,100.0,False
BGW-09,4,22,2020-06-25,88.28,1510.9,85.88,29.85,0.258,3042.2,97.9,False
BGW-09,4,23,2020-06-26,86.72,1561.9,87.31,28.34,0.245,3120.1,100.0,False
BGW-09,4,24,2020-06-27,85.12,1596.4,83.26,26.96,0.245,3059.0,100.0,False
BGW-09,4,25,2020-06-28,83.51,1860.9,88.02,28.29,0.243,3073.5,100.0,False
BGW-09,4,26,2020-06-29,83.11,1848.4,80.07,27.31,0.254,3054.4,98.7,False
BGW-09,4,27,2020-06-30,81.57,2014.8,76.16,25.51,0.251,3058.6,100.0,False
BGW-09,4,28,2020-07-01,80.17,2112.2,71.32,23.17,0.245,3056.5,100.0,False
BGW-09,4,29,2020-07-02,78.98,2147.4,72.76,23.38,0.243,3028.7,95.8,False
BGW-09,4,30,2020-07-03,78.03,2317.6,77.69,26.77,0.256,2991.3,100.0,False
BGW-09,4,31,2020-07-04,76.42,2379.4,64.24,21.32,0.249,2993.6,100.0,False
BGW-09,4,32,2020-07-05,75.32,2676.9,60.86,21.91,0.265,3038.4,100.0,False
BGW-09,4,33,2020-07-06,74.6,2721.6,62.9,22.8,0.266,3013.3,100.0,False
BGW-09,4,34,2020-07-07,73.43,2955.1,62.54,23.38,0.272,2987.4,99.3,False
BGW-09,4,35,2020-07-08,72.82,2755.2,65.28,23.92,0.268,2965.3,94.3,False
BGW-09,4,36,2020-07-09,71.59,3178.6,62.07,24.62,0.284,3000.5,95.4,False
BGW-09,4,37,2020-07-10,70.94,3299.4,60.04,21.05,0.26,3024.9,97.0,False
BGW-09,4,38,2020-07-11,69.79,3787.9,51.65,21.88,0.298,3004.5,98.2,False
BGW-09,4,39,2020-07-12,68.97,3629.6,57.35,22.17,0.279,2965.3,100.0,False
BGW-09,4,40,2020-07-13,68.33,3358.6,56.12,24.11,0.301,2994.6,100.0,False
BGW-09,4,41,2020-07-14,67.53,4158.1,52.84,20.99,0.284,2990.4,100.0,False
BGW-09,4,42,2020-07-15,66.97,3937.4,53.67,23.87,0.308,2913.1,100.0,False
BGW-09,4,43,2020-07-16,65.89,4118.1,49.76,18.95,0.276,2925.8,100.0,False
BGW-09,4,44,2020-07-17,65.15,4066.0,53.92,23.0,0.299,2937.9,98.9,False
BGW-09,4,45,2020-07-18,64.92,4364.3,45.18,18.45,0.29,2949.8,96.0,False
BGW-09,4,46,2020-07-19,64.39,4849.1,43.84,19.89,0.312,3023.9,98.2,False
BGW-09,4,47,2020-07-20,63.92,5017.3,48.58,22.1,0.313,2912.9,98.8,False
BGW-09,4,48,2020-07-21,62.67,5127.7,49.74,22.17,0.308,2881.1,97.8,False
BGW-09,4,49,2020-07-22,62.42,5324.9,48.05,23.53,0.329,2923.0,100.0,False
BGW-09,4,50,2020-07-23,62.19,4909.3,45.3,22.82,0.335,2914.0,96.8,False
BGW-09,4,51,2020-07-24,61.47,5349.3,47.14,23.87,0.336,2951.4,100.0,False
BGW-09,4,52,2020-07-25,60.5,5579.9,49.09,25.67,0.343,2904.0,96.2,False
BGW-09,4,53,2020-07-26,60.33,5761.0,45.56,24.03,0.345,2932.8,100.0,False
BGW-09,4,54,2020-07-27,60.01,5757.5,39.08,20.14,0.34,2905.5,100.0,False
BGW-09,4,55,2020-07-28,59.07,6555.1,40.49,19.18,0.321,2908.8,96.1,False
BGW-09,4,56,2020-07-29,59.14,5927.4,42.59,22.19,0.343,2862.2,100.0,False
BGW-09,4,57,2020-07-30,58.8,6360.8,41.42,20.45,0.331,2880.2,96.0,False
BGW-09,4,58,2020-07-31,58.38,6557.8,40.74,20.75,0.337,2872.1,97.6,False
BGW-09,4,59,2020-08-01,57.71,6819.0,37.85,19.58,0.341,2913.8,100.0,False
BGW-09,4,60,2020-08-02,57.07,7162.9,35.76,18.72,0.344,2859.7,99.0,False
BGW-09,4,61,2020-08-03,57.16,6750.6,39.75,21.11,0.347,2859.1,100.0,False
BGW-09,4,62,2020-08-04,56.21,7218.7,37.52,19.92,0.347,2839.4,98.7,False
BGW-09,4,63,2020-08-05,56.21,7594.3,40.43,19.88,0.33,2874.7,100.0,False
BGW-09,4,64,2020-08-06,55.9,7474.4,39.63,20.98,0.346,2899.5,100.0,False
BGW-09,4,65,2020-08-07,55.28,7417.2,35.61,21.23,0.373,2840.4,100.0,False
BGW-09,4,66,2020-08-08,55.35,6926.0,40.01,22.74,0.362,2859.3,99.6,False
BGW-09,4,67,2020-08-09,55.11,7826.3,36.4,21.47,0.371,2791.2,100.0,False
BGW-09,4,68,2020-08-10,54.73,8019.7,33.29,19.11,0.365,2824.2,97.3,False
BGW-09,4,69,2020-08-11,54.92,7765.1,31.49,19.42,0.381,2829.6,98.7,False
BGW-09,4,70,2020-08-12,54.2,7640.6,35.06,20.9,0.373,2782.4,100.0,False
BGW-09,4,71,2020-08-13,53.66,8392.6,35.66,22.49,0.387,2781.5,93.8,False
BGW-09,4,72,2020-08-14,53.55,8497.4,32.07,20.74,0.393,2835.5,96.5,False
BGW-09,4,73,2020-08-15,53.84,8245.7,31.3,20.26,0.393,2781.9,97.8,False
BGW-09,4,74,2020-08-16,53.7,8080.2,32.93,22.06,0.401,2770.4,98.1,False
BGW-09,4,75,2020-08-17,52.74,8301.0,32.1,21.32,0.399,2726.8,93.7,False
BGW-09,4,76,2020-08-18,52.96,8260.7,33.2,22.95,0.409,2822.5,97.5,False
BGW-09,4,77,2020-08-19,52.65,8976.5,31.14,20.76,0.4,2747.5,86.4,False
BGW-09,4,78,2020-08-20,52.41,8286.8,33.17,22.01,0.399,2727.2,97.7,False
BGW-09,4,79,2020-08-21,52.5,9305.5,33.7,24.8,0.424,2750.7,85.7,False
BGW-09,4,80,2020-08-22,52.25,8730.8,29.3,20.88,0.416,2712.0,91.3,False
BGW-09,4,81,2020-08-23,51.78,8975.0,31.51,22.0,0.411,2712.0,93.3,False
BGW-09,4,82,2020-08-24,51.72,8768.4,33.71,23.26,0.408,2776.9,90.5,False
BGW-09,4,83,2020-08-25,52.0,9481.7,28.15,20.53,0.422,2738.6,84.4,False
BGW-09,4,84,2020-08-26,51.47,9697.4,31.77,23.86,0.429,2802.9,81.7,False
BGW-09,4,85,2020-08-27,51.18,8777.1,30.86,22.66,0.423,2714.2,95.4,False
BGW-09,4,86,2020-08-28,51.3,8764.7,32.9,24.47,0.427,2788.1,90.8,False
BGW-09,4,87,2020-08-29,51.34,8902.0,30.68,25.75,0.456,2746.6,96.0,False
BGW-09,4,88,2020-08-30,50.33,10363.1,28.02,22.48,0.445,2728.3,71.5,False
BGW-09,4,89,2020-08-31,50.56,9556.5,30.7,22.39,0.422,2677.5,89.8,False
BGW-09,5,0,2020-09-24,141.4,176.2,257.55,53.56,0.172,3204.7,100.0,False
BGW-09,5,1,2020-09-25,134.19,217.7,233.27,47.9,0.17,3153.3,100.0,False
BGW-09,5,2,2020-09-26,127.68,271.1,202.44,46.01,0.185,3200.9,96.6,False
BGW-09,5,3,2020-09-27,120.78,345.7,170.25,36.88,0.178,3202.9,100.0,False
BGW-09,5,4,2020-09-28,115.78,462.9,153.15,31.7,0.171,3201.4,100.0,False
BGW-09,5,5,2020-09-29,109.76,598.6,128.12,29.43,0.187,3147.4,99.7,False
BGW-09,5,6,2020-09-30,105.16,663.4,135.62,31.09,0.187,3195.9,100.0,False
BGW-09,5,7,2020-10-01,100.66,802.7,113.84,29.52,0.206,3169.5,100.0,False
BGW-09,5,8,2020-10-02,96.46,1026.4,114.41,26.09,0.186,3104.4,100.0,False
BGW-09,5,9,2020-10-03,92.55,1254.8,102.51,25.03,0.196,3112.6,91.9,False
BGW-09,5,10,2020-10-04,89.07,1366.9,92.38,23.14,0.2,3126.8,98.4,False
BGW-09,5,11,2020-10-05,85.72,1562.0,94.29,23.01,0.196,3175.2,93.2,False
BGW-09,5,12,2020-10-06,82.5,1935.0,75.04,19.9,0.21,3146.4,99.9,False
BGW-09,5,13,2020-10-07,79.91,2055.1,75.56,19.25,0.203,3093.1,94.2,False
BGW-09,5,14,2020-10-08,78.28,2121.1,73.41,19.22,0.207,3072.5,100.0,False
BGW-09,5,15,2020-10-09,75.09,2737.6,63.95,16.51,0.205,3091.2,99.9,False
BGW-09,5,16,2020-10-10,72.79,3096.2,61.78,17.57,0.221,3124.0,100.0,False
BGW-09,5,17,2020-10-11,71.27,3181.0,61.53,15.96,0.206,3144.7,93.2,False
BGW-09,5,18,2020-10-12,68.93,3657.0,51.82,13.71,0.209,3103.9,97.9,False
BGW-09,5,19,2020-10-13,67.17,3906.9,51.01,15.81,0.237,3064.8,100.0,False
BGW-09,5,20,2020-10-14,65.97,4172.7,50.06,14.73,0.227,3047.2,100.0,False
BGW-09,5,21,2020-10-15,64.46,5033.5,47.07,14.16,0.231,3083.0,99.7,False
BGW-09,5,22,2020-10-16,62.5,5404.8,47.02,13.84,0.227,3046.7,100.0,False
BGW-09,5,23,2020-10-17,61.84,5239.9,45.3,13.27,0.227,3092.5,98.6,False
BGW-09,5,24,2020-10-18,60.46,5060.8,44.55,15.98,0.264,3035.3,100.0,False
BGW-09,5,25,2020-10-19,59.56,6064.9,37.8,11.57,0.234,3095.3,100.0,False
BGW-09,5,26,2020-10-20,58.49,6659.3,37.86,10.19,0.212,3058.4,100.0,False
BGW-09,5,27,2020-10-21,57.95,6619.7,39.36,12.86,0.246,3023.1,99.3,False
BGW-09,5,28,2020-10-22,56.8,6376.7,36.84,12.3,0.25,2971.4,93.3,False
BGW-09,5,29,2020-10-23,56.06,7099.4,36.53,10.98,0.231,2983.2,100.0,False
BGW-09,5,30,2020-10-24,55.22,7104.5,39.18,13.92,0.262,3004.7,98.6,False
BGW-09,5,31,2020-10-25,54.89,7243.3,36.76,12.61,0.255,3030.3,100.0,False
BGW-09,5,32,2020-10-26,54.06,7339.3,35.09,11.66,0.249,3002.7,100.0,False
BGW-09,5,33,2020-10-27,53.52,7795.9,36.44,12.96,0.262,3006.1,100.0,False
BGW-09,5,34,2020-10-28,53.3,8324.0,33.71,13.16,0.281,2946.8,99.9,False
BGW-09,5,35,2020-10-29,53.0,8625.6,32.42,13.25,0.29,3021.6,98.4,False
BGW-09,5,36,2020-10-30,52.15,8452.2,33.57,13.68,0.289,3021.8,89.0,False
BGW-09,5,37,2020-10-31,51.85,8388.8,32.9,13.31,0.288,2952.2,94.8,False
BGW-09,5,38,2020-11-01,52.07,8667.9,33.32,12.12,0.267,2990.2,93.9,False
BGW-09,5,39,2020-11-02,51.49,9766.5,28.53,11.66,0.29,2932.0,76.3,False
BGW-09,5,40,2020-11-03,50.75,9752.5,32.06,14.17,0.306,2977.2,79.4,False
BGW-09,5,41,2020-11-04,50.92,9795.4,28.94,11.92,0.292,2956.4,79.7,False
BGW-09,5,42,2020-11-05,50.28,9807.0,28.35,11.16,0.283,2972.9,82.5,False
BGW-09,5,43,2020-11-06,50.7,9762.4,28.16,11.54,0.291,2968.7,80.5,False
BGW-09,5,44,2020-11-07,49.85,9522.3,27.76,11.9,0.3,2902.2,85.3,False
BGW-09,5,45,2020-11-08,49.79,10218.3,27.16,11.48,0.297,2945.7,73.1,False
BGW-09,5,46,2020-11-09,49.87,10582.7,25.7,11.23,0.304,2939.5,64.6,True
BGW-09,5,47,2020-11-10,49.53,10946.9,24.34,10.33,0.298,2882.3,67.5,False
BGW-09,5,48,2020-11-11,49.25,10713.7,24.99,11.4,0.313,2966.9,66.1,False
BGW-09,5,49,2020-11-12,49.11,10265.8,25.29,11.84,0.319,2897.2,78.8,False
BGW-09,5,50,2020-11-13,48.78,10414.3,28.7,12.23,0.299,2903.7,76.9,False
BGW-09,5,51,2020-11-14,48.77,10595.9,26.5,12.11,0.314,2942.7,74.2,False
BGW-09,5,52,2020-11-15,48.38,11280.7,24.91,11.96,0.324,2884.2,67.9,False
BGW-09,5,53,2020-11-16,48.84,10890.5,25.29,12.49,0.331,2864.3,68.5,False
BGW-09,5,54,2020-11-17,48.29,10588.8,25.3,13.23,0.343,2850.8,72.9,False
BGW-09,5,55,2020-11-18,48.3,11138.2,25.91,12.55,0.326,2886.8,61.2,True
BGW-09,5,56,2020-11-19,48.47,11030.7,23.82,13.02,0.353,2889.0,65.9,False
BGW-09,5,57,2020-11-20,48.02,11718.6,24.84,12.91,0.342,2910.7,55.0,True
BGW-09,5,58,2020-11-21,48.38,11439.7,24.26,12.56,0.341,2941.0,61.0,True
BGW-09,5,59,2020-11-22,47.92,10753.2,24.21,12.45,0.34,2826.6,73.1,False
BGW-09,5,60,2020-11-23,47.86,11405.0,25.5,14.04,0.355,2872.4,66.8,False
BGW-09,5,61,2020-11-24,47.91,11677.3,22.0,11.03,0.334,2863.0,61.8,True
BGW-09,5,62,2020-11-25,48.21,10719.8,25.84,14.57,0.361,2857.6,69.6,False
BGW-09,5,63,2020-11-26,47.97,10862.0,23.5,13.23,0.36,2802.0,66.8,False
BGW-09,5,64,2020-11-27,47.92,11662.4,24.41,14.05,0.365,2870.4,61.5,True
BGW-09,5,65,2020-11-28,47.81,10424.8,25.5,13.97,0.354,2802.4,69.6,False
BGW-09,5,66,2020-11-29,48.5,11102.5,22.14,12.4,0.359,2846.5,65.3,False
BGW-09,5,67,2020-11-30,47.8,10939.8,23.7,13.49,0.363,2826.6,70.3,False
BGW-09,5,68,2020-12-01,47.46,11904.2,22.85,13.26,0.367,2838.5,58.5,True
BGW-09,5,69,2020-12-02,48.02,11535.9,22.34,12.45,0.358,2824.6,61.0,True
BGW-09,5,70,2020-12-03,47.65,10155.8,24.44,14.28,0.369,2860.0,78.0,False
BGW-09,5,71,2020-12-04,47.53,11736.4,22.21,13.97,0.386,2788.2,58.5,True
BGW-09,5,72,2020-12-05,47.31,12445.7,22.01,14.21,0.392,2827.7,51.5,True
BGW-09,5,73,2020-12-06,47.29,11729.8,22.49,14.99,0.4,2805.3,66.3,False
BGW-09,5,74,2020-12-07,47.35,11111.8,21.31,13.18,0.382,2767.5,56.5,True
BGW-09,5,75,2020-12-08,47.74,11427.1,21.64,13.08,0.377,2797.9,64.9,True
BGW-09,5,76,2020-12-09,47.51,10574.5,21.95,14.65,0.4,2783.0,71.2,False
BGW-09,5,77,2020-12-10,47.7,11490.3,22.36,14.33,0.39,2786.2,57.3,True
BGW-09,5,78,2020-12-11,47.69,11668.8,21.55,14.28,0.399,2778.0,59.6,True
BGW-09,5,79,2020-12-12,47.6,12748.2,19.63,15.25,0.437,2772.9,43.1,True
BGW-09,5,80,2020-12-13,47.1,11969.7,22.03,15.2,0.408,2743.3,58.5,True
BGW-09,5,81,2020-12-14,46.83,12313.4,20.66,14.13,0.406,2762.9,50.5,True
BGW-09,5,82,2020-12-15,47.19,11938.0,22.06,16.95,0.435,2750.3,60.2,True
BGW-09,5,83,2020-12-16,47.5,11366.2,20.61,15.27,0.426,2751.1,61.5,True
BGW-09,5,84,2020-12-17,47.13,12467.4,19.91,15.06,0.431,2712.1,47.9,True
BGW-09,5,85,2020-12-18,47.81,11067.5,19.52,13.71,0.413,2752.3,68.3,False
BGW-09,5,86,2020-12-19,47.18,11478.0,21.42,16.76,0.439,2740.8,60.9,True
BGW-09,5,87,2020-12-20,47.66,12476.4,18.82,13.75,0.422,2743.7,48.4,True
BGW-09,5,88,2020-12-21,47.32,11823.2,20.4,15.51,0.432,2744.5,57.6,True
BGW-09,5,89,2020-12-22,47.09,11756.8,19.03,14.78,0.437,2740.4,57.4,True
BGW-09,6,0,2021-01-19,145.29,152.5,265.2,55.4,0.173,3187.7,99.8,False
BGW-09,6,1,2021-01-20,138.71,190.3,231.02,48.21,0.173,3154.5,94.7,False
BGW-09,6,2,2021-01-21,132.5,249.9,244.48,49.94,0.17,3185.1,97.4,False
BGW-09,6,3,2021-01-22,127.02,309.6,186.51,39.7,0.175,3191.7,100.0,False
BGW-09,6,4,2021-01-23,121.15,356.7,188.2,43.91,0.189,3198.7,97.2,False
BGW-09,6,5,2021-01-24,116.17,427.5,175.45,41.43,0.191,3200.8,100.0,False
BGW-09,6,6,2021-01-25,111.12,545.3,131.29,32.22,0.197,3188.9,100.0,False
BGW-09,6,7,2021-01-26,106.42,677.1,142.54,31.8,0.182,3156.8,100.0,False
BGW-09,6,8,2021-01-27,102.08,799.3,120.34,25.55,0.175,3135.6,100.0,False
BGW-09,6,9,2021-01-28,99.18,889.7,122.92,30.73,0.2,3105.7,100.0,False
BGW-09,6,10,2021-01-29,95.26,1041.0,113.24,28.39,0.2,3116.9,98.2,False
BGW-09,6,11,2021-01-30,92.38,1110.8,109.26,29.63,0.213,3180.8,100.0,False
BGW-09,6,12,2021-01-31,89.08,1399.7,92.77,24.35,0.208,3116.5,100.0,False
BGW-09,6,13,2021-02-01,85.7,1532.7,91.33,21.72,0.192,3038.1,98.6,False
BGW-09,6,14,2021-02-02,83.5,1865.5,83.0,24.54,0.228,3120.2,100.0,False
BGW-09,6,15,2021-02-03,80.73,2001.5,81.73,21.92,0.211,3119.2,100.0,False
BGW-09,6,16,2021-02-04,78.37,2372.5,72.58,20.01,0.216,3087.1,97.1,False
BGW-09,6,17,2021-02-05,76.93,2348.1,74.53,20.33,0.214,3106.7,93.4,False
BGW-09,6,18,2021-02-06,74.11,2829.7,70.35,20.34,0.224,3058.6,100.0,False
BGW-09,6,19,2021-02-07,72.62,2984.6,58.69,17.85,0.233,3123.7,100.0,False
BGW-09,6,20,2021-02-08,71.33,3309.4,63.2,19.83,0.239,3023.8,97.3,False
BGW-09,6,21,2021-02-09,68.91,3813.4,55.74,17.18,0.236,3076.0,100.0,False
BGW-09,6,22,2021-02-10,67.17,4015.7,54.72,18.33,0.251,3051.8,100.0,False
BGW-09,6,23,2021-02-11,66.68,4117.9,50.4,15.58,0.236,3033.5,100.0,False
BGW-09,6,24,2021-02-12,64.82,4233.8,50.55,15.23,0.232,3034.3,96.3,False
BGW-09,6,25,2021-02-13,64.15,4623.1,53.4,18.16,0.254,3022.6,96.7,False
BGW-09,6,26,2021-02-14,62.73,4863.0,51.63,18.39,0.263,3031.5,95.6,False
BGW-09,6,27,2021-02-15,61.39,5242.7,46.51,15.01,0.244,3041.8,100.0,False
BGW-09,6,28,2021-02-16,60.76,5532.1,49.19,16.05,0.246,3022.5,96.4,False
BGW-09,6,29,2021-02-17,59.7,6065.0,47.81,16.61,0.258,3067.4,100.0,False
BGW-09,6,30,2021-02-18,58.48,6205.2,50.16,18.22,0.266,3047.8,100.0,False
BGW-09,6,31,2021-02-19,57.52,6421.8,40.6,14.65,0.265,3018.6,98.9,False
BGW-09,6,32,2021-02-20,57.09,6320.1,44.56,14.56,0.246,2970.9,97.8,False
BGW-09,6,33,2021-02-21,56.24,7124.3,42.88,14.39,0.251,2952.6,98.3,False
BGW-09,6,34,2021-02-22,55.69,7305.9,41.14,13.62,0.249,2970.6,100.0,False
BGW-09,6,35,2021-02-23,54.91,7623.2,39.85,14.88,0.272,2991.5,96.7,False
BGW-09,6,36,2021-02-24,54.51,7964.3,39.74,15.92,0.286,3022.9,99.9,False
BGW-09,6,37,2021-02-25,53.91,8632.0,34.38,11.99,0.259,2962.6,97.2,False
BGW-09,6,38,2021-02-26,53.77,7771.7,42.16,18.08,0.3,2981.3,100.0,False
BGW-09,6,39,2021-02-27,53.58,8165.3,38.56,15.05,0.281,2959.5,100.0,False
BGW-09,6,40,2021-02-28,52.77,8403.4,36.12,14.33,0.284,2953.6,97.1,False
BGW-09,6,41,2021-03-01,52.73,9120.0,34.51,15.73,0.313,3026.8,91.0,False
BGW-09,6,42,2021-03-02,52.12,8311.8,34.2,13.82,0.288,2891.5,93.8,False
BGW-09,6,43,2021-03-03,52.11,8249.6,36.96,17.29,0.319,2963.7,95.0,False
BGW-09,6,44,2021-03-04,51.37,9574.8,31.1,13.24,0.299,2945.3,85.9,False
BGW-09,6,45,2021-03-05,50.71,10103.6,30.08,13.12,0.304,2945.1,78.3,False
BGW-09,6,46,2021-03-06,51.69,9367.0,32.53,14.75,0.312,2937.5,85.5,False
BGW-09,6,47,2021-03-07,50.75,9425.7,32.91,14.36,0.304,2965.1,78.5,False
BGW-09,6,48,2021-03-08,50.28,9908.8,30.53,13.37,0.305,2954.0,75.6,False
BGW-09,6,49,2021-03-09,50.59,9691.4,30.95,13.13,0.298,2900.0,83.6,False
BGW-09,6,50,2021-03-10,49.7,10197.7,30.44,13.21,0.303,2925.1,71.4,False
BGW-09,6,51,2021-03-11,49.65,10425.0,30.71,15.22,0.331,2916.7,70.5,False
BGW-09,6,52,2021-03-12,49.86,9841.4,32.8,14.55,0.307,2853.3,77.0,False
BGW-09,6,53,2021-03-13,49.28,10363.0,31.47,15.17,0.325,2852.6,71.9,False
BGW-09,6,54,2021-03-14,48.99,10737.0,30.91,14.93,0.326,2865.3,73.1,False
BGW-09,6,55,2021-03-15,49.1,10412.1,32.13,16.13,0.334,2917.0,67.7,False
BGW-09,6,56,2021-03-16,49.64,10118.8,28.62,15.04,0.345,2908.7,82.3,False
BGW-09,6,57,2021-03-17,48.47,11258.2,29.1,14.29,0.329,2891.1,67.5,False
BGW-09,6,58,2021-03-18,49.24,10018.8,30.3,15.13,0.333,2916.9,78.3,False
BGW-09,6,59,2021-03-19,48.31,10437.0,30.48,16.04,0.345,2843.1,76.3,False
BGW-09,6,60,2021-03-20,48.66,11110.0,28.48,14.03,0.33,2868.4,73.7,False
BGW-09,6,61,2021-03-21,48.15,11269.8,28.47,16.07,0.361,2850.3,66.3,False
BGW-09,6,62,2021-03-22,47.95,11467.4,25.35,14.64,0.366,2870.4,59.1,True
BGW-09,6,63,2021-03-23,48.19,10886.6,26.85,15.37,0.364,2869.2,65.9,False
BGW-09,6,64,2021-03-24,48.13,11035.9,27.69,15.67,0.361,2861.9,63.3,True
BGW-09,6,65,2021-03-25,48.16,11364.9,27.15,15.86,0.369,2811.8,61.2,True
BGW-09,6,66,2021-03-26,48.31,10812.0,29.66,17.17,0.367,2812.6,64.5,True
BGW-09,6,67,2021-03-27,47.82,11838.8,27.5,16.03,0.368,2822.3,58.0,True
BGW-09,6,68,2021-03-28,48.32,11249.6,27.82,16.34,0.37,2839.6,61.8,True
BGW-09,6,69,2021-03-29,48.48,11414.0,28.76,17.37,0.377,2787.9,58.9,True
BGW-09,6,70,2021-03-30,48.38,10194.4,29.82,17.51,0.37,2806.9,81.3,False
BGW-09,6,71,2021-03-31,48.14,12251.1,25.15,15.25,0.377,2773.6,50.4,True
BGW-09,6,72,2021-04-01,47.78,11118.4,24.85,15.34,0.382,2771.5,66.5,False
BGW-09,6,73,2021-04-02,47.79,12017.8,23.76,16.26,0.406,2799.1,53.1,True
BGW-09,6,74,2021-04-03,48.19,11830.4,26.16,16.23,0.383,2770.6,54.8,True
BGW-09,6,75,2021-04-04,48.34,10841.4,26.76,16.57,0.382,2783.3,64.8,True
BGW-09,6,76,2021-04-05,47.64,11343.9,23.9,15.61,0.395,2751.6,67.3,False
BGW-09,6,77,2021-04-06,47.98,9783.6,26.11,15.99,0.38,2798.3,83.9,False
BGW-09,6,78,2021-04-07,47.37,11773.5,26.67,18.96,0.415,2700.3,56.6,True
BGW-09,6,79,2021-04-08,47.39,11989.5,27.56,18.71,0.404,2833.3,53.6,True
BGW-09,6,80,2021-04-09,47.76,10837.7,25.57,18.36,0.418,2779.8,68.1,False
BGW-09,6,81,2021-04-10,47.13,11143.9,24.41,16.83,0.408,2769.8,65.9,False
BGW-09,6,82,2021-04-11,48.33,10691.4,25.23,17.3,0.407,2779.4,73.2,False
BGW-09,6,83,2021-04-12,47.44,12592.1,23.07,17.2,0.427,2699.3,53.0,True
BGW-09,6,84,2021-04-13,47.73,10223.6,26.95,18.64,0.409,2757.4,76.9,False
BGW-09,6,85,2021-04-14,47.88,11714.9,24.45,17.64,0.419,2696.0,58.3,True
BGW-09,6,86,2021-04-15,47.46,11445.1,23.56,16.27,0.408,2629.7,57.7,True
BGW-09,6,87,2021-04-16,47.42,11776.4,21.09,16.0,0.431,2683.6,57.4,True
BGW-09,6,88,2021-04-17,47.37,12141.2,22.6,17.24,0.433,2688.9,54.7,True
BGW-09,6,89,2021-04-18,47.79,11547.9,23.8,20.16,0.459,2657.7,63.4,True
BGW-09,7,0,2021-05-08,138.53,198.0,246.94,47.03,0.16,3167.9,100.0,False
BGW-09,7,1,2021-05-09,133.11,247.4,218.25,50.52,0.188,3169.9,100.0,False
BGW-09,7,2,2021-05-10,127.95,306.3,201.36,35.87,0.151,3167.9,100.0,False
BGW-09,7,3,2021-05-11,123.72,342.0,167.39,34.23,0.17,3189.7,99.1,False
BGW-09,7,4,2021-05-12,120.42,369.8,186.11,48.69,0.207,3172.8,100.0,False
BGW-09,7,5,2021-05-13,115.37,491.6,154.64,35.24,0.186,3156.1,100.0,False
BGW-09,7,6,2021-05-14,111.82,528.4,167.88,44.28,0.209,3134.7,99.5,False
BGW-09,7,7,2021-05-15,108.12,676.6,138.49,34.63,0.2,3209.2,100.0,False
BGW-09,7,8,2021-05-16,104.91,663.6,150.38,37.81,0.201,3183.7,100.0,False
BGW-09,7,9,2021-05-17,101.94,836.3,125.01,32.02,0.204,3122.5,100.0,False
BGW-09,7,10,2021-05-18,98.71,887.3,120.82,28.96,0.193,3139.1,100.0,False
BGW-09,7,11,2021-05-19,95.98,1023.2,108.27,26.74,0.198,3118.1,95.0,False
BGW-09,7,12,2021-05-20,92.93,1164.3,100.96,22.67,0.183,3109.5,100.0,False
BGW-09,7,13,2021-05-21,91.12,1231.0,110.22,26.76,0.195,3078.3,100.0,False
BGW-09,7,14,2021-05-22,89.07,1365.4,100.19,27.35,0.214,3121.3,99.9,False
BGW-09,7,15,2021-05-23,86.42,1597.8,90.08,25.13,0.218,3088.0,100.0,False
BGW-09,7,16,2021-05-24,83.32,1719.5,81.63,21.32,0.207,3094.5,97.5,False
BGW-09,7,17,2021-05-25,81.92,1936.3,78.22,23.21,0.229,3137.3,100.0,False
BGW-09,7,18,2021-05-26,80.19,2053.1,83.78,24.27,0.225,3106.2,100.0,False
BGW-09,7,19,2021-05-27,78.09,2311.5,73.67,20.34,0.216,3058.5,93.6,False
BGW-09,7,20,2021-05-28,76.48,2598.7,72.95,21.19,0.225,3068.6,98.0,False
BGW-09,7,21,2021-05-29,74.52,2516.7,65.14,21.1,0.245,3091.3,100.0,False
BGW-09,7,22,2021-05-30,73.27,2754.9,66.73,21.07,0.24,3084.1,100.0,False
BGW-09,7,23,2021-05-31,72.21,3317.9,60.66,21.87,0.265,3034.8,93.9,False
BGW-09,7,24,2021-06-01,70.55,3410.0,60.15,18.47,0.235,3036.5,100.0,False
BGW-09,7,25,2021-06-02,68.9,3879.5,59.64,20.29,0.254,3006.2,100.0,False
BGW-09,7,26,2021-06-03,68.02,3569.3,59.33,20.03,0.252,3039.4,100.0,False
BGW-09,7,27,2021-06-04,67.07,3838.9,59.26,20.35,0.256,3052.8,97.6,False
BGW-09,7,28,2021-06-05,66.09,4199.1,51.86,17.63,0.254,3006.7,100.0,False
BGW-09,7,29,2021-06-06,64.44,4656.3,53.6,20.48,0.276,2990.0,100.0,False
BGW-09,7,30,2021-06-07,64.39,4769.4,45.73,15.05,0.248,3046.1,98.5,False
BGW-09,7,31,2021-06-08,62.15,5117.5,50.72,15.37,0.233,3041.7,100.0,False
BGW-09,7,32,2021-06-09,61.75,5015.5,46.74,14.53,0.237,3017.0,99.0,False
BGW-09,7,33,2021-06-10,60.83,5735.6,46.14,17.02,0.27,3027.4,98.8,False
BGW-09,7,34,2021-06-11,60.81,5432.1,48.38,18.59,0.278,3050.1,100.0,False
BGW-09,7,35,2021-06-12,59.48,5829.5,43.23,16.83,0.28,2973.6,99.2,False
BGW-09,7,36,2021-06-13,59.51,6363.0,42.39,15.07,0.262,3003.3,100.0,False
BGW-09,7,37,2021-06-14,58.49,6279.3,41.33,15.66,0.275,2970.5,100.0,False
BGW-09,7,38,2021-06-15,57.88,6465.6,40.05,17.01,0.298,2988.5,100.0,False
BGW-09,7,39,2021-06-16,57.34,6194.3,41.62,15.37,0.27,2983.1,100.0,False
BGW-09,7,40,2021-06-17,56.67,7235.5,36.95,14.36,0.28,2975.9,100.0,False
BGW-09,7,41,2021-06-18,55.72,7628.4,41.83,17.52,0.295,2967.5,95.5,False
BGW-09,7,42,2021-06-19,55.73,7189.5,42.14,17.44,0.293,2980.9,100.0,False
BGW-09,7,43,2021-06-20,55.25,7742.1,41.02,18.08,0.306,2932.3,99.8,False
BGW-09,7,44,2021-06-21,54.4,7095.0,39.44,16.59,0.296,2977.7,99.0,False
BGW-09,7,45,2021-06-22,54.29,8489.0,35.14,14.58,0.293,2963.2,90.9,False
BGW-09,7,46,2021-06-23,54.28,7688.2,35.45,16.78,0.321,2966.5,95.6,False
BGW-09,7,47,2021-06-24,53.4,8401.4,37.85,17.3,0.314,2972.8,94.8,False
BGW-09,7,48,2021-06-25,53.31,9628.4,31.0,12.95,0.295,2924.6,84.9,False
BGW-09,7,49,2021-06-26,53.13,8030.8,36.18,16.98,0.319,2927.3,98.2,False
BGW-09,7,50,2021-06-27,52.18,8993.0,36.85,16.21,0.306,2950.7,85.1,False
BGW-09,7,51,2021-06-28,51.9,9298.8,33.72,15.63,0.317,2937.5,90.0,False
BGW-09,7,52,2021-06-29,52.1,8155.9,36.51,16.65,0.313,2904.6,97.8,False
BGW-09,7,53,2021-06-30,52.33,8689.4,31.81,16.5,0.342,2922.0,94.6,False
BGW-09,7,54,2021-07-01,51.96,9600.7,31.21,14.42,0.316,2885.9,84.7,False
BGW-09,7,55,2021-07-02,51.23,8927.8,34.39,17.48,0.337,2846.8,89.3,False
BGW-09,7,56,2021-07-03,51.42,9330.4,34.51,15.86,0.315,2861.7,85.4,False
BGW-09,7,57,2021-07-04,50.86,9898.2,32.29,16.57,0.339,2831.1,78.9,False
BGW-09,7,58,2021-07-05,50.39,10242.9,30.33,16.57,0.353,2899.0,77.5,False
BGW-09,7,59,2021-07-06,50.57,9522.8,31.61,17.12,0.351,2904.6,76.7,False
BGW-09,7,60,2021-07-07,50.15,9892.4,31.08,16.55,0.348,2866.6,75.0,False
BGW-09,7,61,2021-07-08,50.31,9062.7,30.12,16.93,0.36,2865.7,90.4,False
BGW-09,7,62,2021-07-09,49.77,10435.4,28.46,15.5,0.353,2846.5,68.9,False
BGW-09,7,63,2021-07-10,49.52,10603.2,30.53,16.53,0.351,2817.4,74.2,False
BGW-09,7,64,2021-07-11,49.68,9946.7,31.65,18.3,0.366,2843.3,82.2,False
BGW-09,7,65,2021-07-12,48.67,10614.9,31.97,17.96,0.36,2849.0,65.1,False
BGW-09,7,66,2021-07-13,49.59,9951.6,29.82,16.58,0.357,2831.9,79.8,False
BGW-09,7,67,2021-07-14,48.97,10613.2,28.22,17.56,0.384,2821.2,73.5,False
BGW-09,7,68,2021-07-15,49.23,10891.4,28.58,17.48,0.379,2804.9,72.2,False
BGW-09,7,69,2021-07-16,49.6,10813.5,29.13,17.14,0.37,2807.0,69.3,False
BGW-09,7,70,2021-07-17,48.77,10972.0,27.05,16.2,0.375,2768.0,65.8,False
BGW-09,7,71,2021-07-18,49.11,10436.8,30.85,18.78,0.378,2776.6,71.6,False
BGW-09,7,72,2021-07-19,48.83,10718.2,29.54,18.46,0.385,2812.1,75.9,False
BGW-09,7,73,2021-07-20,48.44,10482.7,29.36,17.75,0.377,2820.0,74.1,False
BGW-09,7,74,2021-07-21,48.94,10273.1,30.04,19.46,0.393,2783.0,72.8,False
BGW-09,7,75,2021-07-22,48.73,10478.7,28.76,19.77,0.407,2785.0,75.2,False
BGW-09,7,76,2021-07-23,48.59,10621.1,27.34,16.8,0.381,2797.7,71.5,False
BGW-09,7,77,2021-07-24,48.43,10573.3,28.07,19.69,0.412,2771.0,74.0,False
BGW-09,7,78,2021-07-25,49.0,11805.1,26.02,17.3,0.399,2739.2,59.5,True
BGW-09,7,79,2021-07-26,48.58,10898.5,27.91,18.54,0.399,2701.7,65.3,False
BGW-09,7,80,2021-07-27,48.72,11184.1,27.92,19.51,0.411,2733.5,57.5,True
BGW-09,7,81,2021-07-28,48.14,10661.2,25.17,16.86,0.401,2752.2,70.5,False
BGW-09,7,82,2021-07-29,48.44,11883.9,27.03,18.95,0.412,2697.9,62.0,True
BGW-09,7,83,2021-07-30,47.5,11150.7,27.78,20.0,0.419,2718.3,61.4,True
BGW-09,7,84,2021-07-31,47.71,10863.2,29.01,20.87,0.418,2708.1,73.3,False
BGW-09,7,85,2021-08-01,48.18,11207.7,27.59,20.43,0.425,2746.1,67.1,False
BGW-09,7,86,2021-08-02,47.67,11780.7,25.64,18.42,0.418,2751.8,59.8,True
BGW-09,7,87,2021-08-03,47.81,11187.3,24.44,17.05,0.411,2742.7,63.7,True
BGW-09,7,88,2021-08-04,47.75,12055.3,25.07,18.9,0.43,2743.0,53.8,True
BGW-09,7,89,2021-08-05,47.6,11425.4,25.07,18.86,0.429,2704.9,61.8,True
BGW-09,8,0,2021-09-02,148.05,143.0,276.53,57.8,0.173,3150.6,100.0,False
BGW-09,8,1,2021-09-03,141.59,169.5,274.19,59.28,0.178,3170.2,100.0,False
BGW-09,8,2,2021-09-04,134.53,215.2,228.07,47.4,0.172,3127.1,100.0,False
BGW-09,8,3,2021-09-05,128.55,289.5,207.84,44.74,0.177,3146.8,100.0,False
BGW-09,8,4,2021-09-06,122.87,321.0,182.67,45.04,0.198,3113.0,98.9,False
BGW-09,8,5,2021-09-07,117.91,418.0,171.44,37.62,0.18,3148.0,97.0,False
BGW-09,8,6,2021-09-08,112.92,499.2,153.28,33.77,0.181,3148.1,100.0,False
BGW-09,8,7,2021-09-09,108.0,614.2,133.29,32.3,0.195,3157.9,100.0,False
BGW-09,8,8,2021-09-10,103.49,708.2,122.19,27.54,0.184,3165.4,98.4,False
BGW-09,8,9,2021-09-11,100.25,829.7,119.91,29.64,0.198,3166.7,99.9,False
BGW-09,8,10,2021-09-12,96.18,1007.8,100.53,23.26,0.188,3097.4,95.9,False
BGW-09,8,11,2021-09-13,92.99,1142.8,97.85,24.14,0.198,3087.6,100.0,False
BGW-09,8,12,2021-09-14,89.42,1312.0,92.09,24.34,0.209,3144.7,100.0,False
BGW-09,8,13,2021-09-15,86.81,1504.3,93.54,20.4,0.179,3124.0,100.0,False
BGW-09,8,14,2021-09-16,84.66,1579.3,81.6,19.93,0.196,3099.7,94.6,False
BGW-09,8,15,2021-09-17,81.79,2025.4,72.43,20.38,0.22,3117.2,99.4,False
BGW-09,8,16,2021-09-18,79.51,2134.1,75.83,19.41,0.204,3126.2,100.0,False
BGW-09,8,17,2021-09-19,77.23,2288.8,68.24,19.46,0.222,3093.4,100.0,False
BGW-09,8,18,2021-09-20,75.32,2500.5,64.91,16.74,0.205,3101.2,100.0,False
BGW-09,8,19,2021-09-21,73.98,2930.4,61.9,18.22,0.227,3083.2,99.1,False
BGW-09,8,20,2021-09-22,71.27,2973.9,60.38,17.92,0.229,3070.0,100.0,False
BGW-09,8,21,2021-09-23,69.3,3591.1,54.98,16.39,0.23,3064.0,96.2,False
BGW-09,8,22,2021-09-24,67.81,3799.0,54.91,16.14,0.227,3079.6,99.3,False
BGW-09,8,23,2021-09-25,66.47,4557.1,49.27,14.26,0.224,3029.9,97.5,False
BGW-09,8,24,2021-09-26,64.97,4533.7,45.62,14.14,0.237,3037.2,100.0,False
BGW-09,8,25,2021-09-27,64.17,4323.8,47.71,14.58,0.234,3016.5,100.0,False
BGW-09,8,26,2021-09-28,63.43,4501.7,50.08,17.11,0.255,3043.8,100.0,False
BGW-09,8,27,2021-09-29,62.29,5634.5,42.36,14.15,0.25,3001.8,98.3,False
BGW-09,8,28,2021-09-30,60.87,5558.4,39.3,13.55,0.256,3013.6,100.0,False
BGW-09,8,29,2021-10-01,59.6,5990.6,44.35,15.49,0.259,3001.3,100.0,False
BGW-09,8,30,2021-10-02,58.81,6297.4,37.11,13.04,0.26,3019.8,100.0,False
BGW-09,8,31,2021-10-03,58.22,6358.8,37.98,12.6,0.249,3054.8,99.7,False
BGW-09,8,32,2021-10-04,57.68,6442.7,37.91,13.28,0.26,3019.0,98.7,False
BGW-09,8,33,2021-10-05,57.0,7424.1,34.67,13.05,0.273,2995.2,100.0,False
BGW-09,8,34,2021-10-06,55.72,7352.3,39.97,14.98,0.273,2995.1,97.6,False
BGW-09,8,35,2021-10-07,55.08,7537.7,36.5,13.23,0.266,3002.8,90.2,False
BGW-09,8,36,2021-10-08,54.71,7460.7,33.8,13.14,0.28,3017.1,98.8,False
BGW-09,8,37,2021-10-09,54.62,7642.3,33.58,13.07,0.28,2931.3,99.6,False
BGW-09,8,38,2021-10-10,54.42,8037.5,32.73,11.66,0.263,2961.0,99.2,False
BGW-09,8,39,2021-10-11,53.38,7591.8,33.19,12.96,0.281,2966.2,99.4,False
BGW-09,8,40,2021-10-12,52.99,8990.1,30.7,11.87,0.279,2952.7,83.9,False
BGW-09,8,41,2021-10-13,52.16,9208.1,30.8,13.22,0.3,2936.7,91.0,False
BGW-09,8,42,2021-10-14,52.11,9371.9,30.77,13.13,0.299,2984.3,87.9,False
BGW-09,8,43,2021-10-15,52.0,9455.9,30.03,13.0,0.302,2982.7,83.3,False
BGW-09,8,44,2021-10-16,51.35,8671.5,31.99,13.05,0.29,2984.7,89.3,False
BGW-09,8,45,2021-10-17,51.55,9043.7,25.94,11.56,0.308,2957.0,90.5,False
BGW-09,8,46,2021-10-18,51.13,9321.8,29.02,12.14,0.295,2945.8,83.3,False
BGW-09,8,47,2021-10-19,50.83,9853.9,26.81,11.07,0.292,2900.3,78.2,False
BGW-09,8,48,2021-10-20,50.55,9206.4,31.12,13.57,0.304,2941.3,91.4,False
BGW-09,8,49,2021-10-21,49.96,10910.9,27.58,12.77,0.317,2934.3,67.3,False
BGW-09,8,50,2021-10-22,50.23,9545.7,28.2,13.22,0.319,2933.0,84.6,False
BGW-09,8,51,2021-10-23,49.93,9832.6,27.15,12.14,0.309,2891.2,81.4,False
BGW-09,8,52,2021-10-24,49.64,10313.3,27.26,13.06,0.324,2912.5,71.5,False
BGW-09,8,53,2021-10-25,49.44,10298.3,28.7,14.26,0.332,2894.6,72.7,False
BGW-09,8,54,2021-10-26,49.86,9966.4,27.32,13.86,0.337,2882.6,78.8,False
BGW-09,8,55,2021-10-27,49.02,10584.7,27.32,14.46,0.346,2941.4,66.8,False
BGW-09,8,56,2021-10-28,49.02,10986.0,24.94,11.73,0.32,2873.3,62.7,True
BGW-09,8,57,2021-10-29,49.14,10527.9,25.83,13.91,0.35,2886.3,71.8,False
BGW-09,8,58,2021-10-30,49.8,10122.5,25.5,13.53,0.347,2881.6,78.6,False
BGW-09,8,59,2021-10-31,48.81,11371.8,26.8,14.04,0.344,2880.2,60.4,True
BGW-09,8,60,2021-11-01,48.46,11323.2,25.46,15.25,0.375,2829.6,67.3,False
BGW-09,8,61,2021-11-02,48.41,10155.2,23.26,12.64,0.352,2905.9,72.4,False
BGW-09,8,62,2021-11-03,48.83,10588.7,24.89,14.54,0.369,2823.4,76.3,False
BGW-09,8,63,2021-11-04,48.08,11039.3,25.27,13.71,0.352,2904.6,67.4,False
BGW-09,8,64,2021-11-05,47.9,11089.0,22.9,12.41,0.352,2819.0,64.6,True
BGW-09,8,65,2021-11-06,48.41,11029.6,24.82,13.95,0.36,2825.0,65.5,False
BGW-09,8,66,2021-11-07,48.11,11339.5,21.84,12.76,0.369,2820.0,60.1,True
BGW-09,8,67,2021-11-08,47.66,11283.7,24.29,14.48,0.373,2837.2,59.8,True
BGW-09,8,68,2021-11-09,48.41,10746.1,24.29,13.15,0.351,2827.7,66.7,False
BGW-09,8,69,2021-11-10,48.31,10767.1,27.58,16.76,0.378,2852.9,65.3,False
BGW-09,8,70,2021-11-11,47.6,11641.4,22.21,12.73,0.364,2801.2,62.2,True
BGW-09,8,71,2021-11-12,48.44,10505.2,22.3,13.44,0.376,2828.7,80.7,False
BGW-09,8,72,2021-11-13,48.05,11458.1,22.6,15.78,0.411,2809.3,62.7,True
BGW-09,8,73,2021-11-14,48.14,10581.5,22.76,14.21,0.384,2754.2,74.2,False
BGW-09,8,74,2021-11-15,47.79,11267.9,21.32,13.34,0.385,2743.3,65.1,False
BGW-09,8,75,2021-11-16,48.2,11307.3,23.31,15.09,0.393,2763.0,59.8,True
BGW-09,8,76,2021-11-17,47.85,11029.8,23.24,14.67,0.387,2793.0,67.5,False
BGW-09,8,77,2021-11-18,47.22,11769.7,20.68,12.69,0.38,2855.8,56.1,True
BGW-09,8,78,2021-11-19,47.92,11923.0,22.77,15.43,0.404,2747.4,58.8,True
BGW-09,8,79,2021-11-20,47.8,11900.8,22.78,16.32,0.417,2812.1,56.9,True
BGW-09,8,80,2021-11-21,47.57,12520.2,22.07,14.97,0.404,2731.8,45.9,True
BGW-09,8,81,2021-11-22,47.33,11627.6,20.63,15.17,0.424,2752.8,59.8,True
BGW-09,8,82,2021-11-23,47.24,11369.5,19.75,14.91,0.43,2705.1,58.1,True
BGW-09,8,83,2021-11-24,48.0,11400.3,22.08,16.01,0.42,2743.1,64.9,True
BGW-09,8,84,2021-11-25,47.09,12179.0,21.72,16.5,0.432,2712.9,49.5,True
BGW-09,8,85,2021-11-26,47.66,11023.1,19.59,14.47,0.425,2725.6,68.9,False
BGW-09,8,86,2021-11-27,47.69,11612.6,21.49,16.03,0.427,2695.3,63.7,True
BGW-09,8,87,2021-11-28,47.74,10866.2,21.1,16.63,0.441,2711.7,64.4,True
BGW-09,8,88,2021-11-29,48.21,11556.4,20.55,15.26,0.426,2753.0,59.7,True
BGW-09,8,89,2021-11-30,47.19,11275.7,22.21,15.96,0.418,2705.7,60.7,True
BGW-09,9,0,2021-12-30,144.42,150.7,298.33,57.96,0.163,3165.4,100.0,False
BGW-09,9,1,2021-12-31,137.7,194.2,238.7,48.65,0.169,3206.9,98.5,False
BGW-09,9,2,2022-01-01,130.81,253.0,216.19,45.12,0.173,3124.3,100.0,False
BGW-09,9,3,2022-01-02,125.47,293.5,194.17,37.93,0.163,3146.8,99.0,False
BGW-09,9,4,2022-01-03,120.32,378.5,180.72,36.71,0.169,3207.9,100.0,False
BGW-09,9,5,2022-01-04,115.01,437.4,160.29,36.14,0.184,3229.5,98.3,False
BGW-09,9,6,2022-01-05,109.87,565.0,141.39,32.78,0.188,3151.6,100.0,False
BGW-09,9,7,2022-01-06,105.55,647.1,144.3,33.29,0.187,3072.7,99.4,False
BGW-09,9,8,2022-01-07,101.49,788.0,112.85,28.53,0.202,3194.5,98.4,False
BGW-09,9,9,2022-01-08,98.15,897.3,123.84,33.12,0.211,3101.3,98.3,False
BGW-09,9,10,2022-01-09,93.54,1146.3,98.44,24.92,0.202,3103.6,98.3,False
BGW-09,9,11,2022-01-10,90.73,1214.6,96.82,23.23,0.194,3124.8,100.0,False
BGW-09,9,12,2022-01-11,87.52,1546.1,88.48,24.8,0.219,3118.5,100.0,False
BGW-09,9,13,2022-01-12,84.85,1714.4,84.59,23.24,0.215,3089.3,100.0,False
BGW-09,9,14,2022-01-13,82.54,1907.4,81.73,21.15,0.206,3088.3,98.8,False
BGW-09,9,15,2022-01-14,79.72,2059.2,76.1,19.66,0.205,3102.2,100.0,False
BGW-09,9,16,2022-01-15,77.66,2324.5,72.24,19.6,0.213,3081.9,100.0,False
BGW-09,9,17,2022-01-16,75.6,2465.4,71.99,19.52,0.213,3055.7,97.3,False
BGW-09,9,18,2022-01-17,73.14,2875.0,69.6,19.11,0.215,3095.6,93.4,False
BGW-09,9,19,2022-01-18,71.34,3312.9,59.06,16.87,0.222,3097.8,100.0,False
BGW-09,9,20,2022-01-19,69.59,3350.8,54.31,18.48,0.254,3109.1,97.4,False
BGW-09,9,21,2022-01-20,68.22,3595.7,57.15,16.84,0.228,3093.1,100.0,False
BGW-09,9,22,2022-01-21,66.72,3826.1,51.9,13.89,0.211,3063.0,99.2,False
BGW-09,9,23,2022-01-22,65.18,4172.0,52.63,15.77,0.231,3047.1,99.4,False
BGW-09,9,24,2022-01-23,64.32,4486.4,49.41,14.03,0.221,3055.5,99.8,False
BGW-09,9,25,2022-01-24,63.01,5306.9,47.25,15.03,0.241,3110.9,100.0,False
BGW-09,9,26,2022-01-25,62.03,4735.1,49.64,15.43,0.237,3093.1,94.2,False
BGW-09,9,27,2022-01-26,61.37,5168.6,44.41,14.84,0.251,3032.8,97.3,False
BGW-09,9,28,2022-01-27,59.76,5747.8,41.11,14.46,0.26,3028.6,100.0,False
BGW-09,9,29,2022-01-28,59.07,6213.8,42.35,15.84,0.272,3052.1,96.1,False
BGW-09,9,30,2022-01-29,58.23,6065.1,47.41,18.6,0.282,3034.3,99.4,False
BGW-09,9,31,2022-01-30,57.35,6569.4,38.43,12.68,0.248,3014.5,100.0,False
BGW-09,9,32,2022-01-31,56.79,6637.6,40.53,13.43,0.249,2974.4,97.7,False
BGW-09,9,33,2022-02-01,56.5,6520.7,37.79,12.36,0.246,2991.3,97.3,False
BGW-09,9,34,2022-02-02,55.79,7179.0,37.47,14.06,0.273,3072.1,98.7,False
BGW-09,9,35,2022-02-03,54.75,7799.8,38.24,13.91,0.267,2979.5,100.0,False
BGW-09,9,36,2022-02-04,54.47,7820.4,36.09,12.97,0.264,3006.8,100.0,False
BGW-09,9,37,2022-02-05,53.42,8120.9,32.83,13.19,0.287,2984.0,98.8,False
BGW-09,9,38,2022-02-06,53.18,8263.7,36.39,15.04,0.292,2932.0,99.8,False
BGW-09,9,39,2022-02-07,52.95,8564.0,32.99,12.1,0.268,3018.3,90.0,False
BGW-09,9,40,2022-02-08,52.25,8833.5,33.28,13.35,0.286,2991.7,89.9,False
BGW-09,9,41,2022-02-09,52.25,8600.1,33.73,13.0,0.278,2942.3,94.9,False
BGW-09,9,42,2022-02-10,51.7,9279.4,31.74,12.99,0.29,2928.2,89.3,False
BGW-09,9,43,2022-02-11,51.72,9434.4,33.86,15.84,0.319,2926.1,82.2,False
BGW-09,9,44,2022-02-12,51.52,9539.1,30.35,13.3,0.305,2949.9,91.1,False
BGW-09,9,45,2022-02-13,51.27,9921.4,34.97,15.37,0.305,2917.8,82.4,False
BGW-09,9,46,2022-02-14,50.74,9426.9,28.46,11.62,0.29,2949.7,85.5,False
BGW-09,9,47,2022-02-15,50.18,10543.0,28.09,12.71,0.311,2934.1,70.4,False
BGW-09,9,48,2022-02-16,50.54,10004.9,31.2,14.53,0.318,2959.6,73.9,False
BGW-09,9,49,2022-02-17,49.75,10111.9,29.27,13.67,0.318,2915.5,75.0,False
BGW-09,9,50,2022-02-18,50.36,9312.9,30.57,13.53,0.307,2893.2,87.5,False
BGW-09,9,51,2022-02-19,49.71,9654.0,31.94,15.14,0.322,2934.6,82.0,False
BGW-09,9,52,2022-02-20,49.15,10250.8,29.29,12.93,0.306,2879.8,69.9,False
BGW-09,9,53,2022-02-21,49.03,10435.0,29.41,14.77,0.334,2898.4,78.3,False
BGW-09,9,54,2022-02-22,49.28,10422.3,28.94,14.51,0.334,2921.3,75.8,False
BGW-09,9,55,2022-02-23,49.25,11097.8,27.64,13.42,0.327,2885.3,64.1,True
BGW-09,9,56,2022-02-24,48.65,10553.5,26.44,13.58,0.339,2830.1,72.6,False
BGW-09,9,57,2022-02-25,48.66,11626.1,27.62,14.45,0.343,2886.5,57.5,True
BGW-09,9,58,2022-02-26,48.74,10418.2,27.11,13.79,0.337,2832.9,68.6,False
BGW-09,9,59,2022-02-27,48.59,10490.0,27.14,13.3,0.329,2929.7,74.6,False
BGW-09,9,60,2022-02-28,48.86,11176.4,27.55,14.87,0.351,2834.6,64.8,True
BGW-09,9,61,2022-03-01,48.67,11073.7,26.04,14.4,0.356,2837.8,63.6,True
BGW-09,9,62,2022-03-02,48.62,11020.1,26.24,14.15,0.35,2796.3,66.8,False
BGW-09,9,63,2022-03-03,48.08,10618.7,26.8,15.59,0.368,2830.8,72.2,False
BGW-09,9,64,2022-03-04,48.03,10872.0,29.16,16.44,0.361,2777.5,68.5,False
BGW-09,9,65,2022-03-05,47.82,11319.2,25.18,14.43,0.364,2853.5,63.3,True
BGW-09,9,66,2022-03-06,47.56,11017.1,25.83,14.49,0.359,2833.5,65.4,False
BGW-09,9,67,2022-03-07,47.84,11417.1,26.15,15.33,0.37,2759.7,64.0,True
BGW-09,9,68,2022-03-08,47.83,11744.3,23.97,13.59,0.362,2819.1,57.8,True
BGW-09,9,69,2022-03-09,47.8,12223.0,24.85,14.34,0.366,2826.5,48.5,True
BGW-09,9,70,2022-03-10,47.64,12491.6,24.68,15.35,0.384,2842.6,50.5,True
BGW-09,9,71,2022-03-11,47.16,11231.4,26.41,17.31,0.396,2749.1,60.2,True
BGW-09,9,72,2022-03-12,47.89,11520.1,24.88,15.46,0.383,2787.1,55.1,True
BGW-09,9,73,2022-03-13,47.73,11152.2,22.62,14.63,0.393,2769.3,67.4,False
BGW-09,9,74,2022-03-14,47.71,11189.1,24.14,15.75,0.395,2820.0,65.9,False
BGW-09,9,75,2022-03-15,48.05,11115.2,28.44,19.64,0.408,2786.3,63.2,True
BGW-09,9,76,2022-03-16,47.11,11829.6,26.04,19.15,0.424,2787.2,56.8,True
BGW-09,9,77,2022-03-17,47.86,12247.9,22.38,16.57,0.425,2736.8,51.5,True
BGW-09,9,78,2022-03-18,47.56,11147.0,24.8,15.55,0.385,2786.5,65.3,False
BGW-09,9,79,2022-03-19,48.07,11484.8,25.64,17.01,0.399,2694.4,62.2,True
BGW-09,9,80,2022-03-20,47.57,11683.0,24.18,15.6,0.392,2748.5,57.7,True
BGW-09,9,81,2022-03-21,47.46,11920.9,23.06,16.15,0.412,2782.6,54.7,True
BGW-09,9,82,2022-03-22,47.91,11144.0,27.48,18.8,0.406,2716.9,67.9,False
BGW-09,9,83,2022-03-23,47.78,11685.8,22.13,15.74,0.416,2715.7,64.4,True
BGW-09,9,84,2022-03-24,47.66,11604.0,23.18,15.62,0.403,2735.1,62.2,True
BGW-09,9,85,2022-03-25,47.85,11426.4,23.35,17.37,0.427,2776.2,58.8,True
BGW-09,9,86,2022-03-26,47.39,11456.8,24.69,18.5,0.428,2736.6,60.7,True
BGW-09,9,87,2022-03-27,47.68,11378.8,24.19,17.25,0.416,2742.9,63.0,True
BGW-09,9,88,2022-03-28,47.67,10460.7,23.64,17.1,0.42,2701.9,76.4,False
BGW-09,9,89,2022-03-29,47.82,10801.3,23.84,18.35,0.435,2743.6,77.0,False
BGW-10,1,0,2019-01-18,143.72,120.8,391.32,63.39,0.139,3595.3,100.0,False
BGW-10,1,1,2019-01-19,138.94,150.8,366.87,69.62,0.16,3576.6,97.3,False
BGW-10,1,2,2019-01-20,135.44,169.5,306.15,58.35,0.16,3619.5,96.0,False
BGW-10,1,3,2019-01-21,132.0,188.0,294.28,55.85,0.16,3592.7,99.9,False
BGW-10,1,4,2019-01-22,128.13,230.1,296.86,59.66,0.167,3530.7,96.1,False
BGW-10,1,5,2019-01-23,124.96,260.3,258.18,54.48,0.174,3586.0,100.0,False
BGW-10,1,6,2019-01-24,120.98,310.3,227.01,44.44,0.164,3559.8,94.9,False
BGW-10,1,7,2019-01-25,118.25,325.2,209.05,45.45,0.179,3607.4,98.0,False
BGW-10,1,8,2019-01-26,115.1,356.9,209.66,43.31,0.171,3553.3,96.5,False
BGW-10,1,9,2019-01-27,112.08,423.2,188.83,35.88,0.16,3565.5,98.0,False
BGW-10,1,10,2019-01-28,108.61,515.7,170.68,39.18,0.187,3507.7,98.8,False
BGW-10,1,11,2019-01-29,106.44,523.8,164.54,32.27,0.164,3537.1,100.0,False
BGW-10,1,12,2019-01-30,104.06,608.3,167.83,38.12,0.185,3553.8,95.9,False
BGW-10,1,13,2019-01-31,101.3,655.9,157.26,38.54,0.197,3494.3,100.0,False
BGW-10,1,14,2019-02-01,99.19,732.3,150.61,39.18,0.206,3515.6,100.0,False
BGW-10,1,15,2019-02-02,96.85,848.9,136.46,34.49,0.202,3497.2,100.0,False
BGW-10,1,16,2019-02-03,94.93,827.0,131.98,32.72,0.199,3516.1,98.1,False
BGW-10,1,17,2019-02-04,92.07,1096.9,108.37,26.46,0.196,3506.9,96.9,False
BGW-10,1,18,2019-02-05,90.73,1092.5,123.23,30.9,0.2,3485.8,100.0,False
BGW-10,1,19,2019-02-06,88.6,1233.5,98.82,29.8,0.232,3440.7,99.6,False
BGW-10,1,20,2019-02-07,86.52,1305.9,100.17,24.15,0.194,3461.2,100.0,False
BGW-10,1,21,2019-02-08,85.19,1326.5,113.88,32.66,0.223,3495.6,100.0,False
BGW-10,1,22,2019-02-09,82.79,1521.2,103.92,28.89,0.218,3456.9,99.8,False
BGW-10,1,23,2019-02-10,82.19,1581.3,86.82,28.87,0.25,3462.0,95.9,False
BGW-10,1,24,2019-02-11,79.99,1727.5,83.58,23.76,0.221,3401.8,100.0,False
BGW-10,1,25,2019-02-12,79.17,1931.3,85.43,25.66,0.231,3495.6,100.0,False
BGW-10,1,26,2019-02-13,76.88,2130.4,76.25,24.21,0.241,3468.1,98.2,False
BGW-10,1,27,2019-02-14,75.61,2059.5,78.87,26.3,0.25,3456.7,100.0,False
BGW-10,1,28,2019-02-15,75.07,2229.0,78.35,23.8,0.233,3429.2,99.1,False
BGW-10,1,29,2019-02-16,73.43,2452.2,71.44,21.91,0.235,3433.5,99.6,False
BGW-10,1,30,2019-02-17,72.11,2674.0,67.46,22.1,0.247,3454.4,98.0,False
BGW-10,1,31,2019-02-18,71.62,2585.8,71.2,25.3,0.262,3390.8,97.2,False
BGW-10,1,32,2019-02-19,70.49,2711.5,64.79,20.53,0.241,3390.1,100.0,False
BGW-10,1,33,2019-02-20,69.17,2968.3,68.12,22.12,0.245,3361.4,95.8,False
BGW-10,1,34,2019-02-21,68.49,3266.5,65.24,21.07,0.244,3471.6,99.3,False
BGW-10,1,35,2019-02-22,67.26,3302.3,60.38,21.77,0.265,3374.4,100.0,False
BGW-10,1,36,2019-02-23,66.29,3512.8,56.32,18.81,0.25,3374.6,100.0,False
BGW-10,1,37,2019-02-24,65.51,3657.0,56.72,20.99,0.27,3415.0,98.6,False
BGW-10,1,38,2019-02-25,64.98,3780.2,53.86,20.91,0.28,3337.5,99.5,False
BGW-10,1,39,2019-02-26,64.33,3830.4,57.34,18.77,0.247,3403.6,98.9,False
BGW-10,1,40,2019-02-27,63.28,4271.5,49.8,19.2,0.278,3370.1,100.0,False
BGW-10,1,41,2019-02-28,63.18,4417.9,53.02,21.22,0.286,3342.7,97.3,False
BGW-10,1,42,2019-03-01,61.43,4380.5,48.5,18.9,0.28,3349.6,96.3,False
BGW-10,1,43,2019-03-02,61.19,4461.4,53.87,19.97,0.271,3277.2,100.0,False
BGW-10,1,44,2019-03-03,60.57,4602.4,47.32,20.75,0.305,3305.6,99.0,False
BGW-10,1,45,2019-03-04,60.16,4866.8,47.78,18.64,0.281,3309.1,97.4,False
BGW-10,1,46,2019-03-05,59.69,5021.1,44.09,18.39,0.294,3344.0,100.0,False
BGW-10,1,47,2019-03-06,58.76,5315.6,46.03,18.4,0.286,3321.3,100.0,False
BGW-10,1,48,2019-03-07,58.05,5303.9,44.54,18.48,0.293,3306.2,100.0,False
BGW-10,1,49,2019-03-08,57.98,5382.2,44.11,20.27,0.315,3292.2,99.6,False
BGW-10,1,50,2019-03-09,57.15,5825.1,45.57,18.71,0.291,3251.3,99.9,False
BGW-10,1,51,2019-03-10,56.83,5997.0,38.5,16.76,0.303,3300.7,100.0,False
BGW-10,1,52,2019-03-11,56.62,5775.1,42.61,18.68,0.305,3221.4,100.0,False
BGW-10,1,53,2019-03-12,56.01,6236.1,43.26,19.86,0.315,3296.0,100.0,False
BGW-10,1,54,2019-03-13,56.08,6095.6,37.77,16.25,0.301,3285.4,100.0,False
BGW-10,1,55,2019-03-14,55.24,6335.9,39.98,18.97,0.322,3239.5,100.0,False
BGW-10,1,56,2019-03-15,54.42,6548.6,36.29,16.21,0.309,3198.7,100.0,False
BGW-10,1,57,2019-03-16,54.74,6916.8,39.64,19.4,0.329,3314.2,100.0,False
BGW-10,1,58,2019-03-17,54.18,7011.5,39.74,18.71,0.32,3235.9,99.3,False
BGW-10,1,59,2019-03-18,54.09,6416.4,41.23,20.96,0.337,3177.8,100.0,False
BGW-10,1,60,2019-03-19,53.33,7670.2,35.18,16.37,0.318,3263.1,100.0,False
BGW-10,1,61,2019-03-20,53.51,7110.1,38.48,19.01,0.331,3240.7,100.0,False
BGW-10,1,62,2019-03-21,53.03,7240.2,35.25,18.25,0.341,3252.7,99.1,False
BGW-10,1,63,2019-03-22,52.64,8002.3,33.26,18.14,0.353,3229.7,98.3,False
BGW-10,1,64,2019-03-23,52.57,7329.8,34.35,18.41,0.349,3254.2,99.9,False
BGW-10,1,65,2019-03-24,52.17,7602.6,31.77,17.57,0.356,3242.0,100.0,False
BGW-10,1,66,2019-03-25,52.38,7874.7,35.27,19.74,0.359,3151.4,99.2,False
BGW-10,1,67,2019-03-26,51.52,7623.0,36.31,19.37,0.348,3200.9,98.0,False
BGW-10,1,68,2019-03-27,51.26,8262.6,29.49,15.67,0.347,3157.4,92.9,False
BGW-10,1,69,2019-03-28,51.82,7895.2,35.14,20.23,0.365,3158.8,96.6,False
BGW-10,1,70,2019-03-29,51.51,8163.8,36.16,21.51,0.373,3191.3,92.3,False
BGW-10,1,71,2019-03-30,51.17,8568.9,33.94,19.61,0.366,3121.0,85.0,False
BGW-10,1,72,2019-03-31,50.52,8292.9,34.51,21.69,0.386,3207.6,94.8,False
BGW-10,1,73,2019-04-01,50.48,8011.6,30.69,16.78,0.353,3149.5,91.9,False
BGW-10,1,74,2019-04-02,50.58,8509.9,30.27,18.75,0.382,3158.9,87.4,False
BGW-10,1,75,2019-04-03,50.04,9121.8,30.34,19.12,0.387,3157.9,78.5,False
BGW-10,1,76,2019-04-04,50.39,7883.7,33.88,19.92,0.37,3200.3,97.4,False
BGW-10,1,77,2019-04-05,50.36,8073.7,31.21,20.64,0.398,3129.8,92.1,False
BGW-10,1,78,2019-04-06,49.82,9046.6,27.72,18.1,0.395,3134.3,81.2,False
BGW-10,1,79,2019-04-07,49.74,9100.9,29.67,20.29,0.406,3104.7,85.4,False
BGW-10,1,80,2019-04-08,50.09,8817.4,30.18,20.39,0.403,3081.2,82.6,False
BGW-10,1,81,2019-04-09,49.57,8759.0,33.11,21.18,0.39,3122.4,86.6,False
BGW-10,1,82,2019-04-10,49.82,8500.9,27.73,19.65,0.415,3134.9,89.7,False
BGW-10,1,83,2019-04-11,49.6,9338.0,28.27,18.63,0.397,3074.7,73.6,False
BGW-10,1,84,2019-04-12,49.25,8889.5,27.61,18.97,0.407,3096.9,88.9,False
BGW-10,1,85,2019-04-13,48.79,9881.5,26.83,19.79,0.425,3095.7,72.4,False
BGW-10,1,86,2019-04-14,49.5,8534.5,27.92,19.36,0.409,3165.8,88.7,False
BGW-10,1,87,2019-04-15,48.68,8973.9,27.39,19.68,0.418,3059.4,85.4,False
BGW-10,1,88,2019-04-16,48.86,10109.6,27.28,19.92,0.422,3053.6,76.1,False
BGW-10,1,89,2019-04-17,48.54,9352.2,27.24,18.43,0.404,3075.1,79.8,False
BGW-10,2,0,2019-05-12,141.58,146.8,342.82,57.37,0.143,3619.0,100.0,False
BGW-10,2,1,2019-05-13,136.62,169.0,331.35,62.57,0.159,3602.2,99.0,False
BGW-10,2,2,2019-05-14,131.08,198.4,309.36,51.29,0.142,3599.9,100.0,False
BGW-10,2,3,2019-05-15,125.36,259.2,278.49,50.84,0.154,3564.3,96.9,False
BGW-10,2,4,2019-05-16,121.06,287.2,288.17,59.21,0.17,3585.8,100.0,False
BGW-10,2,5,2019-05-17,117.08,334.9,243.84,49.56,0.169,3571.5,100.0,False
BGW-10,2,6,2019-05-18,112.85,416.7,219.3,44.5,0.169,3599.4,98.0,False
BGW-10,2,7,2019-05-19,108.73,493.9,204.0,46.73,0.186,3570.1,94.0,False
BGW-10,2,8,2019-05-20,104.76,585.1,188.57,36.98,0.164,3561.7,100.0,False
BGW-10,2,9,2019-05-21,101.6,656.7,180.82,43.39,0.194,3579.3,99.1,False
BGW-10,2,10,2019-05-22,98.4,798.6,162.16,35.14,0.178,3541.9,96.7,False
BGW-10,2,11,2019-05-23,95.1,928.2,146.35,32.31,0.181,3572.5,100.0,False
BGW-10,2,12,2019-05-24,92.68,1021.2,145.03,34.04,0.19,3581.6,100.0,False
BGW-10,2,13,2019-05-25,89.96,1158.3,143.06,31.76,0.182,3569.8,99.9,False
BGW-10,2,14,2019-05-26,87.41,1243.9,142.2,35.65,0.2,3530.2,100.0,False
BGW-10,2,15,2019-05-27,84.96,1434.1,131.64,35.85,0.214,3523.6,98.6,False
BGW-10,2,16,2019-05-28,82.92,1533.7,111.4,26.76,0.194,3493.2,97.5,False
BGW-10,2,17,2019-05-29,80.2,1832.4,108.22,30.23,0.218,3490.3,96.6,False
BGW-10,2,18,2019-05-30,78.46,1977.6,111.65,28.5,0.203,3444.5,100.0,False
BGW-10,2,19,2019-05-31,76.81,1967.9,107.06,30.73,0.223,3439.7,100.0,False
BGW-10,2,20,2019-06-01,74.65,2379.7,99.54,27.67,0.218,3518.8,93.4,False
BGW-10,2,21,2019-06-02,73.54,2461.7,95.13,27.27,0.223,3484.4,100.0,False
BGW-10,2,22,2019-06-03,71.51,2753.0,89.11,25.24,0.221,3486.6,94.7,False
BGW-10,2,23,2019-06-04,70.45,2981.7,89.8,25.81,0.223,3500.6,100.0,False
BGW-10,2,24,2019-06-05,68.98,3277.5,79.06,22.29,0.22,3430.6,99.0,False
BGW-10,2,25,2019-06-06,67.02,3484.4,80.74,24.42,0.232,3409.0,100.0,False
BGW-10,2,26,2019-06-07,66.06,3556.4,78.05,21.78,0.218,3433.8,97.2,False
BGW-10,2,27,2019-06-08,65.37,3770.6,79.42,24.33,0.235,3455.8,100.0,False
BGW-10,2,28,2019-06-09,63.92,3931.1,68.35,20.74,0.233,3472.7,100.0,False
BGW-10,2,29,2019-06-10,62.73,4009.1,75.94,24.3,0.242,3335.5,96.0,False
BGW-10,2,30,2019-06-11,61.71,4454.8,65.12,21.9,0.252,3423.2,97.6,False
BGW-10,2,31,2019-06-12,61.82,4534.1,67.59,22.15,0.247,3433.2,100.0,False
BGW-10,2,32,2019-06-13,59.96,4911.2,63.22,20.84,0.248,3429.4,100.0,False
BGW-10,2,33,2019-06-14,59.44,5398.3,63.08,19.63,0.237,3400.1,100.0,False
BGW-10,2,34,2019-06-15,58.04,5204.0,66.61,21.14,0.241,3401.3,100.0,False
BGW-10,2,35,2019-06-16,58.23,5434.3,63.07,22.5,0.263,3360.9,99.9,False
BGW-10,2,36,2019-06-17,57.46,5327.2,64.44,23.2,0.265,3308.3,100.0,False
BGW-10,2,37,2019-06-18,56.4,5957.6,60.41,20.82,0.256,3372.9,100.0,False
BGW-10,2,38,2019-06-19,55.84,6223.3,54.37,18.8,0.257,3390.2,100.0,False
BGW-10,2,39,2019-06-20,55.75,6631.8,56.57,19.99,0.261,3335.0,100.0,False
BGW-10,2,40,2019-06-21,54.94,6585.2,54.6,18.87,0.257,3362.1,97.1,False
BGW-10,2,41,2019-06-22,54.41,7109.2,56.55,20.55,0.267,3404.3,100.0,False
BGW-10,2,42,2019-06-23,54.1,6806.3,55.94,21.54,0.278,3332.9,100.0,False
BGW-10,2,43,2019-06-24,53.57,7359.0,51.87,20.66,0.285,3334.2,94.3,False
BGW-10,2,44,2019-06-25,53.56,6911.1,54.47,22.19,0.289,3379.5,99.4,False
BGW-10,2,45,2019-06-26,52.82,7358.9,50.44,20.66,0.291,3288.6,100.0,False
BGW-10,2,46,2019-06-27,52.83,7457.1,51.81,24.01,0.317,3290.0,98.5,False
BGW-10,2,47,2019-06-28,52.29,7778.3,51.45,21.05,0.29,3274.8,95.5,False
BGW-10,2,48,2019-06-29,51.5,7890.7,48.4,22.71,0.319,3324.8,91.6,False
BGW-10,2,49,2019-06-30,51.4,8144.0,46.49,21.09,0.312,3305.4,96.8,False
BGW-10,2,50,2019-07-01,51.77,8145.7,50.93,22.28,0.304,3279.7,96.5,False
BGW-10,2,51,2019-07-02,50.81,9110.0,42.78,18.63,0.303,3271.4,76.6,False
BGW-10,2,52,2019-07-03,50.53,8263.5,47.4,21.92,0.316,3267.1,89.3,False
BGW-10,2,53,2019-07-04,50.92,8884.2,48.04,20.32,0.297,3340.3,88.5,False
BGW-10,2,54,2019-07-05,49.87,9210.9,44.72,20.42,0.313,3292.0,81.4,False
BGW-10,2,55,2019-07-06,50.52,8878.0,41.39,18.88,0.313,3319.9,85.3,False
BGW-10,2,56,2019-07-07,49.16,8970.7,40.95,18.32,0.309,3250.8,86.9,False
BGW-10,2,57,2019-07-08,49.09,9168.6,48.25,21.44,0.308,3307.7,83.2,False
BGW-10,2,58,2019-07-09,49.61,9672.1,41.06,21.45,0.343,3253.7,79.3,False
BGW-10,2,59,2019-07-10,49.02,8905.1,38.8,19.78,0.338,3251.1,86.1,False
BGW-10,2,60,2019-07-11,49.27,9640.1,42.68,20.94,0.329,3304.1,76.5,False
BGW-10,2,61,2019-07-12,49.36,8946.8,43.0,22.39,0.342,3221.4,82.9,False
BGW-10,2,62,2019-07-13,49.03,9841.2,42.94,21.79,0.337,3230.9,76.2,False
BGW-10,2,63,2019-07-14,49.01,9365.9,37.7,17.2,0.313,3199.1,79.9,False
BGW-10,2,64,2019-07-15,48.3,9354.6,43.67,23.55,0.35,3232.3,81.7,False
BGW-10,2,65,2019-07-16,48.4,9911.1,41.75,22.34,0.349,3236.4,73.0,False
BGW-10,2,66,2019-07-17,48.35,10067.1,41.25,22.48,0.353,3167.8,75.6,False
BGW-10,2,67,2019-07-18,48.34,9385.4,41.78,24.28,0.368,3299.8,76.1,False
BGW-10,2,68,2019-07-19,48.18,9873.8,40.03,22.44,0.359,3226.7,70.9,False
BGW-10,2,69,2019-07-20,48.04,9144.9,38.83,23.42,0.376,3128.4,85.6,False
BGW-10,2,70,2019-07-21,48.46,8847.2,41.37,22.54,0.353,3199.3,88.1,False
BGW-10,2,71,2019-07-22,48.43,9479.9,39.72,21.65,0.353,3205.1,74.8,False
BGW-10,2,72,2019-07-23,48.17,9778.6,42.0,23.39,0.358,3135.3,76.5,False
BGW-10,2,73,2019-07-24,48.44,9798.6,41.15,23.83,0.367,3224.6,80.7,False
BGW-10,2,74,2019-07-25,48.06,10274.8,37.73,21.6,0.364,3131.1,70.9,False
BGW-10,2,75,2019-07-26,48.27,10100.9,38.85,23.97,0.382,3160.9,73.5,False
BGW-10,2,76,2019-07-27,47.69,9428.5,41.22,25.96,0.386,3143.7,86.8,False
BGW-10,2,77,2019-07-28,47.85,10054.2,39.38,23.74,0.376,3165.4,70.9,False
BGW-10,2,78,2019-07-29,47.61,10389.1,37.64,24.35,0.393,3127.8,70.6,False
BGW-10,2,79,2019-07-30,47.23,10186.9,36.07,21.23,0.37,3134.6,69.2,False
BGW-10,2,80,2019-07-31,47.93,9440.8,38.76,26.5,0.406,3138.7,76.6,False
BGW-10,2,81,2019-08-01,48.06,9101.1,39.53,27.4,0.409,3158.2,81.3,False
BGW-10,2,82,2019-08-02,47.73,10729.4,37.43,27.02,0.419,3069.6,64.0,True
BGW-10,2,83,2019-08-03,47.31,10670.9,38.14,25.49,0.401,3094.0,69.2,False
BGW-10,2,84,2019-08-04,47.61,10245.6,34.36,23.45,0.406,3070.9,76.0,False
BGW-10,2,85,2019-08-05,47.62,9605.6,35.82,23.44,0.396,3066.4,79.2,False
BGW-10,2,86,2019-08-06,47.78,9754.4,37.38,26.72,0.417,3092.7,69.8,False
BGW-10,2,87,2019-08-07,47.48,10617.5,34.08,23.45,0.408,3122.9,66.4,False
BGW-10,2,88,2019-08-08,47.17,9833.6,36.15,24.98,0.409,3042.2,74.9,False
BGW-10,2,89,2019-08-09,47.61,10150.1,37.98,25.06,0.398,3107.3,64.7,True
BGW-10,3,0,2019-09-01,137.93,166.4,346.61,63.24,0.154,3619.6,100.0,False
BGW-10,3,1,2019-09-02,130.9,203.0,318.35,57.01,0.152,3555.3,98.4,False
BGW-10,3,2,2019-09-03,124.13,259.3,276.76,48.76,0.15,3559.6,100.0,False
BGW-10,3,3,2019-09-04,119.54,320.0,274.87,55.96,0.169,3616.6,95.7,False
BGW-10,3,4,2019-09-05,114.47,358.8,237.37,50.47,0.175,3506.3,99.4,False
BGW-10,3,5,2019-09-06,108.96,471.8,217.42,44.17,0.169,3555.4,98.8,False
BGW-10,3,6,2019-09-07,104.59,581.6,174.2,37.05,0.175,3489.2,98.3,False
BGW-10,3,7,2019-09-08,100.47,708.8,165.6,34.24,0.171,3585.5,99.8,False
BGW-10,3,8,2019-09-09,96.16,866.3,137.75,30.33,0.18,3585.0,100.0,False
BGW-10,3,9,2019-09-10,92.45,957.5,130.33,27.85,0.176,3495.0,100.0,False
BGW-10,3,10,2019-09-11,89.23,1174.3,125.76,28.64,0.185,3539.9,95.5,False
BGW-10,3,11,2019-09-12,86.26,1307.6,119.85,27.14,0.185,3505.8,98.6,False
BGW-10,3,12,2019-09-13,83.66,1417.3,114.08,30.12,0.209,3546.2,100.0,False
BGW-10,3,13,2019-09-14,80.77,1701.7,98.89,23.38,0.191,3536.6,100.0,False
BGW-10,3,14,2019-09-15,78.45,2010.6,94.46,23.42,0.199,3586.6,94.3,False
BGW-10,3,15,2019-09-16,75.8,2241.4,87.9,21.34,0.195,3475.6,99.3,False
BGW-10,3,16,2019-09-17,73.05,2625.9,85.26,20.47,0.194,3531.6,100.0,False
BGW-10,3,17,2019-09-18,71.62,2741.4,84.5,20.0,0.191,3511.8,100.0,False
BGW-10,3,18,2019-09-19,70.56,2910.4,75.76,19.63,0.206,3484.3,100.0,False
BGW-10,3,19,2019-09-20,68.48,3139.3,78.1,22.42,0.223,3476.7,99.9,False
BGW-10,3,20,2019-09-21,66.61,3262.2,72.24,19.85,0.216,3427.9,97.6,False
BGW-10,3,21,2019-09-22,65.34,3786.4,68.16,17.88,0.208,3471.5,100.0,False
BGW-10,3,22,2019-09-23,64.2,3819.8,69.63,21.49,0.236,3483.0,100.0,False
BGW-10,3,23,2019-09-24,62.92,4080.6,61.71,17.98,0.226,3429.0,100.0,False
BGW-10,3,24,2019-09-25,62.02,4428.5,60.34,18.94,0.239,3471.6,100.0,False
BGW-10,3,25,2019-09-26,60.81,4594.0,57.32,15.81,0.216,3469.8,98.5,False
BGW-10,3,26,2019-09-27,59.53,5476.7,60.09,18.09,0.231,3481.7,98.0,False
BGW-10,3,27,2019-09-28,58.93,5377.8,55.94,17.79,0.241,3404.3,97.0,False
BGW-10,3,28,2019-09-29,57.68,5615.3,53.22,16.57,0.237,3371.5,94.9,False
BGW-10,3,29,2019-09-30,57.12,5684.7,51.07,15.79,0.236,3400.7,97.3,False
BGW-10,3,30,2019-10-01,56.48,5994.3,51.66,17.44,0.252,3446.9,100.0,False
BGW-10,3,31,2019-10-02,55.5,6752.0,49.21,17.05,0.257,3424.7,97.2,False
BGW-10,3,32,2019-10-03,54.31,7228.7,44.09,14.38,0.246,3409.8,95.9,False
BGW-10,3,33,2019-10-04,54.2,7398.7,46.57,15.41,0.249,3336.3,95.0,False
BGW-10,3,34,2019-10-05,53.43,6812.1,46.46,15.93,0.255,3370.4,100.0,False
BGW-10,3,35,2019-10-06,53.29,6844.8,44.94,16.46,0.268,3406.1,98.9,False
BGW-10,3,36,2019-10-07,52.18,7106.5,44.77,16.83,0.273,3451.2,99.3,False
BGW-10,3,37,2019-10-08,51.91,7625.9,42.72,15.83,0.27,3349.0,98.1,False
BGW-10,3,38,2019-10-09,52.14,7778.8,40.99,15.45,0.274,3370.6,97.6,False
BGW-10,3,39,2019-10-10,51.53,7753.6,39.52,14.36,0.266,3312.7,98.4,False
BGW-10,3,40,2019-10-11,51.52,8020.9,38.37,15.74,0.291,3322.7,95.3,False
BGW-10,3,41,2019-10-12,51.39,8524.3,37.42,14.16,0.275,3300.1,87.8,False
BGW-10,3,42,2019-10-13,50.73,8680.5,39.83,15.57,0.281,3316.7,90.2,False
BGW-10,3,43,2019-10-14,50.9,8054.3,38.11,14.67,0.278,3339.0,92.8,False
BGW-10,3,44,2019-10-15,50.03,8780.3,36.22,14.68,0.288,3360.8,82.9,False
BGW-10,3,45,2019-10-16,50.09,8706.6,36.36,15.06,0.293,3333.8,84.4,False
BGW-10,3,46,2019-10-17,49.61,9947.4,33.23,12.05,0.266,3275.3,70.5,False
BGW-10,3,47,2019-10-18,49.24,8688.2,35.37,14.1,0.285,3319.3,90.2,False
BGW-10,3,48,2019-10-19,49.59,8978.2,37.96,15.94,0.296,3328.9,88.6,False
BGW-10,3,49,2019-10-20,48.86,9587.8,35.08,15.01,0.3,3331.3,76.9,False
BGW-10,3,50,2019-10-21,48.3,9531.2,36.06,15.99,0.307,3231.7,73.9,False
BGW-10,3,51,2019-10-22,49.3,9049.6,38.1,17.58,0.316,3221.7,80.6,False
BGW-10,3,52,2019-10-23,48.51,9532.4,35.13,15.03,0.3,3296.1,77.8,False
BGW-10,3,53,2019-10-24,48.82,9261.8,35.27,16.34,0.317,3260.1,83.1,False
BGW-10,3,54,2019-10-25,47.49,10045.8,32.78,14.4,0.305,3261.5,66.7,False
BGW-10,3,55,2019-10-26,48.26,9724.5,29.76,12.89,0.302,3267.0,78.4,False
BGW-10,3,56,2019-10-27,48.2,9220.7,33.84,15.85,0.319,3222.9,79.1,False
BGW-10,3,57,2019-10-28,47.84,10745.2,31.07,15.56,0.334,3251.4,62.4,True
BGW-10,3,58,2019-10-29,47.83,10489.8,32.31,15.26,0.321,3287.0,64.8,True
BGW-10,3,59,2019-10-30,47.08,10514.5,32.33,15.51,0.324,3263.8,66.1,False
BGW-10,3,60,2019-10-31,47.49,10484.7,31.78,15.88,0.333,3263.9,66.3,False
BGW-10,3,61,2019-11-01,48.49,9797.1,33.28,17.12,0.34,3192.7,79.9,False
BGW-10,3,62,2019-11-02,47.21,10372.9,32.08,14.75,0.315,3225.3,67.3,False
BGW-10,3,63,2019-11-03,47.89,10072.3,28.51,14.23,0.333,3246.9,68.5,False
BGW-10,3,64,2019-11-04,47.73,9753.1,31.65,16.03,0.336,3235.9,80.8,False
BGW-10,3,65,2019-11-05,47.8,10519.2,31.88,17.17,0.35,3251.3,65.1,False
BGW-10,3,66,2019-11-06,47.52,9819.7,34.16,17.86,0.343,3236.5,68.7,False
BGW-10,3,67,2019-11-07,47.25,10462.2,32.86,17.08,0.342,3245.2,66.2,False
BGW-10,3,68,2019-11-08,47.64,9979.5,34.25,19.08,0.358,3244.1,73.2,False
BGW-10,3,69,2019-11-09,47.69,10564.7,28.24,16.87,0.374,3166.3,65.6,False
BGW-10,3,70,2019-11-10,47.43,10254.8,32.63,19.05,0.369,3152.3,66.4,False
BGW-10,3,71,2019-11-11,47.31,9708.0,29.15,16.78,0.365,3198.5,73.9,False
BGW-10,3,72,2019-11-12,47.08,9412.4,27.95,16.46,0.371,3133.5,76.9,False
BGW-10,3,73,2019-11-13,47.86,10255.9,29.14,17.56,0.376,3127.0,67.9,False
BGW-10,3,74,2019-11-14,47.55,10450.8,26.13,15.95,0.379,3149.0,67.4,False
BGW-10,3,75,2019-11-15,47.85,10747.9,27.84,16.88,0.378,3134.3,61.9,True
BGW-10,3,76,2019-11-16,46.92,10699.7,31.18,20.63,0.398,3074.4,65.9,False
BGW-10,3,77,2019-11-17,46.62,11139.6,30.0,19.28,0.391,3181.2,57.4,True
BGW-10,3,78,2019-11-18,47.38,10676.6,25.51,16.46,0.392,3150.4,69.1,False
BGW-10,3,79,2019-11-19,47.43,10191.9,28.52,19.47,0.406,3105.6,67.5,False
BGW-10,3,80,2019-11-20,46.98,10457.7,25.77,17.33,0.402,3148.2,65.9,False
BGW-10,3,81,2019-11-21,46.47,11142.8,28.97,19.48,0.402,3142.6,58.3,True
BGW-10,3,82,2019-11-22,47.48,10360.5,28.6,20.48,0.417,3086.6,69.8,False
BGW-10,3,83,2019-11-23,47.46,10104.5,27.94,19.0,0.405,3157.1,73.4,False
BGW-10,3,84,2019-11-24,47.08,11133.0,26.92,19.56,0.421,3083.8,59.0,True
BGW-10,3,85,2019-11-25,47.64,9817.6,27.04,17.82,0.397,3137.7,77.7,False
BGW-10,3,86,2019-11-26,47.16,9938.2,27.66,19.2,0.41,3071.9,69.4,False
BGW-10,3,87,2019-11-27,47.19,10071.9,27.79,18.37,0.398,3068.8,75.9,False
BGW-10,3,88,2019-11-28,47.29,10335.2,27.53,18.93,0.407,3052.4,65.5,False
BGW-10,3,89,2019-11-29,47.03,10985.0,26.78,18.82,0.413,3066.1,60.4,True
BGW-10,4,0,2019-12-22,142.85,139.3,400.1,65.75,0.141,3587.8,100.0,False
BGW-10,4,1,2019-12-23,135.27,168.2,331.72,60.75,0.155,3596.6,98.2,False
BGW-10,4,2,2019-12-24,129.8,198.2,325.84,62.32,0.161,3530.4,98.7,False
BGW-10,4,3,2019-12-25,123.22,257.4,282.42,62.48,0.181,3620.0,96.2,False
BGW-10,4,4,2019-12-26,117.37,315.3,230.1,46.64,0.169,3531.6,100.0,False
BGW-10,4,5,2019-12-27,112.17,437.2,220.73,43.81,0.166,3605.1,100.0,False
BGW-10,4,6,2019-12-28,107.59,529.8,191.64,39.75,0.172,3544.1,100.0,False
BGW-10,4,7,2019-12-29,103.2,579.1,175.86,37.4,0.175,3580.7,100.0,False
BGW-10,4,8,2019-12-30,99.17,735.2,155.22,33.45,0.177,3570.6,99.0,False
BGW-10,4,9,2019-12-31,94.57,892.3,158.6,35.65,0.184,3538.8,96.8,False
BGW-10,4,10,2020-01-01,90.68,1069.9,145.14,30.34,0.173,3523.4,95.6,False
BGW-10,4,11,2020-01-02,88.34,1278.9,125.15,26.53,0.175,3590.6,99.9,False
BGW-10,4,12,2020-01-03,84.92,1409.8,117.2,24.91,0.175,3556.6,100.0,False
BGW-10,4,13,2020-01-04,81.6,1557.8,104.34,26.29,0.201,3537.0,97.7,False
BGW-10,4,14,2020-01-05,79.54,1821.3,103.87,25.88,0.199,3528.7,99.9,False
BGW-10,4,15,2020-01-06,77.24,2016.0,93.82,26.24,0.219,3553.9,98.7,False
BGW-10,4,16,2020-01-07,74.73,2379.2,96.69,24.08,0.199,3494.0,98.0,False
BGW-10,4,17,2020-01-08,72.86,2564.1,84.46,21.32,0.202,3494.9,100.0,False
BGW-10,4,18,2020-01-09,70.76,2912.5,82.77,23.74,0.223,3505.3,100.0,False
BGW-10,4,19,2020-01-10,69.08,2846.8,75.4,20.51,0.214,3441.4,96.5,False
BGW-10,4,20,2020-01-11,67.54,3433.1,71.49,20.6,0.224,3517.4,100.0,False
BGW-10,4,21,2020-01-12,66.65,3871.6,70.65,19.14,0.213,3524.1,100.0,False
BGW-10,4,22,2020-01-13,64.32,4180.3,64.7,18.57,0.223,3431.2,97.6,False
BGW-10,4,23,2020-01-14,63.2,4413.2,60.91,19.22,0.24,3432.8,98.3,False
BGW-10,4,24,2020-01-15,62.15,4554.7,62.15,18.38,0.228,3461.7,100.0,False
BGW-10,4,25,2020-01-16,60.81,4554.8,64.88,18.89,0.225,3484.4,99.0,False
BGW-10,4,26,2020-01-17,60.53,4888.2,58.12,17.62,0.233,3436.2,98.6,False
BGW-10,4,27,2020-01-18,58.85,5503.3,54.96,18.26,0.249,3429.9,99.7,False
BGW-10,4,28,2020-01-19,58.45,5429.9,54.56,17.14,0.239,3444.0,100.0,False
BGW-10,4,29,2020-01-20,57.61,5627.9,56.56,18.27,0.244,3457.9,100.0,False
BGW-10,4,30,2020-01-21,56.19,6166.5,53.62,18.44,0.256,3426.0,100.0,False
BGW-10,4,31,2020-01-22,56.23,5976.5,47.55,15.43,0.245,3384.3,100.0,False
BGW-10,4,32,2020-01-23,54.67,6251.6,51.7,15.99,0.236,3401.0,100.0,False
BGW-10,4,33,2020-01-24,54.28,6580.5,48.85,15.96,0.246,3416.9,100.0,False
BGW-10,4,34,2020-01-25,54.13,7168.6,46.67,15.25,0.246,3418.5,100.0,False
BGW-10,4,35,2020-01-26,53.37,7126.8,52.02,17.05,0.247,3424.2,100.0,False
BGW-10,4,36,2020-01-27,52.84,7380.2,44.02,15.69,0.263,3380.9,100.0,False
BGW-10,4,37,2020-01-28,53.43,7055.6,48.55,18.07,0.271,3424.9,100.0,False
BGW-10,4,38,2020-01-29,51.61,8112.5,40.99,14.73,0.264,3345.9,92.6,False
BGW-10,4,39,2020-01-30,51.21,8288.5,41.62,15.29,0.269,3382.4,94.3,False
BGW-10,4,40,2020-01-31,51.27,9187.0,41.81,17.85,0.299,3370.3,80.1,False
BGW-10,4,41,2020-02-01,50.65,8317.0,39.82,17.7,0.308,3349.8,89.6,False
BGW-10,4,42,2020-02-02,50.28,8795.2,38.02,15.52,0.29,3347.1,80.6,False
BGW-10,4,43,2020-02-03,49.89,8639.9,39.16,15.06,0.278,3373.9,86.3,False
BGW-10,4,44,2020-02-04,50.83,8454.9,38.08,15.36,0.287,3365.5,89.0,False
BGW-10,4,45,2020-02-05,50.02,8205.7,42.17,18.02,0.299,3317.3,97.5,False
BGW-10,4,46,2020-02-06,49.8,8442.7,39.06,16.48,0.297,3337.0,88.3,False
BGW-10,4,47,2020-02-07,49.56,8820.3,40.96,17.01,0.293,3276.8,86.1,False
BGW-10,4,48,2020-02-08,49.47,8855.1,39.7,15.87,0.286,3249.3,86.6,False
BGW-10,4,49,2020-02-09,49.32,9040.5,38.01,15.96,0.296,3295.7,80.3,False
BGW-10,4,50,2020-02-10,49.03,9476.2,36.85,15.45,0.295,3312.7,83.5,False
BGW-10,4,51,2020-02-11,48.64,9639.7,36.25,15.98,0.306,3326.3,75.1,False
BGW-10,4,52,2020-02-12,49.2,8452.6,39.84,17.98,0.311,3331.3,90.8,False
BGW-10,4,53,2020-02-13,47.76,10311.7,36.63,16.22,0.307,3333.9,63.9,True
BGW-10,4,54,2020-02-14,47.9,10061.0,36.27,17.12,0.321,3270.8,72.7,False
BGW-10,4,55,2020-02-15,48.46,9309.4,34.3,16.15,0.32,3290.0,75.3,False
BGW-10,4,56,2020-02-16,47.47,10297.8,34.46,15.83,0.315,3254.5,64.5,True
BGW-10,4,57,2020-02-17,48.31,9794.1,32.29,15.68,0.327,3267.3,75.0,False
BGW-10,4,58,2020-02-18,47.74,10055.3,35.14,17.63,0.334,3304.0,72.3,False
BGW-10,4,59,2020-02-19,48.0,9512.9,32.69,16.36,0.334,3239.4,73.2,False
BGW-10,4,60,2020-02-20,48.01,10302.8,30.38,15.35,0.336,3243.8,68.0,False
BGW-10,4,61,2020-02-21,47.85,9916.0,35.5,19.13,0.35,3236.4,79.2,False
BGW-10,4,62,2020-02-22,47.61,9682.5,32.37,17.27,0.348,3251.0,78.1,False
BGW-10,4,63,2020-02-23,47.48,9882.1,36.12,18.23,0.335,3236.8,77.4,False
BGW-10,4,64,2020-02-24,47.4,9720.3,31.66,17.12,0.351,3265.3,72.3,False
BGW-10,4,65,2020-02-25,47.51,10416.4,32.68,18.87,0.366,3215.9,65.5,False
BGW-10,4,66,2020-02-26,47.1,10417.5,33.35,18.35,0.355,3222.3,73.8,False
BGW-10,4,67,2020-02-27,47.31,10432.7,29.09,15.51,0.348,3201.1,63.0,True
BGW-10,4,68,2020-02-28,47.42,10685.1,30.67,16.42,0.349,3106.3,68.3,False
BGW-10,4,69,2020-02-29,47.41,10276.3,31.11,18.02,0.367,3203.6,68.8,False
BGW-10,4,70,2020-03-01,47.18,9739.8,31.55,17.33,0.354,3217.5,72.6,False
BGW-10,4,71,2020-03-02,47.8,10422.5,32.11,18.72,0.368,3187.3,69.8,False
BGW-10,4,72,2020-03-03,47.88,9549.0,32.6,18.19,0.358,3119.1,79.1,False
BGW-10,4,73,2020-03-04,46.91,9969.4,31.21,18.91,0.377,3161.9,79.5,False
BGW-10,4,74,2020-03-05,47.48,10212.0,31.42,19.11,0.378,3127.0,72.6,False
BGW-10,4,75,2020-03-06,46.49,10940.2,26.84,17.37,0.393,3121.5,59.0,True
BGW-10,4,76,2020-03-07,48.01,9826.0,30.19,19.32,0.39,3180.8,76.3,False
BGW-10,4,77,2020-03-08,46.78,10803.8,28.79,17.39,0.377,3086.3,62.4,True
BGW-10,4,78,2020-03-09,47.44,10053.5,29.21,18.47,0.387,3168.8,70.6,False
BGW-10,4,79,2020-03-10,46.81,10392.9,29.05,17.89,0.381,3106.9,67.6,False
BGW-10,4,80,2020-03-11,46.7,10847.4,31.03,20.28,0.395,3118.9,61.4,True
BGW-10,4,81,2020-03-12,46.96,10965.8,28.59,17.22,0.376,3145.2,63.9,True
BGW-10,4,82,2020-03-13,47.28,9195.9,30.38,21.08,0.41,3116.7,82.4,False
BGW-10,4,83,2020-03-14,47.35,10279.0,30.71,20.93,0.405,3131.4,68.7,False
BGW-10,4,84,2020-03-15,46.95,10017.3,29.08,20.43,0.413,3126.5,74.3,False
BGW-10,4,85,2020-03-16,47.04,10341.4,27.73,19.45,0.412,3093.3,62.8,True
BGW-10,4,86,2020-03-17,47.9,9316.4,29.88,21.33,0.417,3057.6,81.4,False
BGW-10,4,87,2020-03-18,47.19,10099.0,26.6,19.68,0.425,3051.6,72.6,False
BGW-10,4,88,2020-03-19,46.87,10277.4,26.01,19.33,0.426,3064.6,70.9,False
BGW-10,4,89,2020-03-20,47.01,10475.7,28.23,19.48,0.408,3033.3,67.6,False
BGW-10,5,0,2020-04-12,144.96,124.5,412.93,76.67,0.157,3562.6,98.2,False
BGW-10,5,1,2020-04-13,139.72,149.8,371.18,64.91,0.149,3591.8,100.0,False
BGW-10,5,2,2020-04-14,135.91,175.6,294.91,60.86,0.171,3575.0,100.0,False
BGW-10,5,3,2020-04-15,131.27,201.3,300.93,54.94,0.154,3553.8,97.9,False
BGW-10,5,4,2020-04-16,127.75,229.8,323.4,66.45,0.17,3547.1,100.0,False
BGW-10,5,5,2020-04-17,123.41,271.4,258.61,51.14,0.165,3586.2,100.0,False
BGW-10,5,6,2020-04-18,119.39,320.2,253.8,50.83,0.167,3580.2,97.9,False
BGW-10,5,7,2020-04-19,115.51,369.4,250.01,44.04,0.15,3577.3,100.0,False
BGW-10,5,8,2020-04-20,112.51,425.9,226.19,45.34,0.167,3555.7,97.9,False
BGW-10,5,9,2020-04-21,110.06,451.4,207.37,44.02,0.175,3580.4,100.0,False
BGW-10,5,10,2020-04-22,106.77,521.5,193.66,41.58,0.177,3579.1,97.0,False
BGW-10,5,11,2020-04-23,104.35,545.5,194.02,47.4,0.196,3522.8,96.4,False
BGW-10,5,12,2020-04-24,100.95,732.0,180.04,39.93,0.182,3554.1,95.6,False
BGW-10,5,13,2020-04-25,98.67,787.4,151.12,38.01,0.201,3543.6,97.8,False
BGW-10,5,14,2020-04-26,96.01,909.1,152.27,36.56,0.194,3515.9,100.0,False
BGW-10,5,15,2020-04-27,93.32,1027.1,152.08,37.54,0.198,3574.5,100.0,False
BGW-10,5,16,2020-04-28,91.78,1007.0,139.51,31.79,0.186,3544.2,100.0,False
BGW-10,5,17,2020-04-29,89.64,1156.5,133.65,32.53,0.196,3482.0,100.0,False
BGW-10,5,18,2020-04-30,87.39,1211.0,131.06,37.39,0.222,3504.8,100.0,False
BGW-10,5,19,2020-05-01,85.56,1459.9,116.78,32.36,0.217,3509.0,100.0,False
BGW-10,5,20,2020-05-02,82.84,1504.3,119.36,31.87,0.211,3538.6,100.0,False
BGW-10,5,21,2020-05-03,81.51,1583.7,109.62,29.77,0.214,3445.8,100.0,False
BGW-10,5,22,2020-05-04,80.23,1855.7,108.19,31.43,0.225,3526.4,99.5,False
BGW-10,5,23,2020-05-05,78.34,1999.7,99.13,25.61,0.205,3460.2,99.2,False
BGW-10,5,24,2020-05-06,76.86,2017.6,101.86,31.14,0.234,3449.5,99.1,False
BGW-10,5,25,2020-05-07,75.14,2279.4,99.89,32.16,0.244,3512.6,98.2,False
BGW-10,5,26,2020-05-08,73.98,2297.2,86.12,24.57,0.222,3439.1,100.0,False
BGW-10,5,27,2020-05-09,72.59,2481.0,83.99,24.64,0.227,3495.0,100.0,False
BGW-10,5,28,2020-05-10,72.09,2705.3,82.92,25.06,0.232,3427.5,100.0,False
BGW-10,5,29,2020-05-11,70.47,3089.1,80.84,29.07,0.265,3442.3,96.6,False
BGW-10,5,30,2020-05-12,69.31,2918.2,84.5,29.7,0.26,3435.2,100.0,False
BGW-10,5,31,2020-05-13,67.58,3386.4,78.78,25.62,0.245,3402.3,100.0,False
BGW-10,5,32,2020-05-14,67.08,3550.7,79.25,24.76,0.238,3363.2,98.5,False
BGW-10,5,33,2020-05-15,66.7,3601.2,66.03,22.37,0.253,3382.2,99.1,False
BGW-10,5,34,2020-05-16,65.54,3851.5,71.48,23.87,0.25,3400.1,98.1,False
BGW-10,5,35,2020-05-17,64.21,3968.2,71.15,23.02,0.244,3391.8,97.7,False
BGW-10,5,36,2020-05-18,63.97,4156.8,67.43,24.53,0.267,3419.1,99.7,False
BGW-10,5,37,2020-05-19,62.84,4495.3,60.66,21.06,0.258,3395.6,100.0,False
BGW-10,5,38,2020-05-20,62.67,4009.7,67.37,24.66,0.268,3426.8,100.0,False
BGW-10,5,39,2020-05-21,61.49,4308.6,70.32,28.28,0.287,3320.3,100.0,False
BGW-10,5,40,2020-05-22,60.49,4941.7,64.37,22.27,0.257,3395.7,97.7,False
BGW-10,5,41,2020-05-23,60.33,4977.3,64.25,25.27,0.282,3361.1,100.0,False
BGW-10,5,42,2020-05-24,59.4,4902.3,62.87,23.04,0.268,3337.6,100.0,False
BGW-10,5,43,2020-05-25,58.77,5129.1,57.7,23.27,0.287,3377.6,100.0,False
BGW-10,5,44,2020-05-26,57.75,5309.1,55.23,21.07,0.276,3379.0,100.0,False
BGW-10,5,45,2020-05-27,57.26,6203.9,57.73,21.73,0.273,3283.0,96.9,False
BGW-10,5,46,2020-05-28,57.02,5875.4,55.05,20.62,0.272,3334.6,95.7,False
BGW-10,5,47,2020-05-29,56.75,5499.2,52.65,23.21,0.306,3320.3,96.3,False
BGW-10,5,48,2020-05-30,55.7,6535.1,47.08,19.77,0.296,3333.1,100.0,False
BGW-10,5,49,2020-05-31,55.51,6211.3,52.22,21.21,0.289,3306.3,99.7,False
BGW-10,5,50,2020-06-01,55.11,6801.9,48.01,19.39,0.288,3306.5,98.4,False
BGW-10,5,51,2020-06-02,54.8,6609.0,48.14,20.43,0.298,3279.7,98.5,False
BGW-10,5,52,2020-06-03,54.78,6727.0,48.96,23.22,0.322,3250.0,100.0,False
BGW-10,5,53,2020-06-04,53.12,6937.5,50.88,24.24,0.323,3304.5,95.0,False
BGW-10,5,54,2020-06-05,53.93,7385.5,50.23,24.77,0.33,3292.4,100.0,False
BGW-10,5,55,2020-06-06,53.31,7474.8,44.35,20.71,0.318,3315.0,100.0,False
BGW-10,5,56,2020-06-07,52.96,7672.3,46.2,23.02,0.333,3288.5,96.9,False
BGW-10,5,57,2020-06-08,52.78,7113.4,47.46,24.34,0.339,3216.2,96.9,False
BGW-10,5,58,2020-06-09,52.64,7028.7,51.68,27.12,0.344,3254.4,100.0,False
BGW-10,5,59,2020-06-10,52.75,7882.4,44.22,23.41,0.346,3242.8,94.1,False
BGW-10,5,60,2020-06-11,51.46,8092.1,44.05,21.72,0.33,3225.3,93.8,False
BGW-10,5,61,2020-06-12,51.76,8320.9,41.7,22.1,0.346,3247.9,92.3,False
BGW-10,5,62,2020-06-13,51.51,7794.1,45.92,24.29,0.346,3190.5,95.4,False
BGW-10,5,63,2020-06-14,51.32,8356.1,45.69,25.24,0.356,3216.8,92.3,False
BGW-10,5,64,2020-06-15,51.09,7820.5,42.91,22.72,0.346,3221.4,96.7,False
BGW-10,5,65,2020-06-16,50.47,8132.2,45.21,23.44,0.341,3215.5,91.8,False
BGW-10,5,66,2020-06-17,50.42,8930.7,39.14,21.33,0.353,3211.4,82.2,False
BGW-10,5,67,2020-06-18,50.36,8561.6,44.84,24.03,0.349,3191.2,86.7,False
BGW-10,5,68,2020-06-19,50.78,8334.6,45.14,25.06,0.357,3206.9,95.0,False
BGW-10,5,69,2020-06-20,50.34,8101.7,39.46,23.42,0.372,3261.3,97.4,False
BGW-10,5,70,2020-06-21,49.57,9148.9,38.47,21.39,0.357,3194.1,80.3,False
BGW-10,5,71,2020-06-22,49.67,8934.1,42.42,25.89,0.379,3190.2,86.4,False
BGW-10,5,72,2020-06-23,49.69,8713.9,42.02,23.66,0.36,3138.4,87.3,False
BGW-10,5,73,2020-06-24,49.58,8599.0,40.12,23.26,0.367,3162.0,85.9,False
BGW-10,5,74,2020-06-25,48.74,8766.7,42.09,25.6,0.378,3187.8,84.2,False
BGW-10,5,75,2020-06-26,49.15,8986.4,38.32,25.42,0.399,3158.5,84.4,False
BGW-10,5,76,2020-06-27,49.36,8433.7,39.5,24.97,0.387,3212.8,90.3,False
BGW-10,5,77,2020-06-28,48.95,9661.1,39.94,25.24,0.387,3131.9,76.7,False
BGW-10,5,78,2020-06-29,48.42,9735.8,38.9,25.36,0.395,3163.7,75.1,False
BGW-10,5,79,2020-06-30,48.65,10044.2,35.64,22.85,0.391,3113.2,73.3,False
BGW-10,5,80,2020-07-01,49.04,9132.0,38.96,25.22,0.393,3190.1,80.3,False
BGW-10,5,81,2020-07-02,48.47,8734.7,37.71,25.04,0.399,3147.2,85.6,False
BGW-10,5,82,2020-07-03,48.93,9198.8,35.2,22.31,0.388,3063.7,81.1,False
BGW-10,5,83,2020-07-04,48.44,10147.4,37.29,25.3,0.404,3110.0,66.9,False
BGW-10,5,84,2020-07-05,48.4,9704.6,38.54,27.42,0.416,3113.9,75.6,False
BGW-10,5,85,2020-07-06,48.24,10147.3,34.77,23.93,0.408,3078.1,73.7,False
BGW-10,5,86,2020-07-07,47.92,9721.0,39.48,25.25,0.39,3067.5,75.4,False
BGW-10,5,87,2020-07-08,48.21,9583.7,38.7,27.6,0.416,3119.1,79.7,False
BGW-10,5,88,2020-07-09,48.2,9582.4,37.44,27.61,0.424,3081.6,73.2,False
BGW-10,5,89,2020-07-10,48.06,9641.7,35.26,25.06,0.415,3057.6,79.8,False
BGW-10,6,0,2020-07-26,135.25,179.7,361.31,57.55,0.137,3566.7,98.6,False
BGW-10,6,1,2020-07-27,131.07,199.0,298.68,65.63,0.18,3548.3,97.8,False
BGW-10,6,2,2020-07-28,125.45,251.7,287.61,51.71,0.152,3592.6,98.5,False
BGW-10,6,3,2020-07-29,121.83,291.6,260.0,50.06,0.161,3635.4,100.0,False
BGW-10,6,4,2020-07-30,116.98,364.3,238.16,42.19,0.151,3619.0,94.5,False
BGW-10,6,5,2020-07-31,113.85,386.2,231.26,41.43,0.152,3572.1,100.0,False
BGW-10,6,6,2020-08-01,109.26,480.6,197.61,42.89,0.178,3577.1,96.8,False
BGW-10,6,7,2020-08-02,106.06,496.0,217.55,49.79,0.186,3569.2,98.4,False
BGW-10,6,8,2020-08-03,103.1,630.0,202.93,45.43,0.183,3567.8,98.9,False
BGW-10,6,9,2020-08-04,99.74,685.2,189.38,43.59,0.187,3528.4,94.4,False
BGW-10,6,10,2020-08-05,97.16,752.1,163.68,43.87,0.211,3575.4,99.0,False
BGW-10,6,11,2020-08-06,94.62,864.8,161.29,42.45,0.208,3607.9,100.0,False
BGW-10,6,12,2020-08-07,91.36,1116.8,142.44,32.86,0.187,3527.6,100.0,False
BGW-10,6,13,2020-08-08,89.06,1178.1,126.08,28.76,0.186,3554.7,100.0,False
BGW-10,6,14,2020-08-09,86.86,1294.3,134.36,34.93,0.206,3503.6,95.7,False
BGW-10,6,15,2020-08-10,84.52,1440.1,112.52,25.91,0.187,3543.3,100.0,False
BGW-10,6,16,2020-08-11,82.34,1544.3,123.75,30.83,0.199,3500.3,100.0,False
BGW-10,6,17,2020-08-12,80.16,1864.9,117.86,28.77,0.196,3491.1,100.0,False
BGW-10,6,18,2020-08-13,78.82,1816.0,115.96,32.84,0.221,3496.9,97.2,False
BGW-10,6,19,2020-08-14,77.24,1952.6,103.41,28.89,0.218,3441.6,99.5,False
BGW-10,6,20,2020-08-15,75.13,2421.7,107.87,28.39,0.208,3469.2,97.3,False
BGW-10,6,21,2020-08-16,74.2,2447.2,103.4,30.49,0.228,3448.4,96.0,False
BGW-10,6,22,2020-08-17,71.97,2594.1,90.03,24.68,0.215,3475.0,100.0,False
BGW-10,6,23,2020-08-18,71.14,2790.5,86.75,25.28,0.226,3395.5,95.5,False
BGW-10,6,24,2020-08-19,69.65,3107.1,85.6,24.54,0.223,3493.9,96.0,False
BGW-10,6,25,2020-08-20,68.36,3227.1,83.35,24.21,0.225,3460.5,96.7,False
BGW-10,6,26,2020-08-21,66.87,3389.7,88.41,26.75,0.232,3430.8,92.6,False
BGW-10,6,27,2020-08-22,65.62,3662.3,72.71,22.97,0.24,3426.6,99.1,False
BGW-10,6,28,2020-08-23,64.91,3811.5,75.77,23.47,0.237,3445.2,99.9,False
BGW-10,6,29,2020-08-24,63.94,4212.1,70.8,22.87,0.244,3427.6,100.0,False
BGW-10,6,30,2020-08-25,62.93,4039.6,70.89,22.84,0.244,3442.3,100.0,False
BGW-10,6,31,2020-08-26,62.15,4578.1,66.0,22.31,0.253,3420.6,100.0,False
BGW-10,6,32,2020-08-27,61.1,4515.5,65.2,22.2,0.254,3407.0,100.0,False
BGW-10,6,33,2020-08-28,60.42,4731.3,69.26,23.63,0.254,3430.8,98.9,False
BGW-10,6,34,2020-08-29,59.87,4718.9,67.32,22.1,0.247,3304.3,100.0,False
BGW-10,6,35,2020-08-30,59.03,5406.4,62.83,20.73,0.248,3427.5,100.0,False
BGW-10,6,36,2020-08-31,58.14,5460.2,56.62,20.68,0.267,3406.8,95.9,False
BGW-10,6,37,2020-09-01,57.98,5551.8,58.51,22.55,0.278,3383.6,100.0,False
BGW-10,6,38,2020-09-02,56.8,5991.4,58.87,20.2,0.255,3427.6,100.0,False
BGW-10,6,39,2020-09-03,56.82,6147.7,63.89,22.6,0.261,3356.4,96.8,False
BGW-10,6,40,2020-09-04,56.07,6118.7,55.34,20.97,0.275,3388.0,99.7,False
BGW-10,6,41,2020-09-05,55.49,5925.5,59.77,24.84,0.294,3386.4,100.0,False
BGW-10,6,42,2020-09-06,54.85,6780.4,53.19,20.51,0.278,3365.1,99.3,False
BGW-10,6,43,2020-09-07,54.31,6446.3,57.33,23.2,0.288,3372.8,100.0,False
BGW-10,6,44,2020-09-08,54.08,7005.8,52.91,21.0,0.284,3406.8,100.0,False
BGW-10,6,45,2020-09-09,53.96,7127.8,55.26,20.05,0.266,3360.1,100.0,False
BGW-10,6,46,2020-09-10,53.38,7192.1,50.25,20.37,0.288,3356.8,97.5,False
BGW-10,6,47,2020-09-11,53.45,7753.9,48.7,19.8,0.289,3290.2,96.1,False
BGW-10,6,48,2020-09-12,52.37,7480.3,53.55,22.04,0.292,3355.8,100.0,False
BGW-10,6,49,2020-09-13,52.43,7989.7,46.38,19.52,0.296,3315.5,96.1,False
BGW-10,6,50,2020-09-14,52.48,7290.6,49.86,21.77,0.304,3271.5,98.4,False
BGW-10,6,51,2020-09-15,51.62,7891.7,53.05,22.47,0.298,3334.9,99.1,False
BGW-10,6,52,2020-09-16,51.34,8183.3,49.78,22.88,0.315,3270.4,93.5,False
BGW-10,6,53,2020-09-17,51.44,7932.8,48.78,22.49,0.316,3342.6,98.8,False
BGW-10,6,54,2020-09-18,50.78,8382.4,44.01,21.83,0.332,3269.7,91.0,False
BGW-10,6,55,2020-09-19,50.79,8393.9,45.43,22.54,0.332,3296.3,92.7,False
BGW-10,6,56,2020-09-20,50.36,8323.7,46.77,23.11,0.331,3243.4,93.1,False
BGW-10,6,57,2020-09-21,50.56,8148.6,45.66,22.22,0.327,3231.8,90.1,False
BGW-10,6,58,2020-09-22,50.64,8908.9,50.81,25.39,0.333,3250.1,86.6,False
BGW-10,6,59,2020-09-23,49.89,9123.3,47.8,24.58,0.34,3260.5,79.6,False
BGW-10,6,60,2020-09-24,49.59,8848.1,48.81,23.26,0.323,3259.2,91.9,False
BGW-10,6,61,2020-09-25,49.52,9024.6,42.91,21.35,0.332,3226.8,83.5,False
BGW-10,6,62,2020-09-26,49.23,9073.8,41.29,20.16,0.328,3280.8,78.9,False
BGW-10,6,63,2020-09-27,49.49,9235.1,43.6,23.35,0.349,3236.9,84.3,False
BGW-10,6,64,2020-09-28,49.72,8881.8,45.38,24.85,0.354,3220.0,82.2,False
BGW-10,6,65,2020-09-29,48.55,9476.3,42.12,22.32,0.346,3228.0,76.7,False
BGW-10,6,66,2020-09-30,48.72,10162.1,42.53,22.37,0.345,3236.5,71.8,False
BGW-10,6,67,2020-10-01,48.98,8923.4,48.48,27.52,0.362,3206.9,80.7,False
BGW-10,6,68,2020-10-02,48.69,9448.2,39.73,22.28,0.359,3184.2,75.8,False
BGW-10,6,69,2020-10-03,48.77,9223.8,41.77,24.53,0.37,3169.2,78.3,False
BGW-10,6,70,2020-10-04,48.19,9416.7,42.12,24.86,0.371,3200.9,76.2,False
BGW-10,6,71,2020-10-05,48.5,9038.3,42.72,26.15,0.38,3236.8,77.5,False
BGW-10,6,72,2020-10-06,48.2,9101.7,42.33,25.84,0.379,3180.0,81.5,False
BGW-10,6,73,2020-10-07,48.94,9387.6,47.99,30.22,0.386,3173.4,79.2,False
BGW-10,6,74,2020-10-08,48.13,9860.6,41.51,24.66,0.373,3198.3,69.3,False
BGW-10,6,75,2020-10-09,48.45,9055.3,41.93,26.81,0.39,3131.8,85.7,False
BGW-10,6,76,2020-10-10,48.38,9626.3,41.19,24.56,0.374,3123.3,63.4,True
BGW-10,6,77,2020-10-11,48.18,9653.5,41.51,27.3,0.397,3127.7,74.9,False
BGW-10,6,78,2020-10-12,47.31,9634.7,37.45,24.38,0.394,3118.6,75.1,False
BGW-10,6,79,2020-10-13,47.71,9701.6,41.64,26.92,0.393,3062.8,78.3,False
BGW-10,6,80,2020-10-14,48.01,9644.9,39.14,27.0,0.408,3137.4,74.8,False
BGW-10,6,81,2020-10-15,47.49,10152.0,35.76,23.56,0.397,3149.8,71.1,False
BGW-10,6,82,2020-10-16,47.5,9918.4,37.69,24.94,0.398,3045.9,69.8,False
BGW-10,6,83,2020-10-17,47.39,10178.5,38.09,26.39,0.409,3091.1,72.2,False
BGW-10,6,84,2020-10-18,47.18,10491.4,37.74,25.6,0.404,3112.1,69.6,False
BGW-10,6,85,2020-10-19,47.66,10106.0,39.83,26.87,0.403,3085.6,67.9,False
BGW-10,6,86,2020-10-20,47.23,10278.8,37.95,26.6,0.412,3136.2,67.4,False
BGW-10,6,87,2020-10-21,47.83,9901.3,38.36,28.88,0.43,3051.6,71.2,False
BGW-10,6,88,2020-10-22,47.58,10255.0,38.43,28.64,0.427,3032.3,66.5,False
BGW-10,6,89,2020-10-23,47.3,10493.8,35.35,23.8,0.402,3051.5,66.4,False
BGW-11,1,0,2019-05-04,128.31,151.5,245.74,72.03,0.227,4581.6,94.8,False
BGW-11,1,1,2019-05-05,123.75,193.3,225.89,67.84,0.231,4507.1,100.0,False
BGW-11,1,2,2019-05-06,118.47,224.8,226.17,69.98,0.236,4538.5,100.0,False
BGW-11,1,3,2019-05-07,113.9,280.5,181.7,52.63,0.225,4576.7,100.0,False
BGW-11,1,4,2019-05-08,109.96,318.5,167.76,52.96,0.24,4516.9,100.0,False
BGW-11,1,5,2019-05-09,106.02,403.7,149.37,50.27,0.252,4495.4,100.0,False
BGW-11,1,6,2019-05-10,101.91,506.2,141.19,44.67,0.24,4477.3,100.0,False
BGW-11,1,7,2019-05-11,99.34,559.3,138.38,42.38,0.234,4434.0,100.0,False
BGW-11,1,8,2019-05-12,95.92,646.0,125.0,42.23,0.253,4468.4,97.6,False
BGW-11,1,9,2019-05-13,92.52,773.9,108.1,34.92,0.244,4503.5,100.0,False
BGW-11,1,10,2019-05-14,89.52,879.7,105.87,34.1,0.244,4460.8,99.3,False
BGW-11,1,11,2019-05-15,87.18,989.5,99.41,32.44,0.246,4510.0,99.9,False
BGW-11,1,12,2019-05-16,84.17,1088.7,92.04,29.15,0.241,4519.2,91.0,False
BGW-11,1,13,2019-05-17,82.37,1350.2,84.5,29.58,0.259,4483.7,98.7,False
BGW-11,1,14,2019-05-18,80.04,1482.3,81.56,30.58,0.273,4420.8,100.0,False
BGW-11,1,15,2019-05-19,78.01,1685.5,75.7,26.67,0.261,4447.0,96.8,False
BGW-11,1,16,2019-05-20,75.59,1862.0,69.91,26.37,0.274,4402.1,100.0,False
BGW-11,1,17,2019-05-21,74.13,2010.7,70.8,25.93,0.268,4431.7,98.8,False
BGW-11,1,18,2019-05-22,72.36,2390.3,61.25,22.96,0.273,4434.4,100.0,False
BGW-11,1,19,2019-05-23,70.73,2592.3,54.88,19.5,0.262,4387.3,100.0,False
BGW-11,1,20,2019-05-24,69.03,2647.6,57.38,22.58,0.282,4408.7,100.0,False
BGW-11,1,21,2019-05-25,68.22,2671.2,58.98,24.39,0.293,4441.6,100.0,False
BGW-11,1,22,2019-05-26,66.4,3245.9,52.59,21.27,0.288,4367.1,100.0,False
BGW-11,1,23,2019-05-27,64.78,3695.7,51.67,20.49,0.284,4320.4,99.5,False
BGW-11,1,24,2019-05-28,64.24,3467.0,51.29,20.78,0.288,4390.4,89.9,False
BGW-11,1,25,2019-05-29,63.14,3822.0,48.22,19.85,0.292,4376.3,100.0,False
BGW-11,1,26,2019-05-30,62.21,4029.2,51.71,20.8,0.287,4411.3,98.9,False
BGW-11,1,27,2019-05-31,61.06,4422.1,45.25,18.92,0.295,4368.4,100.0,False
BGW-11,1,28,2019-06-01,59.75,4634.9,41.54,18.91,0.313,4401.5,100.0,False
BGW-11,1,29,2019-06-02,59.47,4592.8,44.09,18.33,0.294,4373.5,100.0,False
BGW-11,1,30,2019-06-03,58.67,5107.4,40.17,16.81,0.295,4332.6,93.4,False
BGW-11,1,31,2019-06-04,57.77,5285.5,40.25,18.41,0.314,4278.7,100.0,False
BGW-11,1,32,2019-06-05,57.4,5207.8,41.13,19.56,0.322,4318.8,100.0,False
BGW-11,1,33,2019-06-06,56.54,5776.0,35.34,15.55,0.306,4267.3,99.2,False
BGW-11,1,34,2019-06-07,55.8,5754.8,37.97,17.66,0.317,4316.9,100.0,False
BGW-11,1,35,2019-06-08,55.29,5934.7,36.92,17.44,0.321,4248.4,100.0,False
BGW-11,1,36,2019-06-09,54.49,6046.8,36.91,17.88,0.326,4311.4,95.8,False
BGW-11,1,37,2019-06-10,54.38,6599.1,37.02,16.31,0.306,4238.2,91.2,False
BGW-11,1,38,2019-06-11,53.87,6537.6,34.64,16.15,0.318,4230.6,93.2,False
BGW-11,1,39,2019-06-12,53.58,6303.5,34.88,18.87,0.351,4213.2,100.0,False
BGW-11,1,40,2019-06-13,52.73,6888.6,37.41,18.88,0.335,4263.1,87.9,False
BGW-11,1,41,2019-06-14,52.19,6750.3,32.41,18.41,0.362,4278.2,87.6,False
BGW-11,1,42,2019-06-15,51.76,7371.6,33.28,16.48,0.331,4212.5,77.1,False
BGW-11,1,43,2019-06-16,52.09,7433.4,32.75,17.93,0.354,4261.4,75.7,False
BGW-11,1,44,2019-06-17,51.35,7856.6,27.84,14.38,0.341,4242.1,76.9,False
BGW-11,1,45,2019-06-18,51.41,7386.3,29.59,15.82,0.348,4273.6,76.9,False
BGW-11,1,46,2019-06-19,51.25,7743.4,30.54,17.3,0.362,4150.9,67.7,False
BGW-11,1,47,2019-06-20,50.9,7900.9,28.07,14.21,0.336,4185.3,71.9,False
BGW-11,1,48,2019-06-21,50.55,7968.1,29.6,16.23,0.354,4210.7,68.0,False
BGW-11,1,49,2019-06-22,50.12,8165.5,30.05,17.64,0.37,4184.9,61.8,True
BGW-11,1,50,2019-06-23,49.83,8432.7,30.7,18.01,0.37,4184.8,67.6,False
BGW-11,1,51,2019-06-24,49.73,8472.7,28.53,16.92,0.372,4163.6,57.5,True
BGW-11,1,52,2019-06-25,49.37,9037.6,24.9,14.85,0.374,4175.9,47.3,True
BGW-11,1,53,2019-06-26,49.29,8106.6,29.81,16.05,0.35,4176.1,66.0,False
BGW-11,1,54,2019-06-27,49.66,7988.3,27.7,17.63,0.389,4186.2,71.3,False
BGW-11,1,55,2019-06-28,49.85,8244.8,28.4,17.23,0.378,4137.5,58.0,True
BGW-11,1,56,2019-06-29,48.34,9067.8,24.78,15.74,0.388,4079.0,49.1,True
BGW-11,1,57,2019-06-30,49.06,8635.3,26.44,16.02,0.377,4133.1,61.4,True
BGW-11,1,58,2019-07-01,48.48,8497.2,30.63,21.27,0.41,4096.3,64.4,True
BGW-11,1,59,2019-07-02,48.4,9373.6,24.69,15.34,0.383,4108.1,51.1,True
BGW-11,1,60,2019-07-03,48.1,9767.0,24.52,14.79,0.376,4086.7,37.3,True
BGW-11,1,61,2019-07-04,48.39,9291.0,27.21,17.89,0.397,4132.0,46.6,True
BGW-11,1,62,2019-07-05,48.52,9075.4,26.05,17.18,0.397,4152.9,47.8,True
BGW-11,1,63,2019-07-06,47.97,9591.1,23.14,16.25,0.412,4129.7,39.8,True
BGW-11,1,64,2019-07-07,48.58,9325.1,25.24,17.27,0.406,4084.1,47.3,True
BGW-11,1,65,2019-07-08,47.99,9846.5,23.32,17.33,0.426,4041.8,38.2,True
BGW-11,1,66,2019-07-09,47.99,9627.6,22.46,15.56,0.409,4036.3,36.3,True
BGW-11,1,67,2019-07-10,47.62,9807.0,23.24,16.26,0.412,4110.9,44.0,True
BGW-11,1,68,2019-07-11,47.47,10194.2,24.14,16.27,0.403,3950.6,31.8,True
BGW-11,1,69,2019-07-12,47.78,9191.3,24.7,20.11,0.449,4010.8,54.3,True
BGW-11,1,70,2019-07-13,47.32,10405.7,22.08,17.07,0.436,4046.5,39.1,True
BGW-11,1,71,2019-07-14,47.92,9924.5,22.89,17.41,0.432,4057.3,35.4,True
BGW-11,1,72,2019-07-15,47.18,10248.0,24.46,18.24,0.427,4005.9,31.2,True
BGW-11,1,73,2019-07-16,47.19,10021.7,22.15,16.48,0.427,4022.0,38.4,True
BGW-11,1,74,2019-07-17,47.33,9245.4,25.26,19.34,0.434,3991.9,54.9,True
BGW-11,1,75,2019-07-18,47.41,9652.9,23.58,21.41,0.476,4026.5,41.4,True
BGW-11,1,76,2019-07-19,47.36,10328.8,20.48,17.7,0.464,3972.6,33.1,True
BGW-11,1,77,2019-07-20,47.56,9782.8,21.66,15.87,0.423,3966.4,45.9,True
BGW-11,1,78,2019-07-21,47.07,9823.5,24.51,19.67,0.445,3955.4,41.8,True
BGW-11,1,79,2019-07-22,46.85,10556.1,23.28,18.76,0.446,3960.8,28.5,True
BGW-11,1,80,2019-07-23,47.33,10685.7,21.46,17.76,0.453,3922.0,26.1,True
BGW-11,1,81,2019-07-24,46.65,10369.7,22.55,19.14,0.459,3915.7,31.3,True
BGW-11,1,82,2019-07-25,47.21,10016.1,22.7,19.75,0.465,3974.6,38.1,True
BGW-11,1,83,2019-07-26,47.28,10096.1,20.15,18.28,0.476,3929.9,34.8,True
BGW-11,1,84,2019-07-27,46.7,11172.8,18.57,17.34,0.483,3862.7,20.5,True
BGW-11,1,85,2019-07-28,47.67,9859.7,19.54,17.11,0.467,3963.7,40.9,True
BGW-11,1,86,2019-07-29,46.92,9117.9,24.29,22.34,0.479,3915.0,43.9,True
BGW-11,1,87,2019-07-30,47.15,9854.7,20.91,18.61,0.471,3907.7,38.4,True
BGW-11,1,88,2019-07-31,47.24,9113.1,22.67,21.34,0.485,3877.3,51.2,True
BGW-11,1,89,2019-08-01,47.41,10364.9,20.78,19.35,0.482,3920.4,33.9,True
BGW-11,2,0,2019-08-18,132.12,145.4,255.96,70.03,0.215,4538.5,100.0,False
BGW-11,2,1,2019-08-19,128.44,160.6,234.89,62.96,0.211,4560.1,99.4,False
BGW-11,2,2,2019-08-20,124.99,181.5,218.05,59.8,0.215,4540.6,100.0,False
BGW-11,2,3,2019-08-21,122.87,198.8,230.78,70.11,0.233,4495.7,100.0,False
BGW-11,2,4,2019-08-22,119.38,226.1,199.09,59.34,0.23,4501.4,95.7,False
BGW-11,2,5,2019-08-23,116.26,261.3,182.65,52.74,0.224,4506.6,100.0,False
BGW-11,2,6,2019-08-24,113.84,280.6,173.87,59.35,0.254,4449.2,97.9,False
BGW-11,2,7,2019-08-25,111.31,318.7,171.35,52.98,0.236,4501.8,100.0,False
BGW-11,2,8,2019-08-26,108.62,387.2,137.85,40.44,0.227,4446.4,97.5,False
BGW-11,2,9,2019-08-27,106.12,404.7,156.34,49.96,0.242,4478.2,99.4,False
BGW-11,2,10,2019-08-28,103.62,481.4,145.3,44.37,0.234,4461.9,100.0,False
BGW-11,2,11,2019-08-29,101.47,523.1,134.03,44.29,0.248,4509.6,99.0,False
BGW-11,2,12,2019-08-30,99.36,565.3,135.5,42.48,0.239,4497.6,98.6,False
BGW-11,2,13,2019-08-31,97.64,637.5,109.49,38.12,0.258,4527.4,99.1,False
BGW-11,2,14,2019-09-01,95.74,673.2,114.5,39.94,0.259,4426.0,100.0,False
BGW-11,2,15,2019-09-02,93.99,695.2,111.07,37.58,0.253,4473.7,100.0,False
BGW-11,2,16,2019-09-03,91.24,833.4,93.91,33.21,0.261,4441.3,95.7,False
BGW-11,2,17,2019-09-04,89.86,925.5,101.59,37.04,0.267,4470.3,100.0,False
BGW-11,2,18,2019-09-05,88.02,1043.1,89.78,31.59,0.26,4419.1,100.0,False
BGW-11,2,19,2019-09-06,86.25,1030.7,96.9,36.91,0.276,4401.2,100.0,False
BGW-11,2,20,2019-09-07,84.87,1080.4,90.88,35.37,0.28,4382.3,98.8,False
BGW-11,2,21,2019-09-08,83.94,1203.1,81.3,30.54,0.273,4415.0,98.8,False
BGW-11,2,22,2019-09-09,81.74,1362.6,80.9,31.65,0.281,4431.1,100.0,False
BGW-11,2,23,2019-09-10,81.05,1378.1,75.79,30.74,0.289,4368.2,98.6,False
BGW-11,2,24,2019-09-11,79.28,1710.9,67.95,28.95,0.299,4426.7,97.4,False
BGW-11,2,25,2019-09-12,78.05,1652.4,63.06,27.31,0.302,4332.5,100.0,False
BGW-11,2,26,2019-09-13,77.29,1628.0,71.01,29.17,0.291,4368.0,100.0,False
BGW-11,2,27,2019-09-14,76.03,1930.2,62.7,26.46,0.297,4343.9,96.7,False
BGW-11,2,28,2019-09-15,75.19,1980.7,59.17,27.38,0.316,4370.2,100.0,False
BGW-11,2,29,2019-09-16,73.67,2122.5,54.34,24.89,0.314,4368.2,93.2,False
BGW-11,2,30,2019-09-17,72.51,2300.2,58.05,26.88,0.317,4338.5,100.0,False
BGW-11,2,31,2019-09-18,71.59,2522.2,56.67,23.81,0.296,4340.4,98.3,False
BGW-11,2,32,2019-09-19,70.88,2364.2,62.54,28.6,0.314,4277.3,100.0,False
BGW-11,2,33,2019-09-20,69.91,2523.4,52.01,23.57,0.312,4321.3,100.0,False
BGW-11,2,34,2019-09-21,68.41,2734.3,55.6,25.65,0.316,4323.9,100.0,False
BGW-11,2,35,2019-09-22,66.79,3218.9,46.11,21.45,0.317,4335.5,100.0,False
BGW-11,2,36,2019-09-23,67.14,3089.0,50.93,26.04,0.338,4287.8,100.0,False
BGW-11,2,37,2019-09-24,65.98,3172.6,47.88,23.21,0.327,4290.0,97.0,False
BGW-11,2,38,2019-09-25,64.97,3407.5,46.2,22.88,0.331,4290.9,100.0,False
BGW-11,2,39,2019-09-26,65.37,3250.0,47.0,23.7,0.335,4223.8,100.0,False
BGW-11,2,40,2019-09-27,63.65,3665.1,40.5,20.19,0.333,4245.2,98.1,False
BGW-11,2,41,2019-09-28,63.67,3505.7,46.22,23.11,0.333,4260.5,98.7,False
BGW-11,2,42,2019-09-29,62.59,3758.2,41.92,20.12,0.324,4145.9,100.0,False
BGW-11,2,43,2019-09-30,62.32,4056.4,44.53,25.8,0.367,4212.5,100.0,False
BGW-11,2,44,2019-10-01,62.1,3820.6,37.99,21.99,0.367,4167.5,100.0,False
BGW-11,2,45,2019-10-02,60.47,4508.9,37.16,19.47,0.344,4280.6,100.0,False
BGW-11,2,46,2019-10-03,60.37,4410.8,40.66,21.75,0.348,4125.7,93.3,False
BGW-11,2,47,2019-10-04,59.77,4762.1,37.45,21.54,0.365,4242.5,100.0,False
BGW-11,2,48,2019-10-05,59.33,4768.9,37.07,20.62,0.357,4228.5,95.3,False
BGW-11,2,49,2019-10-06,58.67,4820.1,35.74,19.21,0.35,4201.3,99.7,False
BGW-11,2,50,2019-10-07,58.1,5290.2,34.49,18.63,0.351,4184.1,100.0,False
BGW-11,2,51,2019-10-08,58.12,5253.1,33.37,19.09,0.364,4225.6,100.0,False
BGW-11,2,52,2019-10-09,57.44,5148.5,38.11,21.98,0.366,4150.1,100.0,False
BGW-11,2,53,2019-10-10,57.09,5193.6,34.04,19.89,0.369,4160.3,100.0,False
BGW-11,2,54,2019-10-11,56.87,5287.7,33.85,21.13,0.384,4104.4,100.0,False
BGW-11,2,55,2019-10-12,56.31,5470.6,35.09,23.36,0.4,4120.5,92.2,False
BGW-11,2,56,2019-10-13,55.93,5784.7,34.15,21.36,0.385,4102.0,98.4,False
BGW-11,2,57,2019-10-14,55.13,5893.0,31.24,20.05,0.391,4105.5,99.4,False
BGW-11,2,58,2019-10-15,54.84,6007.4,30.81,19.09,0.383,4158.4,100.0,False
BGW-11,2,59,2019-10-16,54.46,6612.9,31.38,20.47,0.395,4104.7,93.5,False
BGW-11,2,60,2019-10-17,54.62,6294.3,30.8,20.59,0.401,4116.2,93.9,False
BGW-11,2,61,2019-10-18,53.99,6343.4,29.44,19.25,0.395,4080.7,96.1,False
BGW-11,2,62,2019-10-19,54.1,6535.2,29.25,20.77,0.415,4087.1,92.3,False
BGW-11,2,63,2019-10-20,53.6,6692.9,27.28,17.95,0.397,4031.9,89.1,False
BGW-11,2,64,2019-10-21,53.13,6756.5,33.73,23.91,0.415,4047.7,90.0,False
BGW-11,2,65,2019-10-22,53.2,6367.9,29.21,20.82,0.416,4076.0,88.4,False
BGW-11,2,66,2019-10-23,52.99,6758.7,27.66,18.97,0.407,4047.1,85.6,False
BGW-11,2,67,2019-10-24,52.76,6873.8,30.85,23.56,0.433,4038.7,85.6,False
BGW-11,2,68,2019-10-25,52.21,7354.7,28.25,20.3,0.418,4052.0,76.4,False
BGW-11,2,69,2019-10-26,52.17,7115.6,27.94,19.98,0.417,4033.7,79.0,False
BGW-11,2,70,2019-10-27,51.77,7250.1,28.9,21.11,0.422,4045.0,84.7,False
BGW-11,2,71,2019-10-28,51.49,7956.6,25.36,20.64,0.449,4034.9,69.1,False
BGW-11,2,72,2019-10-29,51.55,7648.9,26.25,19.23,0.423,4041.8,74.1,False
BGW-11,2,73,2019-10-30,50.99,8332.2,26.31,19.9,0.431,4059.4,61.3,True
BGW-11,2,74,2019-10-31,51.45,7969.2,25.53,20.36,0.444,3990.6,69.2,False
BGW-11,2,75,2019-11-01,51.03,8172.2,27.58,21.54,0.439,4037.6,61.1,True
BGW-11,2,76,2019-11-02,51.33,7797.9,28.23,22.85,0.447,3941.3,68.1,False
BGW-11,2,77,2019-11-03,50.27,8197.9,24.59,19.42,0.441,3998.8,64.4,True
BGW-11,2,78,2019-11-04,50.35,7926.3,24.79,21.05,0.459,3973.9,68.6,False
BGW-11,2,79,2019-11-05,50.83,8867.6,24.94,21.12,0.458,3968.9,50.9,True
BGW-11,2,80,2019-11-06,50.24,8510.4,23.96,20.25,0.458,4007.2,61.7,True
BGW-11,2,81,2019-11-07,50.55,8470.6,25.26,21.07,0.455,3919.5,62.7,True
BGW-11,2,82,2019-11-08,49.89,9012.8,24.3,21.06,0.464,3932.3,53.3,True
BGW-11,2,83,2019-11-09,49.18,8345.5,25.04,20.97,0.456,3890.7,62.1,True
BGW-11,2,84,2019-11-10,49.49,8607.3,24.99,23.01,0.479,3929.1,56.2,True
BGW-11,2,85,2019-11-11,49.16,8809.0,24.68,21.92,0.47,3937.4,59.3,True
BGW-11,2,86,2019-11-12,49.55,8491.6,23.14,19.67,0.459,3934.5,56.3,True
BGW-11,2,87,2019-11-13,49.82,8073.6,24.23,20.75,0.461,3904.9,63.7,True
BGW-11,2,88,2019-11-14,49.11,8167.2,26.07,24.03,0.48,3893.3,61.8,True
BGW-11,2,89,2019-11-15,49.14,8949.9,22.57,21.36,0.486,3842.4,56.0,True
BGW-11,3,0,2019-12-10,143.13,90.7,337.76,92.12,0.214,4543.3,100.0,False
BGW-11,3,1,2019-12-11,136.46,117.0,287.57,80.14,0.218,4511.8,100.0,False
BGW-11,3,2,2019-12-12,130.13,153.8,258.05,77.26,0.23,4531.6,100.0,False
BGW-11,3,3,2019-12-13,123.77,190.0,227.61,69.17,0.233,4506.2,98.4,False
BGW-11,3,4,2019-12-14,118.5,234.6,180.05,51.61,0.223,4524.7,100.0,False
BGW-11,3,5,2019-12-15,113.54,289.2,173.03,50.38,0.226,4520.0,100.0,False
BGW-11,3,6,2019-12-16,109.83,345.7,165.86,49.81,0.231,4559.3,99.0,False
BGW-11,3,7,2019-12-17,104.75,411.0,140.95,43.47,0.236,4459.6,98.4,False
BGW-11,3,8,2019-12-18,100.38,501.1,135.22,44.44,0.247,4492.9,100.0,False
BGW-11,3,9,2019-12-19,96.98,643.0,124.48,38.39,0.236,4489.5,100.0,False
BGW-11,3,10,2019-12-20,93.46,794.4,109.06,36.38,0.25,4457.5,99.5,False
BGW-11,3,11,2019-12-21,89.87,917.6,92.09,30.41,0.248,4518.4,100.0,False
BGW-11,3,12,2019-12-22,86.85,983.1,90.59,29.97,0.249,4448.6,100.0,False
BGW-11,3,13,2019-12-23,84.11,1171.7,89.94,29.29,0.246,4425.3,99.4,False
BGW-11,3,14,2019-12-24,81.59,1331.2,75.8,24.17,0.242,4437.9,99.7,False
BGW-11,3,15,2019-12-25,78.9,1561.4,80.2,27.77,0.257,4415.5,100.0,False
BGW-11,3,16,2019-12-26,75.98,1782.4,66.81,22.47,0.252,4428.5,100.0,False
BGW-11,3,17,2019-12-27,74.36,2053.5,60.51,22.7,0.273,4411.6,96.4,False
BGW-11,3,18,2019-12-28,71.79,2376.0,56.27,19.57,0.258,4417.4,96.6,False
BGW-11,3,19,2019-12-29,70.48,2569.9,58.22,22.95,0.283,4385.3,100.0,False
BGW-11,3,20,2019-12-30,68.63,2929.7,58.27,23.15,0.284,4420.0,100.0,False
BGW-11,3,21,2019-12-31,67.36,2968.8,58.58,22.15,0.274,4347.2,100.0,False
BGW-11,3,22,2020-01-01,65.37,3568.2,50.9,19.79,0.28,4350.1,100.0,False
BGW-11,3,23,2020-01-02,64.31,3326.0,49.41,20.36,0.292,4431.0,100.0,False
BGW-11,3,24,2020-01-03,63.27,3391.5,54.19,21.04,0.28,4378.7,100.0,False
BGW-11,3,25,2020-01-04,62.08,4020.3,45.53,17.52,0.278,4387.6,100.0,False
BGW-11,3,26,2020-01-05,60.94,4618.8,40.22,17.47,0.303,4372.6,98.3,False
BGW-11,3,27,2020-01-06,60.04,4120.4,40.89,18.62,0.313,4412.9,99.2,False
BGW-11,3,28,2020-01-07,59.37,4666.5,40.7,18.85,0.317,4336.7,100.0,False
BGW-11,3,29,2020-01-08,58.56,5145.8,41.76,18.25,0.304,4306.1,98.0,False
BGW-11,3,30,2020-01-09,56.9,5888.4,36.89,15.41,0.295,4315.7,100.0,False
BGW-11,3,31,2020-01-10,56.34,6127.6,33.6,15.2,0.311,4300.0,94.6,False
BGW-11,3,32,2020-01-11,55.4,5986.8,34.35,16.01,0.318,4305.5,98.3,False
BGW-11,3,33,2020-01-12,54.93,6507.9,35.65,15.89,0.308,4250.7,86.4,False
BGW-11,3,34,2020-01-13,54.93,6373.9,36.16,16.77,0.317,4330.5,95.0,False
BGW-11,3,35,2020-01-14,54.01,6409.9,32.29,15.57,0.325,4279.9,93.7,False
BGW-11,3,36,2020-01-15,53.42,6682.0,34.37,15.47,0.31,4251.9,84.5,False
BGW-11,3,37,2020-01-16,52.98,7013.7,30.44,15.41,0.336,4289.3,87.2,False
BGW-11,3,38,2020-01-17,52.91,6704.6,30.99,15.62,0.335,4242.5,87.4,False
BGW-11,3,39,2020-01-18,52.59,7181.4,32.36,15.67,0.326,4257.1,85.3,False
BGW-11,3,40,2020-01-19,52.08,7154.3,31.28,16.23,0.342,4240.9,86.6,False
BGW-11,3,41,2020-01-20,51.47,7785.4,27.7,12.88,0.317,4275.6,68.0,False
BGW-11,3,42,2020-01-21,51.59,7273.1,28.51,15.86,0.357,4227.8,77.1,False
BGW-11,3,43,2020-01-22,51.21,8141.7,30.09,14.69,0.328,4265.0,61.8,True
BGW-11,3,44,2020-01-23,50.58,7794.9,28.49,15.97,0.359,4223.6,75.4,False
BGW-11,3,45,2020-01-24,50.01,8241.9,30.08,17.24,0.364,4200.3,64.6,True
BGW-11,3,46,2020-01-25,50.29,8736.0,25.35,13.75,0.352,4210.8,59.9,True
BGW-11,3,47,2020-01-26,49.59,8619.8,27.7,14.64,0.346,4212.0,58.5,True
BGW-11,3,48,2020-01-27,49.37,8406.7,26.53,14.31,0.35,4163.9,64.0,True
BGW-11,3,49,2020-01-28,49.38,8541.5,25.95,15.69,0.377,4165.7,59.0,True
BGW-11,3,50,2020-01-29,48.91,9054.1,27.17,16.56,0.379,4171.3,51.1,True
BGW-11,3,51,2020-01-30,49.0,8937.1,25.03,15.58,0.384,4186.6,53.5,True
BGW-11,3,52,2020-01-31,48.93,9063.0,24.42,14.47,0.372,4210.6,58.3,True
BGW-11,3,53,2020-02-01,48.7,8915.8,22.97,13.5,0.37,4145.9,53.5,True
BGW-11,3,54,2020-02-02,48.44,9429.2,23.71,14.58,0.381,4121.3,45.5,True
BGW-11,3,55,2020-02-03,48.89,9211.3,24.02,15.12,0.386,4120.3,45.0,True
BGW-11,3,56,2020-02-04,48.67,9195.1,25.17,16.36,0.394,4124.6,51.3,True
BGW-11,3,57,2020-02-05,48.44,8597.6,24.51,15.41,0.386,4115.2,60.2,True
BGW-11,3,58,2020-02-06,47.52,9029.2,24.6,15.42,0.385,4085.1,49.2,True
BGW-11,3,59,2020-02-07,48.0,9963.9,23.73,16.24,0.406,4123.1,36.6,True
BGW-11,3,60,2020-02-08,48.28,9234.7,24.18,15.61,0.392,4129.3,50.6,True
BGW-11,3,61,2020-02-09,47.9,9434.7,22.07,14.63,0.399,4101.7,45.2,True
BGW-11,3,62,2020-02-10,47.75,10234.9,22.1,13.91,0.386,4068.0,30.1,True
BGW-11,3,63,2020-02-11,47.97,8998.9,22.59,15.64,0.409,4032.9,55.0,True
BGW-11,3,64,2020-02-12,47.05,9740.9,23.82,16.52,0.409,4094.0,38.9,True
BGW-11,3,65,2020-02-13,47.56,9689.7,21.18,14.32,0.403,4054.1,47.8,True
BGW-11,3,66,2020-02-14,47.17,9819.9,22.84,16.73,0.423,4036.3,41.8,True
BGW-11,3,67,2020-02-15,47.79,9904.7,21.99,15.65,0.416,4081.3,40.4,True
BGW-11,3,68,2020-02-16,46.9,10173.7,22.08,15.63,0.414,4073.1,32.8,True
BGW-11,3,69,2020-02-17,47.47,10641.9,20.99,15.48,0.424,4060.7,28.3,True
BGW-11,3,70,2020-02-18,47.68,9691.2,21.11,15.22,0.419,4059.9,42.3,True
BGW-11,3,71,2020-02-19,46.8,9746.7,22.97,16.37,0.416,4052.7,37.6,True
BGW-11,3,72,2020-02-20,47.13,9881.2,23.42,17.06,0.421,4059.9,35.2,True
BGW-11,3,73,2020-02-21,47.23,10208.2,21.14,16.21,0.434,4013.0,31.8,True
BGW-11,3,74,2020-02-22,47.38,9918.4,22.78,18.24,0.445,3991.5,35.2,True
BGW-11,3,75,2020-02-23,46.97,10413.4,21.56,17.1,0.442,3932.3,33.9,True
BGW-11,3,76,2020-02-24,46.89,9943.6,21.62,17.66,0.45,3941.2,38.0,True
BGW-11,3,77,2020-02-25,47.17,10024.4,19.67,15.71,0.444,4022.7,37.9,True
BGW-11,3,78,2020-02-26,46.7,10609.2,19.51,15.16,0.437,3983.6,24.2,True
BGW-11,3,79,2020-02-27,47.04,9929.5,21.52,17.85,0.453,3948.8,38.5,True
BGW-11,3,80,2020-02-28,46.68,11015.2,21.53,19.24,0.472,3929.8,20.0,True
BGW-11,3,81,2020-02-29,46.84,10633.5,20.25,16.81,0.454,3920.6,28.5,True
BGW-11,3,82,2020-03-01,46.54,10437.7,19.78,16.98,0.462,3908.3,22.4,True
BGW-11,3,83,2020-03-02,46.92,9539.5,19.44,16.93,0.465,3900.7,46.3,True
BGW-11,3,84,2020-03-03,46.84,10091.3,18.84,17.39,0.48,3914.7,35.2,True
BGW-11,3,85,2020-03-04,47.01,9464.3,21.78,20.23,0.482,3926.1,45.7,True
BGW-11,3,86,2020-03-05,46.79,10577.4,19.0,17.11,0.474,3903.5,28.4,True
BGW-11,3,87,2020-03-06,47.2,10866.8,19.39,18.02,0.482,3928.0,21.5,True
BGW-11,3,88,2020-03-07,46.71,11648.3,17.36,17.47,0.502,3855.8,18.0,True
BGW-11,3,89,2020-03-08,47.55,9379.1,20.16,17.89,0.47,3880.3,46.2,True
BGW-11,4,0,2020-04-02,146.29,79.0,325.9,84.52,0.206,4549.7,100.0,False
BGW-11,4,1,2020-04-03,141.9,92.5,331.78,85.69,0.205,4575.3,94.8,False
BGW-11,4,2,2020-04-04,137.22,110.5,266.63,71.39,0.211,4542.2,100.0,False
BGW-11,4,3,2020-04-05,133.12,135.5,267.49,77.2,0.224,4505.2,100.0,False
BGW-11,4,4,2020-04-06,129.87,150.5,227.01,75.1,0.249,4509.9,100.0,False
BGW-11,4,5,2020-04-07,126.11,168.3,208.4,61.05,0.227,4495.9,98.9,False
BGW-11,4,6,2020-04-08,123.05,191.9,195.71,55.91,0.222,4543.2,96.2,False
BGW-11,4,7,2020-04-09,119.46,236.6,194.38,59.29,0.234,4486.0,100.0,False
BGW-11,4,8,2020-04-10,115.91,272.0,172.5,54.92,0.241,4500.4,100.0,False
BGW-11,4,9,2020-04-11,113.33,316.7,160.22,52.84,0.248,4601.2,95.7,False
BGW-11,4,10,2020-04-12,109.88,342.0,146.29,53.33,0.267,4495.3,98.2,False
BGW-11,4,11,2020-04-13,107.44,374.2,146.78,46.83,0.242,4493.2,100.0,False
BGW-11,4,12,2020-04-14,105.55,404.2,134.93,45.2,0.251,4543.9,100.0,False
BGW-11,4,13,2020-04-15,102.4,444.3,127.49,43.38,0.254,4437.7,99.3,False
BGW-11,4,14,2020-04-16,99.65,609.5,113.45,39.07,0.256,4425.6,100.0,False
BGW-11,4,15,2020-04-17,97.92,577.3,116.65,38.83,0.25,4502.6,100.0,False
BGW-11,4,16,2020-04-18,95.56,622.4,107.58,39.56,0.269,4480.7,100.0,False
BGW-11,4,17,2020-04-19,93.88,733.3,95.9,32.98,0.256,4443.2,98.4,False
BGW-11,4,18,2020-04-20,91.0,818.2,96.19,34.43,0.264,4396.8,100.0,False
BGW-11,4,19,2020-04-21,89.55,884.3,81.3,32.03,0.283,4406.2,97.9,False
BGW-11,4,20,2020-04-22,87.41,1037.9,84.14,32.96,0.281,4404.6,98.4,False
BGW-11,4,21,2020-04-23,85.98,1161.8,79.27,29.18,0.269,4393.5,100.0,False
BGW-11,4,22,2020-04-24,83.56,1148.0,77.19,30.35,0.282,4417.4,99.1,False
BGW-11,4,23,2020-04-25,82.26,1250.6,70.92,27.44,0.279,4359.3,99.8,False
BGW-11,4,24,2020-04-26,80.35,1317.9,71.95,27.53,0.277,4394.4,94.0,False
BGW-11,4,25,2020-04-27,79.97,1484.1,68.3,28.42,0.294,4394.7,93.1,False
BGW-11,4,26,2020-04-28,78.46,1736.3,61.2,24.12,0.283,4375.5,100.0,False
BGW-11,4,27,2020-04-29,77.0,1699.8,63.23,25.39,0.287,4342.5,100.0,False
BGW-11,4,28,2020-04-30,76.14,1866.9,53.36,22.87,0.3,4331.1,100.0,False
BGW-11,4,29,2020-05-01,73.86,2121.0,53.24,23.79,0.309,4321.7,96.9,False
BGW-11,4,30,2020-05-02,73.29,2173.0,54.82,24.15,0.306,4306.4,100.0,False
BGW-11,4,31,2020-05-03,71.41,2417.0,56.04,25.78,0.315,4286.2,100.0,False
BGW-11,4,32,2020-05-04,71.04,2458.2,53.02,25.23,0.322,4281.5,100.0,False
BGW-11,4,33,2020-05-05,69.35,2664.8,46.72,20.42,0.304,4277.0,100.0,False
BGW-11,4,34,2020-05-06,68.74,2568.2,49.33,24.29,0.33,4331.1,100.0,False
BGW-11,4,35,2020-05-07,67.77,3027.3,46.6,21.59,0.317,4318.7,100.0,False
BGW-11,4,36,2020-05-08,66.48,2985.0,45.11,20.44,0.312,4271.9,96.3,False
BGW-11,4,37,2020-05-09,66.31,3270.6,44.1,21.61,0.329,4260.7,100.0,False
BGW-11,4,38,2020-05-10,65.25,3264.0,40.36,20.97,0.342,4290.2,99.1,False
BGW-11,4,39,2020-05-11,64.3,3708.4,38.57,20.29,0.345,4207.9,100.0,False
BGW-11,4,40,2020-05-12,63.46,3858.7,42.93,22.43,0.343,4225.1,98.8,False
BGW-11,4,41,2020-05-13,63.05,3728.3,39.0,19.81,0.337,4300.7,100.0,False
BGW-11,4,42,2020-05-14,62.49,3919.5,36.94,19.78,0.349,4269.0,100.0,False
BGW-11,4,43,2020-05-15,61.58,4052.8,38.47,21.32,0.357,4228.2,100.0,False
BGW-11,4,44,2020-05-16,60.67,4834.8,33.43,17.08,0.338,4217.7,100.0,False
BGW-11,4,45,2020-05-17,60.57,4573.9,33.36,17.45,0.344,4239.7,97.4,False
BGW-11,4,46,2020-05-18,59.81,4519.1,35.72,18.63,0.343,4169.6,97.8,False
BGW-11,4,47,2020-05-19,59.16,4792.6,32.6,18.44,0.361,4170.0,100.0,False
BGW-11,4,48,2020-05-20,58.48,5064.6,33.23,17.61,0.346,4179.1,98.7,False
BGW-11,4,49,2020-05-21,58.02,5075.6,35.65,20.14,0.361,4188.5,94.8,False
BGW-11,4,50,2020-05-22,58.1,5042.1,32.1,18.29,0.363,4168.9,100.0,False
BGW-11,4,51,2020-05-23,56.65,5390.1,31.61,18.92,0.374,4161.7,98.3,False
BGW-11,4,52,2020-05-24,56.67,5361.3,31.4,18.98,0.377,4172.2,96.4,False
BGW-11,4,53,2020-05-25,55.9,5551.3,29.88,19.0,0.389,4141.5,94.9,False
BGW-11,4,54,2020-05-26,55.81,6105.0,32.55,19.44,0.374,4144.9,98.3,False
BGW-11,4,55,2020-05-27,55.39,6041.0,27.21,16.72,0.381,4114.4,99.0,False
BGW-11,4,56,2020-05-28,55.18,5647.4,30.19,19.92,0.397,4103.2,99.3,False
BGW-11,4,57,2020-05-29,54.26,6503.7,29.55,18.62,0.387,4067.1,89.2,False
BGW-11,4,58,2020-05-30,54.38,6183.2,27.7,18.95,0.406,4067.4,90.1,False
BGW-11,4,59,2020-05-31,54.08,6373.8,27.35,17.91,0.396,4080.6,93.3,False
BGW-11,4,60,2020-06-01,53.52,6713.2,27.54,18.43,0.401,4112.6,85.6,False
BGW-11,4,61,2020-06-02,53.68,6646.5,27.1,17.82,0.397,4066.5,86.5,False
BGW-11,4,62,2020-06-03,53.02,7036.0,25.31,16.97,0.401,4140.3,81.9,False
BGW-11,4,63,2020-06-04,53.05,7095.2,27.44,18.27,0.4,4084.2,85.7,False
BGW-11,4,64,2020-06-05,52.55,6773.9,26.01,16.66,0.39,4054.5,85.7,False
BGW-11,4,65,2020-06-06,52.19,6878.8,27.15,19.42,0.417,4114.1,89.9,False
BGW-11,4,66,2020-06-07,52.12,7610.3,25.35,17.6,0.41,4075.8,72.8,False
BGW-11,4,67,2020-06-08,53.07,7218.6,25.72,18.77,0.422,4046.3,81.1,False
BGW-11,4,68,2020-06-09,51.85,7383.6,23.8,17.58,0.425,4037.1,79.0,False
BGW-11,4,69,2020-06-10,51.5,7888.6,24.17,17.41,0.419,4026.2,67.3,False
BGW-11,4,70,2020-06-11,51.66,7454.3,25.1,18.39,0.423,3999.9,74.8,False
BGW-11,4,71,2020-06-12,51.04,7651.6,25.85,19.34,0.428,4013.2,72.9,False
BGW-11,4,72,2020-06-13,50.94,8345.7,22.12,17.02,0.435,4047.7,57.7,True
BGW-11,4,73,2020-06-14,50.61,7556.4,22.62,18.0,0.443,4011.8,69.5,False
BGW-11,4,74,2020-06-15,50.35,8093.4,22.55,16.91,0.429,4013.0,64.8,True
BGW-11,4,75,2020-06-16,50.23,8358.8,22.63,18.3,0.447,3972.0,63.5,True
BGW-11,4,76,2020-06-17,49.87,8731.2,21.49,17.52,0.449,3966.8,56.6,True
BGW-11,4,77,2020-06-18,50.14,8729.2,22.98,18.68,0.448,3922.8,61.4,True
BGW-11,4,78,2020-06-19,49.53,8426.6,24.12,20.51,0.459,3952.4,56.0,True
BGW-11,4,79,2020-06-20,49.33,8679.3,23.11,19.91,0.463,3945.1,58.1,True
BGW-11,4,80,2020-06-21,49.57,8801.1,24.58,19.64,0.444,3957.6,60.2,True
BGW-11,4,81,2020-06-22,49.72,8546.4,23.6,20.3,0.462,3956.2,57.4,True
BGW-11,4,82,2020-06-23,49.7,8498.0,19.78,16.91,0.461,3933.7,60.4,True
BGW-11,4,83,2020-06-24,49.1,9305.5,18.7,16.32,0.466,3990.3,48.1,True
BGW-11,4,84,2020-06-25,49.13,8964.6,21.4,18.9,0.469,3886.5,58.3,True
BGW-11,4,85,2020-06-26,48.83,9249.8,21.17,18.64,0.468,3939.7,48.4,True
BGW-11,4,86,2020-06-27,49.08,8588.2,21.68,19.5,0.474,3895.1,60.1,True
BGW-11,4,87,2020-06-28,48.47,9430.9,21.11,20.38,0.491,3895.0,41.9,True
BGW-11,4,88,2020-06-29,48.67,8921.4,19.35,17.12,0.469,3874.5,54.4,True
BGW-11,4,89,2020-06-30,48.41,9761.0,22.59,21.06,0.483,3893.8,36.3,True
BGW-11,5,0,2020-07-31,147.46,73.9,347.34,91.17,0.208,4533.1,97.8,False
BGW-11,5,1,2020-08-01,141.73,88.7,314.62,90.38,0.223,4563.6,100.0,False
BGW-11,5,2,2020-08-02,136.16,113.8,300.31,81.47,0.213,4583.4,97.4,False
BGW-11,5,3,2020-08-03,131.27,143.6,266.67,77.03,0.224,4542.7,95.7,False
BGW-11,5,4,2020-08-04,126.42,166.2,228.97,67.47,0.228,4523.3,95.9,False
BGW-11,5,5,2020-08-05,121.88,206.8,223.98,69.68,0.237,4546.1,97.9,False
BGW-11,5,6,2020-08-06,117.67,266.5,190.88,53.2,0.218,4525.2,100.0,False
BGW-11,5,7,2020-08-07,114.12,293.4,210.71,64.79,0.235,4489.1,100.0,False
BGW-11,5,8,2020-08-08,110.14,354.9,179.51,59.15,0.248,4495.2,90.3,False
BGW-11,5,9,2020-08-09,106.27,405.0,159.65,54.03,0.253,4474.4,100.0,False
BGW-11,5,10,2020-08-10,102.66,516.4,141.06,45.71,0.245,4463.4,100.0,False
BGW-11,5,11,2020-08-11,99.85,558.9,129.19,38.99,0.232,4461.0,98.6,False
BGW-11,5,12,2020-08-12,96.99,610.0,137.02,41.04,0.23,4477.6,99.8,False
BGW-11,5,13,2020-08-13,94.23,719.9,120.43,40.82,0.253,4441.3,100.0,False
BGW-11,5,14,2020-08-14,91.77,855.4,105.67,36.51,0.257,4406.6,97.1,False
BGW-11,5,15,2020-08-15,89.2,946.0,111.3,37.14,0.25,4404.7,100.0,False
BGW-11,5,16,2020-08-16,86.62,1029.5,111.06,39.11,0.26,4443.5,100.0,False
BGW-11,5,17,2020-08-17,84.34,1192.5,100.12,34.83,0.258,4454.8,100.0,False
BGW-11,5,18,2020-08-18,82.37,1296.0,95.5,34.69,0.266,4385.6,99.6,False
BGW-11,5,19,2020-08-19,80.67,1551.7,84.42,32.98,0.281,4384.9,100.0,False
BGW-11,5,20,2020-08-20,77.73,1782.5,82.09,30.5,0.271,4395.0,100.0,False
BGW-11,5,21,2020-08-21,77.49,1663.4,85.22,35.14,0.292,4431.3,100.0,False
BGW-11,5,22,2020-08-22,74.8,1951.6,70.05,27.42,0.281,4413.1,100.0,False
BGW-11,5,23,2020-08-23,73.88,2123.2,79.11,31.52,0.285,4383.6,100.0,False
BGW-11,5,24,2020-08-24,72.19,2337.5,73.08,27.4,0.273,4387.0,100.0,False
BGW-11,5,25,2020-08-25,70.65,2495.6,71.05,31.04,0.304,4382.1,98.6,False
BGW-11,5,26,2020-08-26,68.88,2784.2,66.76,26.97,0.288,4343.4,100.0,False
BGW-11,5,27,2020-08-27,67.74,2941.7,64.94,24.99,0.278,4343.8,100.0,False
BGW-11,5,28,2020-08-28,66.54,2966.6,63.3,26.47,0.295,4292.8,100.0,False
BGW-11,5,29,2020-08-29,65.26,3204.2,61.92,28.45,0.315,4304.9,100.0,False
BGW-11,5,30,2020-08-30,64.37,3403.4,60.82,26.26,0.302,4347.6,95.8,False
BGW-11,5,31,2020-08-31,63.88,3590.1,58.02,24.16,0.294,4267.0,93.8,False
BGW-11,5,32,2020-09-01,62.54,3858.5,57.23,25.72,0.31,4341.1,100.0,False
BGW-11,5,33,2020-09-02,61.57,3971.5,49.72,24.42,0.329,4262.4,97.2,False
BGW-11,5,34,2020-09-03,60.87,4059.2,54.27,24.92,0.315,4324.8,100.0,False
BGW-11,5,35,2020-09-04,60.37,4473.3,49.39,22.26,0.311,4351.9,98.4,False
BGW-11,5,36,2020-09-05,59.22,4780.3,53.85,26.12,0.327,4306.4,97.8,False
BGW-11,5,37,2020-09-06,58.46,5026.7,49.89,23.71,0.322,4324.9,100.0,False
BGW-11,5,38,2020-09-07,57.73,5469.6,45.39,24.23,0.348,4257.5,97.4,False
BGW-11,5,39,2020-09-08,57.75,5517.3,48.26,22.94,0.322,4261.8,100.0,False
BGW-11,5,40,2020-09-09,56.44,5765.8,43.53,20.79,0.323,4305.5,95.1,False
BGW-11,5,41,2020-09-10,55.99,5652.3,43.09,23.48,0.353,4210.4,95.9,False
BGW-11,5,42,2020-09-11,55.52,5926.1,45.75,23.08,0.335,4218.9,100.0,False
BGW-11,5,43,2020-09-12,54.81,5923.6,42.37,21.19,0.333,4201.3,100.0,False
BGW-11,5,44,2020-09-13,54.6,6017.1,41.05,23.0,0.359,4261.8,100.0,False
BGW-11,5,45,2020-09-14,53.76,6260.4,47.05,25.17,0.349,4248.6,90.2,False
BGW-11,5,46,2020-09-15,53.8,6737.9,36.81,19.89,0.351,4189.3,89.9,False
BGW-11,5,47,2020-09-16,53.75,6265.7,41.92,25.0,0.374,4209.1,90.8,False
BGW-11,5,48,2020-09-17,53.18,6864.5,39.94,21.63,0.351,4190.3,85.7,False
BGW-11,5,49,2020-09-18,52.23,7583.1,36.94,19.8,0.349,4159.0,72.3,False
BGW-11,5,50,2020-09-19,52.25,6896.2,40.86,25.03,0.38,4134.8,84.9,False
BGW-11,5,51,2020-09-20,51.74,7547.3,34.76,19.28,0.357,4174.0,69.7,False
BGW-11,5,52,2020-09-21,52.36,6842.1,41.34,23.91,0.366,4209.9,81.5,False
BGW-11,5,53,2020-09-22,52.08,7443.9,38.88,23.4,0.376,4165.6,75.8,False
BGW-11,5,54,2020-09-23,51.37,8178.6,35.65,21.79,0.379,4178.5,64.7,True
BGW-11,5,55,2020-09-24,51.64,7851.3,38.53,24.65,0.39,4212.6,73.8,False
BGW-11,5,56,2020-09-25,50.18,8444.8,31.45,20.41,0.394,4116.2,62.6,True
BGW-11,5,57,2020-09-26,49.66,8512.3,35.9,22.61,0.386,4098.1,58.0,True
BGW-11,5,58,2020-09-27,50.24,7955.4,37.81,24.1,0.389,4122.7,63.2,True
BGW-11,5,59,2020-09-28,50.18,8796.0,36.37,22.68,0.384,4068.2,59.8,True
BGW-11,5,60,2020-09-29,49.87,8660.3,37.4,26.53,0.415,4098.1,61.4,True
BGW-11,5,61,2020-09-30,49.86,8484.6,33.68,22.26,0.398,4114.0,65.7,False
BGW-11,5,62,2020-10-01,50.14,7913.4,35.05,23.98,0.406,4083.5,71.3,False
BGW-11,5,63,2020-10-02,49.61,8821.5,31.77,22.32,0.413,4088.3,58.4,True
BGW-11,5,64,2020-10-03,48.67,8969.0,34.43,22.89,0.399,4093.7,55.7,True
BGW-11,5,65,2020-10-04,49.12,8819.4,34.09,23.79,0.411,4051.3,51.3,True
BGW-11,5,66,2020-10-05,48.97,9417.0,33.9,25.44,0.429,4045.9,41.8,True
BGW-11,5,67,2020-10-06,49.44,8381.7,32.88,23.26,0.414,4028.9,67.9,False
BGW-11,5,68,2020-10-07,48.87,9093.8,29.89,21.64,0.42,4061.8,49.3,True
BGW-11,5,69,2020-10-08,49.11,8695.1,32.8,26.65,0.448,3993.5,55.0,True
BGW-11,5,70,2020-10-09,48.9,8917.4,33.37,27.12,0.448,4020.4,49.5,True
BGW-11,5,71,2020-10-10,48.02,9577.6,30.97,22.18,0.417,4018.9,45.8,True
BGW-11,5,72,2020-10-11,47.92,9067.0,32.75,23.27,0.415,4051.2,52.1,True
BGW-11,5,73,2020-10-12,48.41,8992.3,32.83,24.03,0.423,3993.6,53.0,True
BGW-11,5,74,2020-10-13,47.81,9816.6,28.21,20.95,0.426,3980.7,36.7,True
BGW-11,5,75,2020-10-14,48.43,9485.1,31.61,25.01,0.442,4029.4,45.0,True
BGW-11,5,76,2020-10-15,47.42,10120.6,29.75,24.25,0.449,4002.7,36.8,True
BGW-11,5,77,2020-10-16,48.37,8744.7,33.89,27.33,0.446,4034.1,54.9,True
BGW-11,5,78,2020-10-17,48.04,9277.6,32.89,26.87,0.45,3947.3,46.9,True
BGW-11,5,79,2020-10-18,47.86,9311.8,31.43,26.98,0.462,4017.2,48.0,True
BGW-11,5,80,2020-10-19,47.72,10166.7,31.49,28.07,0.471,3897.4,40.5,True
BGW-11,5,81,2020-10-20,47.74,9577.4,30.77,25.7,0.455,3909.7,42.0,True
BGW-11,5,82,2020-10-21,47.63,10052.2,29.17,24.72,0.459,3905.2,34.2,True
BGW-11,5,83,2020-10-22,47.48,9911.5,31.89,26.43,0.453,3962.8,38.4,True
BGW-11,5,84,2020-10-23,47.15,10503.3,28.52,25.82,0.475,3933.6,28.8,True
BGW-11,5,85,2020-10-24,47.95,9446.6,31.85,28.68,0.474,3907.9,43.2,True
BGW-11,5,86,2020-10-25,47.36,9313.1,31.07,28.75,0.481,3947.6,50.1,True
BGW-11,5,87,2020-10-26,47.67,9431.5,29.52,27.85,0.485,3896.6,47.0,True
BGW-11,5,88,2020-10-27,47.08,9819.1,30.39,25.94,0.461,3910.3,32.9,True
BGW-11,5,89,2020-10-28,47.15,10175.6,31.37,28.15,0.473,3873.6,29.4,True
BGW-11,6,0,2020-11-23,138.38,106.0,310.62,77.95,0.201,4558.7,100.0,False
BGW-11,6,1,2020-11-24,130.6,142.8,277.62,74.42,0.211,4576.8,100.0,False
BGW-11,6,2,2020-11-25,124.31,181.3,235.73,61.9,0.208,4509.6,98.5,False
BGW-11,6,3,2020-11-26,118.16,231.3,212.77,65.87,0.236,4497.8,100.0,False
BGW-11,6,4,2020-11-27,112.33,324.4,189.36,54.01,0.222,4530.1,98.5,False
BGW-11,6,5,2020-11-28,106.78,410.4,173.55,51.02,0.227,4562.4,95.7,False
BGW-11,6,6,2020-11-29,102.61,500.8,140.47,39.83,0.221,4543.2,100.0,False
BGW-11,6,7,2020-11-30,97.79,608.0,126.8,37.89,0.23,4519.5,99.2,False
BGW-11,6,8,2020-12-01,93.44,794.0,120.97,40.97,0.253,4522.8,100.0,False
BGW-11,6,9,2020-12-02,90.93,825.5,119.62,36.37,0.233,4511.2,99.7,False
BGW-11,6,10,2020-12-03,87.22,1009.8,102.11,33.46,0.247,4464.7,97.4,False
BGW-11,6,11,2020-12-04,83.91,1237.5,103.15,33.6,0.246,4474.9,100.0,False
BGW-11,6,12,2020-12-05,80.7,1372.0,84.64,26.21,0.236,4439.6,100.0,False
BGW-11,6,13,2020-12-06,77.6,1660.7,87.4,30.58,0.259,4457.4,99.9,False
BGW-11,6,14,2020-12-07,75.46,1943.4,79.43,27.52,0.257,4475.4,100.0,False
BGW-11,6,15,2020-12-08,73.28,2104.8,75.6,23.99,0.241,4423.5,100.0,False
BGW-11,6,16,2020-12-09,71.49,2356.8,78.03,28.77,0.269,4418.7,100.0,False
BGW-11,6,17,2020-12-10,68.91,2731.8,61.76,21.97,0.262,4403.7,96.4,False
BGW-11,6,18,2020-12-11,67.69,2970.8,64.61,24.29,0.273,4494.1,98.4,False
BGW-11,6,19,2020-12-12,65.96,3133.7,66.01,26.37,0.285,4371.1,97.7,False
BGW-11,6,20,2020-12-13,63.99,3497.2,59.78,20.98,0.26,4399.8,98.7,False
BGW-11,6,21,2020-12-14,63.06,3884.6,58.14,24.56,0.297,4405.1,100.0,False
BGW-11,6,22,2020-12-15,61.39,4067.3,51.64,20.44,0.284,4417.7,100.0,False
BGW-11,6,23,2020-12-16,60.58,4571.1,55.39,20.99,0.275,4382.9,98.4,False
BGW-11,6,24,2020-12-17,59.2,4709.0,52.23,21.01,0.287,4347.4,100.0,False
BGW-11,6,25,2020-12-18,58.56,5025.5,47.86,18.44,0.278,4420.5,100.0,False
BGW-11,6,26,2020-12-19,57.55,5169.6,51.39,21.9,0.299,4389.5,99.4,False
BGW-11,6,27,2020-12-20,56.39,5472.0,48.17,20.47,0.298,4388.7,100.0,False
BGW-11,6,28,2020-12-21,55.38,5988.0,49.8,20.75,0.294,4278.1,96.3,False
BGW-11,6,29,2020-12-22,55.16,6203.4,45.61,18.87,0.293,4344.3,95.1,False
BGW-11,6,30,2020-12-23,54.48,6046.5,44.6,18.93,0.298,4350.5,92.0,False
BGW-11,6,31,2020-12-24,53.89,6704.5,41.2,18.98,0.315,4375.1,90.6,False
BGW-11,6,32,2020-12-25,53.53,6798.3,38.99,17.6,0.311,4290.3,81.8,False
BGW-11,6,33,2020-12-26,53.36,6496.2,37.57,17.94,0.323,4330.4,88.7,False
BGW-11,6,34,2020-12-27,51.94,7261.2,42.59,18.68,0.305,4308.5,78.5,False
BGW-11,6,35,2020-12-28,51.64,7600.3,39.15,18.97,0.326,4372.4,79.3,False
BGW-11,6,36,2020-12-29,51.59,7517.6,39.89,18.92,0.322,4283.1,70.3,False
BGW-11,6,37,2020-12-30,51.4,7204.8,37.53,17.76,0.321,4348.2,81.0,False
BGW-11,6,38,2020-12-31,50.49,8116.3,37.35,18.15,0.327,4255.4,65.8,False
BGW-11,6,39,2021-01-01,51.24,7952.1,36.55,19.24,0.345,4263.5,69.2,False
BGW-11,6,40,2021-01-02,50.07,8220.0,34.49,16.18,0.319,4248.4,65.5,False
BGW-11,6,41,2021-01-03,50.12,7987.6,34.88,18.52,0.347,4272.2,67.0,False
BGW-11,6,42,2021-01-04,49.61,9207.8,35.92,19.02,0.346,4230.8,51.6,True
BGW-11,6,43,2021-01-05,48.88,9074.6,38.1,18.11,0.322,4185.3,52.7,True
BGW-11,6,44,2021-01-06,49.16,8818.0,36.08,19.44,0.35,4258.7,59.3,True
BGW-11,6,45,2021-01-07,48.91,9326.7,33.25,17.61,0.346,4255.5,43.8,True
BGW-11,6,46,2021-01-08,48.71,8210.9,36.3,19.52,0.35,4201.5,63.6,True
BGW-11,6,47,2021-01-09,48.53,10201.3,34.99,20.03,0.364,4234.8,34.8,True
BGW-11,6,48,2021-01-10,48.55,9436.5,33.96,19.21,0.361,4180.8,48.6,True
BGW-11,6,49,2021-01-11,48.36,8891.6,32.2,16.42,0.338,4207.7,55.5,True
BGW-11,6,50,2021-01-12,48.54,8747.6,34.4,19.86,0.366,4158.6,58.5,True
BGW-11,6,51,2021-01-13,47.99,8893.2,32.07,18.76,0.369,4120.0,54.6,True
BGW-11,6,52,2021-01-14,47.83,9622.4,34.36,19.63,0.364,4146.1,44.4,True
BGW-11,6,53,2021-01-15,47.75,9278.5,30.67,18.04,0.37,4132.7,51.3,True
BGW-11,6,54,2021-01-16,47.52,9834.8,31.4,19.04,0.377,4117.5,40.4,True
BGW-11,6,55,2021-01-17,47.44,10198.1,30.55,19.29,0.387,4165.6,37.8,True
BGW-11,6,56,2021-01-18,47.22,9895.7,32.64,20.8,0.389,4083.4,39.3,True
BGW-11,6,57,2021-01-19,47.37,9871.9,28.72,18.75,0.395,4065.6,38.7,True
BGW-11,6,58,2021-01-20,47.32,9764.4,30.62,20.78,0.404,4076.4,42.5,True
BGW-11,6,59,2021-01-21,46.99,9985.4,30.58,20.64,0.403,4163.3,42.6,True
BGW-11,6,60,2021-01-22,47.24,10305.7,30.49,19.1,0.385,4106.5,26.8,True
BGW-11,6,61,2021-01-23,46.88,9823.4,29.25,19.6,0.401,4095.0,43.7,True
BGW-11,6,62,2021-01-24,47.11,9214.5,31.62,21.28,0.402,4122.0,47.5,True
BGW-11,6,63,2021-01-25,46.88,9889.3,29.52,19.64,0.399,4093.3,40.5,True
BGW-11,6,64,2021-01-26,47.51,9959.7,29.48,20.04,0.405,4066.1,39.1,True
BGW-11,6,65,2021-01-27,47.17,10180.2,29.46,20.82,0.414,4104.7,32.0,True
BGW-11,6,66,2021-01-28,46.79,10401.7,28.17,20.81,0.425,4056.6,33.7,True
BGW-11,6,67,2021-01-29,47.55,9659.2,30.92,21.47,0.41,4021.0,43.6,True
BGW-11,6,68,2021-01-30,47.07,10020.3,30.32,21.36,0.413,4000.0,46.0,True
BGW-11,6,69,2021-01-31,47.1,10133.0,29.53,21.2,0.418,4016.9,35.8,True
BGW-11,6,70,2021-02-01,47.57,9478.7,29.17,21.08,0.419,3984.2,42.7,True
BGW-11,6,71,2021-02-02,47.19,9698.7,27.85,20.12,0.419,4019.3,42.7,True
BGW-11,6,72,2021-02-03,46.97,9798.0,29.37,21.75,0.425,4006.8,40.4,True
BGW-11,6,73,2021-02-04,46.44,11336.0,27.77,21.54,0.437,4065.0,17.7,True
BGW-11,6,74,2021-02-05,47.27,10050.8,27.21,20.74,0.433,3984.8,31.0,True
BGW-11,6,75,2021-02-06,47.11,10269.7,28.69,22.17,0.436,4013.0,34.7,True
BGW-11,6,76,2021-02-07,46.23,10724.7,30.21,23.85,0.441,3956.3,18.5,True
BGW-11,6,77,2021-02-08,46.34,10256.8,25.95,21.79,0.456,3983.3,35.6,True
BGW-11,6,78,2021-02-09,47.24,9709.3,28.18,25.2,0.472,3982.9,43.3,True
BGW-11,6,79,2021-02-10,46.63,10156.1,26.12,23.15,0.47,3985.3,30.1,True
BGW-11,6,80,2021-02-11,47.02,9444.0,29.8,24.73,0.453,3961.2,41.7,True
BGW-11,6,81,2021-02-12,46.59,10266.9,26.43,21.65,0.45,3966.6,29.5,True
BGW-11,6,82,2021-02-13,46.92,10237.8,26.54,22.84,0.463,3912.5,31.3,True
BGW-11,6,83,2021-02-14,47.33,10226.9,26.18,21.43,0.45,3908.5,28.6,True
BGW-11,6,84,2021-02-15,46.84,10232.9,27.01,24.09,0.471,3965.1,30.5,True
BGW-11,6,85,2021-02-16,46.74,10370.8,25.7,23.17,0.474,3882.6,37.7,True
BGW-11,6,86,2021-02-17,46.46,10081.5,26.31,23.22,0.469,3903.2,32.8,True
BGW-11,6,87,2021-02-18,47.26,9857.9,26.75,24.74,0.48,3938.3,41.3,True
BGW-11,6,88,2021-02-19,46.86,10174.3,25.16,23.93,0.487,3863.2,31.9,True
BGW-11,6,89,2021-02-20,46.84,10835.9,26.63,24.84,0.483,3927.6,21.4,True
BGW-11,7,0,2021-03-18,140.57,95.6,296.41,75.81,0.204,4578.1,100.0,False
BGW-11,7,1,2021-03-19,132.83,137.6,268.57,73.92,0.216,4560.6,96.3,False
BGW-11,7,2,2021-03-20,126.58,171.1,248.84,70.16,0.22,4538.3,100.0,False
BGW-11,7,3,2021-03-21,118.81,229.9,206.99,63.9,0.236,4536.1,99.5,False
BGW-11,7,4,2021-03-22,113.41,318.2,190.44,54.12,0.221,4473.4,95.5,False
BGW-11,7,5,2021-03-23,108.3,377.3,155.47,47.43,0.234,4543.9,96.3,False
BGW-11,7,6,2021-03-24,102.98,458.1,143.96,43.01,0.23,4547.4,100.0,False
BGW-11,7,7,2021-03-25,98.82,585.1,129.23,38.9,0.231,4504.2,94.7,False
BGW-11,7,8,2021-03-26,94.0,769.4,113.63,37.38,0.248,4477.0,98.6,False
BGW-11,7,9,2021-03-27,90.55,877.8,108.7,34.73,0.242,4509.0,100.0,False
BGW-11,7,10,2021-03-28,86.15,1071.6,102.13,31.52,0.236,4477.9,94.9,False
BGW-11,7,11,2021-03-29,83.68,1205.9,97.15,35.48,0.268,4462.9,94.2,False
BGW-11,7,12,2021-03-30,79.83,1541.1,78.53,25.8,0.247,4427.0,100.0,False
BGW-11,7,13,2021-03-31,77.28,1568.7,84.63,30.58,0.265,4421.0,99.1,False
BGW-11,7,14,2021-04-01,75.46,2114.5,68.61,22.39,0.246,4417.7,100.0,False
BGW-11,7,15,2021-04-02,72.77,1972.6,69.29,22.88,0.248,4414.8,100.0,False
BGW-11,7,16,2021-04-03,70.98,2409.9,64.42,23.74,0.269,4417.0,99.8,False
BGW-11,7,17,2021-04-04,68.54,2830.0,53.83,21.34,0.284,4418.7,100.0,False
BGW-11,7,18,2021-04-05,67.06,2943.6,56.99,19.89,0.259,4418.9,100.0,False
BGW-11,7,19,2021-04-06,65.38,3519.7,50.75,18.94,0.272,4430.2,95.0,False
BGW-11,7,20,2021-04-07,63.8,3635.3,51.09,18.92,0.27,4407.2,100.0,False
BGW-11,7,21,2021-04-08,62.49,3743.1,52.54,20.21,0.278,4425.5,100.0,False
BGW-11,7,22,2021-04-09,61.09,4138.7,42.46,16.36,0.278,4356.6,98.0,False
BGW-11,7,23,2021-04-10,60.38,4611.5,41.19,16.55,0.287,4394.3,97.5,False
BGW-11,7,24,2021-04-11,58.62,4815.3,46.02,19.37,0.296,4369.2,100.0,False
BGW-11,7,25,2021-04-12,57.43,5481.2,43.12,18.25,0.297,4336.0,97.8,False
BGW-11,7,26,2021-04-13,57.12,5196.0,40.96,19.55,0.323,4384.3,100.0,False
BGW-11,7,27,2021-04-14,55.92,5621.7,41.33,18.74,0.312,4339.2,98.5,False
BGW-11,7,28,2021-04-15,55.38,5657.2,36.77,14.89,0.288,4353.5,100.0,False
BGW-11,7,29,2021-04-16,54.99,5713.2,35.96,15.98,0.308,4313.7,97.4,False
BGW-11,7,30,2021-04-17,54.3,6246.2,36.26,15.8,0.304,4350.6,94.0,False
BGW-11,7,31,2021-04-18,53.04,6848.6,37.48,18.49,0.33,4332.4,81.2,False
BGW-11,7,32,2021-04-19,52.8,6975.8,33.41,15.7,0.32,4390.6,85.5,False
BGW-11,7,33,2021-04-20,51.96,6879.3,38.36,17.61,0.315,4313.0,83.5,False
BGW-11,7,34,2021-04-21,51.48,7717.3,32.62,15.98,0.329,4327.9,74.6,False
BGW-11,7,35,2021-04-22,51.53,8079.5,32.79,15.13,0.316,4271.2,64.1,True
BGW-11,7,36,2021-04-23,51.26,7305.6,33.13,15.29,0.316,4251.8,74.6,False
BGW-11,7,37,2021-04-24,50.72,8216.9,30.05,13.27,0.306,4310.5,73.9,False
BGW-11,7,38,2021-04-25,50.68,8527.6,30.5,14.94,0.329,4309.8,63.7,True
BGW-11,7,39,2021-04-26,50.28,8484.8,28.35,13.99,0.33,4285.9,65.4,False
BGW-11,7,40,2021-04-27,49.38,8484.6,32.3,16.69,0.341,4260.5,60.8,True
BGW-11,7,41,2021-04-28,49.54,8401.9,28.56,15.32,0.349,4267.7,62.3,True
BGW-11,7,42,2021-04-29,49.5,9102.4,29.26,15.78,0.35,4210.5,51.4,True
BGW-11,7,43,2021-04-30,49.05,9060.1,29.4,16.51,0.36,4238.1,50.1,True
BGW-11,7,44,2021-05-01,48.89,9543.3,28.15,15.29,0.352,4217.0,44.0,True
BGW-11,7,45,2021-05-02,48.31,8819.0,28.54,15.48,0.352,4244.4,55.7,True
BGW-11,7,46,2021-05-03,48.61,8976.4,27.58,15.28,0.357,4240.5,51.6,True
BGW-11,7,47,2021-05-04,48.42,9301.9,26.18,15.22,0.368,4160.1,52.1,True
BGW-11,7,48,2021-05-05,48.41,9178.3,27.6,15.84,0.365,4216.1,43.0,True
BGW-11,7,49,2021-05-06,48.49,9628.7,25.28,14.39,0.363,4128.3,41.2,True
BGW-11,7,50,2021-05-07,47.86,9142.0,27.31,14.69,0.35,4162.6,47.3,True
BGW-11,7,51,2021-05-08,48.16,10461.5,25.66,14.35,0.359,4190.3,28.0,True
BGW-11,7,52,2021-05-09,47.43,10249.1,25.65,15.12,0.371,4190.6,28.3,True
BGW-11,7,53,2021-05-10,47.52,9816.8,25.36,14.22,0.359,4119.1,39.2,True
BGW-11,7,54,2021-05-11,47.46,9959.3,26.14,15.88,0.378,4128.4,35.1,True
BGW-11,7,55,2021-05-12,47.38,9032.7,26.17,15.0,0.364,4096.4,52.2,True
BGW-11,7,56,2021-05-13,47.15,10257.0,24.64,14.18,0.365,4140.4,31.5,True
BGW-11,7,57,2021-05-14,47.26,9780.4,25.23,15.96,0.388,4125.7,37.5,True
BGW-11,7,58,2021-05-15,47.3,10596.4,23.86,15.34,0.391,4107.7,28.8,True
BGW-11,7,59,2021-05-16,47.12,10193.2,24.77,17.49,0.414,4132.6,36.4,True
BGW-11,7,60,2021-05-17,47.5,9500.8,23.23,14.6,0.386,4144.8,46.8,True
BGW-11,7,61,2021-05-18,47.46,9727.4,26.48,17.26,0.395,4102.2,37.9,True
BGW-11,7,62,2021-05-19,47.58,9392.3,22.54,15.18,0.402,3998.1,48.7,True
BGW-11,7,63,2021-05-20,47.45,9276.3,25.42,15.92,0.385,4098.0,43.8,True
BGW-11,7,64,2021-05-21,47.49,9771.6,26.9,17.77,0.398,4062.7,37.5,True
BGW-11,7,65,2021-05-22,46.98,10209.1,22.46,16.05,0.417,4112.6,35.6,True
BGW-11,7,66,2021-05-23,46.91,10278.4,23.82,16.83,0.414,3994.7,32.2,True
BGW-11,7,67,2021-05-24,47.06,10289.7,22.9,15.87,0.409,4062.6,27.7,True
BGW-11,7,68,2021-05-25,47.01,10649.4,20.95,14.88,0.415,4072.2,23.2,True
BGW-11,7,69,2021-05-26,47.35,10646.0,22.99,17.41,0.431,4051.0,28.6,True
BGW-11,7,70,2021-05-27,46.97,10352.3,25.07,18.78,0.428,4032.2,31.8,True
BGW-11,7,71,2021-05-28,46.9,10251.0,22.29,17.55,0.441,4083.6,36.4,True
BGW-11,7,72,2021-05-29,46.92,10255.4,22.64,17.37,0.434,3962.3,36.6,True
BGW-11,7,73,2021-05-30,47.04,10890.1,23.25,18.83,0.448,3985.6,26.1,True
BGW-11,7,74,2021-05-31,46.67,9999.8,21.11,17.1,0.448,4008.9,41.5,True
BGW-11,7,75,2021-06-01,47.12,10125.2,22.76,16.47,0.42,3975.5,36.2,True
BGW-11,7,76,2021-06-02,46.85,10271.3,21.11,16.14,0.433,3937.2,30.8,True
BGW-11,7,77,2021-06-03,46.51,9992.2,20.48,16.92,0.452,3917.2,34.6,True
BGW-11,7,78,2021-06-04,46.72,9817.6,23.71,19.51,0.451,3982.5,35.5,True
BGW-11,7,79,2021-06-05,46.86,10079.0,23.48,18.7,0.443,3945.6,39.0,True
BGW-11,7,80,2021-06-06,46.82,9900.4,21.02,17.31,0.452,3960.7,33.0,True
BGW-11,7,81,2021-06-07,46.85,9589.2,22.66,20.39,0.474,3919.1,41.4,True
BGW-11,7,82,2021-06-08,47.14,10155.4,21.17,18.79,0.47,3977.9,35.6,True
BGW-11,7,83,2021-06-09,46.79,10392.4,22.2,17.49,0.441,3912.3,34.5,True
BGW-11,7,84,2021-06-10,46.94,10816.5,20.27,17.51,0.464,3876.3,24.5,True
BGW-11,7,85,2021-06-11,47.45,9782.7,23.16,20.35,0.468,3940.6,40.6,True
BGW-11,7,86,2021-06-12,46.45,10401.4,21.67,19.37,0.472,3938.1,29.6,True
BGW-11,7,87,2021-06-13,47.2,10598.1,19.78,17.63,0.471,3918.6,26.6,True
BGW-11,7,88,2021-06-14,46.41,10002.9,20.11,17.88,0.471,3914.0,39.7,True
BGW-11,7,89,2021-06-15,46.62,10249.6,18.09,16.6,0.478,3866.5,37.1,True
BGW-11,8,0,2021-07-06,139.36,108.1,274.69,68.22,0.199,4582.7,97.6,False
BGW-11,8,1,2021-07-07,133.05,130.6,253.99,70.72,0.218,4522.7,98.1,False
BGW-11,8,2,2021-07-08,126.84,170.4,230.21,65.69,0.222,4557.9,94.7,False
BGW-11,8,3,2021-07-09,121.71,207.3,218.11,66.78,0.234,4537.2,95.7,False
BGW-11,8,4,2021-07-10,116.12,266.5,189.53,55.92,0.228,4552.2,100.0,False
BGW-11,8,5,2021-07-11,112.06,312.2,183.3,56.66,0.236,4523.5,98.9,False
BGW-11,8,6,2021-07-12,107.25,416.0,161.42,48.41,0.231,4541.1,98.8,False
BGW-11,8,7,2021-07-13,103.54,472.0,149.74,49.94,0.25,4507.3,99.5,False
BGW-11,8,8,2021-07-14,99.43,555.3,145.39,44.83,0.236,4554.7,100.0,False
BGW-11,8,9,2021-07-15,95.12,699.9,115.93,37.23,0.243,4478.5,96.4,False
BGW-11,8,10,2021-07-16,92.34,802.3,116.83,33.5,0.223,4476.8,99.6,False
BGW-11,8,11,2021-07-17,89.19,930.0,99.53,30.33,0.234,4444.6,100.0,False
BGW-11,8,12,2021-07-18,86.42,1028.3,101.68,34.17,0.252,4459.4,100.0,False
BGW-11,8,13,2021-07-19,83.47,1230.0,95.63,30.15,0.24,4490.9,98.1,False
BGW-11,8,14,2021-07-20,81.32,1465.0,82.66,26.81,0.245,4442.7,96.7,False
BGW-11,8,15,2021-07-21,78.95,1556.4,78.54,28.32,0.265,4430.8,100.0,False
BGW-11,8,16,2021-07-22,76.23,1887.7,76.89,26.11,0.253,4456.5,98.8,False
BGW-11,8,17,2021-07-23,74.15,2063.7,68.39,23.4,0.255,4418.6,100.0,False
BGW-11,8,18,2021-07-24,72.75,2099.2,73.7,30.03,0.29,4416.3,95.5,False
BGW-11,8,19,2021-07-25,71.22,2344.0,65.8,22.67,0.256,4422.8,97.6,False
BGW-11,8,20,2021-07-26,68.99,2664.4,56.11,22.1,0.283,4452.3,96.0,False
BGW-11,8,21,2021-07-27,67.43,3047.9,58.73,21.63,0.269,4384.7,98.3,False
BGW-11,8,22,2021-07-28,66.08,3024.5,57.76,21.93,0.275,4421.1,99.7,False
BGW-11,8,23,2021-07-29,65.04,3298.7,56.6,23.31,0.292,4367.9,97.9,False
BGW-11,8,24,2021-07-30,63.93,3719.4,46.99,18.09,0.278,4340.4,100.0,False
BGW-11,8,25,2021-07-31,62.71,4179.7,48.74,19.13,0.282,4399.1,100.0,False
BGW-11,8,26,2021-08-01,61.42,4252.2,45.18,18.17,0.287,4339.1,100.0,False
BGW-11,8,27,2021-08-02,59.61,4583.2,45.89,20.39,0.308,4355.4,100.0,False
BGW-11,8,28,2021-08-03,59.65,4651.6,45.26,19.23,0.298,4323.4,100.0,False
BGW-11,8,29,2021-08-04,59.17,4327.1,46.64,20.59,0.306,4302.2,100.0,False
BGW-11,8,30,2021-08-05,57.27,5467.3,43.72,19.48,0.308,4316.4,100.0,False
BGW-11,8,31,2021-08-06,57.11,5656.4,39.34,18.59,0.321,4304.1,95.1,False
BGW-11,8,32,2021-08-07,56.47,6040.1,38.59,16.68,0.302,4311.1,100.0,False
BGW-11,8,33,2021-08-08,55.85,5734.2,39.3,17.61,0.309,4343.0,100.0,False
BGW-11,8,34,2021-08-09,55.57,5727.5,35.32,16.25,0.315,4290.1,100.0,False
BGW-11,8,35,2021-08-10,54.79,5950.9,36.24,17.08,0.32,4325.1,100.0,False
BGW-11,8,36,2021-08-11,53.33,6963.9,33.21,15.43,0.317,4326.5,85.1,False
BGW-11,8,37,2021-08-12,53.85,6652.5,36.14,18.66,0.341,4331.7,83.6,False
BGW-11,8,38,2021-08-13,52.77,7092.0,33.5,15.66,0.319,4276.4,83.0,False
BGW-11,8,39,2021-08-14,52.53,7079.7,36.79,20.25,0.355,4270.1,85.5,False
BGW-11,8,40,2021-08-15,51.67,7703.5,33.81,17.71,0.344,4279.6,68.8,False
BGW-11,8,41,2021-08-16,52.25,6964.6,34.94,17.28,0.331,4218.1,83.2,False
BGW-11,8,42,2021-08-17,51.33,7565.4,33.09,17.89,0.351,4219.4,78.0,False
BGW-11,8,43,2021-08-18,51.22,7390.6,32.29,17.05,0.345,4248.1,74.3,False
BGW-11,8,44,2021-08-19,50.77,7994.4,33.2,17.39,0.344,4267.0,70.3,False
BGW-11,8,45,2021-08-20,50.95,7797.0,29.82,15.64,0.344,4236.7,66.1,False
BGW-11,8,46,2021-08-21,50.5,8118.6,28.55,15.4,0.35,4226.8,70.0,False
BGW-11,8,47,2021-08-22,50.27,9359.3,29.16,14.72,0.335,4210.1,43.6,True
BGW-11,8,48,2021-08-23,49.81,8379.5,29.54,16.06,0.352,4235.2,63.0,True
BGW-11,8,49,2021-08-24,50.11,8862.2,27.56,15.7,0.363,4203.5,53.6,True
BGW-11,8,50,2021-08-25,49.37,8595.3,31.26,18.12,0.367,4190.6,59.0,True
BGW-11,8,51,2021-08-26,49.42,8888.1,30.78,17.03,0.356,4167.5,55.1,True
BGW-11,8,52,2021-08-27,48.95,9179.9,29.8,17.21,0.366,4120.0,54.7,True
BGW-11,8,53,2021-08-28,49.06,8535.5,27.66,16.64,0.376,4069.5,58.3,True
BGW-11,8,54,2021-08-29,48.92,9207.3,27.31,16.43,0.376,4096.4,48.1,True
BGW-11,8,55,2021-08-30,48.05,9736.5,28.21,17.81,0.387,4163.7,42.3,True
BGW-11,8,56,2021-08-31,48.68,8778.2,28.01,17.25,0.381,4166.8,55.0,True
BGW-11,8,57,2021-09-01,48.82,8175.2,27.96,17.43,0.384,4081.5,68.5,False
BGW-11,8,58,2021-09-02,47.34,10194.9,27.04,16.03,0.372,4163.3,33.8,True
BGW-11,8,59,2021-09-03,47.81,9613.4,26.89,16.4,0.379,4059.1,41.4,True
BGW-11,8,60,2021-09-04,47.99,9172.4,26.83,18.07,0.402,4172.2,54.0,True
BGW-11,8,61,2021-09-05,48.01,9335.4,25.72,16.41,0.389,4079.8,48.6,True
BGW-11,8,62,2021-09-06,48.02,9102.7,25.71,17.6,0.406,4029.4,50.5,True
BGW-11,8,63,2021-09-07,47.78,9290.3,27.53,19.51,0.415,4103.5,41.1,True
BGW-11,8,64,2021-09-08,47.83,9012.4,27.29,17.84,0.395,4052.4,55.7,True
BGW-11,8,65,2021-09-09,47.19,10844.0,22.32,15.07,0.403,4050.5,22.4,True
BGW-11,8,66,2021-09-10,47.79,9609.1,26.47,18.99,0.418,4073.1,38.1,True
BGW-11,8,67,2021-09-11,47.59,9469.3,27.93,20.49,0.423,4078.3,48.1,True
BGW-11,8,68,2021-09-12,47.34,10118.7,24.77,17.54,0.414,4042.2,31.7,True
BGW-11,8,69,2021-09-13,47.59,9715.2,24.42,17.93,0.423,4080.3,40.6,True
BGW-11,8,70,2021-09-14,47.45,9608.8,22.49,16.56,0.424,4007.8,41.4,True
BGW-11,8,71,2021-09-15,47.61,9730.8,22.4,17.26,0.435,4039.4,36.5,True
BGW-11,8,72,2021-09-16,47.14,10027.8,23.92,18.09,0.431,4013.5,37.3,True
BGW-11,8,73,2021-09-17,47.81,9664.2,24.48,18.31,0.428,3972.7,43.4,True
BGW-11,8,74,2021-09-18,47.55,9171.8,23.55,17.18,0.422,3983.1,51.1,True
BGW-11,8,75,2021-09-19,47.38,9464.1,24.78,20.02,0.447,3989.2,46.0,True
BGW-11,8,76,2021-09-20,47.18,9608.0,22.61,18.47,0.45,3994.3,42.0,True
BGW-11,8,77,2021-09-21,47.58,9540.3,23.11,18.44,0.444,3991.5,44.3,True
BGW-11,8,78,2021-09-22,47.08,10901.7,22.94,19.37,0.458,3995.8,23.2,True
BGW-11,8,79,2021-09-23,47.0,9825.8,24.38,20.15,0.452,3987.3,40.5,True
BGW-11,8,80,2021-09-24,47.08,9971.3,22.44,19.64,0.467,3948.7,36.6,True
BGW-11,8,81,2021-09-25,47.1,10130.5,23.98,20.29,0.458,3935.2,39.3,True
BGW-11,8,82,2021-09-26,47.11,9940.1,25.38,21.5,0.459,3938.5,37.3,True
BGW-11,8,83,2021-09-27,46.9,10277.5,23.87,20.88,0.467,3920.6,33.5,True
BGW-11,8,84,2021-09-28,46.81,10246.6,22.38,20.64,0.48,3963.5,30.5,True
BGW-11,8,85,2021-09-29,46.9,10208.3,21.14,19.26,0.477,3923.5,31.1,True
BGW-11,8,86,2021-09-30,47.01,9945.3,20.23,19.88,0.496,3912.9,34.8,True
BGW-11,8,87,2021-10-01,46.7,10721.7,21.26,18.82,0.47,3858.9,27.9,True
BGW-11,8,88,2021-10-02,46.78,10514.2,23.44,20.82,0.47,3900.1,27.4,True
BGW-11,8,89,2021-10-03,46.29,11141.9,20.11,18.47,0.479,3883.4,20.5,True
BGW-11,9,0,2021-10-29,144.77,89.1,318.12,80.76,0.202,4551.5,93.7,False
BGW-11,9,1,2021-10-30,140.3,100.1,292.65,86.74,0.229,4537.7,99.6,False
BGW-11,9,2,2021-10-31,136.27,117.0,284.68,86.75,0.234,4544.0,99.1,False
BGW-11,9,3,2021-11-01,131.92,124.9,258.87,74.22,0.223,4511.2,100.0,False
BGW-11,9,4,2021-11-02,127.89,157.3,226.33,64.37,0.221,4465.0,100.0,False
BGW-11,9,5,2021-11-03,124.19,200.1,199.84,63.57,0.241,4569.6,100.0,False
BGW-11,9,6,2021-11-04,120.22,243.3,172.03,53.13,0.236,4496.9,94.8,False
BGW-11,9,7,2021-11-05,117.07,259.7,186.38,59.57,0.242,4489.2,100.0,False
BGW-11,9,8,2021-11-06,112.82,300.1,143.18,45.03,0.239,4478.7,100.0,False
BGW-11,9,9,2021-11-07,109.79,358.4,156.73,47.1,0.231,4512.2,97.6,False
BGW-11,9,10,2021-11-08,106.96,420.7,147.32,54.55,0.27,4529.4,99.1,False
BGW-11,9,11,2021-11-09,103.6,511.6,128.25,43.78,0.254,4433.8,100.0,False
BGW-11,9,12,2021-11-10,100.79,532.2,123.39,46.31,0.273,4513.0,97.2,False
BGW-11,9,13,2021-11-11,98.41,586.3,113.8,38.34,0.252,4447.4,100.0,False
BGW-11,9,14,2021-11-12,95.56,672.1,109.35,35.3,0.244,4487.1,100.0,False
BGW-11,9,15,2021-11-13,94.05,741.0,92.46,33.77,0.268,4423.2,100.0,False
BGW-11,9,16,2021-11-14,91.32,852.0,103.06,36.49,0.262,4445.9,100.0,False
BGW-11,9,17,2021-11-15,89.24,977.0,84.34,31.09,0.269,4383.6,100.0,False
BGW-11,9,18,2021-11-16,87.5,1045.0,84.51,30.85,0.267,4442.5,100.0,False
BGW-11,9,19,2021-11-17,85.2,1106.5,79.24,29.75,0.273,4423.7,97.2,False
BGW-11,9,20,2021-11-18,83.08,1219.2,90.52,37.96,0.295,4431.6,100.0,False
BGW-11,9,21,2021-11-19,81.86,1345.5,74.25,28.37,0.276,4436.6,100.0,False
BGW-11,9,22,2021-11-20,80.34,1476.8,77.59,30.37,0.281,4377.0,100.0,False
BGW-11,9,23,2021-11-21,77.88,1804.6,65.59,26.82,0.29,4357.9,98.9,False
BGW-11,9,24,2021-11-22,76.52,1799.3,62.29,22.88,0.269,4363.1,100.0,False
BGW-11,9,25,2021-11-23,75.67,1821.3,62.19,26.75,0.301,4360.0,100.0,False
BGW-11,9,26,2021-11-24,74.07,2098.9,57.21,22.57,0.283,4349.1,98.1,False
BGW-11,9,27,2021-11-25,72.61,2357.8,56.91,23.12,0.289,4350.5,100.0,False
BGW-11,9,28,2021-11-26,71.55,2258.3,53.5,24.08,0.31,4346.9,97.4,False
BGW-11,9,29,2021-11-27,70.3,2412.1,48.23,21.89,0.312,4351.5,100.0,False
BGW-11,9,30,2021-11-28,69.22,2575.9,54.68,23.69,0.302,4348.3,100.0,False
BGW-11,9,31,2021-11-29,68.14,2904.0,49.29,22.34,0.312,4300.7,100.0,False
BGW-11,9,32,2021-11-30,66.85,3234.3,45.83,20.47,0.309,4340.0,100.0,False
BGW-11,9,33,2021-12-01,65.56,3380.3,44.5,21.15,0.322,4321.2,100.0,False
BGW-11,9,34,2021-12-02,64.47,3371.6,45.46,23.87,0.344,4278.9,100.0,False
BGW-11,9,35,2021-12-03,64.17,3429.4,45.87,21.74,0.322,4287.5,100.0,False
BGW-11,9,36,2021-12-04,63.64,3436.0,42.7,20.98,0.329,4295.3,99.2,False
BGW-11,9,37,2021-12-05,62.59,4061.4,40.77,20.17,0.331,4236.3,100.0,False
BGW-11,9,38,2021-12-06,61.5,3926.7,40.8,20.48,0.334,4279.9,100.0,False
BGW-11,9,39,2021-12-07,60.82,4344.9,34.4,16.86,0.329,4271.6,93.0,False
BGW-11,9,40,2021-12-08,60.23,4449.4,35.41,17.39,0.329,4211.1,100.0,False
BGW-11,9,41,2021-12-09,59.81,4439.3,33.84,18.33,0.351,4230.4,100.0,False
BGW-11,9,42,2021-12-10,58.87,4800.7,33.97,17.17,0.336,4301.2,100.0,False
BGW-11,9,43,2021-12-11,58.33,5215.7,34.54,16.88,0.328,4226.8,99.9,False
BGW-11,9,44,2021-12-12,58.31,5323.7,34.02,19.15,0.36,4257.3,99.6,False
BGW-11,9,45,2021-12-13,57.36,5543.5,34.59,19.31,0.358,4203.5,97.8,False
BGW-11,9,46,2021-12-14,57.05,5604.2,32.44,17.54,0.351,4200.2,100.0,False
BGW-11,9,47,2021-12-15,56.25,6135.7,30.07,17.07,0.362,4164.2,96.7,False
BGW-11,9,48,2021-12-16,55.49,5921.4,28.11,17.11,0.378,4180.1,98.4,False
BGW-11,9,49,2021-12-17,55.79,5799.6,32.04,17.82,0.357,4214.8,100.0,False
BGW-11,9,50,2021-12-18,54.75,6347.9,26.31,16.04,0.379,4175.6,91.3,False
BGW-11,9,51,2021-12-19,54.58,6040.3,28.53,17.06,0.374,4144.0,99.4,False
BGW-11,9,52,2021-12-20,54.39,6496.9,28.45,15.94,0.359,4173.9,90.6,False
BGW-11,9,53,2021-12-21,53.84,6414.3,29.62,18.75,0.388,4146.4,89.6,False
BGW-11,9,54,2021-12-22,54.34,6446.4,26.91,16.03,0.373,4159.2,89.2,False
BGW-11,9,55,2021-12-23,53.28,6628.5,30.9,19.09,0.382,4103.5,87.3,False
BGW-11,9,56,2021-12-24,52.61,6743.0,27.51,16.52,0.375,4115.1,89.3,False
BGW-11,9,57,2021-12-25,52.83,7129.4,27.86,18.27,0.396,4099.5,87.0,False
BGW-11,9,58,2021-12-26,52.55,7227.3,28.11,18.06,0.391,4078.6,83.1,False
BGW-11,9,59,2021-12-27,51.72,7317.4,26.25,17.03,0.394,4080.1,75.9,False
BGW-11,9,60,2021-12-28,51.57,7057.4,26.18,17.13,0.395,4107.2,83.4,False
BGW-11,9,61,2021-12-29,52.06,7572.2,26.62,17.95,0.403,4088.0,75.9,False
BGW-11,9,62,2021-12-30,51.32,8288.3,24.5,15.58,0.389,4113.3,65.4,False
BGW-11,9,63,2021-12-31,51.12,7210.9,27.55,18.94,0.407,4115.1,78.8,False
BGW-11,9,64,2022-01-01,50.25,8241.9,23.69,17.36,0.423,4045.9,64.7,True
BGW-11,9,65,2022-01-02,51.0,7096.2,26.34,17.45,0.398,4057.0,80.1,False
BGW-11,9,66,2022-01-03,50.74,8690.5,21.54,15.5,0.419,4039.4,63.8,True
BGW-11,9,67,2022-01-04,50.1,8363.7,24.77,18.2,0.424,4024.9,61.1,True
BGW-11,9,68,2022-01-05,50.51,7827.3,22.04,15.03,0.406,4086.2,68.6,False
BGW-11,9,69,2022-01-06,49.6,9087.8,24.25,17.95,0.425,3998.3,43.4,True
BGW-11,9,70,2022-01-07,49.61,9158.1,21.88,15.74,0.418,3983.9,50.6,True
BGW-11,9,71,2022-01-08,49.64,8259.2,26.69,19.32,0.42,3984.4,69.5,False
BGW-11,9,72,2022-01-09,49.59,8730.0,22.85,17.44,0.433,4023.6,59.1,True
BGW-11,9,73,2022-01-10,49.32,8469.7,22.65,17.32,0.433,4005.7,59.9,True
BGW-11,9,74,2022-01-11,48.82,8618.3,23.52,16.72,0.416,3979.1,61.9,True
BGW-11,9,75,2022-01-12,49.62,8966.2,21.73,16.99,0.439,4026.4,57.7,True
BGW-11,9,76,2022-01-13,49.3,9121.7,20.66,16.64,0.446,3947.3,48.3,True
BGW-11,9,77,2022-01-14,48.94,8763.8,21.87,17.33,0.442,4024.0,52.3,True
BGW-11,9,78,2022-01-15,48.84,8468.0,22.44,19.53,0.465,3949.9,63.4,True
BGW-11,9,79,2022-01-16,48.54,8796.8,20.99,16.93,0.446,3944.5,51.1,True
BGW-11,9,80,2022-01-17,48.7,8901.4,21.81,19.52,0.472,3948.2,59.4,True
BGW-11,9,81,2022-01-18,48.77,8950.0,20.9,16.95,0.448,3975.2,53.5,True
BGW-11,9,82,2022-01-19,48.04,9330.5,20.61,17.88,0.465,3951.2,48.2,True
BGW-11,9,83,2022-01-20,48.91,8626.6,20.54,18.04,0.468,3883.6,62.5,True
BGW-11,9,84,2022-01-21,48.36,9173.4,21.8,19.67,0.474,3934.5,49.9,True
BGW-11,9,85,2022-01-22,47.99,9776.1,21.72,19.42,0.472,3907.9,39.3,True
BGW-11,9,86,2022-01-23,48.35,9236.5,19.43,18.19,0.484,3917.4,45.9,True
BGW-11,9,87,2022-01-24,47.49,9817.1,19.97,16.83,0.457,3864.0,40.9,True
BGW-11,9,88,2022-01-25,48.01,9301.2,18.92,16.75,0.47,3919.0,44.9,True
BGW-11,9,89,2022-01-26,48.17,10215.9,19.04,17.41,0.478,3871.2,34.2,True
BGW-12,1,0,2019-05-11,141.68,86.8,316.77,121.95,0.278,4195.1,95.9,False
BGW-12,1,1,2019-05-12,137.13,107.0,278.15,103.77,0.272,4114.6,97.3,False
BGW-12,1,2,2019-05-13,132.11,134.4,279.44,105.88,0.275,4134.3,100.0,False
BGW-12,1,3,2019-05-14,128.49,152.5,256.08,102.63,0.286,4154.0,100.0,False
BGW-12,1,4,2019-05-15,124.37,176.2,228.91,88.97,0.28,4130.7,97.5,False
BGW-12,1,5,2019-05-16,120.55,222.4,224.97,94.47,0.296,4129.4,96.3,False
BGW-12,1,6,2019-05-17,117.02,269.5,191.53,79.17,0.292,4121.8,100.0,False
BGW-12,1,7,2019-05-18,112.92,285.8,204.07,79.27,0.28,4136.0,99.5,False
BGW-12,1,8,2019-05-19,109.59,342.0,160.73,74.92,0.318,4080.5,100.0,False
BGW-12,1,9,2019-05-20,107.17,403.8,155.92,62.65,0.287,4041.1,100.0,False
BGW-12,1,10,2019-05-21,104.1,448.3,157.59,72.25,0.314,4065.0,97.1,False
BGW-12,1,11,2019-05-22,100.75,543.1,142.12,62.22,0.304,4139.0,99.3,False
BGW-12,1,12,2019-05-23,98.82,623.9,114.68,53.32,0.317,4037.3,100.0,False
BGW-12,1,13,2019-05-24,95.68,682.6,114.43,50.67,0.307,4085.1,98.6,False
BGW-12,1,14,2019-05-25,93.36,758.4,122.16,52.42,0.3,4072.7,100.0,False
BGW-12,1,15,2019-05-26,91.39,834.7,104.78,53.04,0.336,4020.5,97.4,False
BGW-12,1,16,2019-05-27,89.08,928.9,110.43,52.26,0.321,4060.6,100.0,False
BGW-12,1,17,2019-05-28,86.88,1119.6,93.16,44.59,0.324,4047.0,100.0,False
BGW-12,1,18,2019-05-29,84.82,1120.4,95.17,45.33,0.323,4020.6,100.0,False
BGW-12,1,19,2019-05-30,82.92,1301.3,88.52,45.57,0.34,4089.2,100.0,False
BGW-12,1,20,2019-05-31,81.4,1388.1,85.03,44.11,0.342,4059.6,100.0,False
BGW-12,1,21,2019-06-01,79.35,1674.1,78.62,38.66,0.33,4048.8,99.4,False
BGW-12,1,22,2019-06-02,78.18,1614.0,74.6,36.67,0.33,4007.9,97.8,False
BGW-12,1,23,2019-06-03,76.16,1857.5,79.6,44.99,0.361,3944.8,100.0,False
BGW-12,1,24,2019-06-04,75.54,1962.0,72.24,40.32,0.358,3935.6,100.0,False
BGW-12,1,25,2019-06-05,73.47,2159.8,64.22,36.26,0.361,3984.4,100.0,False
BGW-12,1,26,2019-06-06,72.42,2322.0,66.43,38.2,0.365,3992.4,94.7,False
BGW-12,1,27,2019-06-07,71.08,2433.8,62.73,37.67,0.375,3965.8,96.0,False
BGW-12,1,28,2019-06-08,70.38,2477.0,61.91,34.88,0.36,3961.6,100.0,False
BGW-12,1,29,2019-06-09,68.48,2954.0,58.26,34.09,0.369,3912.4,100.0,False
BGW-12,1,30,2019-06-10,67.99,2955.4,60.51,35.67,0.371,3950.3,100.0,False
BGW-12,1,31,2019-06-11,66.53,3180.5,53.11,32.14,0.377,3967.1,96.7,False
BGW-12,1,32,2019-06-12,65.61,3191.0,59.71,30.51,0.338,3943.3,99.8,False
BGW-12,1,33,2019-06-13,64.06,3815.2,49.52,29.39,0.372,3933.6,100.0,False
BGW-12,1,34,2019-06-14,63.76,3787.7,55.7,34.42,0.382,3907.7,97.3,False
BGW-12,1,35,2019-06-15,62.68,3993.4,53.68,32.79,0.379,3928.4,96.0,False
BGW-12,1,36,2019-06-16,62.12,4297.8,47.17,31.23,0.398,3873.6,97.3,False
BGW-12,1,37,2019-06-17,61.76,3961.9,48.55,31.68,0.395,3903.5,93.4,False
BGW-12,1,38,2019-06-18,60.31,4347.4,44.41,28.16,0.388,3927.9,97.9,False
BGW-12,1,39,2019-06-19,60.1,4647.9,42.42,27.71,0.395,3866.6,100.0,False
BGW-12,1,40,2019-06-20,59.25,4781.3,47.18,32.14,0.405,3862.8,98.7,False
BGW-12,1,41,2019-06-21,58.53,5152.2,45.1,29.98,0.399,3852.3,100.0,False
BGW-12,1,42,2019-06-22,57.53,6146.3,40.1,27.83,0.41,3826.1,97.6,False
BGW-12,1,43,2019-06-23,57.71,5057.6,42.04,29.84,0.415,3867.7,100.0,False
BGW-12,1,44,2019-06-24,57.66,5578.3,37.0,25.33,0.406,3843.8,100.0,False
BGW-12,1,45,2019-06-25,57.19,5890.8,38.76,25.85,0.4,3884.3,100.0,False
BGW-12,1,46,2019-06-26,55.68,6234.4,34.7,24.16,0.411,3856.1,95.0,False
BGW-12,1,47,2019-06-27,55.49,6574.9,36.38,25.34,0.411,3844.0,95.2,False
BGW-12,1,48,2019-06-28,55.41,6549.8,38.44,28.29,0.424,3846.3,100.0,False
BGW-12,1,49,2019-06-29,55.12,6040.6,37.32,25.58,0.407,3867.3,100.0,False
BGW-12,1,50,2019-06-30,54.72,6422.5,37.99,28.58,0.429,3772.4,100.0,False
BGW-12,1,51,2019-07-01,54.48,6374.4,36.25,28.31,0.438,3806.9,98.9,False
BGW-12,1,52,2019-07-02,53.76,7003.6,35.55,27.27,0.434,3770.8,100.0,False
BGW-12,1,53,2019-07-03,52.93,7660.5,35.72,27.87,0.438,3763.3,93.9,False
BGW-12,1,54,2019-07-04,52.34,7561.4,30.82,24.19,0.44,3765.3,98.1,False
BGW-12,1,55,2019-07-05,52.6,7217.1,34.4,27.09,0.441,3804.2,95.5,False
BGW-12,1,56,2019-07-06,53.29,7546.6,33.34,26.48,0.443,3753.9,92.8,False
BGW-12,1,57,2019-07-07,52.49,7874.4,30.91,25.35,0.451,3752.5,93.5,False
BGW-12,1,58,2019-07-08,51.88,8084.6,33.44,27.83,0.454,3767.7,88.3,False
BGW-12,1,59,2019-07-09,51.61,7647.4,30.34,25.72,0.459,3762.8,93.4,False
BGW-12,1,60,2019-07-10,51.21,8236.6,31.79,28.04,0.469,3720.0,88.2,False
BGW-12,1,61,2019-07-11,51.38,7873.6,28.14,25.58,0.476,3766.5,89.1,False
BGW-12,1,62,2019-07-12,50.82,8140.1,30.62,26.55,0.464,3743.3,87.4,False
BGW-12,1,63,2019-07-13,50.67,8503.5,29.49,27.18,0.48,3696.8,78.3,False
BGW-12,1,64,2019-07-14,50.49,9443.3,30.49,25.91,0.459,3730.0,72.8,False
BGW-12,1,65,2019-07-15,50.52,8810.5,30.1,26.98,0.473,3750.8,73.7,False
BGW-12,1,66,2019-07-16,50.13,8360.5,29.74,26.29,0.469,3723.9,81.6,False
BGW-12,1,67,2019-07-17,50.39,7988.8,30.11,26.97,0.472,3744.9,88.2,False
BGW-12,1,68,2019-07-18,49.7,9613.7,28.34,27.85,0.496,3673.9,67.2,False
BGW-12,1,69,2019-07-19,49.78,9457.4,28.82,27.14,0.485,3653.4,72.1,False
BGW-12,1,70,2019-07-20,49.75,8777.6,31.56,30.33,0.49,3611.7,80.8,False
BGW-12,1,71,2019-07-21,49.72,8951.2,26.94,25.87,0.49,3684.3,72.0,False
BGW-12,1,72,2019-07-22,49.81,8344.1,29.59,28.45,0.49,3686.5,78.3,False
BGW-12,1,73,2019-07-23,49.45,9949.9,28.17,26.65,0.486,3690.7,65.5,False
BGW-12,1,74,2019-07-24,49.0,9767.6,24.5,25.77,0.513,3568.8,68.6,False
BGW-12,1,75,2019-07-25,49.15,8639.1,27.94,28.82,0.508,3675.9,80.1,False
BGW-12,1,76,2019-07-26,48.95,9460.8,29.21,29.28,0.501,3634.5,70.0,False
BGW-12,1,77,2019-07-27,48.81,10014.4,26.02,25.88,0.499,3560.1,59.9,True
BGW-12,1,78,2019-07-28,49.18,9005.2,27.62,30.58,0.525,3632.9,75.5,False
BGW-12,1,79,2019-07-29,48.22,10502.8,26.0,26.29,0.503,3661.2,53.8,True
BGW-12,1,80,2019-07-30,48.38,9442.7,26.59,28.39,0.516,3616.9,70.8,False
BGW-12,1,81,2019-07-31,48.55,9978.1,26.11,30.6,0.54,3637.2,62.1,True
BGW-12,1,82,2019-08-01,48.22,9379.5,24.85,27.46,0.525,3555.2,74.6,False
BGW-12,1,83,2019-08-02,48.06,10188.3,26.01,28.07,0.519,3592.1,57.1,True
BGW-12,1,84,2019-08-03,48.45,9977.9,26.16,28.04,0.517,3583.1,64.5,True
BGW-12,1,85,2019-08-04,47.79,10084.6,26.38,29.76,0.53,3549.7,56.3,True
BGW-12,1,86,2019-08-05,47.91,10358.6,29.06,33.46,0.535,3557.2,55.1,True
BGW-12,1,87,2019-08-06,48.07,10336.6,27.06,33.18,0.551,3555.1,60.6,True
BGW-12,1,88,2019-08-07,48.45,9647.7,26.1,30.33,0.537,3586.3,61.3,True
BGW-12,1,89,2019-08-08,48.15,9070.0,27.94,32.78,0.54,3543.5,78.0,False
BGW-12,2,0,2019-08-30,139.89,95.8,328.25,119.91,0.268,4173.8,99.1,False
BGW-12,2,1,2019-08-31,135.07,118.1,267.36,108.29,0.288,4169.6,98.9,False
BGW-12,2,2,2019-09-01,130.61,150.7,252.4,97.39,0.278,4127.9,96.7,False
BGW-12,2,3,2019-09-02,126.16,167.7,244.14,104.42,0.3,4097.8,98.7,False
BGW-12,2,4,2019-09-03,121.77,197.1,236.71,96.1,0.289,4113.5,97.8,False
BGW-12,2,5,2019-09-04,117.59,260.2,213.61,81.41,0.276,4116.0,100.0,False
BGW-12,2,6,2019-09-05,114.59,265.1,192.49,78.55,0.29,4118.3,100.0,False
BGW-12,2,7,2019-09-06,110.67,338.5,183.72,76.93,0.295,4128.3,100.0,False
BGW-12,2,8,2019-09-07,107.57,375.9,166.26,72.37,0.303,4096.2,96.4,False
BGW-12,2,9,2019-09-08,104.81,438.0,146.06,64.83,0.307,4099.8,98.4,False
BGW-12,2,10,2019-09-09,100.98,541.7,134.28,64.78,0.325,4082.0,100.0,False
BGW-12,2,11,2019-09-10,98.57,565.9,142.06,60.6,0.299,4125.5,100.0,False
BGW-12,2,12,2019-09-11,95.4,686.2,118.58,55.32,0.318,4071.6,97.0,False
BGW-12,2,13,2019-09-12,92.9,754.2,107.53,49.72,0.316,4045.0,100.0,False
BGW-12,2,14,2019-09-13,90.59,863.9,113.1,52.46,0.317,4010.2,100.0,False
BGW-12,2,15,2019-09-14,88.37,1016.3,97.37,44.88,0.316,4076.3,99.5,False
BGW-12,2,16,2019-09-15,85.73,1168.7,93.06,44.05,0.321,4049.0,99.3,False
BGW-12,2,17,2019-09-16,84.53,1226.6,84.68,40.32,0.323,3983.5,96.6,False
BGW-12,2,18,2019-09-17,81.73,1408.0,88.49,45.56,0.34,4009.3,96.5,False
BGW-12,2,19,2019-09-18,79.94,1389.6,81.84,42.33,0.341,3988.3,99.2,False
BGW-12,2,20,2019-09-19,78.21,1668.4,78.83,39.55,0.334,4017.0,100.0,False
BGW-12,2,21,2019-09-20,76.88,1750.5,71.13,34.46,0.326,4003.7,100.0,False
BGW-12,2,22,2019-09-21,74.15,2151.4,70.41,35.28,0.334,3999.2,100.0,False
BGW-12,2,23,2019-09-22,73.11,2418.2,62.69,33.3,0.347,3989.7,98.1,False
BGW-12,2,24,2019-09-23,72.38,2234.1,70.43,38.98,0.356,3987.4,100.0,False
BGW-12,2,25,2019-09-24,70.76,2657.4,61.62,32.73,0.347,3937.5,96.7,False
BGW-12,2,26,2019-09-25,69.73,2676.4,62.62,35.81,0.364,3975.4,100.0,False
BGW-12,2,27,2019-09-26,68.17,3081.6,55.09,31.39,0.363,3953.9,100.0,False
BGW-12,2,28,2019-09-27,67.13,3460.8,53.82,29.9,0.357,3954.7,100.0,False
BGW-12,2,29,2019-09-28,66.4,3197.1,53.38,30.05,0.36,3964.3,97.7,False
BGW-12,2,30,2019-09-29,65.09,3611.4,49.67,26.59,0.349,3969.2,100.0,False
BGW-12,2,31,2019-09-30,64.99,3552.3,50.77,30.29,0.374,3971.9,100.0,False
BGW-12,2,32,2019-10-01,63.49,3869.9,50.26,29.67,0.371,3891.2,96.1,False
BGW-12,2,33,2019-10-02,62.44,4142.9,52.61,31.39,0.374,3917.2,100.0,False
BGW-12,2,34,2019-10-03,61.89,4307.6,43.96,25.57,0.368,3897.1,98.8,False
BGW-12,2,35,2019-10-04,60.86,4555.9,42.92,28.08,0.395,3908.6,100.0,False
BGW-12,2,36,2019-10-05,59.9,4792.2,42.49,26.41,0.383,3877.0,98.8,False
BGW-12,2,37,2019-10-06,59.5,4846.2,41.69,26.42,0.388,3903.8,99.8,False
BGW-12,2,38,2019-10-07,58.71,5230.4,39.22,23.94,0.379,3874.4,97.3,False
BGW-12,2,39,2019-10-08,57.81,5087.0,41.82,28.54,0.406,3873.2,100.0,False
BGW-12,2,40,2019-10-09,57.09,5732.6,35.6,23.25,0.395,3812.4,97.6,False
BGW-12,2,41,2019-10-10,57.48,5281.0,38.87,25.66,0.398,3887.8,98.6,False
BGW-12,2,42,2019-10-11,56.28,6068.2,37.75,23.94,0.388,3835.3,100.0,False
BGW-12,2,43,2019-10-12,55.65,6286.3,35.63,24.62,0.409,3817.2,100.0,False
BGW-12,2,44,2019-10-13,55.74,6249.1,35.14,24.07,0.407,3843.5,100.0,False
BGW-12,2,45,2019-10-14,55.7,6574.6,35.41,24.47,0.409,3828.1,99.4,False
BGW-12,2,46,2019-10-15,54.68,6784.1,32.27,23.4,0.42,3856.4,100.0,False
BGW-12,2,47,2019-10-16,54.19,6947.3,36.24,25.85,0.416,3896.3,100.0,False
BGW-12,2,48,2019-10-17,53.94,6637.3,35.88,26.4,0.424,3792.2,98.0,False
BGW-12,2,49,2019-10-18,53.55,7061.6,31.27,22.83,0.422,3816.6,99.5,False
BGW-12,2,50,2019-10-19,53.28,6709.3,31.92,23.21,0.421,3882.5,100.0,False
BGW-12,2,51,2019-10-20,52.81,7429.8,28.48,22.19,0.438,3813.1,97.2,False
BGW-12,2,52,2019-10-21,52.12,8381.3,32.88,25.29,0.435,3799.2,86.8,False
BGW-12,2,53,2019-10-22,52.45,7199.6,28.71,20.98,0.422,3771.4,96.3,False
BGW-12,2,54,2019-10-23,52.05,7695.4,31.08,23.07,0.426,3785.0,88.7,False
BGW-12,2,55,2019-10-24,51.49,8057.0,31.21,26.3,0.457,3831.3,87.8,False
BGW-12,2,56,2019-10-25,51.53,8262.9,31.5,25.88,0.451,3802.4,82.9,False
BGW-12,2,57,2019-10-26,51.06,8382.1,29.73,25.15,0.458,3721.4,85.0,False
BGW-12,2,58,2019-10-27,51.57,8288.2,28.68,22.4,0.439,3725.5,87.8,False
BGW-12,2,59,2019-10-28,50.97,8690.2,27.84,22.37,0.446,3719.5,78.5,False
BGW-12,2,60,2019-10-29,50.6,8654.0,29.7,24.06,0.448,3712.6,82.9,False
BGW-12,2,61,2019-10-30,50.59,8038.0,31.72,26.34,0.454,3755.6,89.9,False
BGW-12,2,62,2019-10-31,49.78,9289.9,26.77,22.7,0.459,3776.8,70.3,False
BGW-12,2,63,2019-11-01,49.63,9223.8,26.6,24.14,0.476,3702.5,80.1,False
BGW-12,2,64,2019-11-02,49.87,8797.1,29.29,25.5,0.465,3702.5,81.2,False
BGW-12,2,65,2019-11-03,50.34,7938.6,29.36,26.12,0.471,3716.1,89.3,False
BGW-12,2,66,2019-11-04,49.54,9201.1,27.57,26.64,0.491,3756.0,65.1,False
BGW-12,2,67,2019-11-05,50.15,8177.6,28.23,27.19,0.491,3744.0,89.1,False
BGW-12,2,68,2019-11-06,49.37,8503.3,29.44,27.86,0.486,3640.7,86.6,False
BGW-12,2,69,2019-11-07,48.77,9592.3,27.94,27.83,0.499,3667.6,66.3,False
BGW-12,2,70,2019-11-08,49.87,8733.0,27.93,25.92,0.481,3646.9,80.8,False
BGW-12,2,71,2019-11-09,48.65,9515.1,25.25,23.86,0.486,3722.7,71.0,False
BGW-12,2,72,2019-11-10,48.62,9301.6,26.07,24.39,0.483,3691.0,67.2,False
BGW-12,2,73,2019-11-11,48.72,9682.6,23.17,22.17,0.489,3651.5,63.0,True
BGW-12,2,74,2019-11-12,48.64,9714.2,24.52,23.49,0.489,3655.9,66.3,False
BGW-12,2,75,2019-11-13,48.34,9490.7,24.34,23.8,0.494,3605.3,68.4,False
BGW-12,2,76,2019-11-14,48.29,10382.7,24.08,23.28,0.492,3686.4,51.7,True
BGW-12,2,77,2019-11-15,48.69,9743.8,26.44,27.76,0.512,3587.2,66.3,False
BGW-12,2,78,2019-11-16,48.84,9372.9,24.73,25.77,0.51,3634.7,71.4,False
BGW-12,2,79,2019-11-17,48.34,9629.8,24.85,26.74,0.518,3653.9,66.0,False
BGW-12,2,80,2019-11-18,48.12,10650.2,22.13,24.21,0.522,3584.6,52.4,True
BGW-12,2,81,2019-11-19,48.34,9764.7,27.84,30.66,0.524,3612.3,64.2,True
BGW-12,2,82,2019-11-20,47.93,10457.1,23.33,25.88,0.526,3592.1,58.1,True
BGW-12,2,83,2019-11-21,48.26,9215.1,24.91,26.76,0.518,3557.7,69.2,False
BGW-12,2,84,2019-11-22,47.71,10168.9,24.13,27.57,0.533,3623.4,59.9,True
BGW-12,2,85,2019-11-23,47.73,9482.4,23.87,27.07,0.531,3605.2,60.0,True
BGW-12,2,86,2019-11-24,47.76,9768.0,22.77,26.89,0.542,3542.6,68.9,False
BGW-12,2,87,2019-11-25,47.34,10568.8,23.41,27.77,0.543,3551.4,54.4,True
BGW-12,2,88,2019-11-26,47.7,10670.4,24.43,30.58,0.556,3602.6,58.7,True
BGW-12,2,89,2019-11-27,47.96,9861.8,25.36,28.49,0.529,3512.0,72.1,False
BGW-12,3,0,2019-12-21,143.45,86.1,333.02,117.75,0.261,4146.7,100.0,False
BGW-12,3,1,2019-12-22,135.73,124.1,263.73,102.65,0.28,4143.3,100.0,False
BGW-12,3,2,2019-12-23,128.62,152.3,251.88,97.07,0.278,4124.3,100.0,False
BGW-12,3,3,2019-12-24,122.0,222.0,201.63,80.7,0.286,4076.8,97.0,False
BGW-12,3,4,2019-12-25,115.5,267.7,186.73,74.4,0.285,4094.4,100.0,False
BGW-12,3,5,2019-12-26,110.29,363.0,177.46,71.89,0.288,4102.9,100.0,False
BGW-12,3,6,2019-12-27,104.98,448.5,147.01,57.53,0.281,4091.6,100.0,False
BGW-12,3,7,2019-12-28,100.24,576.1,136.23,58.01,0.299,4074.6,95.6,False
BGW-12,3,8,2019-12-29,96.2,688.4,122.74,51.4,0.295,4109.0,98.5,False
BGW-12,3,9,2019-12-30,91.74,840.0,102.53,42.36,0.292,4113.1,100.0,False
BGW-12,3,10,2019-12-31,88.57,939.3,94.05,41.43,0.306,4117.0,94.3,False
BGW-12,3,11,2020-01-01,84.79,1304.6,84.86,38.76,0.314,4076.7,97.8,False
BGW-12,3,12,2020-01-02,82.09,1422.7,89.03,41.74,0.319,4056.4,100.0,False
BGW-12,3,13,2020-01-03,79.4,1565.0,84.21,38.92,0.316,4076.7,100.0,False
BGW-12,3,14,2020-01-04,76.82,1764.9,69.55,33.91,0.328,4057.5,100.0,False
BGW-12,3,15,2020-01-05,74.44,1945.6,69.1,32.78,0.322,4008.2,94.8,False
BGW-12,3,16,2020-01-06,72.05,2315.7,64.41,30.29,0.32,4040.6,96.1,False
BGW-12,3,17,2020-01-07,69.97,2605.0,60.12,28.93,0.325,4037.4,100.0,False
BGW-12,3,18,2020-01-08,67.54,2920.6,60.86,29.04,0.323,4091.0,99.7,False
BGW-12,3,19,2020-01-09,66.59,2968.1,61.22,30.75,0.334,4035.5,100.0,False
BGW-12,3,20,2020-01-10,65.11,3514.8,48.79,25.04,0.339,4073.9,95.9,False
BGW-12,3,21,2020-01-11,63.28,3916.6,48.03,25.0,0.342,3992.1,100.0,False
BGW-12,3,22,2020-01-12,62.19,4195.8,47.51,23.87,0.334,4041.0,100.0,False
BGW-12,3,23,2020-01-13,61.05,4684.2,45.82,23.75,0.341,3962.0,92.1,False
BGW-12,3,24,2020-01-14,60.36,4888.9,44.3,22.03,0.332,3983.3,100.0,False
BGW-12,3,25,2020-01-15,58.89,4878.1,42.34,23.79,0.36,3965.0,100.0,False
BGW-12,3,26,2020-01-16,57.43,5805.1,37.58,19.53,0.342,4040.4,100.0,False
BGW-12,3,27,2020-01-17,56.6,5775.6,39.88,21.68,0.352,3994.9,94.7,False
BGW-12,3,28,2020-01-18,56.11,6130.8,38.04,22.83,0.375,3931.6,98.5,False
BGW-12,3,29,2020-01-19,55.81,5634.1,38.92,22.09,0.362,3910.5,99.7,False
BGW-12,3,30,2020-01-20,54.28,7028.5,38.08,21.58,0.362,3896.6,97.2,False
BGW-12,3,31,2020-01-21,54.29,7034.1,30.55,16.07,0.345,3951.2,100.0,False
BGW-12,3,32,2020-01-22,53.29,7183.2,34.1,20.21,0.372,3935.9,96.3,False
BGW-12,3,33,2020-01-23,52.71,7239.1,31.05,18.48,0.373,3919.5,100.0,False
BGW-12,3,34,2020-01-24,52.32,8040.1,34.08,22.27,0.395,3924.2,94.9,False
BGW-12,3,35,2020-01-25,51.63,7819.9,33.37,21.82,0.395,3923.1,87.8,False
BGW-12,3,36,2020-01-26,51.33,8090.1,31.45,19.91,0.388,3922.8,93.6,False
BGW-12,3,37,2020-01-27,51.07,8082.3,31.13,18.93,0.378,3829.3,88.0,False
BGW-12,3,38,2020-01-28,50.78,8381.3,28.97,18.22,0.386,3930.4,87.1,False
BGW-12,3,39,2020-01-29,50.37,8834.1,27.65,17.67,0.39,3933.5,78.7,False
BGW-12,3,40,2020-01-30,50.59,8599.5,28.54,19.79,0.409,3894.3,80.0,False
BGW-12,3,41,2020-01-31,49.93,9634.3,27.45,18.93,0.408,3890.9,67.7,False
BGW-12,3,42,2020-02-01,50.21,8067.9,30.04,19.44,0.393,3887.7,89.1,False
BGW-12,3,43,2020-02-02,49.35,9041.4,28.85,18.62,0.392,3835.5,76.4,False
BGW-12,3,44,2020-02-03,49.5,8673.1,28.0,18.7,0.4,3894.4,79.2,False
BGW-12,3,45,2020-02-04,49.35,9060.4,27.42,19.84,0.42,3846.8,71.7,False
BGW-12,3,46,2020-02-05,48.73,9540.5,28.43,19.53,0.407,3905.2,72.0,False
BGW-12,3,47,2020-02-06,48.93,9451.4,28.81,19.68,0.406,3809.7,74.8,False
BGW-12,3,48,2020-02-07,49.25,9027.8,28.42,19.29,0.404,3793.0,75.0,False
BGW-12,3,49,2020-02-08,48.03,10546.1,24.12,17.15,0.416,3852.6,53.8,True
BGW-12,3,50,2020-02-09,48.64,10164.6,24.84,19.47,0.439,3788.9,58.8,True
BGW-12,3,51,2020-02-10,48.01,9799.2,25.91,18.8,0.421,3726.3,66.5,False
BGW-12,3,52,2020-02-11,48.19,9527.1,25.28,18.72,0.425,3812.8,72.1,False
BGW-12,3,53,2020-02-12,47.97,9806.9,26.68,22.08,0.453,3742.8,65.6,False
BGW-12,3,54,2020-02-13,47.72,10489.0,24.26,18.25,0.429,3786.5,54.4,True
BGW-12,3,55,2020-02-14,47.39,10465.6,24.77,19.18,0.436,3807.4,54.2,True
BGW-12,3,56,2020-02-15,47.37,10563.7,25.31,20.33,0.445,3735.9,59.8,True
BGW-12,3,57,2020-02-16,47.46,10237.6,28.94,23.86,0.452,3782.6,62.3,True
BGW-12,3,58,2020-02-17,47.66,10737.7,21.79,18.02,0.453,3786.6,55.2,True
BGW-12,3,59,2020-02-18,47.23,10138.7,23.12,19.54,0.458,3720.6,63.1,True
BGW-12,3,60,2020-02-19,48.1,10124.8,24.33,20.22,0.454,3753.9,64.5,True
BGW-12,3,61,2020-02-20,48.04,9570.5,22.75,18.73,0.451,3722.4,70.4,False
BGW-12,3,62,2020-02-21,47.81,10039.0,25.3,21.0,0.454,3769.4,66.3,False
BGW-12,3,63,2020-02-22,47.21,10807.5,23.44,20.79,0.47,3750.6,56.9,True
BGW-12,3,64,2020-02-23,47.5,10683.5,21.67,19.03,0.467,3713.9,51.3,True
BGW-12,3,65,2020-02-24,47.64,10303.7,20.55,17.53,0.46,3691.4,61.2,True
BGW-12,3,66,2020-02-25,47.51,9905.6,23.97,21.97,0.478,3681.0,66.8,False
BGW-12,3,67,2020-02-26,47.48,11063.9,19.97,18.24,0.477,3667.9,44.4,True
BGW-12,3,68,2020-02-27,46.98,10728.8,22.95,21.95,0.489,3707.0,54.8,True
BGW-12,3,69,2020-02-28,46.87,11306.4,18.59,18.46,0.498,3702.3,50.8,True
BGW-12,3,70,2020-02-29,47.84,9469.7,24.33,23.12,0.487,3638.0,70.7,False
BGW-12,3,71,2020-03-01,47.26,10710.4,21.4,20.42,0.488,3654.1,50.3,True
BGW-12,3,72,2020-03-02,47.41,10878.7,22.75,22.89,0.502,3639.7,55.1,True
BGW-12,3,73,2020-03-03,47.21,11071.0,20.18,18.71,0.481,3598.5,45.4,True
BGW-12,3,74,2020-03-04,46.78,10676.6,23.53,22.93,0.494,3650.2,50.2,True
BGW-12,3,75,2020-03-05,47.02,10401.7,21.3,22.3,0.512,3588.3,54.0,True
BGW-12,3,76,2020-03-06,47.2,10348.4,23.63,23.85,0.502,3654.9,58.6,True
BGW-12,3,77,2020-03-07,46.55,11217.8,20.67,22.15,0.517,3629.7,45.9,True
BGW-12,3,78,2020-03-08,46.93,10975.2,20.87,21.94,0.513,3608.9,56.2,True
BGW-12,3,79,2020-03-09,47.15,11663.2,20.92,19.99,0.489,3574.4,40.2,True
BGW-12,3,80,2020-03-10,47.29,10504.2,22.45,24.52,0.522,3566.9,58.7,True
BGW-12,3,81,2020-03-11,47.16,11233.7,19.18,20.43,0.516,3599.6,48.7,True
BGW-12,3,82,2020-03-12,47.43,10759.7,21.3,24.03,0.53,3591.0,55.9,True
BGW-12,3,83,2020-03-13,46.88,11265.1,19.65,21.65,0.524,3604.8,43.8,True
BGW-12,3,84,2020-03-14,47.35,10116.8,21.02,23.06,0.523,3618.4,65.0,False
BGW-12,3,85,2020-03-15,46.83,9600.1,22.81,25.86,0.531,3597.9,68.5,False
BGW-12,3,86,2020-03-16,46.86,10573.7,20.25,23.66,0.539,3611.0,58.6,True
BGW-12,3,87,2020-03-17,47.09,10624.7,21.41,23.87,0.527,3561.4,59.6,True
BGW-12,3,88,2020-03-18,46.89,10411.6,21.2,24.6,0.537,3498.0,57.8,True
BGW-12,3,89,2020-03-19,46.82,10625.2,20.72,24.34,0.54,3528.8,47.4,True
BGW-12,4,0,2020-04-10,141.03,96.4,323.99,113.03,0.259,4122.4,100.0,False
BGW-12,4,1,2020-04-11,134.33,118.3,278.4,100.95,0.266,4145.0,98.4,False
BGW-12,4,2,2020-04-12,127.29,167.5,247.48,110.64,0.309,4179.4,100.0,False
BGW-12,4,3,2020-04-13,121.02,199.3,217.41,94.41,0.303,4116.6,100.0,False
BGW-12,4,4,2020-04-14,115.75,276.9,187.39,75.13,0.286,4211.7,100.0,False
BGW-12,4,5,2020-04-15,111.11,359.0,152.32,65.79,0.302,4173.6,97.2,False
BGW-12,4,6,2020-04-16,106.32,424.9,147.45,59.95,0.289,4139.3,98.8,False
BGW-12,4,7,2020-04-17,101.59,548.0,146.94,59.57,0.288,4123.4,100.0,False
BGW-12,4,8,2020-04-18,97.33,659.7,126.63,52.77,0.294,4092.1,99.6,False
BGW-12,4,9,2020-04-19,93.34,770.2,106.91,47.5,0.308,4097.1,100.0,False
BGW-12,4,10,2020-04-20,90.32,904.2,99.9,48.31,0.326,4089.0,92.7,False
BGW-12,4,11,2020-04-21,86.56,1159.8,94.61,47.54,0.334,4058.9,100.0,False
BGW-12,4,12,2020-04-22,83.27,1350.1,83.11,36.94,0.308,4106.4,100.0,False
BGW-12,4,13,2020-04-23,80.82,1443.5,76.07,31.73,0.294,4094.1,100.0,False
BGW-12,4,14,2020-04-24,78.54,1673.3,74.43,37.09,0.333,4046.9,94.6,False
BGW-12,4,15,2020-04-25,76.11,1895.4,72.27,33.34,0.316,4017.6,100.0,False
BGW-12,4,16,2020-04-26,73.82,2187.1,66.17,31.71,0.324,3994.3,100.0,False
BGW-12,4,17,2020-04-27,71.33,2482.9,61.18,28.98,0.321,4010.5,100.0,False
BGW-12,4,18,2020-04-28,69.23,2971.7,61.51,31.95,0.342,4030.9,96.6,False
BGW-12,4,19,2020-04-29,67.84,3004.2,55.91,26.57,0.322,4018.6,100.0,False
BGW-12,4,20,2020-04-30,67.13,3147.3,48.53,22.61,0.318,4008.6,100.0,False
BGW-12,4,21,2020-05-01,65.2,3508.6,55.95,26.31,0.32,4050.3,100.0,False
BGW-12,4,22,2020-05-02,63.75,3879.7,48.55,23.38,0.325,4012.9,100.0,False
BGW-12,4,23,2020-05-03,62.56,4173.4,46.05,25.89,0.36,4014.9,100.0,False
BGW-12,4,24,2020-05-04,61.23,4621.7,45.28,24.06,0.347,3940.0,100.0,False
BGW-12,4,25,2020-05-05,60.14,4615.0,45.4,24.88,0.354,3963.3,100.0,False
BGW-12,4,26,2020-05-06,59.21,5065.8,42.07,24.18,0.365,3978.4,100.0,False
BGW-12,4,27,2020-05-07,57.59,5470.5,42.02,23.04,0.354,3964.2,100.0,False
BGW-12,4,28,2020-05-08,57.5,5866.7,40.74,21.65,0.347,3977.2,95.0,False
BGW-12,4,29,2020-05-09,56.99,5355.6,39.79,25.08,0.387,4032.8,99.2,False
BGW-12,4,30,2020-05-10,55.66,6052.3,36.59,19.97,0.353,3943.5,94.9,False
BGW-12,4,31,2020-05-11,55.27,6181.6,36.33,22.58,0.383,3935.4,100.0,False
BGW-12,4,32,2020-05-12,54.73,6161.6,37.39,22.08,0.371,3937.2,98.9,False
BGW-12,4,33,2020-05-13,53.98,6538.5,38.8,24.23,0.384,3876.5,98.8,False
BGW-12,4,34,2020-05-14,52.75,8065.8,32.21,20.21,0.386,3913.2,84.9,False
BGW-12,4,35,2020-05-15,52.91,7439.6,33.4,19.76,0.372,3913.0,92.9,False
BGW-12,4,36,2020-05-16,52.0,7548.3,32.5,20.6,0.388,3894.2,98.9,False
BGW-12,4,37,2020-05-17,52.12,7188.0,33.66,20.44,0.378,3915.9,98.0,False
BGW-12,4,38,2020-05-18,51.87,7422.9,33.72,21.51,0.39,3938.5,99.7,False
BGW-12,4,39,2020-05-19,51.83,7448.6,32.72,19.81,0.377,3931.0,99.5,False
BGW-12,4,40,2020-05-20,51.31,8013.4,31.74,20.32,0.39,3878.0,88.5,False
BGW-12,4,41,2020-05-21,50.1,8517.8,33.48,22.14,0.398,3873.6,82.5,False
BGW-12,4,42,2020-05-22,50.29,8705.0,28.8,17.58,0.379,3915.3,82.0,False
BGW-12,4,43,2020-05-23,49.8,8822.2,31.25,20.59,0.397,3989.8,79.4,False
BGW-12,4,44,2020-05-24,50.1,8826.7,30.06,21.38,0.416,3801.0,76.2,False
BGW-12,4,45,2020-05-25,49.86,9207.1,27.64,20.63,0.427,3869.4,77.7,False
BGW-12,4,46,2020-05-26,49.39,8471.8,28.53,18.67,0.396,3858.6,75.6,False
BGW-12,4,47,2020-05-27,49.63,8388.7,28.31,20.23,0.417,3790.9,82.8,False
BGW-12,4,48,2020-05-28,49.5,8665.0,25.49,17.43,0.406,3817.3,81.6,False
BGW-12,4,49,2020-05-29,48.7,9830.9,26.96,17.96,0.4,3853.9,67.0,False
BGW-12,4,50,2020-05-30,48.74,9510.4,29.33,21.13,0.419,3821.4,69.0,False
BGW-12,4,51,2020-05-31,48.65,9551.5,26.56,21.26,0.445,3802.3,71.4,False
BGW-12,4,52,2020-06-01,48.25,9625.6,27.45,19.55,0.416,3796.7,75.2,False
BGW-12,4,53,2020-06-02,47.97,10162.8,24.44,18.49,0.431,3783.6,56.7,True
BGW-12,4,54,2020-06-03,47.64,10065.8,24.33,18.57,0.433,3784.8,60.1,True
BGW-12,4,55,2020-06-04,48.44,9933.4,27.02,20.88,0.436,3787.8,65.1,False
BGW-12,4,56,2020-06-05,48.42,9519.4,26.61,20.52,0.435,3759.2,67.7,False
BGW-12,4,57,2020-06-06,48.12,9566.8,24.19,19.04,0.44,3734.9,68.9,False
BGW-12,4,58,2020-06-07,47.98,9938.5,25.65,21.03,0.451,3759.7,69.3,False
BGW-12,4,59,2020-06-08,47.46,10338.9,24.3,19.39,0.444,3739.8,63.5,True
BGW-12,4,60,2020-06-09,47.57,10433.9,22.97,20.01,0.466,3746.1,60.1,True
BGW-12,4,61,2020-06-10,47.87,9954.2,22.58,18.9,0.456,3674.2,62.4,True
BGW-12,4,62,2020-06-11,47.32,10021.2,22.88,20.72,0.475,3757.3,64.5,True
BGW-12,4,63,2020-06-12,47.73,10701.1,23.39,21.59,0.48,3719.4,50.7,True
BGW-12,4,64,2020-06-13,47.22,11132.3,23.33,21.52,0.48,3696.4,44.7,True
BGW-12,4,65,2020-06-14,46.95,10940.9,22.39,20.54,0.478,3643.6,51.4,True
BGW-12,4,66,2020-06-15,46.94,10824.3,23.37,19.26,0.452,3670.1,52.6,True
BGW-12,4,67,2020-06-16,47.06,10424.8,23.19,20.55,0.47,3697.2,51.9,True
BGW-12,4,68,2020-06-17,47.25,10180.6,22.78,20.73,0.476,3679.3,61.1,True
BGW-12,4,69,2020-06-18,47.37,10467.4,23.7,23.58,0.499,3661.2,57.3,True
BGW-12,4,70,2020-06-19,46.86,11127.1,21.1,21.9,0.509,3666.5,57.3,True
BGW-12,4,71,2020-06-20,46.76,11201.6,24.31,22.07,0.476,3610.5,53.7,True
BGW-12,4,72,2020-06-21,46.8,11022.4,23.05,22.26,0.491,3692.2,51.7,True
BGW-12,4,73,2020-06-22,47.58,10096.7,21.62,22.09,0.505,3669.8,63.4,True
BGW-12,4,74,2020-06-23,46.99,11031.7,20.51,20.55,0.5,3648.7,50.5,True
BGW-12,4,75,2020-06-24,47.4,10051.7,23.14,23.24,0.501,3598.6,60.2,True
BGW-12,4,76,2020-06-25,47.71,10232.2,21.71,21.06,0.492,3661.7,63.6,True
BGW-12,4,77,2020-06-26,47.37,10463.4,22.62,22.5,0.499,3622.8,58.1,True
BGW-12,4,78,2020-06-27,47.19,9871.4,24.36,27.04,0.526,3634.8,61.5,True
BGW-12,4,79,2020-06-28,46.65,11031.9,18.92,19.69,0.51,3645.2,48.7,True
BGW-12,4,80,2020-06-29,47.58,11073.0,22.22,23.76,0.517,3615.1,50.8,True
BGW-12,4,81,2020-06-30,46.71,11462.8,21.3,23.67,0.526,3610.3,37.9,True
BGW-12,4,82,2020-07-01,47.35,10494.4,20.69,21.39,0.508,3594.4,52.7,True
BGW-12,4,83,2020-07-02,46.97,10659.2,22.65,23.79,0.512,3633.6,53.9,True
BGW-12,4,84,2020-07-03,46.94,10818.2,20.57,23.67,0.535,3569.8,46.7,True
BGW-12,4,85,2020-07-04,47.04,10299.9,21.43,25.03,0.539,3622.3,60.8,True
BGW-12,4,86,2020-07-05,46.88,11046.6,20.88,23.69,0.532,3570.7,53.4,True
BGW-12,4,87,2020-07-06,46.64,11333.4,19.59,22.42,0.534,3577.1,45.6,True
BGW-12,4,88,2020-07-07,47.32,10458.0,20.42,22.07,0.519,3519.8,55.3,True
BGW-12,4,89,2020-07-08,47.08,10642.9,19.5,23.3,0.544,3465.0,54.9,True
BGW-12,5,0,2020-07-31,145.02,84.1,350.99,131.84,0.273,4116.9,100.0,False
BGW-12,5,1,2020-08-01,139.88,102.5,296.32,119.86,0.288,4157.4,100.0,False
BGW-12,5,2,2020-08-02,135.52,120.2,312.45,123.72,0.284,4165.2,100.0,False
BGW-12,5,3,2020-08-03,131.36,139.1,262.45,93.97,0.264,4109.3,100.0,False
BGW-12,5,4,2020-08-04,128.06,155.4,277.33,110.61,0.285,4125.1,100.0,False
BGW-12,5,5,2020-08-05,124.17,200.6,213.63,87.85,0.291,4135.5,100.0,False
BGW-12,5,6,2020-08-06,120.69,217.7,223.49,93.81,0.296,4128.2,100.0,False
BGW-12,5,7,2020-08-07,117.53,262.3,193.79,86.24,0.308,4067.5,99.5,False
BGW-12,5,8,2020-08-08,114.04,283.9,192.34,81.27,0.297,4133.0,100.0,False
BGW-12,5,9,2020-08-09,111.53,330.8,185.64,79.99,0.301,4060.3,95.3,False
BGW-12,5,10,2020-08-10,108.12,394.2,160.79,74.89,0.318,4062.1,100.0,False
BGW-12,5,11,2020-08-11,106.03,393.7,176.48,78.75,0.309,4081.5,99.3,False
BGW-12,5,12,2020-08-12,102.5,526.5,137.08,60.51,0.306,4052.9,95.9,False
BGW-12,5,13,2020-08-13,100.0,541.6,137.82,60.13,0.304,4063.3,100.0,False
BGW-12,5,14,2020-08-14,97.91,639.5,142.68,69.33,0.327,4028.8,99.3,False
BGW-12,5,15,2020-08-15,95.59,721.7,122.64,58.13,0.322,3998.0,100.0,False
BGW-12,5,16,2020-08-16,93.32,796.3,115.8,58.37,0.335,4032.0,100.0,False
BGW-12,5,17,2020-08-17,91.31,856.6,100.99,48.63,0.325,4044.2,96.9,False
BGW-12,5,18,2020-08-18,89.37,934.7,102.33,50.91,0.332,3968.1,100.0,False
BGW-12,5,19,2020-08-19,87.32,1024.3,100.19,49.76,0.332,4044.4,99.0,False
BGW-12,5,20,2020-08-20,85.35,1063.0,106.64,56.71,0.347,4020.9,98.2,False
BGW-12,5,21,2020-08-21,84.04,1293.1,98.2,51.18,0.343,4054.7,100.0,False
BGW-12,5,22,2020-08-22,81.9,1412.8,78.93,38.19,0.326,4025.1,100.0,False
BGW-12,5,23,2020-08-23,80.3,1475.5,84.18,44.7,0.347,4012.6,93.1,False
BGW-12,5,24,2020-08-24,78.9,1645.1,80.92,40.59,0.334,4037.4,96.7,False
BGW-12,5,25,2020-08-25,77.25,1839.7,73.21,39.55,0.351,3976.1,98.7,False
BGW-12,5,26,2020-08-26,75.96,2025.0,81.29,44.99,0.356,3937.9,98.8,False
BGW-12,5,27,2020-08-27,74.32,2216.4,65.68,35.76,0.352,3892.8,100.0,False
BGW-12,5,28,2020-08-28,73.1,2121.0,69.09,39.29,0.362,3944.1,100.0,False
BGW-12,5,29,2020-08-29,72.13,2350.5,65.38,37.92,0.367,3875.4,100.0,False
BGW-12,5,30,2020-08-30,71.31,2485.5,66.97,40.64,0.378,3912.4,94.6,False
BGW-12,5,31,2020-08-31,70.0,2426.5,65.59,39.75,0.377,3945.5,100.0,False
BGW-12,5,32,2020-09-01,68.9,2785.7,60.81,36.36,0.374,3980.1,95.3,False
BGW-12,5,33,2020-09-02,67.75,3095.1,59.57,34.0,0.363,3961.8,100.0,False
BGW-12,5,34,2020-09-03,66.54,3234.7,58.52,32.51,0.357,3897.4,93.6,False
BGW-12,5,35,2020-09-04,65.71,3265.8,53.68,32.85,0.38,3948.9,97.3,False
BGW-12,5,36,2020-09-05,65.28,3602.3,50.33,30.53,0.378,3922.1,100.0,False
BGW-12,5,37,2020-09-06,64.2,3643.0,53.12,33.1,0.384,3911.0,100.0,False
BGW-12,5,38,2020-09-07,63.62,3658.1,50.52,32.0,0.388,3888.7,100.0,False
BGW-12,5,39,2020-09-08,62.8,3918.2,47.63,31.39,0.397,3901.1,99.2,False
BGW-12,5,40,2020-09-09,62.17,4031.4,51.64,32.05,0.383,3878.9,100.0,False
BGW-12,5,41,2020-09-10,61.9,4113.6,47.11,30.73,0.395,3789.9,100.0,False
BGW-12,5,42,2020-09-11,61.04,4444.9,45.83,30.32,0.398,3830.2,97.8,False
BGW-12,5,43,2020-09-12,59.56,5041.2,44.6,29.86,0.401,3861.7,100.0,False
BGW-12,5,44,2020-09-13,59.08,5179.5,48.58,34.17,0.413,3808.9,97.4,False
BGW-12,5,45,2020-09-14,58.7,5179.2,48.16,32.55,0.403,3876.8,98.1,False
BGW-12,5,46,2020-09-15,58.29,5661.9,42.72,31.65,0.426,3860.4,100.0,False
BGW-12,5,47,2020-09-16,57.85,5407.6,44.51,32.88,0.425,3779.3,100.0,False
BGW-12,5,48,2020-09-17,57.48,5411.1,42.17,31.1,0.424,3818.4,100.0,False
BGW-12,5,49,2020-09-18,57.52,5304.2,46.2,34.46,0.427,3859.9,100.0,False
BGW-12,5,50,2020-09-19,56.28,6291.6,39.93,28.86,0.419,3859.1,96.0,False
BGW-12,5,51,2020-09-20,56.38,5829.3,42.52,32.1,0.43,3833.5,98.9,False
BGW-12,5,52,2020-09-21,55.43,5768.9,41.87,31.92,0.433,3770.9,98.2,False
BGW-12,5,53,2020-09-22,54.76,6471.7,37.58,30.08,0.445,3776.2,100.0,False
BGW-12,5,54,2020-09-23,55.01,6438.9,38.62,30.02,0.437,3803.1,100.0,False
BGW-12,5,55,2020-09-24,54.4,6959.0,39.4,31.4,0.443,3765.0,99.0,False
BGW-12,5,56,2020-09-25,53.82,7010.6,36.32,28.48,0.44,3820.5,100.0,False
BGW-12,5,57,2020-09-26,53.93,6885.2,37.49,31.72,0.458,3768.8,100.0,False
BGW-12,5,58,2020-09-27,53.58,6672.9,38.55,30.43,0.441,3734.0,100.0,False
BGW-12,5,59,2020-09-28,53.38,7111.1,34.63,28.34,0.45,3680.9,100.0,False
BGW-12,5,60,2020-09-29,52.97,7051.4,39.23,33.97,0.464,3769.7,100.0,False
BGW-12,5,61,2020-09-30,52.72,7459.8,34.58,28.9,0.455,3735.6,94.1,False
BGW-12,5,62,2020-10-01,51.82,8225.3,37.59,31.71,0.458,3724.3,89.3,False
BGW-12,5,63,2020-10-02,51.95,7706.3,34.98,29.52,0.458,3705.8,94.2,False
BGW-12,5,64,2020-10-03,51.57,8007.8,32.98,28.62,0.465,3674.3,88.4,False
BGW-12,5,65,2020-10-04,52.11,8005.2,32.93,29.29,0.471,3713.8,90.5,False
BGW-12,5,66,2020-10-05,52.02,7719.2,36.43,31.1,0.461,3751.2,88.6,False
BGW-12,5,67,2020-10-06,51.12,7873.1,33.82,32.43,0.49,3692.4,87.9,False
BGW-12,5,68,2020-10-07,50.49,8423.5,34.52,30.87,0.472,3663.5,79.4,False
BGW-12,5,69,2020-10-08,50.68,8745.9,32.83,31.37,0.489,3661.2,79.3,False
BGW-12,5,70,2020-10-09,50.45,8757.4,34.7,31.58,0.476,3638.8,76.0,False
BGW-12,5,71,2020-10-10,50.76,8424.6,33.32,31.23,0.484,3657.3,85.1,False
BGW-12,5,72,2020-10-11,49.88,9259.1,31.01,29.65,0.489,3615.7,73.5,False
BGW-12,5,73,2020-10-12,50.32,8474.2,31.8,32.61,0.506,3646.8,84.5,False
BGW-12,5,74,2020-10-13,50.01,7989.5,31.36,31.3,0.5,3605.4,86.5,False
BGW-12,5,75,2020-10-14,50.04,9307.0,29.52,30.68,0.51,3608.9,74.2,False
BGW-12,5,76,2020-10-15,49.54,9801.0,28.23,27.98,0.498,3614.3,71.7,False
BGW-12,5,77,2020-10-16,50.04,8481.5,31.71,34.05,0.518,3627.4,81.1,False
BGW-12,5,78,2020-10-17,49.73,8690.8,34.74,37.68,0.52,3610.4,78.8,False
BGW-12,5,79,2020-10-18,49.96,8752.5,30.12,33.21,0.524,3608.2,74.9,False
BGW-12,5,80,2020-10-19,49.3,9004.1,28.08,30.01,0.517,3583.2,78.0,False
BGW-12,5,81,2020-10-20,48.82,10047.7,29.72,31.6,0.515,3603.9,65.4,False
BGW-12,5,82,2020-10-21,49.6,9329.1,27.71,29.46,0.515,3599.0,69.9,False
BGW-12,5,83,2020-10-22,48.88,9097.9,30.78,35.39,0.535,3589.1,74.4,False
BGW-12,5,84,2020-10-23,48.58,9498.0,28.56,32.66,0.533,3566.0,70.4,False
BGW-12,5,85,2020-10-24,48.67,8912.8,32.39,33.72,0.51,3570.1,78.3,False
BGW-12,5,86,2020-10-25,48.62,9673.3,27.88,32.78,0.54,3571.9,63.5,True
BGW-12,5,87,2020-10-26,48.41,9639.3,28.17,32.45,0.535,3554.0,69.4,False
BGW-12,5,88,2020-10-27,48.82,9960.5,28.7,34.62,0.547,3505.8,69.9,False
BGW-12,5,89,2020-10-28,48.79,10182.2,28.52,36.58,0.562,3531.1,66.3,False
BGW-12,6,0,2020-11-30,142.88,84.5,347.16,116.26,0.251,4145.3,100.0,False
BGW-12,6,1,2020-12-01,137.24,110.4,296.27,114.22,0.278,4162.5,100.0,False
BGW-12,6,2,2020-12-02,133.19,128.5,280.53,103.13,0.269,4121.4,100.0,False
BGW-12,6,3,2020-12-03,128.81,155.7,259.31,104.64,0.288,4090.4,100.0,False
BGW-12,6,4,2020-12-04,124.09,182.0,209.9,80.68,0.278,4129.4,100.0,False
BGW-12,6,5,2020-12-05,119.98,232.4,209.36,88.46,0.297,4139.6,100.0,False
BGW-12,6,6,2020-12-06,116.06,278.8,179.86,74.55,0.293,4111.8,100.0,False
BGW-12,6,7,2020-12-07,112.41,344.5,186.16,79.14,0.298,4048.4,97.1,False
BGW-12,6,8,2020-12-08,109.29,380.7,167.89,66.2,0.283,4088.0,100.0,False
BGW-12,6,9,2020-12-09,105.85,458.3,157.12,70.15,0.309,4108.1,99.9,False
BGW-12,6,10,2020-12-10,102.48,507.6,141.94,60.16,0.298,4021.8,100.0,False
BGW-12,6,11,2020-12-11,99.59,583.8,142.47,65.09,0.314,4080.2,98.0,False
BGW-12,6,12,2020-12-12,97.05,685.3,130.16,61.58,0.321,4042.7,100.0,False
BGW-12,6,13,2020-12-13,93.9,742.4,123.33,55.38,0.31,4044.1,100.0,False
BGW-12,6,14,2020-12-14,91.63,890.1,113.88,52.33,0.315,4089.4,97.5,False
BGW-12,6,15,2020-12-15,89.72,950.4,104.72,47.04,0.31,4096.3,100.0,False
BGW-12,6,16,2020-12-16,86.94,1069.6,108.27,51.15,0.321,4006.6,99.6,False
BGW-12,6,17,2020-12-17,85.28,1129.5,89.42,41.57,0.317,3992.8,100.0,False
BGW-12,6,18,2020-12-18,82.66,1364.1,88.43,41.76,0.321,4085.4,99.0,False
BGW-12,6,19,2020-12-19,81.55,1408.1,90.41,45.36,0.334,3967.7,94.7,False
BGW-12,6,20,2020-12-20,79.09,1514.3,84.66,41.77,0.33,4032.6,100.0,False
BGW-12,6,21,2020-12-21,77.86,1660.6,81.84,40.19,0.329,4049.1,100.0,False
BGW-12,6,22,2020-12-22,76.25,1868.0,77.57,37.62,0.327,4019.5,94.7,False
BGW-12,6,23,2020-12-23,74.88,1929.5,73.83,39.63,0.349,3988.4,98.2,False
BGW-12,6,24,2020-12-24,73.22,2231.8,69.39,35.44,0.338,3979.7,99.9,False
BGW-12,6,25,2020-12-25,71.56,2386.4,66.51,34.6,0.342,3973.8,100.0,False
BGW-12,6,26,2020-12-26,70.07,2452.2,68.5,38.76,0.361,3998.3,97.6,False
BGW-12,6,27,2020-12-27,68.81,2813.5,59.72,32.74,0.354,3958.8,100.0,False
BGW-12,6,28,2020-12-28,67.84,3100.8,58.68,32.16,0.354,3993.7,100.0,False
BGW-12,6,29,2020-12-29,67.15,2970.2,55.4,32.94,0.373,3891.0,99.1,False
BGW-12,6,30,2020-12-30,65.57,3373.0,54.81,32.68,0.374,3978.2,97.2,False
BGW-12,6,31,2020-12-31,64.88,3394.4,54.23,32.38,0.374,3954.5,100.0,False
BGW-12,6,32,2021-01-01,63.67,3920.9,50.6,33.36,0.397,4017.2,96.0,False
BGW-12,6,33,2021-01-02,62.67,4280.5,51.55,29.73,0.366,3914.4,100.0,False
BGW-12,6,34,2021-01-03,62.19,4210.0,48.57,28.96,0.374,3895.3,100.0,False
BGW-12,6,35,2021-01-04,61.05,4654.2,48.15,28.02,0.368,3851.4,97.0,False
BGW-12,6,36,2021-01-05,60.82,4667.7,44.26,28.35,0.39,3862.3,100.0,False
BGW-12,6,37,2021-01-06,59.64,4577.9,49.04,30.82,0.386,3908.4,98.8,False
BGW-12,6,38,2021-01-07,58.98,4991.2,45.49,28.33,0.384,3890.0,98.6,False
BGW-12,6,39,2021-01-08,58.53,5339.3,44.65,27.13,0.378,3889.5,100.0,False
BGW-12,6,40,2021-01-09,57.79,5257.9,47.87,34.6,0.419,3884.4,100.0,False
BGW-12,6,41,2021-01-10,57.41,5920.7,40.56,27.53,0.404,3931.4,100.0,False
BGW-12,6,42,2021-01-11,57.19,5622.5,44.93,30.19,0.402,3858.4,98.4,False
BGW-12,6,43,2021-01-12,56.28,5791.7,39.83,25.51,0.39,3867.0,97.5,False
BGW-12,6,44,2021-01-13,56.06,6284.9,40.16,25.96,0.393,3847.2,97.4,False
BGW-12,6,45,2021-01-14,55.57,6107.4,37.17,27.51,0.425,3812.3,97.8,False
BGW-12,6,46,2021-01-15,54.91,6493.0,37.36,26.38,0.414,3823.9,97.2,False
BGW-12,6,47,2021-01-16,54.41,6185.2,40.71,27.5,0.403,3862.3,97.2,False
BGW-12,6,48,2021-01-17,54.19,6824.0,34.05,24.04,0.414,3821.1,99.4,False
BGW-12,6,49,2021-01-18,53.99,7458.9,36.69,26.3,0.418,3800.7,99.1,False
BGW-12,6,50,2021-01-19,52.51,7189.2,31.88,23.28,0.422,3763.7,98.4,False
BGW-12,6,51,2021-01-20,52.7,7052.2,35.72,25.91,0.42,3809.7,100.0,False
BGW-12,6,52,2021-01-21,53.12,7141.8,39.59,30.1,0.432,3869.9,97.9,False
BGW-12,6,53,2021-01-22,51.79,7735.5,31.51,22.49,0.417,3809.2,85.8,False
BGW-12,6,54,2021-01-23,51.65,7896.1,35.31,28.03,0.443,3820.2,91.2,False
BGW-12,6,55,2021-01-24,52.26,7301.0,35.5,27.68,0.438,3731.5,97.0,False
BGW-12,6,56,2021-01-25,51.36,7988.0,35.7,27.19,0.432,3769.7,81.6,False
BGW-12,6,57,2021-01-26,50.9,8318.5,33.62,27.05,0.446,3758.3,83.3,False
BGW-12,6,58,2021-01-27,51.3,7787.2,34.44,27.05,0.44,3709.8,93.1,False
BGW-12,6,59,2021-01-28,50.99,8283.3,32.38,27.86,0.462,3748.4,82.6,False
BGW-12,6,60,2021-01-29,50.71,8365.0,33.09,28.1,0.459,3780.0,82.3,False
BGW-12,6,61,2021-01-30,50.59,8247.0,30.61,25.73,0.457,3668.9,86.8,False
BGW-12,6,62,2021-01-31,50.0,8656.6,29.0,23.89,0.452,3713.7,80.7,False
BGW-12,6,63,2021-02-01,49.94,8415.2,31.02,25.37,0.45,3773.7,87.7,False
BGW-12,6,64,2021-02-02,49.75,8603.2,32.27,29.06,0.474,3778.7,86.6,False
BGW-12,6,65,2021-02-03,49.13,9809.4,28.87,26.26,0.476,3729.6,68.0,False
BGW-12,6,66,2021-02-04,49.89,8723.5,29.02,27.41,0.486,3756.5,76.8,False
BGW-12,6,67,2021-02-05,49.22,9172.0,29.4,25.2,0.461,3721.1,69.2,False
BGW-12,6,68,2021-02-06,48.8,10582.5,27.76,24.58,0.47,3612.9,57.2,True
BGW-12,6,69,2021-02-07,49.08,9315.2,27.42,24.97,0.477,3685.3,76.5,False
BGW-12,6,70,2021-02-08,49.18,9043.1,27.54,25.77,0.483,3640.0,68.0,False
BGW-12,6,71,2021-02-09,48.57,8945.1,30.38,28.9,0.488,3686.1,74.8,False
BGW-12,6,72,2021-02-10,48.35,9332.0,30.43,32.27,0.515,3673.2,73.8,False
BGW-12,6,73,2021-02-11,48.56,9496.3,28.77,29.78,0.509,3680.8,70.9,False
BGW-12,6,74,2021-02-12,48.37,10080.9,26.73,26.65,0.499,3629.2,64.1,True
BGW-12,6,75,2021-02-13,48.25,10057.8,27.35,27.6,0.502,3677.5,64.5,True
BGW-12,6,76,2021-02-14,48.66,9857.6,26.95,27.0,0.5,3620.4,66.4,False
BGW-12,6,77,2021-02-15,48.52,9428.7,30.84,31.95,0.509,3609.9,70.9,False
BGW-12,6,78,2021-02-16,48.88,9052.5,27.36,29.45,0.518,3600.2,76.0,False
BGW-12,6,79,2021-02-17,48.06,9913.3,27.34,30.64,0.528,3641.2,66.2,False
BGW-12,6,80,2021-02-18,48.03,10262.2,24.71,26.53,0.518,3658.2,60.3,True
BGW-12,6,81,2021-02-19,48.56,9614.1,26.2,27.38,0.511,3635.7,67.3,False
BGW-12,6,82,2021-02-20,48.15,10180.3,27.66,29.02,0.512,3605.3,58.9,True
BGW-12,6,83,2021-02-21,47.74,9637.6,25.61,29.52,0.535,3589.6,66.7,False
BGW-12,6,84,2021-02-22,47.6,10490.7,25.67,29.23,0.532,3591.0,55.6,True
BGW-12,6,85,2021-02-23,47.7,10234.2,25.82,29.25,0.531,3554.1,61.1,True
BGW-12,6,86,2021-02-24,47.77,10296.2,26.67,30.45,0.533,3564.6,56.9,True
BGW-12,6,87,2021-02-25,47.96,9571.3,24.95,28.17,0.53,3489.2,68.1,False
BGW-12,6,88,2021-02-26,47.89,10070.3,23.13,25.95,0.529,3495.0,61.5,True
BGW-12,6,89,2021-02-27,47.96,10170.2,26.7,30.42,0.533,3521.4,62.4,True
BGW-12,7,0,2021-03-23,144.95,85.4,334.31,136.06,0.289,4154.2,99.3,False
BGW-12,7,1,2021-03-24,137.58,108.4,290.39,108.36,0.272,4154.4,97.0,False
BGW-12,7,2,2021-03-25,131.34,144.6,261.56,109.13,0.294,4114.5,100.0,False
BGW-12,7,3,2021-03-26,124.75,183.4,222.17,91.19,0.291,4085.2,100.0,False
BGW-12,7,4,2021-03-27,119.14,208.0,211.04,84.89,0.287,4174.6,100.0,False
BGW-12,7,5,2021-03-28,114.2,279.2,175.36,68.18,0.28,4096.0,100.0,False
BGW-12,7,6,2021-03-29,108.93,354.9,154.25,65.24,0.297,4049.7,100.0,False
BGW-12,7,7,2021-03-30,104.13,464.0,144.19,59.73,0.293,4066.2,100.0,False
BGW-12,7,8,2021-03-31,100.15,566.2,126.97,55.2,0.303,4077.8,96.6,False
BGW-12,7,9,2021-04-01,95.9,627.2,120.73,53.59,0.307,4130.4,99.7,False
BGW-12,7,10,2021-04-02,92.72,732.3,116.18,48.64,0.295,4020.1,100.0,False
BGW-12,7,11,2021-04-03,89.41,968.0,103.39,45.67,0.306,4066.9,99.8,False
BGW-12,7,12,2021-04-04,86.3,1131.3,89.42,39.31,0.305,4094.2,95.3,False
BGW-12,7,13,2021-04-05,83.42,1218.4,92.43,42.28,0.314,4093.1,97.6,False
BGW-12,7,14,2021-04-06,80.73,1384.2,86.85,38.83,0.309,4046.0,100.0,False
BGW-12,7,15,2021-04-07,77.76,1854.5,72.35,34.51,0.323,4011.6,100.0,False
BGW-12,7,16,2021-04-08,75.42,2123.2,62.65,32.24,0.34,4050.7,100.0,False
BGW-12,7,17,2021-04-09,73.81,2354.0,61.92,29.1,0.32,4018.4,100.0,False
BGW-12,7,18,2021-04-10,71.68,2411.6,64.82,34.62,0.348,3977.9,100.0,False
BGW-12,7,19,2021-04-11,70.47,2487.6,58.26,28.3,0.327,3992.7,98.0,False
BGW-12,7,20,2021-04-12,67.76,3197.7,57.01,28.75,0.335,4054.9,96.9,False
BGW-12,7,21,2021-04-13,66.87,3104.5,50.16,26.28,0.344,4018.8,98.8,False
BGW-12,7,22,2021-04-14,65.48,3530.8,51.66,26.41,0.338,4032.6,100.0,False
BGW-12,7,23,2021-04-15,64.55,3476.0,53.71,26.28,0.329,3979.4,100.0,False
BGW-12,7,24,2021-04-16,63.08,4205.1,47.07,25.06,0.347,3977.6,99.7,False
BGW-12,7,25,2021-04-17,62.02,4208.2,41.35,23.23,0.36,3986.0,100.0,False
BGW-12,7,26,2021-04-18,60.37,4451.8,42.86,23.68,0.356,3990.6,94.5,False
BGW-12,7,27,2021-04-19,59.63,5132.6,43.13,23.19,0.35,3946.3,94.9,False
BGW-12,7,28,2021-04-20,59.1,5093.7,42.58,23.29,0.354,3918.4,100.0,False
BGW-12,7,29,2021-04-21,58.11,5104.2,37.02,23.23,0.386,3960.2,100.0,False
BGW-12,7,30,2021-04-22,56.47,6056.4,39.48,22.59,0.364,3985.2,100.0,False
BGW-12,7,31,2021-04-23,56.45,5423.4,36.89,23.17,0.386,3945.8,100.0,False
BGW-12,7,32,2021-04-24,55.36,6165.9,39.02,24.62,0.387,3952.8,100.0,False
BGW-12,7,33,2021-04-25,55.17,6384.5,33.81,19.07,0.361,3928.3,100.0,False
BGW-12,7,34,2021-04-26,54.53,6714.8,35.31,21.77,0.381,3899.4,100.0,False
BGW-12,7,35,2021-04-27,54.2,6600.2,35.19,20.58,0.369,3895.7,99.5,False
BGW-12,7,36,2021-04-28,53.35,7383.3,33.07,22.37,0.404,3901.7,98.8,False
BGW-12,7,37,2021-04-29,52.85,7510.7,33.59,20.11,0.375,3865.3,96.7,False
BGW-12,7,38,2021-04-30,52.6,7851.6,32.05,18.55,0.367,3911.5,85.2,False
BGW-12,7,39,2021-05-01,51.3,8357.5,32.07,21.76,0.404,3900.9,83.4,False
BGW-12,7,40,2021-05-02,51.72,7485.5,32.83,22.8,0.41,3865.7,97.2,False
BGW-12,7,41,2021-05-03,51.54,8462.1,31.66,21.93,0.409,3885.8,78.0,False
BGW-12,7,42,2021-05-04,51.19,8562.3,30.25,21.68,0.417,3883.7,76.0,False
BGW-12,7,43,2021-05-05,50.84,8705.8,31.38,20.57,0.396,3884.5,84.2,False
BGW-12,7,44,2021-05-06,50.36,8346.1,29.6,20.63,0.411,3834.3,85.3,False
BGW-12,7,45,2021-05-07,50.34,8525.1,30.64,22.93,0.428,3847.9,79.5,False
BGW-12,7,46,2021-05-08,50.22,8832.8,26.37,19.29,0.423,3845.2,76.3,False
BGW-12,7,47,2021-05-09,49.41,9497.0,26.63,19.76,0.426,3817.9,69.0,False
BGW-12,7,48,2021-05-10,49.62,8690.9,30.6,22.32,0.422,3813.4,78.2,False
BGW-12,7,49,2021-05-11,49.32,9629.1,25.48,18.39,0.419,3864.7,67.8,False
BGW-12,7,50,2021-05-12,49.44,9785.8,26.32,20.7,0.44,3832.4,69.8,False
BGW-12,7,51,2021-05-13,49.21,9099.8,29.44,21.89,0.426,3824.9,76.4,False
BGW-12,7,52,2021-05-14,48.41,9787.7,26.17,19.81,0.431,3842.4,65.8,False
BGW-12,7,53,2021-05-15,48.43,9308.4,25.49,20.22,0.442,3808.9,74.6,False
BGW-12,7,54,2021-05-16,48.83,9647.3,25.04,18.77,0.428,3777.0,64.0,True
BGW-12,7,55,2021-05-17,48.67,9737.9,25.46,19.23,0.43,3752.1,74.3,False
BGW-12,7,56,2021-05-18,48.36,10244.7,24.81,19.16,0.436,3729.7,62.6,True
BGW-12,7,57,2021-05-19,48.74,9711.0,24.81,18.92,0.433,3761.4,63.5,True
BGW-12,7,58,2021-05-20,48.69,9723.6,25.38,21.09,0.454,3742.8,73.9,False
BGW-12,7,59,2021-05-21,48.5,9595.9,24.06,19.85,0.452,3766.0,68.1,False
BGW-12,7,60,2021-05-22,47.25,10633.2,23.06,18.77,0.449,3731.3,51.4,True
BGW-12,7,61,2021-05-23,47.72,10082.6,22.22,18.92,0.46,3686.2,59.9,True
BGW-12,7,62,2021-05-24,47.64,9995.3,24.11,20.23,0.456,3701.7,59.0,True
BGW-12,7,63,2021-05-25,47.22,11086.8,24.48,22.51,0.479,3760.3,47.7,True
BGW-12,7,64,2021-05-26,47.8,9873.3,23.14,20.21,0.466,3725.4,65.2,False
BGW-12,7,65,2021-05-27,47.62,10179.5,25.09,22.23,0.47,3701.0,60.5,True
BGW-12,7,66,2021-05-28,47.53,9829.5,22.49,22.34,0.498,3708.8,60.5,True
BGW-12,7,67,2021-05-29,47.62,10747.6,23.1,22.72,0.496,3734.1,54.5,True
BGW-12,7,68,2021-05-30,47.79,10861.4,22.48,21.08,0.484,3691.6,51.3,True
BGW-12,7,69,2021-05-31,47.5,9575.2,23.31,22.56,0.492,3650.2,64.6,True
BGW-12,7,70,2021-06-01,47.74,10807.3,21.57,20.53,0.488,3708.2,52.8,True
BGW-12,7,71,2021-06-02,47.2,10449.3,23.98,22.03,0.479,3670.0,56.1,True
BGW-12,7,72,2021-06-03,47.78,9738.5,22.14,21.94,0.498,3665.4,68.8,False
BGW-12,7,73,2021-06-04,47.26,10621.9,20.43,20.1,0.496,3612.5,59.8,True
BGW-12,7,74,2021-06-05,47.03,10556.3,21.6,23.06,0.516,3611.2,53.4,True
BGW-12,7,75,2021-06-06,47.47,10156.9,23.08,22.98,0.499,3591.2,62.7,True
BGW-12,7,76,2021-06-07,47.35,10596.0,21.43,20.72,0.492,3653.0,56.4,True
BGW-12,7,77,2021-06-08,47.03,10506.7,22.54,24.81,0.524,3631.3,59.7,True
BGW-12,7,78,2021-06-09,47.1,10666.8,20.05,20.73,0.508,3618.6,58.2,True
BGW-12,7,79,2021-06-10,46.96,10467.2,21.44,21.49,0.501,3656.5,54.6,True
BGW-12,7,80,2021-06-11,46.82,10528.7,21.63,22.64,0.511,3629.5,56.8,True
BGW-12,7,81,2021-06-12,46.65,11329.6,20.0,21.33,0.516,3554.6,52.2,True
BGW-12,7,82,2021-06-13,47.28,11041.6,20.01,21.27,0.515,3569.1,49.0,True
BGW-12,7,83,2021-06-14,47.1,11060.8,20.22,23.19,0.534,3595.7,54.0,True
BGW-12,7,84,2021-06-15,47.23,10338.5,18.46,21.14,0.534,3583.2,61.4,True
BGW-12,7,85,2021-06-16,47.33,10288.5,21.54,25.87,0.546,3609.2,61.6,True
BGW-12,7,86,2021-06-17,47.45,9937.4,21.96,24.52,0.528,3553.5,60.7,True
BGW-12,7,87,2021-06-18,47.56,10137.3,19.15,20.96,0.522,3532.3,63.0,True
BGW-12,7,88,2021-06-19,46.41,10554.0,20.66,25.01,0.548,3567.6,54.9,True
BGW-12,7,89,2021-06-20,47.29,10218.5,20.53,23.8,0.537,3522.9,62.1,True
BGW-12,8,0,2021-07-11,133.8,122.4,266.24,107.59,0.288,4106.9,99.0,False
BGW-12,8,1,2021-07-12,128.23,159.6,266.09,101.58,0.276,4164.4,97.6,False
BGW-12,8,2,2021-07-13,122.34,201.4,241.52,99.3,0.291,4110.8,100.0,False
BGW-12,8,3,2021-07-14,116.52,274.8,175.43,69.58,0.284,4122.5,100.0,False
BGW-12,8,4,2021-07-15,111.98,325.9,174.07,73.44,0.297,4124.9,100.0,False
BGW-12,8,5,2021-07-16,107.17,397.4,180.6,71.4,0.283,4070.7,100.0,False
BGW-12,8,6,2021-07-17,102.91,475.9,155.71,64.98,0.294,4106.4,100.0,False
BGW-12,8,7,2021-07-18,99.21,572.6,149.96,59.98,0.286,4080.2,98.5,False
BGW-12,8,8,2021-07-19,95.72,656.4,138.19,59.42,0.301,4116.5,100.0,False
BGW-12,8,9,2021-07-20,92.13,824.7,113.77,50.66,0.308,4065.9,97.5,False
BGW-12,8,10,2021-07-21,89.21,950.7,95.29,41.06,0.301,4083.9,100.0,False
BGW-12,8,11,2021-07-22,85.85,1063.7,96.41,40.78,0.297,4083.2,100.0,False
BGW-12,8,12,2021-07-23,83.16,1260.5,98.55,43.22,0.305,4067.6,97.9,False
BGW-12,8,13,2021-07-24,80.68,1509.9,87.71,41.94,0.323,4017.1,100.0,False
BGW-12,8,14,2021-07-25,78.41,1638.4,88.35,41.51,0.32,4074.0,93.9,False
BGW-12,8,15,2021-07-26,76.21,1942.6,71.02,34.06,0.324,4033.9,99.2,False
BGW-12,8,16,2021-07-27,74.18,2119.6,73.95,35.47,0.324,4010.9,100.0,False
BGW-12,8,17,2021-07-28,72.59,2230.9,71.0,34.89,0.33,4063.0,100.0,False
BGW-12,8,18,2021-07-29,69.76,2637.6,65.05,34.89,0.349,3960.1,99.9,False
BGW-12,8,19,2021-07-30,68.66,2866.5,63.29,31.65,0.333,4055.2,96.2,False
BGW-12,8,20,2021-07-31,67.39,3004.6,60.19,29.7,0.33,4003.5,99.1,False
BGW-12,8,21,2021-08-01,65.7,3532.3,49.19,26.48,0.35,4000.8,100.0,False
BGW-12,8,22,2021-08-02,64.47,3528.2,49.03,24.49,0.333,3965.0,94.3,False
BGW-12,8,23,2021-08-03,62.75,4252.6,45.78,24.06,0.344,4024.1,100.0,False
BGW-12,8,24,2021-08-04,62.0,4183.9,49.04,28.68,0.369,4011.7,100.0,False
BGW-12,8,25,2021-08-05,61.7,4356.4,50.11,27.66,0.356,3955.8,100.0,False
BGW-12,8,26,2021-08-06,59.69,4759.8,47.23,26.82,0.362,3977.5,100.0,False
BGW-12,8,27,2021-08-07,59.27,5092.5,43.3,23.7,0.354,3966.3,95.5,False
BGW-12,8,28,2021-08-08,58.22,5556.4,44.27,25.05,0.361,3969.7,100.0,False
BGW-12,8,29,2021-08-09,57.76,5437.2,39.27,21.96,0.359,3949.1,100.0,False
BGW-12,8,30,2021-08-10,56.57,5869.9,39.16,23.78,0.378,3950.3,100.0,False
BGW-12,8,31,2021-08-11,56.19,6250.1,38.78,21.82,0.36,3955.5,98.8,False
BGW-12,8,32,2021-08-12,55.5,5836.8,38.42,22.04,0.365,3915.3,100.0,False
BGW-12,8,33,2021-08-13,54.65,6480.1,38.83,24.26,0.385,3962.5,100.0,False
BGW-12,8,34,2021-08-14,54.61,6165.3,38.86,23.24,0.374,3912.8,96.2,False
BGW-12,8,35,2021-08-15,53.94,7322.7,32.64,20.61,0.387,3970.4,100.0,False
BGW-12,8,36,2021-08-16,52.21,8402.5,34.37,19.4,0.361,3946.3,81.2,False
BGW-12,8,37,2021-08-17,52.91,7203.0,34.66,22.38,0.392,3897.8,97.0,False
BGW-12,8,38,2021-08-18,52.65,7281.2,31.87,19.83,0.384,3876.5,95.1,False
BGW-12,8,39,2021-08-19,51.48,8138.5,33.79,21.13,0.385,3882.1,84.9,False
BGW-12,8,40,2021-08-20,51.37,8445.9,30.25,19.39,0.391,3911.0,80.7,False
BGW-12,8,41,2021-08-21,51.24,8865.8,31.31,21.8,0.41,3845.6,76.7,False
BGW-12,8,42,2021-08-22,50.99,8094.3,28.65,20.07,0.412,3845.9,87.5,False
BGW-12,8,43,2021-08-23,50.82,8420.4,33.18,22.98,0.409,3880.8,82.8,False
BGW-12,8,44,2021-08-24,50.43,8679.9,32.23,21.15,0.396,3840.5,77.4,False
BGW-12,8,45,2021-08-25,50.11,9210.0,27.38,19.07,0.411,3897.2,71.6,False
BGW-12,8,46,2021-08-26,50.23,8812.7,31.16,20.83,0.401,3814.0,84.4,False
BGW-12,8,47,2021-08-27,50.13,8982.5,29.64,22.27,0.429,3835.5,79.2,False
BGW-12,8,48,2021-08-28,49.42,9235.9,28.57,20.98,0.423,3839.4,76.0,False
BGW-12,8,49,2021-08-29,49.42,8955.5,29.34,20.05,0.406,3836.6,74.1,False
BGW-12,8,50,2021-08-30,49.46,9163.4,28.69,21.61,0.43,3805.5,75.9,False
BGW-12,8,51,2021-08-31,48.73,9755.4,30.34,21.94,0.42,3793.0,66.0,False
BGW-12,8,52,2021-09-01,49.6,8741.9,28.32,21.21,0.428,3758.4,75.5,False
BGW-12,8,53,2021-09-02,48.91,9769.8,26.38,21.49,0.449,3753.0,59.4,True
BGW-12,8,54,2021-09-03,48.36,9833.6,26.28,20.31,0.436,3827.5,66.8,False
BGW-12,8,55,2021-09-04,48.73,9628.4,26.82,22.12,0.452,3796.0,73.6,False
BGW-12,8,56,2021-09-05,48.23,10024.3,27.1,21.15,0.438,3777.8,65.6,False
BGW-12,8,57,2021-09-06,48.63,9302.4,24.71,19.65,0.443,3709.0,72.2,False
BGW-12,8,58,2021-09-07,48.0,10603.9,26.11,21.47,0.451,3793.6,52.5,True
BGW-12,8,59,2021-09-08,47.96,10132.8,26.26,21.89,0.455,3766.4,66.1,False
BGW-12,8,60,2021-09-09,48.11,9966.9,26.3,21.85,0.454,3731.9,64.3,True
BGW-12,8,61,2021-09-10,47.78,9848.8,25.36,21.22,0.456,3765.0,70.7,False
BGW-12,8,62,2021-09-11,47.82,10020.5,26.17,24.28,0.481,3676.7,65.4,False
BGW-12,8,63,2021-09-12,48.05,10466.5,27.67,23.8,0.462,3734.9,57.8,True
BGW-12,8,64,2021-09-13,47.5,10054.4,25.55,21.11,0.452,3739.0,58.6,True
BGW-12,8,65,2021-09-14,47.82,10712.7,24.85,22.12,0.471,3694.9,58.1,True
BGW-12,8,66,2021-09-15,47.51,10365.7,25.02,22.47,0.473,3692.6,54.2,True
BGW-12,8,67,2021-09-16,47.56,10413.0,23.74,22.08,0.482,3706.2,53.2,True
BGW-12,8,68,2021-09-17,48.06,9794.3,24.81,22.67,0.477,3655.9,65.2,False
BGW-12,8,69,2021-09-18,48.07,10180.3,23.43,21.2,0.475,3614.8,61.2,True
BGW-12,8,70,2021-09-19,47.75,10027.0,24.72,23.77,0.49,3687.7,65.8,False
BGW-12,8,71,2021-09-20,47.62,10751.5,23.06,24.05,0.51,3665.1,54.8,True
BGW-12,8,72,2021-09-21,47.11,10581.4,23.95,23.27,0.493,3647.3,61.4,True
BGW-12,8,73,2021-09-22,47.53,9923.1,26.72,24.96,0.483,3648.0,70.5,False
BGW-12,8,74,2021-09-23,46.63,11620.1,22.47,21.88,0.493,3665.1,44.7,True
BGW-12,8,75,2021-09-24,47.4,10959.5,23.08,23.77,0.507,3661.2,49.6,True
BGW-12,8,76,2021-09-25,47.09,10213.1,23.08,23.18,0.501,3587.7,63.4,True
BGW-12,8,77,2021-09-26,47.55,10114.2,20.59,20.17,0.495,3637.7,60.9,True
BGW-12,8,78,2021-09-27,47.16,10133.2,22.27,22.09,0.498,3614.7,62.4,True
BGW-12,8,79,2021-09-28,47.36,9778.7,22.76,25.99,0.533,3601.6,68.0,False
BGW-12,8,80,2021-09-29,46.86,11333.9,23.67,24.09,0.504,3612.0,43.2,True
BGW-12,8,81,2021-09-30,47.25,10777.5,24.41,25.32,0.509,3618.3,53.5,True
BGW-12,8,82,2021-10-01,47.34,10244.6,21.93,23.5,0.517,3560.4,65.3,False
BGW-12,8,83,2021-10-02,47.01,11076.9,20.65,23.05,0.527,3588.6,43.9,True
BGW-12,8,84,2021-10-03,47.11,10740.1,21.04,23.74,0.53,3614.9,53.8,True
BGW-12,8,85,2021-10-04,47.27,9963.8,21.62,23.87,0.525,3563.9,64.3,True
BGW-12,8,86,2021-10-05,47.01,12016.1,20.29,24.58,0.548,3496.7,37.3,True
BGW-12,8,87,2021-10-06,47.11,11155.8,22.03,25.81,0.539,3540.3,48.7,True
BGW-12,8,88,2021-10-07,47.31,10348.1,21.21,25.3,0.544,3586.6,58.0,True
BGW-12,8,89,2021-10-08,47.17,10299.1,20.62,23.94,0.537,3534.1,66.5,False
BGW-12,9,0,2021-10-31,136.06,120.0,314.59,122.5,0.28,4131.1,100.0,False
BGW-12,9,1,2021-11-01,132.11,129.6,263.28,102.97,0.281,4158.6,96.3,False
BGW-12,9,2,2021-11-02,128.82,151.7,263.79,98.71,0.272,4169.1,100.0,False
BGW-12,9,3,2021-11-03,125.19,189.4,213.75,90.66,0.298,4089.8,100.0,False
BGW-12,9,4,2021-11-04,121.8,205.0,223.86,89.75,0.286,4131.5,99.4,False
BGW-12,9,5,2021-11-05,118.44,249.0,207.85,88.57,0.299,4096.8,98.7,False
BGW-12,9,6,2021-11-06,115.69,259.6,209.96,87.06,0.293,4141.9,100.0,False
BGW-12,9,7,2021-11-07,113.16,292.8,179.99,72.12,0.286,4078.4,100.0,False
BGW-12,9,8,2021-11-08,110.21,341.0,173.81,66.11,0.276,4078.4,100.0,False
BGW-12,9,9,2021-11-09,107.65,396.7,152.42,68.91,0.311,4156.7,100.0,False
BGW-12,9,10,2021-11-10,105.36,431.7,138.65,59.45,0.3,4141.4,100.0,False
BGW-12,9,11,2021-11-11,103.0,426.8,125.92,56.26,0.309,4082.4,99.5,False
BGW-12,9,12,2021-11-12,100.74,565.8,125.0,52.72,0.297,4076.9,96.3,False
BGW-12,9,13,2021-11-13,98.25,578.8,124.99,52.9,0.297,4041.7,92.0,False
BGW-12,9,14,2021-11-14,96.39,706.8,101.57,44.09,0.303,4047.8,100.0,False
BGW-12,9,15,2021-11-15,94.33,758.0,110.39,50.22,0.313,4114.5,100.0,False
BGW-12,9,16,2021-11-16,91.99,824.8,98.36,43.75,0.308,4020.4,96.7,False
BGW-12,9,17,2021-11-17,89.57,877.6,85.6,40.11,0.319,4030.7,100.0,False
BGW-12,9,18,2021-11-18,88.16,1034.1,97.29,52.99,0.353,4024.8,100.0,False
BGW-12,9,19,2021-11-19,86.4,1124.0,84.71,41.98,0.331,3998.1,99.7,False
BGW-12,9,20,2021-11-20,84.16,1200.2,88.33,47.56,0.35,4004.6,100.0,False
BGW-12,9,21,2021-11-21,83.03,1395.6,72.35,37.15,0.339,4016.2,100.0,False
BGW-12,9,22,2021-11-22,81.66,1472.9,74.12,38.85,0.344,3929.2,100.0,False
BGW-12,9,23,2021-11-23,80.4,1458.4,72.53,38.38,0.346,4005.5,98.0,False
BGW-12,9,24,2021-11-24,79.01,1633.3,69.64,36.96,0.347,3994.1,99.7,False
BGW-12,9,25,2021-11-25,77.27,1872.3,64.55,34.28,0.347,3981.3,100.0,False
BGW-12,9,26,2021-11-26,76.64,1908.5,63.94,36.48,0.363,3943.2,100.0,False
BGW-12,9,27,2021-11-27,75.3,1836.0,53.64,30.69,0.364,3982.2,100.0,False
BGW-12,9,28,2021-11-28,74.27,2094.3,58.92,34.29,0.368,3956.8,97.9,False
BGW-12,9,29,2021-11-29,72.8,2305.0,56.25,31.37,0.358,3933.4,96.6,False
BGW-12,9,30,2021-11-30,72.19,2328.6,56.93,30.79,0.351,3924.3,100.0,False
BGW-12,9,31,2021-12-01,70.26,2617.5,50.97,30.26,0.373,3977.3,95.5,False
BGW-12,9,32,2021-12-02,69.9,2665.0,48.24,27.58,0.364,3899.9,100.0,False
BGW-12,9,33,2021-12-03,68.35,3049.5,49.57,29.88,0.376,3924.4,100.0,False
BGW-12,9,34,2021-12-04,67.73,3084.8,50.51,31.34,0.383,3923.1,100.0,False
BGW-12,9,35,2021-12-05,66.47,3401.8,45.66,27.19,0.373,3926.6,100.0,False
BGW-12,9,36,2021-12-06,65.66,3507.5,49.7,31.39,0.387,3858.4,99.2,False
BGW-12,9,37,2021-12-07,65.85,3306.7,42.8,27.14,0.388,3938.7,100.0,False
BGW-12,9,38,2021-12-08,64.27,3687.9,43.59,29.02,0.4,3902.8,100.0,False
BGW-12,9,39,2021-12-09,64.01,3560.0,44.76,29.24,0.395,3880.2,99.8,False
BGW-12,9,40,2021-12-10,63.07,3883.2,48.12,33.37,0.409,3864.9,100.0,False
BGW-12,9,41,2021-12-11,62.07,4180.0,40.66,25.39,0.384,3906.3,100.0,False
BGW-12,9,42,2021-12-12,61.04,4323.7,42.07,28.71,0.406,3889.0,97.4,False
BGW-12,9,43,2021-12-13,60.91,4474.2,36.58,24.9,0.405,3845.7,100.0,False
BGW-12,9,44,2021-12-14,60.69,4568.0,40.21,27.17,0.403,3873.5,100.0,False
BGW-12,9,45,2021-12-15,60.0,4824.1,36.14,24.66,0.406,3810.2,100.0,False
BGW-12,9,46,2021-12-16,59.2,4821.2,37.78,27.34,0.42,3829.2,100.0,False
BGW-12,9,47,2021-12-17,58.61,4889.5,36.74,27.81,0.431,3833.1,99.8,False
BGW-12,9,48,2021-12-18,58.35,5321.7,36.55,28.62,0.439,3842.3,100.0,False
BGW-12,9,49,2021-12-19,57.8,5423.4,34.06,24.59,0.419,3837.2,100.0,False
BGW-12,9,50,2021-12-20,57.43,5508.4,34.02,24.27,0.416,3799.1,100.0,False
BGW-12,9,51,2021-12-21,56.63,5961.0,33.37,24.19,0.42,3823.6,100.0,False
BGW-12,9,52,2021-12-22,57.14,5616.7,32.99,24.47,0.426,3797.5,100.0,False
BGW-12,9,53,2021-12-23,56.44,5816.3,33.17,25.28,0.433,3809.6,94.5,False
BGW-12,9,54,2021-12-24,55.24,6334.7,30.88,24.05,0.438,3784.9,100.0,False
BGW-12,9,55,2021-12-25,55.5,6245.7,35.41,27.54,0.437,3734.5,96.3,False
BGW-12,9,56,2021-12-26,55.23,5983.8,29.55,22.33,0.43,3809.8,100.0,False
BGW-12,9,57,2021-12-27,54.41,6824.4,25.94,20.34,0.439,3753.6,100.0,False
BGW-12,9,58,2021-12-28,54.66,6040.4,29.76,24.79,0.454,3771.6,100.0,False
BGW-12,9,59,2021-12-29,54.12,6528.2,28.61,25.99,0.476,3706.7,96.2,False
BGW-12,9,60,2021-12-30,53.96,6615.1,32.16,30.07,0.483,3751.5,99.3,False
BGW-12,9,61,2021-12-31,52.92,7674.3,24.62,19.78,0.446,3751.7,93.1,False
BGW-12,9,62,2022-01-01,52.75,7284.6,25.72,21.79,0.459,3709.3,95.3,False
BGW-12,9,63,2022-01-02,53.12,7352.9,28.46,24.6,0.464,3720.4,99.0,False
BGW-12,9,64,2022-01-03,52.53,7721.4,26.41,22.92,0.465,3743.7,95.4,False
BGW-12,9,65,2022-01-04,52.34,7906.1,24.92,21.92,0.468,3707.5,87.6,False
BGW-12,9,66,2022-01-05,52.42,7768.3,27.16,24.6,0.475,3736.7,91.1,False
BGW-12,9,67,2022-01-06,51.52,7832.7,26.9,26.07,0.492,3685.9,89.7,False
BGW-12,9,68,2022-01-07,51.38,7940.0,27.0,26.54,0.496,3662.8,88.5,False
BGW-12,9,69,2022-01-08,51.58,7508.8,28.19,25.06,0.471,3688.8,95.8,False
BGW-12,9,70,2022-01-09,51.56,8106.4,25.56,24.58,0.49,3726.8,89.8,False
BGW-12,9,71,2022-01-10,50.85,7796.0,23.9,21.26,0.471,3626.2,87.6,False
BGW-12,9,72,2022-01-11,50.88,8668.5,25.4,23.98,0.486,3719.4,78.5,False
BGW-12,9,73,2022-01-12,51.01,8365.0,24.98,24.2,0.492,3646.4,90.0,False
BGW-12,9,74,2022-01-13,50.71,7925.8,24.45,23.72,0.492,3621.9,91.0,False
BGW-12,9,75,2022-01-14,50.52,8362.7,23.26,22.3,0.489,3641.3,83.5,False
BGW-12,9,76,2022-01-15,50.3,8406.1,24.23,24.29,0.501,3633.8,80.3,False
BGW-12,9,77,2022-01-16,50.75,8391.8,22.58,24.61,0.522,3667.4,87.4,False
BGW-12,9,78,2022-01-17,50.06,8551.5,22.93,24.98,0.521,3589.8,86.4,False
BGW-12,9,79,2022-01-18,49.18,9325.9,22.03,22.55,0.506,3622.8,71.1,False
BGW-12,9,80,2022-01-19,49.58,9149.3,22.96,22.31,0.493,3590.1,75.7,False
BGW-12,9,81,2022-01-20,49.31,8991.6,23.39,25.27,0.519,3609.8,78.0,False
BGW-12,9,82,2022-01-21,49.22,8272.0,23.97,26.83,0.528,3609.6,84.6,False
BGW-12,9,83,2022-01-22,49.16,9217.6,21.68,24.63,0.532,3644.6,70.5,False
BGW-12,9,84,2022-01-23,49.2,9623.0,21.67,25.57,0.541,3566.2,72.0,False
BGW-12,9,85,2022-01-24,49.33,9726.3,22.35,24.37,0.522,3546.5,67.0,False
BGW-12,9,86,2022-01-25,49.2,9034.7,22.98,24.51,0.516,3538.2,72.1,False
BGW-12,9,87,2022-01-26,49.01,8883.0,21.63,25.88,0.545,3479.1,80.1,False
BGW-12,9,88,2022-01-27,48.79,10070.9,21.82,26.03,0.544,3519.4,64.1,True
BGW-12,9,89,2022-01-28,48.95,9656.7,21.78,25.46,0.539,3507.0,67.5,False
BGW-13,1,0,2019-04-12,134.55,205.7,223.01,114.48,0.339,3809.2,96.5,False
BGW-13,1,1,2019-04-13,130.64,262.6,203.73,104.14,0.338,3841.8,98.1,False
BGW-13,1,2,2019-04-14,125.89,311.8,191.79,102.46,0.348,3806.6,98.5,False
BGW-13,1,3,2019-04-15,121.3,358.0,167.87,83.94,0.333,3829.5,100.0,False
BGW-13,1,4,2019-04-16,117.58,451.0,146.38,81.78,0.358,3792.6,100.0,False
BGW-13,1,5,2019-04-17,113.98,508.4,146.06,79.3,0.352,3809.2,93.8,False
BGW-13,1,6,2019-04-18,110.16,573.6,125.76,67.73,0.35,3824.3,98.1,False
BGW-13,1,7,2019-04-19,106.64,669.6,122.05,68.17,0.358,3801.9,98.7,False
BGW-13,1,8,2019-04-20,103.86,718.6,114.68,70.08,0.379,3795.9,95.5,False
BGW-13,1,9,2019-04-21,100.94,822.4,98.42,52.43,0.348,3736.4,100.0,False
BGW-13,1,10,2019-04-22,98.44,888.7,103.91,59.05,0.362,3740.7,98.1,False
BGW-13,1,11,2019-04-23,95.57,1081.7,90.35,54.68,0.377,3721.7,100.0,False
BGW-13,1,12,2019-04-24,93.0,1166.0,76.81,45.15,0.37,3718.4,94.9,False
BGW-13,1,13,2019-04-25,90.39,1325.1,78.45,48.57,0.382,3736.3,99.7,False
BGW-13,1,14,2019-04-26,88.19,1544.1,67.99,44.04,0.393,3719.2,98.2,False
BGW-13,1,15,2019-04-27,85.9,1581.5,70.07,45.1,0.392,3678.7,100.0,False
BGW-13,1,16,2019-04-28,84.17,1816.2,63.87,40.48,0.388,3681.7,100.0,False
BGW-13,1,17,2019-04-29,82.11,1909.8,68.26,41.8,0.38,3716.1,100.0,False
BGW-13,1,18,2019-04-30,80.01,2110.8,65.73,41.13,0.385,3723.4,100.0,False
BGW-13,1,19,2019-05-01,78.04,2395.1,59.12,36.38,0.381,3726.9,100.0,False
BGW-13,1,20,2019-05-02,77.15,2611.0,63.35,41.9,0.398,3686.1,100.0,False
BGW-13,1,21,2019-05-03,75.82,2577.5,61.14,43.95,0.418,3729.0,97.6,False
BGW-13,1,22,2019-05-04,73.92,2890.3,52.23,35.82,0.407,3736.3,100.0,False
BGW-13,1,23,2019-05-05,72.56,3052.4,52.74,33.67,0.39,3676.4,98.8,False
BGW-13,1,24,2019-05-06,71.26,3609.5,47.45,32.5,0.407,3703.8,97.9,False
BGW-13,1,25,2019-05-07,69.76,3561.0,48.91,36.12,0.425,3627.4,97.1,False
BGW-13,1,26,2019-05-08,68.61,3685.3,42.65,29.12,0.406,3685.5,100.0,False
BGW-13,1,27,2019-05-09,68.25,3829.2,47.31,34.83,0.424,3655.2,98.3,False
BGW-13,1,28,2019-05-10,66.29,4400.4,43.5,31.3,0.418,3691.3,100.0,False
BGW-13,1,29,2019-05-11,65.9,4241.1,41.47,31.56,0.432,3607.5,96.7,False
BGW-13,1,30,2019-05-12,64.5,4710.5,39.1,28.71,0.423,3626.6,100.0,False
BGW-13,1,31,2019-05-13,63.78,5079.5,34.8,27.99,0.446,3638.7,100.0,False
BGW-13,1,32,2019-05-14,63.07,5158.1,38.93,27.66,0.415,3633.1,100.0,False
BGW-13,1,33,2019-05-15,62.01,5291.3,36.11,27.76,0.435,3632.0,96.6,False
BGW-13,1,34,2019-05-16,61.66,5269.0,37.11,28.68,0.436,3617.1,98.4,False
BGW-13,1,35,2019-05-17,60.5,5986.4,32.2,26.78,0.454,3626.3,100.0,False
BGW-13,1,36,2019-05-18,60.15,5607.5,35.76,28.61,0.444,3578.0,100.0,False
BGW-13,1,37,2019-05-19,59.42,6042.1,34.0,28.04,0.452,3564.7,99.5,False
BGW-13,1,38,2019-05-20,58.42,6911.0,33.71,30.09,0.472,3596.8,100.0,False
BGW-13,1,39,2019-05-21,58.09,7328.6,31.09,26.06,0.456,3578.1,98.4,False
BGW-13,1,40,2019-05-22,57.52,6793.8,30.0,25.29,0.457,3594.4,98.6,False
BGW-13,1,41,2019-05-23,57.09,7247.2,30.64,26.35,0.462,3543.9,88.6,False
BGW-13,1,42,2019-05-24,56.61,7123.4,31.16,27.99,0.473,3546.0,99.2,False
BGW-13,1,43,2019-05-25,55.93,7636.2,29.71,23.7,0.444,3527.0,93.2,False
BGW-13,1,44,2019-05-26,54.73,8023.1,25.98,22.69,0.466,3564.6,89.1,False
BGW-13,1,45,2019-05-27,55.0,7534.8,28.98,28.67,0.497,3565.0,99.9,False
BGW-13,1,46,2019-05-28,54.62,8075.8,26.72,24.52,0.479,3544.8,86.5,False
BGW-13,1,47,2019-05-29,54.11,7916.9,26.57,25.69,0.492,3425.3,92.3,False
BGW-13,1,48,2019-05-30,53.75,8970.3,25.56,24.3,0.487,3531.0,77.7,False
BGW-13,1,49,2019-05-31,53.63,8489.7,27.09,27.13,0.5,3522.2,86.0,False
BGW-13,1,50,2019-06-01,53.05,9348.9,24.5,23.9,0.494,3542.3,76.5,False
BGW-13,1,51,2019-06-02,53.31,9225.3,23.56,21.97,0.483,3463.1,71.6,False
BGW-13,1,52,2019-06-03,53.18,8593.3,24.22,23.6,0.494,3567.8,81.3,False
BGW-13,1,53,2019-06-04,52.37,9529.8,23.47,21.71,0.48,3472.0,69.7,False
BGW-13,1,54,2019-06-05,51.98,8979.6,24.99,24.67,0.497,3490.3,74.1,False
BGW-13,1,55,2019-06-06,52.19,9924.8,20.98,20.63,0.496,3461.2,62.9,True
BGW-13,1,56,2019-06-07,52.15,9210.1,23.66,23.46,0.498,3405.4,80.8,False
BGW-13,1,57,2019-06-08,51.35,9590.1,21.73,23.55,0.52,3454.2,65.8,False
BGW-13,1,58,2019-06-09,51.29,9667.8,21.5,22.42,0.51,3485.8,67.9,False
BGW-13,1,59,2019-06-10,51.28,10777.2,22.43,24.4,0.521,3506.5,55.4,True
BGW-13,1,60,2019-06-11,50.94,10123.6,23.34,24.46,0.512,3465.0,63.1,True
BGW-13,1,61,2019-06-12,50.99,10384.5,22.26,24.49,0.524,3409.6,64.2,True
BGW-13,1,62,2019-06-13,50.6,9227.0,24.16,25.79,0.516,3432.4,73.4,False
BGW-13,1,63,2019-06-14,50.63,11387.2,19.68,21.2,0.519,3407.8,49.6,True
BGW-13,1,64,2019-06-15,50.55,10327.7,22.98,25.66,0.528,3394.5,63.7,True
BGW-13,1,65,2019-06-16,50.74,9606.4,21.71,23.41,0.519,3433.1,73.4,False
BGW-13,1,66,2019-06-17,49.67,11392.3,20.16,23.67,0.54,3403.1,50.7,True
BGW-13,1,67,2019-06-18,50.18,10563.0,21.76,25.17,0.536,3400.4,53.5,True
BGW-13,1,68,2019-06-19,49.53,11667.6,19.09,23.75,0.554,3409.9,44.9,True
BGW-13,1,69,2019-06-20,49.26,11068.9,20.07,26.19,0.566,3425.9,50.8,True
BGW-13,1,70,2019-06-21,49.92,11286.7,19.87,25.93,0.566,3395.9,56.2,True
BGW-13,1,71,2019-06-22,49.33,10783.4,21.23,26.13,0.552,3338.1,56.9,True
BGW-13,1,72,2019-06-23,49.39,11646.0,20.82,25.45,0.55,3328.1,45.4,True
BGW-13,1,73,2019-06-24,49.09,11168.3,20.86,25.51,0.55,3388.5,48.5,True
BGW-13,1,74,2019-06-25,49.08,10955.1,21.1,27.37,0.565,3348.8,53.6,True
BGW-13,1,75,2019-06-26,49.24,11467.5,19.99,25.9,0.564,3336.6,46.1,True
BGW-13,1,76,2019-06-27,49.0,10953.2,18.99,24.69,0.565,3284.4,57.3,True
BGW-13,1,77,2019-06-28,48.86,11600.3,20.56,29.23,0.587,3399.4,45.5,True
BGW-13,1,78,2019-06-29,49.05,11725.8,18.3,24.92,0.577,3313.2,47.4,True
BGW-13,1,79,2019-06-30,48.06,12095.9,18.76,26.83,0.589,3306.3,38.5,True
BGW-13,1,80,2019-07-01,48.43,11472.7,22.01,28.28,0.562,3319.4,43.8,True
BGW-13,1,81,2019-07-02,49.32,11506.4,20.69,28.25,0.577,3301.2,43.3,True
BGW-13,1,82,2019-07-03,48.64,11631.8,18.76,27.01,0.59,3280.5,43.7,True
BGW-13,1,83,2019-07-04,48.26,11983.9,18.75,27.89,0.598,3265.7,46.2,True
BGW-13,1,84,2019-07-05,48.58,11569.5,17.43,24.55,0.585,3276.5,51.4,True
BGW-13,1,85,2019-07-06,48.29,11842.7,19.42,27.95,0.59,3220.6,43.7,True
BGW-13,1,86,2019-07-07,48.65,11717.0,19.38,26.48,0.577,3311.7,43.9,True
BGW-13,1,87,2019-07-08,48.27,11900.3,17.97,26.42,0.595,3233.7,46.1,True
BGW-13,1,88,2019-07-09,48.39,11916.9,19.12,28.78,0.601,3268.3,45.3,True
BGW-13,1,89,2019-07-10,48.4,11826.3,18.82,29.5,0.611,3270.1,40.1,True
BGW-13,2,0,2019-08-03,139.64,180.9,243.73,119.19,0.328,3785.7,100.0,False
BGW-13,2,1,2019-08-04,132.38,213.7,217.16,114.84,0.346,3822.5,100.0,False
BGW-13,2,2,2019-08-05,125.06,317.3,193.16,107.67,0.358,3813.2,96.1,False
BGW-13,2,3,2019-08-06,117.98,387.1,161.2,89.02,0.356,3804.2,98.6,False
BGW-13,2,4,2019-08-07,112.78,490.8,135.01,70.38,0.343,3820.5,99.6,False
BGW-13,2,5,2019-08-08,107.17,647.4,137.46,78.78,0.364,3766.0,100.0,False
BGW-13,2,6,2019-08-09,101.87,761.1,114.65,63.69,0.357,3800.0,100.0,False
BGW-13,2,7,2019-08-10,97.64,996.3,102.55,60.11,0.37,3789.1,100.0,False
BGW-13,2,8,2019-08-11,94.1,1173.8,98.77,55.72,0.361,3777.0,98.7,False
BGW-13,2,9,2019-08-12,89.6,1360.8,90.52,49.43,0.353,3726.6,98.3,False
BGW-13,2,10,2019-08-13,86.24,1617.3,83.63,50.6,0.377,3746.8,97.4,False
BGW-13,2,11,2019-08-14,82.45,2011.2,78.36,48.93,0.384,3749.0,100.0,False
BGW-13,2,12,2019-08-15,79.73,2049.8,70.43,41.52,0.371,3723.0,93.8,False
BGW-13,2,13,2019-08-16,77.21,2582.9,64.56,39.3,0.378,3694.8,100.0,False
BGW-13,2,14,2019-08-17,75.09,2813.2,68.0,43.44,0.39,3742.6,98.0,False
BGW-13,2,15,2019-08-18,72.05,3163.0,60.22,37.88,0.386,3783.7,100.0,False
BGW-13,2,16,2019-08-19,70.28,3702.5,56.5,33.62,0.373,3733.3,99.5,False
BGW-13,2,17,2019-08-20,68.26,3768.0,51.83,32.27,0.384,3760.3,97.4,False
BGW-13,2,18,2019-08-21,66.03,4435.3,51.99,32.2,0.382,3706.8,99.3,False
BGW-13,2,19,2019-08-22,65.14,4752.1,50.1,31.91,0.389,3715.6,95.5,False
BGW-13,2,20,2019-08-23,63.5,4944.9,47.91,31.12,0.394,3779.7,100.0,False
BGW-13,2,21,2019-08-24,62.56,5605.4,45.71,30.72,0.402,3712.2,100.0,False
BGW-13,2,22,2019-08-25,61.39,5674.2,41.09,26.21,0.389,3657.7,100.0,False
BGW-13,2,23,2019-08-26,60.21,6368.3,40.99,29.59,0.419,3685.9,100.0,False
BGW-13,2,24,2019-08-27,58.99,6241.7,39.41,25.59,0.394,3742.9,97.8,False
BGW-13,2,25,2019-08-28,57.58,6657.0,38.31,26.13,0.406,3654.0,100.0,False
BGW-13,2,26,2019-08-29,57.1,6926.1,37.95,26.98,0.416,3725.4,99.6,False
BGW-13,2,27,2019-08-30,56.36,7406.1,33.07,24.1,0.422,3676.1,92.3,False
BGW-13,2,28,2019-08-31,55.68,8008.3,34.84,25.48,0.422,3625.3,92.8,False
BGW-13,2,29,2019-09-01,55.16,8171.8,35.1,27.68,0.441,3596.6,90.3,False
BGW-13,2,30,2019-09-02,54.66,8002.9,36.74,27.84,0.431,3658.5,82.9,False
BGW-13,2,31,2019-09-03,53.74,8499.5,33.44,26.17,0.439,3667.4,81.9,False
BGW-13,2,32,2019-09-04,52.84,9222.0,34.06,26.93,0.442,3621.4,76.3,False
BGW-13,2,33,2019-09-05,52.66,8767.4,32.02,23.91,0.428,3675.4,78.0,False
BGW-13,2,34,2019-09-06,51.88,10071.6,29.22,22.03,0.43,3581.5,62.1,True
BGW-13,2,35,2019-09-07,52.28,9634.0,31.01,27.52,0.47,3610.3,70.6,False
BGW-13,2,36,2019-09-08,51.44,9564.5,30.38,25.33,0.455,3640.8,73.2,False
BGW-13,2,37,2019-09-09,51.1,10313.2,30.49,25.3,0.453,3564.5,59.6,True
BGW-13,2,38,2019-09-10,51.17,10386.0,28.8,24.36,0.458,3578.5,64.9,True
BGW-13,2,39,2019-09-11,50.3,10008.3,28.92,23.72,0.451,3582.4,65.9,False
BGW-13,2,40,2019-09-12,50.4,10778.5,27.73,24.67,0.471,3602.5,59.3,True
BGW-13,2,41,2019-09-13,50.05,10654.5,29.78,25.28,0.459,3548.0,55.9,True
BGW-13,2,42,2019-09-14,49.83,10351.6,33.29,26.64,0.445,3581.6,58.8,True
BGW-13,2,43,2019-09-15,49.64,10812.8,28.69,26.21,0.477,3585.0,55.2,True
BGW-13,2,44,2019-09-16,49.15,11009.9,28.41,27.28,0.49,3516.7,50.7,True
BGW-13,2,45,2019-09-17,49.6,11012.2,26.55,22.7,0.461,3560.2,52.0,True
BGW-13,2,46,2019-09-18,49.25,11755.3,26.44,24.61,0.482,3526.1,45.2,True
BGW-13,2,47,2019-09-19,49.46,10552.4,26.84,24.28,0.475,3550.8,60.4,True
BGW-13,2,48,2019-09-20,48.84,11057.3,27.0,23.63,0.467,3518.7,56.0,True
BGW-13,2,49,2019-09-21,48.62,11097.9,27.1,25.82,0.488,3515.6,50.2,True
BGW-13,2,50,2019-09-22,48.52,11582.4,28.04,29.12,0.509,3525.6,45.9,True
BGW-13,2,51,2019-09-23,48.88,10696.2,25.22,22.18,0.468,3564.6,58.8,True
BGW-13,2,52,2019-09-24,49.0,11402.9,25.74,24.79,0.491,3506.4,51.9,True
BGW-13,2,53,2019-09-25,48.62,11138.0,26.73,26.27,0.496,3523.5,53.2,True
BGW-13,2,54,2019-09-26,48.03,11905.3,24.55,24.05,0.495,3465.3,39.1,True
BGW-13,2,55,2019-09-27,48.12,12383.2,25.02,25.64,0.506,3539.2,30.8,True
BGW-13,2,56,2019-09-28,48.27,12738.5,25.04,25.42,0.504,3491.4,38.3,True
BGW-13,2,57,2019-09-29,48.27,11697.6,26.12,26.51,0.504,3450.1,43.9,True
BGW-13,2,58,2019-09-30,48.06,11700.6,26.93,29.44,0.522,3445.1,45.7,True
BGW-13,2,59,2019-10-01,48.07,11845.8,26.66,28.66,0.518,3461.2,45.5,True
BGW-13,2,60,2019-10-02,47.92,12173.3,22.72,25.63,0.53,3431.6,36.9,True
BGW-13,2,61,2019-10-03,48.39,11468.3,24.14,23.64,0.495,3460.2,46.9,True
BGW-13,2,62,2019-10-04,47.93,12397.3,23.5,27.04,0.535,3428.8,34.2,True
BGW-13,2,63,2019-10-05,47.64,12284.6,22.98,26.63,0.537,3416.9,35.9,True
BGW-13,2,64,2019-10-06,47.85,12193.2,25.86,25.36,0.495,3458.5,38.8,True
BGW-13,2,65,2019-10-07,47.87,12424.9,24.51,27.67,0.53,3444.9,34.1,True
BGW-13,2,66,2019-10-08,48.14,11939.0,24.07,28.92,0.546,3419.6,41.9,True
BGW-13,2,67,2019-10-09,48.13,11760.6,24.79,27.82,0.529,3427.1,43.9,True
BGW-13,2,68,2019-10-10,47.63,12772.5,22.69,28.34,0.555,3392.8,33.6,True
BGW-13,2,69,2019-10-11,48.0,12201.2,25.19,30.29,0.546,3385.5,38.4,True
BGW-13,2,70,2019-10-12,47.97,11557.0,22.71,26.44,0.538,3409.1,44.2,True
BGW-13,2,71,2019-10-13,47.9,11785.3,22.67,27.56,0.549,3333.3,44.1,True
BGW-13,2,72,2019-10-14,47.55,11699.7,21.79,26.3,0.547,3395.1,41.9,True
BGW-13,2,73,2019-10-15,48.42,12173.5,21.7,27.53,0.559,3347.5,39.0,True
BGW-13,2,74,2019-10-16,48.25,12889.0,20.16,27.23,0.575,3351.5,28.5,True
BGW-13,2,75,2019-10-17,47.92,12898.3,21.89,28.7,0.567,3383.3,32.8,True
BGW-13,2,76,2019-10-18,47.98,12584.7,21.05,25.6,0.549,3315.5,39.6,True
BGW-13,2,77,2019-10-19,47.66,12153.3,21.34,27.37,0.562,3354.5,40.8,True
BGW-13,2,78,2019-10-20,48.0,12345.3,21.2,27.86,0.568,3318.2,40.4,True
BGW-13,2,79,2019-10-21,47.64,12796.9,21.21,28.13,0.57,3361.2,30.0,True
BGW-13,2,80,2019-10-22,47.97,12206.7,20.31,28.11,0.581,3293.7,38.1,True
BGW-13,2,81,2019-10-23,47.61,12702.5,22.44,29.82,0.571,3335.5,29.8,True
BGW-13,2,82,2019-10-24,47.66,12591.6,20.63,29.67,0.59,3324.8,29.9,True
BGW-13,2,83,2019-10-25,47.14,13174.2,20.56,29.77,0.592,3250.7,27.5,True
BGW-13,2,84,2019-10-26,48.18,12104.3,22.02,30.68,0.582,3256.2,40.8,True
BGW-13,2,85,2019-10-27,47.81,11756.5,27.43,41.0,0.599,3281.6,48.3,True
BGW-13,2,86,2019-10-28,47.88,12604.5,19.59,28.13,0.589,3276.2,36.7,True
BGW-13,2,87,2019-10-29,47.53,12099.3,19.68,27.12,0.58,3277.7,35.0,True
BGW-13,2,88,2019-10-30,47.95,13386.4,19.96,28.64,0.589,3291.1,24.1,True
BGW-13,2,89,2019-10-31,48.06,12486.8,21.07,32.42,0.606,3228.0,37.5,True
BGW-13,3,0,2019-11-24,140.46,173.5,247.13,119.25,0.325,3863.4,100.0,False
BGW-13,3,1,2019-11-25,133.72,210.6,209.76,108.0,0.34,3818.7,99.3,False
BGW-13,3,2,2019-11-26,126.8,270.0,203.99,110.03,0.35,3832.1,100.0,False
BGW-13,3,3,2019-11-27,120.59,360.0,162.73,92.55,0.363,3763.0,99.9,False
BGW-13,3,4,2019-11-28,114.94,424.8,159.21,86.31,0.352,3778.3,98.4,False
BGW-13,3,5,2019-11-29,109.85,566.7,124.85,71.81,0.365,3760.5,97.2,False
BGW-13,3,6,2019-11-30,105.23,720.0,120.27,62.96,0.344,3780.6,97.3,False
BGW-13,3,7,2019-12-01,100.71,882.6,112.24,64.69,0.366,3761.1,99.4,False
BGW-13,3,8,2019-12-02,95.77,1055.4,106.62,59.2,0.357,3769.4,100.0,False
BGW-13,3,9,2019-12-03,92.44,1199.8,101.38,59.55,0.37,3776.8,99.8,False
BGW-13,3,10,2019-12-04,88.55,1323.4,87.86,50.76,0.366,3763.2,100.0,False
BGW-13,3,11,2019-12-05,85.54,1481.2,87.24,51.95,0.373,3762.6,100.0,False
BGW-13,3,12,2019-12-06,83.04,1835.4,76.7,46.32,0.377,3767.9,100.0,False
BGW-13,3,13,2019-12-07,80.1,2186.3,69.98,44.02,0.386,3730.1,95.0,False
BGW-13,3,14,2019-12-08,77.91,2344.5,67.5,43.89,0.394,3717.6,99.6,False
BGW-13,3,15,2019-12-09,75.46,2688.4,62.61,35.73,0.363,3756.7,99.6,False
BGW-13,3,16,2019-12-10,72.82,2950.8,58.77,36.01,0.38,3714.3,99.2,False
BGW-13,3,17,2019-12-11,71.47,3367.8,51.68,33.02,0.39,3759.3,99.9,False
BGW-13,3,18,2019-12-12,69.1,3731.7,58.66,36.17,0.381,3719.0,100.0,False
BGW-13,3,19,2019-12-13,67.32,4020.3,54.85,36.53,0.4,3737.3,100.0,False
BGW-13,3,20,2019-12-14,66.02,4233.6,45.86,32.34,0.414,3706.6,100.0,False
BGW-13,3,21,2019-12-15,65.03,4460.7,42.33,26.28,0.383,3701.4,98.4,False
BGW-13,3,22,2019-12-16,63.59,5198.8,39.3,29.9,0.432,3728.3,98.8,False
BGW-13,3,23,2019-12-17,62.13,5440.2,42.87,28.11,0.396,3680.1,96.1,False
BGW-13,3,24,2019-12-18,60.43,6371.0,40.49,30.67,0.431,3661.0,98.7,False
BGW-13,3,25,2019-12-19,59.99,6045.5,42.74,31.92,0.427,3713.3,100.0,False
BGW-13,3,26,2019-12-20,59.11,6271.9,42.03,30.83,0.423,3651.2,98.1,False
BGW-13,3,27,2019-12-21,57.96,7141.2,37.53,27.08,0.419,3649.0,99.5,False
BGW-13,3,28,2019-12-22,56.84,7507.8,34.42,25.21,0.423,3676.2,95.8,False
BGW-13,3,29,2019-12-23,56.34,7182.3,38.36,27.42,0.417,3685.0,100.0,False
BGW-13,3,30,2019-12-24,55.54,7788.7,34.26,25.78,0.429,3668.0,93.3,False
BGW-13,3,31,2019-12-25,54.94,8512.1,36.26,27.77,0.434,3632.8,82.2,False
BGW-13,3,32,2019-12-26,54.51,8898.4,32.41,26.3,0.448,3629.0,80.1,False
BGW-13,3,33,2019-12-27,53.9,8489.4,34.39,25.93,0.43,3664.5,87.7,False
BGW-13,3,34,2019-12-28,53.34,9297.4,33.13,26.98,0.449,3611.3,72.9,False
BGW-13,3,35,2019-12-29,53.02,9805.6,30.5,24.09,0.441,3579.3,65.1,False
BGW-13,3,36,2019-12-30,52.43,9463.6,28.58,22.4,0.439,3644.1,67.2,False
BGW-13,3,37,2019-12-31,52.29,9525.6,28.74,24.55,0.461,3597.7,76.5,False
BGW-13,3,38,2020-01-01,51.75,9916.7,30.72,26.26,0.461,3618.2,69.1,False
BGW-13,3,39,2020-01-02,51.36,10290.5,28.29,21.35,0.43,3566.3,61.1,True
BGW-13,3,40,2020-01-03,51.34,10273.4,29.01,26.59,0.478,3516.9,61.1,True
BGW-13,3,41,2020-01-04,51.07,9872.1,27.43,23.2,0.458,3549.6,65.3,False
BGW-13,3,42,2020-01-05,51.19,10071.9,28.13,25.98,0.48,3526.9,64.3,True
BGW-13,3,43,2020-01-06,50.1,10642.3,25.49,21.32,0.455,3591.3,57.0,True
BGW-13,3,44,2020-01-07,50.66,10606.8,27.5,23.85,0.464,3604.4,59.7,True
BGW-13,3,45,2020-01-08,50.12,10468.2,27.23,24.19,0.47,3521.7,61.9,True
BGW-13,3,46,2020-01-09,50.01,10976.0,27.2,23.66,0.465,3522.4,53.6,True
BGW-13,3,47,2020-01-10,49.7,10640.4,28.6,26.5,0.481,3491.9,53.3,True
BGW-13,3,48,2020-01-11,49.92,10707.5,26.1,25.42,0.493,3489.6,56.9,True
BGW-13,3,49,2020-01-12,49.08,11618.0,28.31,27.59,0.494,3512.3,44.9,True
BGW-13,3,50,2020-01-13,49.3,10317.5,26.67,26.04,0.494,3545.4,67.5,False
BGW-13,3,51,2020-01-14,49.74,11659.5,27.02,26.1,0.491,3456.2,46.6,True
BGW-13,3,52,2020-01-15,49.08,11584.9,24.74,22.72,0.479,3512.1,51.2,True
BGW-13,3,53,2020-01-16,49.46,11415.5,26.85,27.81,0.509,3478.2,46.5,True
BGW-13,3,54,2020-01-17,48.72,11134.0,27.48,27.54,0.501,3447.2,53.4,True
BGW-13,3,55,2020-01-18,49.0,11196.1,26.57,26.17,0.496,3509.0,55.3,True
BGW-13,3,56,2020-01-19,48.53,12379.6,25.21,26.35,0.511,3498.4,33.6,True
BGW-13,3,57,2020-01-20,48.62,11662.5,24.32,25.19,0.509,3422.5,42.9,True
BGW-13,3,58,2020-01-21,48.01,12207.0,20.94,22.63,0.519,3452.5,40.3,True
BGW-13,3,59,2020-01-22,48.77,11415.2,24.65,24.21,0.496,3448.1,41.8,True
BGW-13,3,60,2020-01-23,48.53,12151.5,23.19,25.18,0.521,3445.0,41.8,True
BGW-13,3,61,2020-01-24,48.53,11185.2,22.13,23.57,0.516,3421.1,53.7,True
BGW-13,3,62,2020-01-25,48.5,11251.4,23.16,25.76,0.527,3421.1,48.6,True
BGW-13,3,63,2020-01-26,47.47,12877.4,22.33,23.96,0.518,3406.0,35.9,True
BGW-13,3,64,2020-01-27,48.06,11575.7,24.62,29.43,0.544,3463.0,50.6,True
BGW-13,3,65,2020-01-28,47.99,12910.4,21.96,23.57,0.518,3426.6,28.8,True
BGW-13,3,66,2020-01-29,47.94,12182.3,23.18,27.24,0.54,3405.1,41.0,True
BGW-13,3,67,2020-01-30,47.88,11458.5,22.9,26.22,0.534,3342.0,47.7,True
BGW-13,3,68,2020-01-31,47.62,12600.7,20.29,23.84,0.54,3370.9,31.4,True
BGW-13,3,69,2020-02-01,48.07,12034.7,22.93,26.28,0.534,3425.0,38.2,True
BGW-13,3,70,2020-02-02,47.95,12284.1,21.47,26.52,0.553,3419.5,30.3,True
BGW-13,3,71,2020-02-03,47.86,11579.2,21.25,25.82,0.548,3382.8,46.2,True
BGW-13,3,72,2020-02-04,47.61,12786.3,20.87,25.34,0.548,3392.0,30.9,True
BGW-13,3,73,2020-02-05,47.94,11852.5,21.62,28.58,0.569,3376.7,46.3,True
BGW-13,3,74,2020-02-06,47.98,13258.7,21.39,27.44,0.562,3370.1,25.1,True
BGW-13,3,75,2020-02-07,47.0,13341.4,19.46,24.37,0.556,3330.9,20.5,True
BGW-13,3,76,2020-02-08,47.8,12658.1,22.48,31.75,0.586,3340.0,33.5,True
BGW-13,3,77,2020-02-09,48.12,11584.1,20.7,26.94,0.565,3278.2,46.4,True
BGW-13,3,78,2020-02-10,48.19,12050.8,22.14,27.78,0.556,3312.4,38.7,True
BGW-13,3,79,2020-02-11,47.8,12199.1,22.01,29.91,0.576,3393.1,36.6,True
BGW-13,3,80,2020-02-12,47.77,11801.5,19.34,26.59,0.579,3286.9,45.9,True
BGW-13,3,81,2020-02-13,48.02,12094.1,19.16,27.28,0.587,3280.9,39.4,True
BGW-13,3,82,2020-02-14,48.11,12448.5,19.45,27.65,0.587,3306.3,36.4,True
BGW-13,3,83,2020-02-15,47.66,12240.2,21.63,31.28,0.591,3237.6,32.6,True
BGW-13,3,84,2020-02-16,47.25,11948.6,19.97,28.22,0.586,3294.5,41.8,True
BGW-13,3,85,2020-02-17,47.79,12795.4,18.47,27.3,0.596,3251.3,32.5,True
BGW-13,3,86,2020-02-18,47.95,12284.7,20.28,27.1,0.572,3289.5,40.7,True
BGW-13,3,87,2020-02-19,47.91,10596.4,20.9,29.44,0.585,3243.2,62.6,True
BGW-13,3,88,2020-02-20,48.22,12374.1,20.3,32.23,0.613,3247.0,33.9,True
BGW-13,3,89,2020-02-21,48.05,11589.0,19.21,29.04,0.602,3319.5,43.8,True
BGW-13,4,0,2020-03-08,133.67,212.1,220.86,114.43,0.341,3862.2,98.6,False
BGW-13,4,1,2020-03-09,129.3,266.7,205.39,99.9,0.327,3794.4,98.5,False
BGW-13,4,2,2020-03-10,124.71,301.7,186.83,97.31,0.342,3783.3,100.0,False
BGW-13,4,3,2020-03-11,120.44,355.5,162.29,85.74,0.346,3787.6,100.0,False
BGW-13,4,4,2020-03-12,115.72,430.9,151.33,88.42,0.369,3783.9,100.0,False
BGW-13,4,5,2020-03-13,112.39,545.5,135.83,73.41,0.351,3820.9,98.8,False
BGW-13,4,6,2020-03-14,108.66,618.7,135.1,76.74,0.362,3751.7,99.3,False
BGW-13,4,7,2020-03-15,105.34,668.8,117.14,64.96,0.357,3768.6,100.0,False
BGW-13,4,8,2020-03-16,101.77,770.1,122.95,71.47,0.368,3819.6,97.1,False
BGW-13,4,9,2020-03-17,99.07,985.9,101.86,60.02,0.371,3819.1,100.0,False
BGW-13,4,10,2020-03-18,96.14,1083.5,92.22,52.89,0.365,3795.7,100.0,False
BGW-13,4,11,2020-03-19,93.47,1234.2,94.9,56.1,0.372,3791.8,97.1,False
BGW-13,4,12,2020-03-20,90.38,1370.1,80.42,50.7,0.387,3735.5,95.8,False
BGW-13,4,13,2020-03-21,88.72,1470.7,77.72,46.39,0.374,3779.2,100.0,False
BGW-13,4,14,2020-03-22,86.2,1576.3,71.74,44.46,0.383,3747.1,100.0,False
BGW-13,4,15,2020-03-23,83.88,1936.7,62.75,40.44,0.392,3750.3,100.0,False
BGW-13,4,16,2020-03-24,81.88,1971.8,69.23,43.39,0.385,3781.2,94.6,False
BGW-13,4,17,2020-03-25,80.39,2135.1,65.49,44.76,0.406,3694.4,97.8,False
BGW-13,4,18,2020-03-26,78.64,2366.2,58.66,39.6,0.403,3690.1,100.0,False
BGW-13,4,19,2020-03-27,76.82,2576.0,58.6,38.9,0.399,3738.1,100.0,False
BGW-13,4,20,2020-03-28,75.09,2740.4,57.36,39.87,0.41,3694.5,100.0,False
BGW-13,4,21,2020-03-29,73.55,3199.9,54.62,36.81,0.403,3681.6,100.0,False
BGW-13,4,22,2020-03-30,72.19,3457.3,52.06,37.75,0.42,3677.2,99.7,False
BGW-13,4,23,2020-03-31,71.08,3155.5,52.1,37.33,0.417,3622.0,100.0,False
BGW-13,4,24,2020-04-01,69.04,3753.7,48.76,34.63,0.415,3700.6,100.0,False
BGW-13,4,25,2020-04-02,68.36,3886.2,47.69,32.68,0.407,3646.9,100.0,False
BGW-13,4,26,2020-04-03,67.23,4221.4,43.76,32.01,0.422,3635.3,100.0,False
BGW-13,4,27,2020-04-04,66.29,4547.7,42.2,31.47,0.427,3697.2,99.2,False
BGW-13,4,28,2020-04-05,64.16,5165.2,37.93,27.81,0.423,3698.1,97.6,False
BGW-13,4,29,2020-04-06,63.95,4824.6,43.13,32.86,0.432,3617.1,99.0,False
BGW-13,4,30,2020-04-07,62.77,5527.3,39.03,29.43,0.43,3581.9,100.0,False
BGW-13,4,31,2020-04-08,62.15,5366.5,40.22,28.7,0.416,3687.8,100.0,False
BGW-13,4,32,2020-04-09,60.92,5809.4,37.66,29.94,0.443,3637.8,93.5,False
BGW-13,4,33,2020-04-10,60.61,5839.8,40.26,30.99,0.435,3617.6,100.0,False
BGW-13,4,34,2020-04-11,60.02,6234.7,36.63,27.9,0.432,3620.5,100.0,False
BGW-13,4,35,2020-04-12,58.77,6287.4,36.17,28.25,0.439,3637.4,100.0,False
BGW-13,4,36,2020-04-13,58.76,6944.4,34.24,27.78,0.448,3622.0,95.8,False
BGW-13,4,37,2020-04-14,58.43,6499.8,30.6,23.89,0.438,3598.1,100.0,False
BGW-13,4,38,2020-04-15,57.88,6869.1,31.71,28.51,0.473,3581.8,98.9,False
BGW-13,4,39,2020-04-16,57.03,7110.0,33.04,28.1,0.46,3564.4,100.0,False
BGW-13,4,40,2020-04-17,55.88,7419.5,29.85,25.53,0.461,3532.6,95.6,False
BGW-13,4,41,2020-04-18,55.55,7935.9,30.95,25.95,0.456,3588.6,90.5,False
BGW-13,4,42,2020-04-19,55.49,8222.7,29.01,24.3,0.456,3554.4,91.4,False
BGW-13,4,43,2020-04-20,54.77,8462.4,30.83,27.23,0.469,3603.4,82.1,False
BGW-13,4,44,2020-04-21,54.72,8264.6,28.15,26.13,0.481,3514.9,84.3,False
BGW-13,4,45,2020-04-22,54.79,7882.9,30.47,28.91,0.487,3518.2,93.0,False
BGW-13,4,46,2020-04-23,54.04,8997.2,27.8,24.52,0.469,3496.7,79.4,False
BGW-13,4,47,2020-04-24,53.22,8826.7,27.42,24.03,0.467,3547.5,81.4,False
BGW-13,4,48,2020-04-25,53.12,8225.9,28.05,28.08,0.5,3525.9,89.5,False
BGW-13,4,49,2020-04-26,52.77,9364.0,26.58,25.76,0.492,3522.7,70.7,False
BGW-13,4,50,2020-04-27,52.46,9456.5,23.6,22.15,0.484,3533.8,74.5,False
BGW-13,4,51,2020-04-28,52.31,8616.1,27.68,28.46,0.507,3493.5,80.7,False
BGW-13,4,52,2020-04-29,52.31,9715.7,26.8,27.26,0.504,3485.5,65.0,False
BGW-13,4,53,2020-04-30,52.01,9525.9,25.86,25.43,0.496,3486.3,70.7,False
BGW-13,4,54,2020-05-01,51.25,9698.3,24.95,24.91,0.5,3478.6,71.5,False
BGW-13,4,55,2020-05-02,51.88,10116.8,23.84,24.33,0.505,3461.5,68.3,False
BGW-13,4,56,2020-05-03,50.95,10705.0,24.58,26.29,0.517,3466.7,58.3,True
BGW-13,4,57,2020-05-04,50.57,10440.8,25.34,27.62,0.522,3491.6,63.9,True
BGW-13,4,58,2020-05-05,51.46,9272.8,25.11,25.39,0.503,3445.0,79.8,False
BGW-13,4,59,2020-05-06,50.93,9993.8,24.44,25.85,0.514,3465.2,66.1,False
BGW-13,4,60,2020-05-07,50.74,10242.2,24.62,27.6,0.528,3505.4,61.8,True
BGW-13,4,61,2020-05-08,50.53,10232.4,24.14,27.39,0.532,3448.5,65.0,True
BGW-13,4,62,2020-05-09,49.13,10868.8,23.5,24.87,0.514,3462.6,56.9,True
BGW-13,4,63,2020-05-10,49.99,10009.6,22.49,25.76,0.534,3367.2,69.8,False
BGW-13,4,64,2020-05-11,49.92,10171.3,23.15,25.95,0.529,3407.1,71.1,False
BGW-13,4,65,2020-05-12,50.09,11121.0,21.89,25.11,0.534,3394.6,52.2,True
BGW-13,4,66,2020-05-13,49.41,10931.4,20.9,23.67,0.531,3415.3,54.0,True
BGW-13,4,67,2020-05-14,49.68,10850.7,21.23,25.26,0.543,3389.5,57.9,True
BGW-13,4,68,2020-05-15,49.15,11080.8,21.55,26.73,0.554,3397.6,54.8,True
BGW-13,4,69,2020-05-16,49.92,10771.0,23.48,29.56,0.557,3401.0,60.0,True
BGW-13,4,70,2020-05-17,49.29,11189.8,22.35,26.26,0.54,3434.9,50.6,True
BGW-13,4,71,2020-05-18,49.36,11578.3,19.77,23.85,0.547,3377.3,47.5,True
BGW-13,4,72,2020-05-19,48.72,11924.5,21.8,26.78,0.551,3433.0,44.6,True
BGW-13,4,73,2020-05-20,49.47,10966.1,20.1,25.52,0.559,3405.9,61.2,True
BGW-13,4,74,2020-05-21,48.94,12158.6,21.49,25.34,0.541,3362.9,42.5,True
BGW-13,4,75,2020-05-22,48.61,11685.6,20.92,26.1,0.555,3343.1,44.9,True
BGW-13,4,76,2020-05-23,49.05,11214.8,19.03,24.38,0.562,3307.8,48.2,True
BGW-13,4,77,2020-05-24,49.1,11684.4,19.32,24.23,0.556,3300.5,44.9,True
BGW-13,4,78,2020-05-25,48.62,11673.6,20.49,27.78,0.576,3336.0,43.0,True
BGW-13,4,79,2020-05-26,49.02,10454.7,21.32,27.51,0.563,3352.0,64.7,True
BGW-13,4,80,2020-05-27,48.82,11117.5,20.64,28.72,0.582,3325.5,45.1,True
BGW-13,4,81,2020-05-28,48.72,10935.1,21.02,29.28,0.582,3302.3,58.7,True
BGW-13,4,82,2020-05-29,48.54,11852.7,17.08,23.64,0.581,3237.6,43.4,True
BGW-13,4,83,2020-05-30,48.65,11659.7,19.77,28.96,0.594,3303.2,44.3,True
BGW-13,4,84,2020-05-31,48.66,11634.4,17.88,25.8,0.591,3322.5,46.0,True
BGW-13,4,85,2020-06-01,48.26,11429.5,18.72,28.98,0.608,3330.9,49.3,True
BGW-13,4,86,2020-06-02,48.79,11185.4,18.94,27.8,0.595,3240.7,53.3,True
BGW-13,4,87,2020-06-03,48.43,11960.2,18.07,25.81,0.588,3338.6,43.1,True
BGW-13,4,88,2020-06-04,48.17,12106.5,18.37,28.08,0.604,3262.2,38.1,True
BGW-13,4,89,2020-06-05,48.96,11453.7,17.82,28.06,0.612,3283.9,51.5,True
BGW-13,5,0,2020-06-26,140.38,182.9,254.44,125.45,0.33,3834.3,97.2,False
BGW-13,5,1,2020-06-27,135.92,207.5,225.62,125.25,0.357,3849.8,99.3,False
BGW-13,5,2,2020-06-28,131.92,240.5,212.29,107.63,0.336,3832.2,97.1,False
BGW-13,5,3,2020-06-29,127.43,289.3,175.55,99.73,0.362,3856.4,98.8,False
BGW-13,5,4,2020-06-30,124.19,317.6,183.03,99.88,0.353,3794.3,99.8,False
BGW-13,5,5,2020-07-01,120.63,404.7,143.4,74.23,0.341,3833.1,100.0,False
BGW-13,5,6,2020-07-02,117.13,394.3,164.73,87.01,0.346,3796.6,98.5,False
BGW-13,5,7,2020-07-03,113.89,499.9,138.16,74.49,0.35,3826.2,97.6,False
BGW-13,5,8,2020-07-04,111.09,553.7,130.09,68.39,0.345,3813.1,100.0,False
BGW-13,5,9,2020-07-05,108.82,550.0,109.54,64.75,0.372,3731.6,98.2,False
BGW-13,5,10,2020-07-06,105.53,669.2,109.43,63.53,0.367,3773.4,100.0,False
BGW-13,5,11,2020-07-07,102.91,775.7,99.43,58.55,0.371,3750.4,100.0,False
BGW-13,5,12,2020-07-08,100.08,835.9,101.89,63.32,0.383,3795.1,100.0,False
BGW-13,5,13,2020-07-09,97.46,930.9,100.81,64.49,0.39,3754.5,97.1,False
BGW-13,5,14,2020-07-10,95.29,1076.3,87.84,54.28,0.382,3693.6,96.4,False
BGW-13,5,15,2020-07-11,94.36,1112.6,98.19,64.97,0.398,3747.1,95.1,False
BGW-13,5,16,2020-07-12,90.95,1280.1,74.89,44.05,0.37,3713.4,97.4,False
BGW-13,5,17,2020-07-13,89.36,1337.5,80.38,53.69,0.4,3721.4,100.0,False
BGW-13,5,18,2020-07-14,87.54,1432.1,80.35,49.28,0.38,3740.2,100.0,False
BGW-13,5,19,2020-07-15,85.79,1686.8,70.84,44.77,0.387,3763.2,97.2,False
BGW-13,5,20,2020-07-16,83.92,1721.0,71.23,47.79,0.402,3677.3,99.0,False
BGW-13,5,21,2020-07-17,82.45,2004.7,65.56,44.04,0.402,3712.3,97.7,False
BGW-13,5,22,2020-07-18,80.46,2019.7,67.24,43.69,0.394,3730.8,94.3,False
BGW-13,5,23,2020-07-19,78.62,2289.1,56.58,37.7,0.4,3682.1,100.0,False
BGW-13,5,24,2020-07-20,77.82,2496.9,55.25,40.15,0.421,3701.3,100.0,False
BGW-13,5,25,2020-07-21,76.12,2678.8,54.85,40.44,0.424,3733.3,98.4,False
BGW-13,5,26,2020-07-22,75.13,2751.3,53.06,37.8,0.416,3685.9,98.1,False
BGW-13,5,27,2020-07-23,73.77,3199.4,48.95,35.15,0.418,3715.6,98.7,False
BGW-13,5,28,2020-07-24,72.15,3226.1,50.12,34.95,0.411,3625.3,100.0,False
BGW-13,5,29,2020-07-25,71.45,3562.1,46.08,34.27,0.427,3645.2,99.0,False
BGW-13,5,30,2020-07-26,70.68,3406.5,41.44,30.98,0.428,3646.3,100.0,False
BGW-13,5,31,2020-07-27,69.27,3600.7,45.27,36.86,0.449,3653.6,99.9,False
BGW-13,5,32,2020-07-28,68.02,3930.1,41.69,33.71,0.447,3638.8,95.3,False
BGW-13,5,33,2020-07-29,67.49,4133.5,37.85,27.06,0.417,3593.5,100.0,False
BGW-13,5,34,2020-07-30,66.3,4279.9,39.45,29.5,0.428,3557.7,100.0,False
BGW-13,5,35,2020-07-31,65.48,4425.9,40.61,35.58,0.467,3620.7,97.1,False
BGW-13,5,36,2020-08-01,64.88,4799.5,38.6,32.95,0.461,3623.1,100.0,False
BGW-13,5,37,2020-08-02,63.6,5042.6,36.96,29.1,0.441,3594.0,98.1,False
BGW-13,5,38,2020-08-03,63.42,5276.5,38.68,32.3,0.455,3579.6,100.0,False
BGW-13,5,39,2020-08-04,62.49,5167.9,36.13,30.61,0.459,3578.4,100.0,False
BGW-13,5,40,2020-08-05,61.65,5802.5,31.62,27.87,0.469,3596.2,95.7,False
BGW-13,5,41,2020-08-06,61.1,5825.1,38.41,31.77,0.453,3572.5,97.0,False
BGW-13,5,42,2020-08-07,61.08,5798.1,34.47,30.06,0.466,3569.1,97.0,False
BGW-13,5,43,2020-08-08,59.91,6468.3,33.99,28.25,0.454,3573.2,99.2,False
BGW-13,5,44,2020-08-09,59.17,6119.5,32.38,29.13,0.474,3557.9,100.0,False
BGW-13,5,45,2020-08-10,59.67,6051.9,34.27,29.43,0.462,3585.4,100.0,False
BGW-13,5,46,2020-08-11,58.63,6141.9,33.75,29.68,0.468,3494.6,100.0,False
BGW-13,5,47,2020-08-12,58.01,6718.5,30.01,28.27,0.485,3525.7,99.8,False
BGW-13,5,48,2020-08-13,57.68,7488.1,30.07,26.04,0.464,3527.5,92.5,False
BGW-13,5,49,2020-08-14,57.32,7117.2,30.83,28.98,0.485,3537.6,100.0,False
BGW-13,5,50,2020-08-15,56.28,7637.3,26.85,26.07,0.493,3517.5,94.5,False
BGW-13,5,51,2020-08-16,56.28,7588.0,31.0,29.96,0.491,3546.2,96.6,False
BGW-13,5,52,2020-08-17,56.36,7462.4,28.14,26.98,0.489,3493.8,98.9,False
BGW-13,5,53,2020-08-18,54.9,8480.6,28.38,29.37,0.509,3499.2,89.0,False
BGW-13,5,54,2020-08-19,55.15,8323.0,25.66,25.31,0.497,3514.8,86.7,False
BGW-13,5,55,2020-08-20,54.57,8027.1,26.89,27.75,0.508,3437.2,90.3,False
BGW-13,5,56,2020-08-21,54.04,8560.3,26.83,27.53,0.506,3498.0,82.5,False
BGW-13,5,57,2020-08-22,54.22,8540.8,26.95,29.8,0.525,3455.3,81.1,False
BGW-13,5,58,2020-08-23,53.71,9119.3,25.14,25.56,0.504,3464.7,76.7,False
BGW-13,5,59,2020-08-24,53.89,8454.0,25.34,25.96,0.506,3532.1,84.2,False
BGW-13,5,60,2020-08-25,53.38,9050.4,25.37,27.42,0.519,3465.7,80.2,False
BGW-13,5,61,2020-08-26,53.12,8976.3,24.85,27.51,0.525,3506.4,79.0,False
BGW-13,5,62,2020-08-27,53.09,8747.9,23.96,25.97,0.52,3422.3,78.4,False
BGW-13,5,63,2020-08-28,52.25,9305.8,24.25,27.19,0.529,3402.6,74.1,False
BGW-13,5,64,2020-08-29,52.68,9346.0,23.79,25.9,0.521,3377.0,69.8,False
BGW-13,5,65,2020-08-30,52.42,9693.3,23.26,28.06,0.547,3423.0,71.8,False
BGW-13,5,66,2020-08-31,52.16,9711.0,23.98,27.44,0.534,3362.2,69.4,False
BGW-13,5,67,2020-09-01,51.47,10593.8,21.92,23.81,0.521,3411.6,61.5,True
BGW-13,5,68,2020-09-02,51.62,9712.4,24.62,31.0,0.557,3416.7,68.1,False
BGW-13,5,69,2020-09-03,51.69,9512.4,25.43,31.88,0.556,3439.2,68.4,False
BGW-13,5,70,2020-09-04,50.83,9952.5,23.83,30.16,0.559,3366.0,67.0,False
BGW-13,5,71,2020-09-05,50.95,10006.7,23.84,28.79,0.547,3334.2,64.1,True
BGW-13,5,72,2020-09-06,50.7,10260.0,21.27,24.64,0.537,3342.1,65.8,False
BGW-13,5,73,2020-09-07,50.34,11207.9,22.55,29.57,0.567,3405.1,52.7,True
BGW-13,5,74,2020-09-08,50.86,10073.9,21.27,25.71,0.547,3326.4,64.8,True
BGW-13,5,75,2020-09-09,50.22,10533.2,23.51,28.5,0.548,3315.5,59.6,True
BGW-13,5,76,2020-09-10,50.17,11033.4,20.52,26.48,0.563,3367.6,53.7,True
BGW-13,5,77,2020-09-11,50.05,11257.2,20.66,27.83,0.574,3362.5,50.0,True
BGW-13,5,78,2020-09-12,50.71,10188.7,21.86,28.71,0.568,3312.9,62.0,True
BGW-13,5,79,2020-09-13,49.99,10415.5,20.78,24.74,0.543,3376.8,65.1,False
BGW-13,5,80,2020-09-14,50.08,10317.6,20.23,26.0,0.562,3359.0,64.1,True
BGW-13,5,81,2020-09-15,49.84,11216.0,21.2,28.5,0.573,3343.0,54.1,True
BGW-13,5,82,2020-09-16,49.4,11485.6,20.29,28.19,0.582,3319.1,48.9,True
BGW-13,5,83,2020-09-17,49.87,10456.8,21.72,29.45,0.576,3298.5,59.9,True
BGW-13,5,84,2020-09-18,49.81,10861.5,20.43,31.21,0.604,3281.4,54.1,True
BGW-13,5,85,2020-09-19,48.87,11369.0,19.3,27.85,0.591,3256.6,49.9,True
BGW-13,5,86,2020-09-20,49.11,10609.0,20.18,28.64,0.587,3327.9,65.0,True
BGW-13,5,87,2020-09-21,49.68,10384.9,20.6,29.28,0.587,3301.3,66.9,False
BGW-13,5,88,2020-09-22,48.89,11624.3,18.36,27.63,0.601,3292.2,45.4,True
BGW-13,5,89,2020-09-23,49.44,11104.4,19.82,26.57,0.573,3243.9,57.1,True
BGW-13,6,0,2020-10-19,145.67,153.4,250.92,131.32,0.344,3829.3,100.0,False
BGW-13,6,1,2020-10-20,140.99,166.5,237.92,116.26,0.328,3859.8,98.7,False
BGW-13,6,2,2020-10-21,136.48,205.2,200.0,106.43,0.347,3835.3,99.8,False
BGW-13,6,3,2020-10-22,132.44,231.2,198.58,109.92,0.356,3815.5,98.2,False
BGW-13,6,4,2020-10-23,127.32,281.1,194.65,106.42,0.353,3835.1,100.0,False
BGW-13,6,5,2020-10-24,124.41,313.6,179.04,107.69,0.376,3760.5,99.9,False
BGW-13,6,6,2020-10-25,120.11,383.0,142.11,76.02,0.348,3797.0,99.0,False
BGW-13,6,7,2020-10-26,117.28,432.1,136.44,90.13,0.398,3736.9,100.0,False
BGW-13,6,8,2020-10-27,113.07,478.1,127.04,73.73,0.367,3810.4,92.0,False
BGW-13,6,9,2020-10-28,110.42,545.3,132.5,72.67,0.354,3791.0,97.5,False
BGW-13,6,10,2020-10-29,107.07,622.8,117.22,72.24,0.381,3780.9,100.0,False
BGW-13,6,11,2020-10-30,104.13,738.6,103.67,64.3,0.383,3819.7,100.0,False
BGW-13,6,12,2020-10-31,101.23,789.3,106.56,62.95,0.371,3794.9,100.0,False
BGW-13,6,13,2020-11-01,99.36,890.7,101.56,60.15,0.372,3747.4,100.0,False
BGW-13,6,14,2020-11-02,96.33,1093.1,82.44,50.54,0.38,3761.9,100.0,False
BGW-13,6,15,2020-11-03,93.66,1131.7,83.12,46.88,0.361,3692.1,100.0,False
BGW-13,6,16,2020-11-04,91.25,1327.3,77.86,48.36,0.383,3762.0,99.2,False
BGW-13,6,17,2020-11-05,89.42,1423.7,71.69,46.3,0.392,3765.6,100.0,False
BGW-13,6,18,2020-11-06,87.08,1531.9,78.74,52.78,0.401,3717.2,99.4,False
BGW-13,6,19,2020-11-07,85.69,1630.2,71.89,47.93,0.4,3696.0,96.7,False
BGW-13,6,20,2020-11-08,83.61,1807.2,67.15,44.75,0.4,3744.5,97.8,False
BGW-13,6,21,2020-11-09,81.99,2092.3,66.29,42.48,0.391,3685.4,98.5,False
BGW-13,6,22,2020-11-10,80.42,2192.8,60.23,39.92,0.399,3678.3,100.0,False
BGW-13,6,23,2020-11-11,78.95,2284.1,57.92,40.89,0.414,3694.3,100.0,False
BGW-13,6,24,2020-11-12,77.07,2662.9,55.35,38.75,0.412,3688.4,100.0,False
BGW-13,6,25,2020-11-13,76.52,2580.1,57.25,41.04,0.418,3661.5,100.0,False
BGW-13,6,26,2020-11-14,74.3,2939.7,48.57,33.8,0.41,3703.2,100.0,False
BGW-13,6,27,2020-11-15,73.13,3065.3,46.79,36.18,0.436,3696.2,100.0,False
BGW-13,6,28,2020-11-16,71.43,3380.8,44.78,33.75,0.43,3668.7,100.0,False
BGW-13,6,29,2020-11-17,70.48,3358.8,45.08,33.76,0.428,3654.4,99.3,False
BGW-13,6,30,2020-11-18,69.26,3726.8,47.38,35.96,0.431,3652.5,100.0,False
BGW-13,6,31,2020-11-19,68.35,4172.5,42.56,32.49,0.433,3662.2,100.0,False
BGW-13,6,32,2020-11-20,67.12,4178.8,46.26,37.95,0.451,3649.5,99.7,False
BGW-13,6,33,2020-11-21,66.43,4384.8,39.28,29.92,0.432,3671.7,98.2,False
BGW-13,6,34,2020-11-22,65.46,4761.7,37.69,28.98,0.435,3575.9,100.0,False
BGW-13,6,35,2020-11-23,64.93,4653.3,37.46,28.89,0.435,3607.4,100.0,False
BGW-13,6,36,2020-11-24,63.88,5124.7,35.19,29.67,0.457,3560.6,99.9,False
BGW-13,6,37,2020-11-25,62.96,4977.9,36.95,29.17,0.441,3604.5,97.3,False
BGW-13,6,38,2020-11-26,62.38,5631.5,36.8,30.44,0.453,3547.1,100.0,False
BGW-13,6,39,2020-11-27,61.86,5609.7,36.15,29.82,0.452,3574.2,99.1,False
BGW-13,6,40,2020-11-28,61.4,5721.5,31.46,27.29,0.465,3609.1,98.6,False
BGW-13,6,41,2020-11-29,60.48,6248.6,34.18,30.37,0.47,3594.6,100.0,False
BGW-13,6,42,2020-11-30,59.5,5994.9,31.39,27.99,0.471,3563.3,93.3,False
BGW-13,6,43,2020-12-01,59.04,6758.0,30.75,26.56,0.463,3554.6,100.0,False
BGW-13,6,44,2020-12-02,58.49,6505.8,31.6,27.67,0.467,3594.5,99.0,False
BGW-13,6,45,2020-12-03,58.05,6676.6,29.11,26.34,0.475,3533.6,98.3,False
BGW-13,6,46,2020-12-04,57.28,7151.8,27.67,25.56,0.48,3559.7,98.4,False
BGW-13,6,47,2020-12-05,57.2,7156.3,30.56,29.92,0.495,3492.5,100.0,False
BGW-13,6,48,2020-12-06,56.42,7302.4,29.78,27.15,0.477,3503.4,97.8,False
BGW-13,6,49,2020-12-07,56.25,7705.9,26.37,24.34,0.48,3447.3,88.8,False
BGW-13,6,50,2020-12-08,55.9,7761.7,27.97,28.42,0.504,3450.3,88.8,False
BGW-13,6,51,2020-12-09,55.02,7396.6,27.22,26.89,0.497,3537.1,99.2,False
BGW-13,6,52,2020-12-10,55.1,7888.5,26.45,26.29,0.498,3404.6,87.7,False
BGW-13,6,53,2020-12-11,54.75,8253.5,28.65,29.12,0.504,3484.1,88.7,False
BGW-13,6,54,2020-12-12,54.05,8411.4,27.38,27.91,0.505,3490.3,88.6,False
BGW-13,6,55,2020-12-13,53.7,9088.1,26.52,27.05,0.505,3495.8,79.1,False
BGW-13,6,56,2020-12-14,53.53,8672.6,24.31,24.65,0.503,3499.6,85.6,False
BGW-13,6,57,2020-12-15,53.55,9097.0,24.34,24.09,0.497,3465.6,76.8,False
BGW-13,6,58,2020-12-16,53.3,9059.1,25.95,25.13,0.492,3458.8,75.4,False
BGW-13,6,59,2020-12-17,52.98,9830.2,22.59,23.33,0.508,3432.8,66.9,False
BGW-13,6,60,2020-12-18,52.32,9405.7,25.2,27.22,0.519,3442.9,70.9,False
BGW-13,6,61,2020-12-19,52.04,9924.9,25.11,25.64,0.505,3419.1,67.7,False
BGW-13,6,62,2020-12-20,52.14,9452.9,22.11,25.56,0.536,3421.9,72.4,False
BGW-13,6,63,2020-12-21,51.94,9266.2,23.47,24.3,0.509,3400.5,68.1,False
BGW-13,6,64,2020-12-22,51.54,9151.4,23.08,25.48,0.525,3441.7,76.4,False
BGW-13,6,65,2020-12-23,52.02,9716.0,21.86,25.64,0.54,3383.3,73.8,False
BGW-13,6,66,2020-12-24,51.0,9568.7,22.32,26.19,0.54,3437.2,75.9,False
BGW-13,6,67,2020-12-25,51.26,9996.3,22.88,27.25,0.544,3403.5,70.1,False
BGW-13,6,68,2020-12-26,51.06,9933.2,22.49,26.35,0.54,3423.9,63.4,True
BGW-13,6,69,2020-12-27,51.27,9961.0,22.58,28.02,0.554,3397.0,66.2,False
BGW-13,6,70,2020-12-28,50.6,10140.8,22.5,27.87,0.553,3384.8,67.1,False
BGW-13,6,71,2020-12-29,50.16,11115.5,20.26,24.13,0.544,3326.2,50.7,True
BGW-13,6,72,2020-12-30,50.32,10801.3,20.69,27.14,0.567,3398.8,60.0,True
BGW-13,6,73,2020-12-31,49.68,11586.2,20.2,27.21,0.574,3361.6,44.6,True
BGW-13,6,74,2021-01-01,50.16,10247.6,19.69,22.76,0.536,3309.3,71.9,False
BGW-13,6,75,2021-01-02,49.52,11297.5,19.02,22.97,0.547,3361.8,41.4,True
BGW-13,6,76,2021-01-03,49.58,11288.2,20.25,26.51,0.567,3338.3,48.8,True
BGW-13,6,77,2021-01-04,49.53,10688.7,19.56,27.5,0.584,3272.3,56.4,True
BGW-13,6,78,2021-01-05,49.77,10535.9,20.63,27.28,0.569,3322.3,63.9,True
BGW-13,6,79,2021-01-06,49.84,11147.9,18.78,25.62,0.577,3291.2,49.6,True
BGW-13,6,80,2021-01-07,49.14,11663.2,22.43,29.74,0.57,3330.4,46.1,True
BGW-13,6,81,2021-01-08,49.26,11860.0,21.68,29.34,0.575,3298.3,48.3,True
BGW-13,6,82,2021-01-09,49.04,11289.7,20.58,28.79,0.583,3315.1,52.3,True
BGW-13,6,83,2021-01-10,49.66,11185.3,21.25,29.17,0.579,3301.9,50.8,True
BGW-13,6,84,2021-01-11,48.92,10981.2,20.11,29.77,0.597,3327.3,54.3,True
BGW-13,6,85,2021-01-12,48.78,11352.2,18.27,26.78,0.595,3329.4,50.8,True
BGW-13,6,86,2021-01-13,48.69,11766.4,20.43,28.93,0.586,3238.5,40.5,True
BGW-13,6,87,2021-01-14,49.16,10951.4,19.94,29.54,0.597,3300.0,59.7,True
BGW-13,6,88,2021-01-15,48.67,11462.9,19.79,28.65,0.591,3262.5,51.5,True
BGW-13,6,89,2021-01-16,49.1,11228.4,18.6,27.7,0.598,3254.7,56.1,True
BGW-13,7,0,2021-02-04,140.41,180.9,243.95,131.58,0.35,3794.1,100.0,False
BGW-13,7,1,2021-02-05,133.62,224.6,235.04,124.45,0.346,3818.9,100.0,False
BGW-13,7,2,2021-02-06,126.73,297.7,202.0,103.39,0.339,3752.8,99.4,False
BGW-13,7,3,2021-02-07,121.53,338.2,185.66,100.18,0.35,3852.5,100.0,False
BGW-13,7,4,2021-02-08,116.43,438.2,164.09,86.16,0.344,3779.0,100.0,False
BGW-13,7,5,2021-02-09,111.64,554.4,138.24,71.12,0.34,3854.6,96.9,False
BGW-13,7,6,2021-02-10,106.83,614.7,140.84,69.02,0.329,3836.1,97.1,False
BGW-13,7,7,2021-02-11,102.54,766.1,127.28,72.24,0.362,3803.7,98.4,False
BGW-13,7,8,2021-02-12,99.37,851.4,116.27,65.7,0.361,3781.9,100.0,False
BGW-13,7,9,2021-02-13,95.29,1000.5,104.55,60.63,0.367,3764.3,98.5,False
BGW-13,7,10,2021-02-14,91.95,1359.4,94.62,58.48,0.382,3792.2,100.0,False
BGW-13,7,11,2021-02-15,88.59,1452.7,91.82,59.01,0.391,3755.4,100.0,False
BGW-13,7,12,2021-02-16,86.47,1572.2,92.44,56.93,0.381,3752.2,100.0,False
BGW-13,7,13,2021-02-17,83.49,1790.8,89.48,53.53,0.374,3780.4,100.0,False
BGW-13,7,14,2021-02-18,80.9,2073.2,83.64,52.54,0.386,3718.1,90.4,False
BGW-13,7,15,2021-02-19,78.45,2370.7,77.07,51.09,0.399,3673.7,100.0,False
BGW-13,7,16,2021-02-20,76.3,2738.3,70.05,44.44,0.388,3758.3,98.5,False
BGW-13,7,17,2021-02-21,74.12,2978.7,68.26,43.58,0.39,3729.5,100.0,False
BGW-13,7,18,2021-02-22,72.74,3205.1,67.81,42.36,0.384,3718.9,97.5,False
BGW-13,7,19,2021-02-23,70.84,3510.7,59.32,40.03,0.403,3730.9,98.1,False
BGW-13,7,20,2021-02-24,69.08,3729.0,58.09,38.64,0.399,3672.9,100.0,False
BGW-13,7,21,2021-02-25,67.68,4240.8,58.72,39.85,0.404,3701.7,98.7,False
BGW-13,7,22,2021-02-26,66.06,4430.0,57.5,38.82,0.403,3715.5,94.5,False
BGW-13,7,23,2021-02-27,64.92,4710.4,50.12,33.24,0.399,3667.6,97.9,False
BGW-13,7,24,2021-02-28,63.45,4831.3,58.17,43.02,0.425,3677.7,100.0,False
BGW-13,7,25,2021-03-01,63.02,5530.2,47.35,33.67,0.416,3664.3,99.5,False
BGW-13,7,26,2021-03-02,61.38,5643.0,48.91,35.17,0.418,3641.7,100.0,False
BGW-13,7,27,2021-03-03,60.75,5612.8,48.74,36.7,0.43,3650.1,100.0,False
BGW-13,7,28,2021-03-04,59.65,6649.5,43.4,32.45,0.428,3641.5,100.0,False
BGW-13,7,29,2021-03-05,59.25,6913.1,46.18,35.71,0.436,3607.2,94.8,False
BGW-13,7,30,2021-03-06,57.92,6667.5,45.47,30.27,0.4,3635.1,100.0,False
BGW-13,7,31,2021-03-07,57.06,7749.3,40.59,28.79,0.415,3645.5,95.4,False
BGW-13,7,32,2021-03-08,56.5,8139.5,40.59,32.44,0.444,3665.7,90.1,False
BGW-13,7,33,2021-03-09,55.83,7372.4,43.14,33.91,0.44,3602.7,100.0,False
BGW-13,7,34,2021-03-10,55.5,7355.5,40.32,30.8,0.433,3600.3,100.0,False
BGW-13,7,35,2021-03-11,54.4,8152.3,40.58,32.46,0.444,3633.6,86.8,False
BGW-13,7,36,2021-03-12,54.78,8464.4,34.36,27.94,0.448,3541.0,84.7,False
BGW-13,7,37,2021-03-13,53.46,9083.9,37.61,30.76,0.45,3628.2,75.5,False
BGW-13,7,38,2021-03-14,53.04,8694.4,37.1,28.78,0.437,3621.2,79.6,False
BGW-13,7,39,2021-03-15,52.76,9448.2,37.41,31.04,0.453,3584.8,68.7,False
BGW-13,7,40,2021-03-16,52.0,9362.0,36.61,32.05,0.467,3558.3,73.6,False
BGW-13,7,41,2021-03-17,52.08,9342.1,37.13,32.22,0.465,3589.0,74.2,False
BGW-13,7,42,2021-03-18,51.97,9084.5,34.23,30.37,0.47,3552.3,73.3,False
BGW-13,7,43,2021-03-19,51.63,9373.5,32.69,27.33,0.455,3575.7,68.4,False
BGW-13,7,44,2021-03-20,51.5,9545.5,32.76,30.45,0.482,3532.4,73.1,False
BGW-13,7,45,2021-03-21,51.48,9907.1,34.92,30.07,0.463,3497.5,62.7,True
BGW-13,7,46,2021-03-22,51.51,9516.7,34.85,32.26,0.481,3533.6,72.0,False
BGW-13,7,47,2021-03-23,50.61,10564.4,31.45,28.43,0.475,3475.9,52.2,True
BGW-13,7,48,2021-03-24,50.06,11068.1,31.91,30.55,0.489,3533.2,54.0,True
BGW-13,7,49,2021-03-25,49.98,10783.3,32.93,33.88,0.507,3541.0,55.4,True
BGW-13,7,50,2021-03-26,50.04,10413.1,34.26,35.23,0.507,3492.2,61.8,True
BGW-13,7,51,2021-03-27,50.05,10823.7,35.89,35.69,0.499,3544.5,53.1,True
BGW-13,7,52,2021-03-28,49.99,11152.3,32.29,32.84,0.504,3492.3,53.1,True
BGW-13,7,53,2021-03-29,49.65,10904.8,32.25,31.98,0.498,3488.1,53.9,True
BGW-13,7,54,2021-03-30,49.48,10307.2,33.96,34.46,0.504,3504.9,60.5,True
BGW-13,7,55,2021-03-31,49.2,11022.0,31.85,34.15,0.517,3457.5,54.3,True
BGW-13,7,56,2021-04-01,49.13,11684.0,31.01,33.02,0.516,3497.5,46.4,True
BGW-13,7,57,2021-04-02,49.73,10329.8,35.83,38.58,0.518,3438.5,69.9,False
BGW-13,7,58,2021-04-03,49.14,11357.9,31.81,34.02,0.517,3484.9,50.3,True
BGW-13,7,59,2021-04-04,48.9,11211.6,31.15,32.41,0.51,3412.0,50.7,True
BGW-13,7,60,2021-04-05,48.87,11052.4,30.43,31.32,0.507,3475.8,53.0,True
BGW-13,7,61,2021-04-06,48.59,11230.6,31.34,35.38,0.53,3428.4,52.1,True
BGW-13,7,62,2021-04-07,48.51,11561.7,29.57,30.39,0.507,3473.6,43.8,True
BGW-13,7,63,2021-04-08,48.69,12174.9,30.42,33.49,0.524,3458.6,38.3,True
BGW-13,7,64,2021-04-09,48.79,11987.7,28.94,32.84,0.532,3421.6,40.7,True
BGW-13,7,65,2021-04-10,48.29,11826.7,28.76,32.24,0.529,3374.6,45.8,True
BGW-13,7,66,2021-04-11,48.55,11265.3,28.2,31.61,0.528,3342.8,51.8,True
BGW-13,7,67,2021-04-12,48.44,11780.3,27.41,32.3,0.541,3402.8,40.4,True
BGW-13,7,68,2021-04-13,47.97,13125.0,28.64,34.25,0.545,3389.4,24.5,True
BGW-13,7,69,2021-04-14,48.23,12023.5,28.86,34.9,0.547,3386.2,42.1,True
BGW-13,7,70,2021-04-15,48.36,11518.4,27.17,35.52,0.567,3439.1,48.5,True
BGW-13,7,71,2021-04-16,48.14,13184.7,27.14,34.9,0.563,3383.5,26.7,True
BGW-13,7,72,2021-04-17,48.15,11730.8,29.62,36.8,0.554,3399.3,47.1,True
BGW-13,7,73,2021-04-18,48.57,11867.0,25.92,32.19,0.554,3366.1,42.9,True
BGW-13,7,74,2021-04-19,48.51,12254.4,27.29,38.37,0.584,3351.4,37.1,True
BGW-13,7,75,2021-04-20,47.76,11499.9,26.47,35.55,0.573,3326.5,49.7,True
BGW-13,7,76,2021-04-21,48.09,12397.1,24.51,34.38,0.584,3370.9,39.6,True
BGW-13,7,77,2021-04-22,48.4,10865.1,28.18,39.18,0.582,3362.5,55.4,True
BGW-13,7,78,2021-04-23,48.45,12090.1,26.83,36.74,0.578,3348.6,35.2,True
BGW-13,7,79,2021-04-24,48.22,11987.5,28.79,39.42,0.578,3382.4,41.9,True
BGW-13,7,80,2021-04-25,47.69,12999.1,27.97,39.69,0.587,3331.3,27.7,True
BGW-13,7,81,2021-04-26,47.71,12002.2,27.12,36.28,0.572,3281.6,40.6,True
BGW-13,7,82,2021-04-27,48.13,12784.4,29.2,39.31,0.574,3306.8,29.0,True
BGW-13,7,83,2021-04-28,48.17,11906.7,28.3,41.33,0.594,3307.0,37.5,True
BGW-13,7,84,2021-04-29,47.57,12158.8,26.1,38.93,0.599,3284.9,39.6,True
BGW-13,7,85,2021-04-30,48.56,11322.5,27.7,41.71,0.601,3265.5,50.6,True
BGW-13,7,86,2021-05-01,47.63,12703.5,27.37,40.49,0.597,3286.4,29.0,True
BGW-13,7,87,2021-05-02,48.36,11403.9,26.59,40.02,0.601,3263.8,52.3,True
BGW-13,7,88,2021-05-03,48.04,12790.3,23.87,34.37,0.59,3302.7,31.6,True
BGW-13,7,89,2021-05-04,47.98,12668.5,23.61,36.88,0.61,3306.7,24.8,True
BGW-13,8,0,2021-05-25,139.32,181.7,266.49,124.83,0.319,3796.4,98.1,False
BGW-13,8,1,2021-05-26,134.57,207.9,237.34,127.28,0.349,3825.5,100.0,False
BGW-13,8,2,2021-05-27,129.84,266.3,197.17,107.49,0.353,3813.0,100.0,False
BGW-13,8,3,2021-05-28,126.55,296.5,197.54,99.48,0.335,3795.0,98.2,False
BGW-13,8,4,2021-05-29,122.76,335.6,186.39,100.53,0.35,3765.3,99.2,False
BGW-13,8,5,2021-05-30,118.16,402.1,164.07,86.55,0.345,3862.0,100.0,False
BGW-13,8,6,2021-05-31,115.74,448.6,157.86,90.01,0.363,3814.8,100.0,False
BGW-13,8,7,2021-06-01,112.09,521.7,142.07,81.03,0.363,3796.6,93.4,False
BGW-13,8,8,2021-06-02,108.27,615.0,129.57,77.86,0.375,3782.4,100.0,False
BGW-13,8,9,2021-06-03,106.04,645.3,139.89,83.05,0.373,3744.2,98.5,False
BGW-13,8,10,2021-06-04,102.97,756.7,116.22,66.39,0.364,3762.1,98.2,False
BGW-13,8,11,2021-06-05,100.34,868.3,115.29,69.22,0.375,3755.9,100.0,False
BGW-13,8,12,2021-06-06,98.05,843.6,113.39,66.14,0.368,3736.3,100.0,False
BGW-13,8,13,2021-06-07,95.58,1081.6,96.71,59.11,0.379,3763.4,96.2,False
BGW-13,8,14,2021-06-08,92.96,1144.6,92.24,56.34,0.379,3698.1,96.5,False
BGW-13,8,15,2021-06-09,90.96,1346.3,95.24,55.65,0.369,3756.6,99.6,False
BGW-13,8,16,2021-06-10,88.77,1451.6,87.94,54.42,0.382,3748.2,98.0,False
BGW-13,8,17,2021-06-11,87.02,1520.4,90.9,54.5,0.375,3682.8,99.5,False
BGW-13,8,18,2021-06-12,84.58,1651.2,81.32,53.83,0.398,3699.5,99.8,False
BGW-13,8,19,2021-06-13,83.06,1726.7,84.28,50.06,0.373,3708.3,97.9,False
BGW-13,8,20,2021-06-14,81.53,2037.3,75.89,53.33,0.413,3704.5,100.0,False
BGW-13,8,21,2021-06-15,79.73,2187.8,71.18,48.43,0.405,3623.2,100.0,False
BGW-13,8,22,2021-06-16,78.16,2524.5,70.16,48.41,0.408,3712.6,95.2,False
BGW-13,8,23,2021-06-17,77.03,2534.7,65.99,46.15,0.412,3650.0,96.9,False
BGW-13,8,24,2021-06-18,75.56,2826.4,62.45,41.37,0.398,3684.6,97.4,False
BGW-13,8,25,2021-06-19,73.64,3137.5,60.31,43.1,0.417,3689.9,97.8,False
BGW-13,8,26,2021-06-20,72.91,2891.2,61.22,43.35,0.415,3692.1,98.4,False
BGW-13,8,27,2021-06-21,71.32,3450.4,60.04,43.13,0.418,3613.4,100.0,False
BGW-13,8,28,2021-06-22,70.33,3420.9,58.1,41.63,0.417,3653.5,100.0,False
BGW-13,8,29,2021-06-23,69.29,3749.4,57.56,40.42,0.413,3601.4,100.0,False
BGW-13,8,30,2021-06-24,67.37,4453.2,49.49,36.37,0.424,3626.8,94.4,False
BGW-13,8,31,2021-06-25,67.27,4175.9,49.78,37.05,0.427,3641.2,100.0,False
BGW-13,8,32,2021-06-26,66.3,4486.1,50.77,41.21,0.448,3648.5,99.1,False
BGW-13,8,33,2021-06-27,65.58,4233.3,53.07,40.16,0.431,3608.5,97.0,False
BGW-13,8,34,2021-06-28,64.56,4483.9,50.49,39.34,0.438,3595.8,100.0,False
BGW-13,8,35,2021-06-29,64.05,4980.6,47.97,40.18,0.456,3602.2,100.0,False
BGW-13,8,36,2021-06-30,62.7,5365.0,43.17,32.98,0.433,3619.2,100.0,False
BGW-13,8,37,2021-07-01,61.92,6233.0,40.49,33.85,0.455,3649.1,97.6,False
BGW-13,8,38,2021-07-02,61.32,5617.0,41.08,36.86,0.473,3603.7,98.1,False
BGW-13,8,39,2021-07-03,60.81,5712.7,39.72,32.87,0.453,3592.5,99.2,False
BGW-13,8,40,2021-07-04,60.82,5990.4,45.22,37.76,0.455,3568.2,96.1,False
BGW-13,8,41,2021-07-05,59.35,6313.7,41.14,32.9,0.444,3565.9,100.0,False
BGW-13,8,42,2021-07-06,58.9,6206.0,41.23,34.49,0.455,3568.6,96.4,False
BGW-13,8,43,2021-07-07,58.31,6904.4,39.51,34.79,0.468,3568.9,100.0,False
BGW-13,8,44,2021-07-08,57.68,7193.8,37.1,32.97,0.471,3547.4,96.4,False
BGW-13,8,45,2021-07-09,57.7,7086.1,41.51,36.83,0.47,3523.8,100.0,False
BGW-13,8,46,2021-07-10,56.83,7314.8,40.34,35.87,0.471,3545.1,100.0,False
BGW-13,8,47,2021-07-11,56.62,7115.2,38.14,34.95,0.478,3507.6,100.0,False
BGW-13,8,48,2021-07-12,55.7,7116.4,40.14,38.81,0.492,3527.7,94.0,False
BGW-13,8,49,2021-07-13,55.57,8197.3,35.98,34.64,0.491,3498.4,87.2,False
BGW-13,8,50,2021-07-14,55.52,8171.7,33.99,33.92,0.5,3442.7,85.8,False
BGW-13,8,51,2021-07-15,54.93,8259.3,33.25,29.64,0.471,3487.4,86.2,False
BGW-13,8,52,2021-07-16,54.99,8071.0,37.37,36.81,0.496,3473.1,94.7,False
BGW-13,8,53,2021-07-17,54.22,7913.7,37.62,38.88,0.508,3489.8,94.6,False
BGW-13,8,54,2021-07-18,53.48,8756.5,33.36,34.64,0.509,3473.7,80.2,False
BGW-13,8,55,2021-07-19,54.28,8670.4,36.39,36.1,0.498,3512.7,79.3,False
BGW-13,8,56,2021-07-20,53.79,8202.0,34.19,33.77,0.497,3506.9,89.8,False
BGW-13,8,57,2021-07-21,52.96,8920.5,30.61,30.56,0.5,3482.7,84.0,False
BGW-13,8,58,2021-07-22,53.08,8857.3,33.23,34.91,0.512,3502.9,81.2,False
BGW-13,8,59,2021-07-23,52.36,9317.6,31.58,31.01,0.495,3507.6,77.3,False
BGW-13,8,60,2021-07-24,52.55,9350.1,35.83,39.24,0.523,3453.0,76.6,False
BGW-13,8,61,2021-07-25,52.19,9410.3,33.8,35.21,0.51,3416.8,74.7,False
BGW-13,8,62,2021-07-26,52.04,10500.1,31.99,36.93,0.536,3366.3,62.6,True
BGW-13,8,63,2021-07-27,51.65,9937.0,28.31,31.2,0.524,3392.7,66.6,False
BGW-13,8,64,2021-07-28,51.2,10564.1,25.53,29.12,0.533,3422.4,62.6,True
BGW-13,8,65,2021-07-29,51.73,9547.7,30.25,34.53,0.533,3399.7,70.6,False
BGW-13,8,66,2021-07-30,51.08,9769.6,29.94,33.08,0.525,3380.5,70.2,False
BGW-13,8,67,2021-07-31,50.6,9934.9,31.19,37.49,0.546,3410.5,69.2,False
BGW-13,8,68,2021-08-01,50.97,10125.8,31.21,37.61,0.547,3365.4,62.4,True
BGW-13,8,69,2021-08-02,51.07,10143.3,31.99,36.68,0.534,3350.0,63.1,True
BGW-13,8,70,2021-08-03,50.71,10051.8,29.5,38.74,0.568,3404.6,67.5,False
BGW-13,8,71,2021-08-04,50.02,9955.5,31.83,35.7,0.529,3354.2,65.1,False
BGW-13,8,72,2021-08-05,49.97,10564.4,27.97,33.09,0.542,3404.1,59.9,True
BGW-13,8,73,2021-08-06,49.61,11070.7,29.6,37.92,0.562,3347.9,52.2,True
BGW-13,8,74,2021-08-07,50.24,10731.1,26.43,33.35,0.558,3326.6,57.2,True
BGW-13,8,75,2021-08-08,49.83,11060.5,27.43,35.69,0.565,3315.9,50.0,True
BGW-13,8,76,2021-08-09,49.98,11266.7,26.63,36.13,0.576,3280.2,50.4,True
BGW-13,8,77,2021-08-10,49.26,11484.4,25.75,33.17,0.563,3353.7,47.5,True
BGW-13,8,78,2021-08-11,49.65,11665.6,26.54,35.63,0.573,3355.2,46.8,True
BGW-13,8,79,2021-08-12,49.82,10662.3,29.48,38.43,0.566,3342.5,57.7,True
BGW-13,8,80,2021-08-13,49.71,11170.6,28.03,38.28,0.577,3386.7,53.2,True
BGW-13,8,81,2021-08-14,49.59,11163.9,25.96,34.79,0.573,3342.0,50.7,True
BGW-13,8,82,2021-08-15,48.98,11694.6,27.34,38.97,0.588,3290.4,44.5,True
BGW-13,8,83,2021-08-16,48.89,11739.2,26.93,36.64,0.576,3404.6,45.2,True
BGW-13,8,84,2021-08-17,49.05,12124.7,23.36,33.26,0.587,3296.0,42.6,True
BGW-13,8,85,2021-08-18,48.85,11470.2,28.44,45.35,0.615,3274.0,51.1,True
BGW-13,8,86,2021-08-19,48.91,11340.4,25.95,38.05,0.595,3246.7,48.7,True
BGW-13,8,87,2021-08-20,49.17,11461.8,26.03,39.15,0.601,3259.8,45.1,True
BGW-13,8,88,2021-08-21,49.06,11554.6,26.02,39.89,0.605,3240.1,46.6,True
BGW-13,8,89,2021-08-22,48.75,11749.4,26.83,38.32,0.588,3264.3,44.9,True
BGW-13,9,0,2021-09-11,137.45,193.9,225.1,116.82,0.342,3847.5,97.1,False
BGW-13,9,1,2021-09-12,130.18,219.5,209.23,109.25,0.343,3835.6,100.0,False
BGW-13,9,2,2021-09-13,124.24,308.9,193.55,104.93,0.352,3852.2,95.1,False
BGW-13,9,3,2021-09-14,118.21,400.7,162.83,82.67,0.337,3821.9,100.0,False
BGW-13,9,4,2021-09-15,112.92,502.9,149.93,79.73,0.347,3824.6,100.0,False
BGW-13,9,5,2021-09-16,107.83,615.1,123.3,61.63,0.333,3838.1,98.9,False
BGW-13,9,6,2021-09-17,102.99,739.5,117.32,61.31,0.343,3802.0,97.3,False
BGW-13,9,7,2021-09-18,98.82,890.8,109.12,61.77,0.361,3731.2,100.0,False
BGW-13,9,8,2021-09-19,94.83,1082.7,104.88,59.87,0.363,3738.6,100.0,False
BGW-13,9,9,2021-09-20,91.57,1367.0,92.35,53.31,0.366,3758.2,100.0,False
BGW-13,9,10,2021-09-21,87.83,1500.3,80.57,47.74,0.372,3720.0,100.0,False
BGW-13,9,11,2021-09-22,85.08,1688.5,88.67,55.32,0.384,3798.1,100.0,False
BGW-13,9,12,2021-09-23,82.07,1986.5,75.19,43.06,0.364,3752.9,100.0,False
BGW-13,9,13,2021-09-24,79.49,2222.8,72.08,45.32,0.386,3710.6,98.2,False
BGW-13,9,14,2021-09-25,77.33,2564.7,68.23,39.85,0.369,3751.1,99.6,False
BGW-13,9,15,2021-09-26,74.56,2759.3,63.82,41.66,0.395,3719.0,100.0,False
BGW-13,9,16,2021-09-27,72.75,3035.7,59.89,38.83,0.393,3769.3,94.2,False
BGW-13,9,17,2021-09-28,71.55,3335.4,55.83,37.33,0.401,3707.6,100.0,False
BGW-13,9,18,2021-09-29,68.83,3750.5,55.43,37.12,0.401,3730.7,100.0,False
BGW-13,9,19,2021-09-30,67.39,4252.7,51.09,36.02,0.413,3722.5,98.0,False
BGW-13,9,20,2021-10-01,66.64,4457.2,52.01,34.83,0.401,3699.1,100.0,False
BGW-13,9,21,2021-10-02,64.42,4522.0,50.89,31.96,0.386,3688.6,100.0,False
BGW-13,9,22,2021-10-03,63.02,5484.2,42.0,27.7,0.397,3696.0,98.3,False
BGW-13,9,23,2021-10-04,61.93,5828.2,40.73,33.05,0.448,3773.8,96.8,False
BGW-13,9,24,2021-10-05,61.34,5649.9,44.22,30.26,0.406,3656.6,100.0,False
BGW-13,9,25,2021-10-06,60.21,6079.4,40.01,28.66,0.417,3650.8,100.0,False
BGW-13,9,26,2021-10-07,58.93,6608.1,42.53,30.13,0.415,3701.0,100.0,False
BGW-13,9,27,2021-10-08,58.59,6709.9,37.9,28.36,0.428,3674.8,99.4,False
BGW-13,9,28,2021-10-09,57.21,6954.4,37.39,25.86,0.409,3622.2,98.2,False
BGW-13,9,29,2021-10-10,56.83,6972.6,37.07,27.41,0.425,3626.0,100.0,False
BGW-13,9,30,2021-10-11,55.56,7411.8,35.51,25.87,0.422,3669.4,100.0,False
BGW-13,9,31,2021-10-12,55.25,8560.2,33.64,25.07,0.427,3664.8,82.5,False
BGW-13,9,32,2021-10-13,54.74,8688.7,34.93,27.8,0.443,3576.7,76.9,False
BGW-13,9,33,2021-10-14,53.72,8518.5,31.63,25.83,0.45,3639.7,83.9,False
BGW-13,9,34,2021-10-15,53.58,9030.3,30.0,23.53,0.44,3632.4,79.6,False
BGW-13,9,35,2021-10-16,53.17,8350.6,35.62,27.9,0.439,3675.0,85.6,False
BGW-13,9,36,2021-10-17,52.87,8909.6,31.8,26.29,0.453,3617.4,77.1,False
BGW-13,9,37,2021-10-18,52.78,9111.3,33.81,27.49,0.448,3545.8,75.1,False
BGW-13,9,38,2021-10-19,52.17,9581.4,32.87,28.11,0.461,3571.9,77.5,False
BGW-13,9,39,2021-10-20,51.86,9377.2,32.81,26.4,0.446,3560.8,76.6,False
BGW-13,9,40,2021-10-21,51.68,10223.8,27.78,22.24,0.445,3580.4,64.0,True
BGW-13,9,41,2021-10-22,51.08,9896.5,28.93,25.09,0.464,3581.1,64.5,True
BGW-13,9,42,2021-10-23,50.73,10119.5,31.57,28.41,0.474,3537.6,61.6,True
BGW-13,9,43,2021-10-24,50.89,9627.5,32.35,28.51,0.468,3557.7,69.0,False
BGW-13,9,44,2021-10-25,50.84,9389.7,31.76,29.56,0.482,3548.8,72.7,False
BGW-13,9,45,2021-10-26,50.27,10886.6,27.22,24.43,0.473,3565.0,54.8,True
BGW-13,9,46,2021-10-27,50.84,9932.3,29.2,25.74,0.469,3505.9,65.5,False
BGW-13,9,47,2021-10-28,49.4,11659.5,27.58,25.46,0.48,3529.6,42.9,True
BGW-13,9,48,2021-10-29,49.34,11142.0,27.86,25.38,0.477,3510.7,49.7,True
BGW-13,9,49,2021-10-30,49.78,10959.4,25.28,24.52,0.492,3524.7,55.8,True
BGW-13,9,50,2021-10-31,49.89,10812.4,27.96,27.17,0.493,3506.0,58.7,True
BGW-13,9,51,2021-11-01,49.08,11778.8,27.51,27.94,0.504,3456.8,45.3,True
BGW-13,9,52,2021-11-02,49.2,11262.8,28.26,28.8,0.505,3437.7,52.3,True
BGW-13,9,53,2021-11-03,48.8,11352.0,25.88,25.75,0.499,3516.9,53.8,True
BGW-13,9,54,2021-11-04,48.67,11228.3,25.1,24.99,0.499,3516.0,53.3,True
BGW-13,9,55,2021-11-05,48.73,11546.0,28.08,26.79,0.488,3496.6,48.9,True
BGW-13,9,56,2021-11-06,48.67,11594.0,26.17,26.5,0.503,3453.0,44.4,True
BGW-13,9,57,2021-11-07,49.24,11027.4,26.25,28.09,0.517,3469.0,52.7,True
BGW-13,9,58,2021-11-08,48.76,11159.4,23.81,24.27,0.505,3444.3,56.9,True
BGW-13,9,59,2021-11-09,48.58,11064.4,27.42,28.78,0.512,3451.2,51.5,True
BGW-13,9,60,2021-11-10,49.23,11430.1,24.97,23.92,0.489,3428.0,52.4,True
BGW-13,9,61,2021-11-11,48.16,11596.6,26.77,29.08,0.521,3436.3,41.8,True
BGW-13,9,62,2021-11-12,48.11,12163.3,23.8,24.62,0.508,3434.3,39.1,True
BGW-13,9,63,2021-11-13,47.94,11201.2,25.29,27.88,0.524,3452.0,50.6,True
BGW-13,9,64,2021-11-14,47.69,12325.6,24.67,27.63,0.528,3403.4,33.0,True
BGW-13,9,65,2021-11-15,48.09,11271.8,25.06,28.62,0.533,3446.4,48.4,True
BGW-13,9,66,2021-11-16,48.03,12784.3,22.95,25.53,0.527,3413.2,28.8,True
BGW-13,9,67,2021-11-17,47.83,12263.5,23.06,26.52,0.535,3434.2,37.9,True
BGW-13,9,68,2021-11-18,47.95,12193.0,23.98,27.05,0.53,3422.2,40.5,True
BGW-13,9,69,2021-11-19,48.37,11294.6,22.84,27.31,0.545,3391.9,49.7,True
BGW-13,9,70,2021-11-20,47.95,12196.4,20.43,25.44,0.555,3368.3,43.3,True
BGW-13,9,71,2021-11-21,48.09,12840.6,22.66,28.16,0.554,3439.6,36.4,True
BGW-13,9,72,2021-11-22,47.69,12093.9,24.1,30.56,0.559,3293.5,42.3,True
BGW-13,9,73,2021-11-23,47.4,13432.7,22.86,29.17,0.561,3353.3,19.8,True
BGW-13,9,74,2021-11-24,48.13,11331.2,22.61,29.23,0.564,3343.7,51.4,True
BGW-13,9,75,2021-11-25,48.24,12363.2,20.58,28.36,0.579,3359.2,40.3,True
BGW-13,9,76,2021-11-26,47.88,12542.6,22.87,29.51,0.563,3283.5,39.4,True
BGW-13,9,77,2021-11-27,47.71,12500.5,22.13,30.08,0.576,3332.6,30.9,True
BGW-13,9,78,2021-11-28,48.24,11211.2,22.79,29.82,0.567,3345.6,52.2,True
BGW-13,9,79,2021-11-29,47.91,11995.1,22.41,30.13,0.573,3371.2,41.3,True
BGW-13,9,80,2021-11-30,47.51,12597.9,20.8,30.9,0.598,3283.0,34.2,True
BGW-13,9,81,2021-12-01,47.78,11530.8,21.78,31.0,0.587,3347.1,51.2,True
BGW-13,9,82,2021-12-02,47.81,12485.7,22.57,34.81,0.607,3353.6,33.5,True
BGW-13,9,83,2021-12-03,47.51,13027.5,20.57,28.44,0.58,3278.6,27.7,True
BGW-13,9,84,2021-12-04,47.95,12712.8,19.19,27.43,0.588,3322.7,29.2,True
BGW-13,9,85,2021-12-05,48.24,11816.6,21.11,28.79,0.577,3328.7,49.4,True
BGW-13,9,86,2021-12-06,47.21,12979.3,19.83,28.65,0.591,3222.7,25.4,True
BGW-13,9,87,2021-12-07,47.79,13185.6,19.8,30.71,0.608,3298.0,29.8,True
BGW-13,9,88,2021-12-08,48.39,12254.0,23.27,33.57,0.591,3315.3,40.4,True
BGW-13,9,89,2021-12-09,47.56,10778.0,20.91,31.1,0.598,3246.6,58.1,True
BGW-14,1,0,2019-05-18,133.72,141.0,221.72,81.14,0.268,4142.6,100.0,False
BGW-14,1,1,2019-05-19,129.47,171.6,172.14,68.06,0.283,4133.4,99.0,False
BGW-14,1,2,2019-05-20,124.93,177.5,184.32,71.48,0.279,4127.3,99.6,False
BGW-14,1,3,2019-05-21,120.97,237.0,148.23,60.49,0.29,4138.4,100.0,False
BGW-14,1,4,2019-05-22,117.16,263.9,131.96,52.0,0.283,4127.6,100.0,False
BGW-14,1,5,2019-05-23,113.47,322.9,125.9,50.46,0.286,4143.1,100.0,False
BGW-14,1,6,2019-05-24,109.56,374.5,109.19,42.9,0.282,4126.0,100.0,False
BGW-14,1,7,2019-05-25,105.73,438.8,102.38,45.11,0.306,4126.4,100.0,False
BGW-14,1,8,2019-05-26,102.96,497.6,97.74,41.91,0.3,4121.6,99.2,False
BGW-14,1,9,2019-05-27,100.0,593.4,92.94,38.5,0.293,4126.8,99.1,False
BGW-14,1,10,2019-05-28,97.65,680.6,73.81,30.68,0.294,4059.7,100.0,False
BGW-14,1,11,2019-05-29,94.05,768.1,80.78,36.35,0.31,4072.4,98.9,False
BGW-14,1,12,2019-05-30,91.59,900.2,74.85,34.62,0.316,4039.4,100.0,False
BGW-14,1,13,2019-05-31,89.32,1022.6,62.73,28.09,0.309,4131.9,100.0,False
BGW-14,1,14,2019-06-01,86.95,1108.3,70.91,31.46,0.307,4076.7,100.0,False
BGW-14,1,15,2019-06-02,84.9,1259.7,60.5,30.99,0.339,4049.5,93.8,False
BGW-14,1,16,2019-06-03,82.84,1369.0,61.27,28.14,0.315,4058.0,100.0,False
BGW-14,1,17,2019-06-04,81.23,1489.2,56.2,26.56,0.321,4092.0,97.0,False
BGW-14,1,18,2019-06-05,78.92,1660.4,49.99,24.54,0.329,4082.6,98.6,False
BGW-14,1,19,2019-06-06,77.57,1798.8,47.62,23.14,0.327,4028.8,100.0,False
BGW-14,1,20,2019-06-07,75.73,1928.8,53.48,26.24,0.329,3991.0,95.9,False
BGW-14,1,21,2019-06-08,74.11,2371.4,43.06,21.25,0.33,4043.9,100.0,False
BGW-14,1,22,2019-06-09,72.94,2358.1,40.66,20.0,0.33,4002.7,95.2,False
BGW-14,1,23,2019-06-10,71.23,2518.7,41.91,20.98,0.334,3987.9,99.0,False
BGW-14,1,24,2019-06-11,70.03,2790.8,36.63,19.53,0.348,4008.1,100.0,False
BGW-14,1,25,2019-06-12,68.84,2984.4,36.91,19.93,0.351,3973.7,100.0,False
BGW-14,1,26,2019-06-13,67.48,3257.4,34.98,18.18,0.342,3968.7,100.0,False
BGW-14,1,27,2019-06-14,66.88,3227.8,34.25,18.62,0.352,3984.3,100.0,False
BGW-14,1,28,2019-06-15,65.62,3457.1,36.34,18.6,0.339,3968.9,97.7,False
BGW-14,1,29,2019-06-16,64.25,3777.9,31.2,17.26,0.356,3944.8,100.0,False
BGW-14,1,30,2019-06-17,63.25,3979.4,33.56,19.89,0.372,3969.1,98.6,False
BGW-14,1,31,2019-06-18,62.62,4428.0,30.4,17.26,0.362,3919.2,100.0,False
BGW-14,1,32,2019-06-19,61.88,4640.5,30.24,16.98,0.36,3897.8,97.5,False
BGW-14,1,33,2019-06-20,61.43,4311.6,30.9,17.08,0.356,3892.5,100.0,False
BGW-14,1,34,2019-06-21,60.24,5080.4,26.69,16.28,0.379,3937.8,99.2,False
BGW-14,1,35,2019-06-22,59.84,4873.1,30.01,18.37,0.38,3894.3,100.0,False
BGW-14,1,36,2019-06-23,58.65,5274.4,25.15,15.97,0.388,3877.9,99.8,False
BGW-14,1,37,2019-06-24,57.95,5360.4,27.54,17.37,0.387,3894.4,99.6,False
BGW-14,1,38,2019-06-25,57.52,6116.5,24.43,15.87,0.394,3948.9,98.7,False
BGW-14,1,39,2019-06-26,56.66,6199.6,23.46,16.32,0.41,3840.4,100.0,False
BGW-14,1,40,2019-06-27,56.2,6342.5,24.73,16.28,0.397,3875.0,96.8,False
BGW-14,1,41,2019-06-28,56.29,5927.6,24.44,15.5,0.388,3863.8,97.9,False
BGW-14,1,42,2019-06-29,55.26,6679.9,21.4,14.36,0.401,3871.6,89.4,False
BGW-14,1,43,2019-06-30,54.98,6519.4,24.52,16.11,0.396,3885.2,95.8,False
BGW-14,1,44,2019-07-01,54.51,6507.9,21.91,15.61,0.416,3861.0,95.4,False
BGW-14,1,45,2019-07-02,54.01,7563.3,20.48,14.09,0.408,3810.7,79.8,False
BGW-14,1,46,2019-07-03,53.57,7122.5,22.69,15.43,0.405,3796.9,80.5,False
BGW-14,1,47,2019-07-04,53.2,6992.6,22.57,16.36,0.42,3828.1,86.7,False
BGW-14,1,48,2019-07-05,53.3,7583.3,19.86,13.62,0.407,3837.2,80.1,False
BGW-14,1,49,2019-07-06,52.93,7279.4,20.27,14.85,0.423,3776.5,80.4,False
BGW-14,1,50,2019-07-07,52.24,7812.7,22.11,15.55,0.413,3876.5,74.4,False
BGW-14,1,51,2019-07-08,51.82,8304.0,18.99,14.22,0.428,3832.0,74.4,False
BGW-14,1,52,2019-07-09,51.91,7739.3,19.92,14.51,0.422,3737.4,71.4,False
BGW-14,1,53,2019-07-10,51.36,8314.7,20.5,15.02,0.423,3743.3,67.8,False
BGW-14,1,54,2019-07-11,51.12,7663.3,22.23,17.13,0.435,3803.5,77.3,False
BGW-14,1,55,2019-07-12,51.88,7917.2,18.56,15.57,0.456,3819.4,69.4,False
BGW-14,1,56,2019-07-13,50.88,8730.2,17.32,15.06,0.465,3752.5,59.9,True
BGW-14,1,57,2019-07-14,50.85,8374.4,19.2,14.46,0.43,3748.5,66.8,False
BGW-14,1,58,2019-07-15,50.25,8594.1,19.32,15.28,0.442,3772.5,62.5,True
BGW-14,1,59,2019-07-16,50.64,8392.2,18.74,14.67,0.439,3784.7,65.4,False
BGW-14,1,60,2019-07-17,49.42,9067.9,17.65,14.73,0.455,3694.9,59.7,True
BGW-14,1,61,2019-07-18,50.38,9040.9,17.55,13.76,0.439,3769.6,54.8,True
BGW-14,1,62,2019-07-19,49.8,9116.9,16.75,14.53,0.465,3724.8,54.9,True
BGW-14,1,63,2019-07-20,49.61,9056.1,16.82,13.49,0.445,3671.0,54.4,True
BGW-14,1,64,2019-07-21,49.64,9030.1,17.1,14.73,0.463,3682.8,54.2,True
BGW-14,1,65,2019-07-22,49.43,10139.4,17.31,15.92,0.479,3705.4,36.4,True
BGW-14,1,66,2019-07-23,49.17,10116.2,17.23,15.13,0.468,3669.4,33.7,True
BGW-14,1,67,2019-07-24,49.3,9356.0,16.79,15.39,0.478,3673.9,55.2,True
BGW-14,1,68,2019-07-25,49.18,10189.7,17.42,15.44,0.47,3712.8,40.4,True
BGW-14,1,69,2019-07-26,48.9,9628.7,15.12,13.39,0.47,3645.5,45.7,True
BGW-14,1,70,2019-07-27,48.82,10116.9,15.74,13.36,0.459,3684.7,40.2,True
BGW-14,1,71,2019-07-28,48.75,9535.5,15.41,14.99,0.493,3649.1,50.2,True
BGW-14,1,72,2019-07-29,48.15,10291.7,15.09,14.56,0.491,3724.9,38.5,True
BGW-14,1,73,2019-07-30,48.49,10812.8,15.45,14.47,0.484,3629.3,27.1,True
BGW-14,1,74,2019-07-31,48.56,9988.1,14.41,14.61,0.503,3593.2,46.9,True
BGW-14,1,75,2019-08-01,48.66,10563.0,14.05,13.58,0.492,3671.0,31.5,True
BGW-14,1,76,2019-08-02,48.15,10013.0,15.95,16.92,0.515,3620.7,41.9,True
BGW-14,1,77,2019-08-03,48.12,10489.1,14.26,14.38,0.502,3591.8,32.3,True
BGW-14,1,78,2019-08-04,47.56,10376.6,16.07,15.16,0.485,3601.5,38.4,True
BGW-14,1,79,2019-08-05,47.76,10600.9,16.04,17.6,0.523,3611.9,34.3,True
BGW-14,1,80,2019-08-06,48.14,11269.2,14.37,15.73,0.523,3582.1,21.8,True
BGW-14,1,81,2019-08-07,48.5,9976.7,15.4,16.66,0.52,3587.0,40.0,True
BGW-14,1,82,2019-08-08,47.72,10623.7,15.05,15.74,0.511,3592.4,39.2,True
BGW-14,1,83,2019-08-09,47.89,10939.9,13.91,14.77,0.515,3542.0,29.3,True
BGW-14,1,84,2019-08-10,47.75,11362.0,15.61,17.75,0.532,3594.1,25.7,True
BGW-14,1,85,2019-08-11,47.64,11252.4,13.57,15.67,0.536,3558.9,22.3,True
BGW-14,1,86,2019-08-12,47.89,11248.5,15.21,17.33,0.533,3588.9,24.1,True
BGW-14,1,87,2019-08-13,48.1,9536.6,14.96,16.32,0.522,3520.8,48.5,True
BGW-14,1,88,2019-08-14,47.11,10342.7,14.11,16.63,0.541,3525.6,34.8,True
BGW-14,1,89,2019-08-15,47.74,10594.9,15.57,18.84,0.548,3524.5,30.5,True
BGW-14,2,0,2019-09-08,135.33,124.5,229.69,82.65,0.265,4188.1,100.0,False
BGW-14,2,1,2019-09-09,131.99,140.2,183.71,65.61,0.263,4214.8,100.0,False
BGW-14,2,2,2019-09-10,128.0,166.1,191.61,71.77,0.272,4138.2,97.5,False
BGW-14,2,3,2019-09-11,123.98,195.9,176.36,66.91,0.275,4158.8,95.2,False
BGW-14,2,4,2019-09-12,120.41,225.7,159.46,60.77,0.276,4135.5,98.6,False
BGW-14,2,5,2019-09-13,117.31,263.0,126.61,50.33,0.284,4146.2,100.0,False
BGW-14,2,6,2019-09-14,114.14,313.2,134.69,52.58,0.281,4125.3,100.0,False
BGW-14,2,7,2019-09-15,111.14,374.1,107.87,42.04,0.28,4133.7,100.0,False
BGW-14,2,8,2019-09-16,108.86,355.5,125.46,49.45,0.283,4104.6,100.0,False
BGW-14,2,9,2019-09-17,105.87,441.7,114.15,46.6,0.29,4105.4,99.8,False
BGW-14,2,10,2019-09-18,103.49,514.5,101.63,45.15,0.308,4103.9,100.0,False
BGW-14,2,11,2019-09-19,100.18,596.4,93.35,40.13,0.301,4103.1,97.6,False
BGW-14,2,12,2019-09-20,98.24,613.7,86.23,41.73,0.326,4081.4,100.0,False
BGW-14,2,13,2019-09-21,95.98,697.8,84.67,38.11,0.31,4029.4,100.0,False
BGW-14,2,14,2019-09-22,93.31,771.3,84.5,38.35,0.312,4058.2,97.3,False
BGW-14,2,15,2019-09-23,91.34,843.2,82.16,37.73,0.315,4014.5,100.0,False
BGW-14,2,16,2019-09-24,89.69,915.4,83.3,36.02,0.302,4050.4,100.0,False
BGW-14,2,17,2019-09-25,87.58,1104.5,64.45,31.75,0.33,4044.4,100.0,False
BGW-14,2,18,2019-09-26,85.89,1270.1,65.21,30.31,0.317,4021.0,100.0,False
BGW-14,2,19,2019-09-27,83.86,1332.6,58.19,28.48,0.329,4087.5,100.0,False
BGW-14,2,20,2019-09-28,82.61,1313.6,56.98,30.47,0.348,3977.8,98.1,False
BGW-14,2,21,2019-09-29,80.53,1603.9,55.87,28.87,0.341,3983.2,99.9,False
BGW-14,2,22,2019-09-30,78.78,1648.9,54.68,26.37,0.325,3979.4,100.0,False
BGW-14,2,23,2019-10-01,77.37,1838.3,53.48,29.45,0.355,4045.2,95.2,False
BGW-14,2,24,2019-10-02,76.54,1875.2,52.3,29.0,0.357,3982.6,95.0,False
BGW-14,2,25,2019-10-03,75.0,2142.8,51.02,27.1,0.347,4001.9,99.1,False
BGW-14,2,26,2019-10-04,73.83,2042.4,49.12,27.52,0.359,3947.0,100.0,False
BGW-14,2,27,2019-10-05,72.88,2495.8,49.65,27.56,0.357,3944.9,100.0,False
BGW-14,2,28,2019-10-06,71.21,2678.7,38.04,21.1,0.357,3989.2,100.0,False
BGW-14,2,29,2019-10-07,70.66,2650.0,41.05,25.13,0.38,3986.2,100.0,False
BGW-14,2,30,2019-10-08,69.41,2782.8,42.97,23.97,0.358,3972.4,100.0,False
BGW-14,2,31,2019-10-09,68.46,3197.5,35.72,20.52,0.365,3973.9,100.0,False
BGW-14,2,32,2019-10-10,67.38,3299.1,37.26,23.02,0.382,3914.0,100.0,False
BGW-14,2,33,2019-10-11,66.59,3398.1,37.45,22.32,0.373,3945.7,100.0,False
BGW-14,2,34,2019-10-12,65.43,3507.6,35.36,21.14,0.374,3959.2,99.2,False
BGW-14,2,35,2019-10-13,64.53,3512.0,39.16,22.8,0.368,3937.5,100.0,False
BGW-14,2,36,2019-10-14,63.78,3909.8,33.25,20.62,0.383,3907.0,97.7,False
BGW-14,2,37,2019-10-15,63.24,4238.7,31.72,18.83,0.372,3916.4,98.4,False
BGW-14,2,38,2019-10-16,61.99,4577.7,31.18,19.89,0.39,3878.4,100.0,False
BGW-14,2,39,2019-10-17,61.51,4366.9,29.2,18.8,0.392,3845.4,99.5,False
BGW-14,2,40,2019-10-18,60.98,4754.7,32.21,19.61,0.378,3855.8,100.0,False
BGW-14,2,41,2019-10-19,60.02,5261.2,27.32,18.94,0.409,3868.8,98.0,False
BGW-14,2,42,2019-10-20,59.53,5312.8,30.12,19.3,0.391,3890.5,99.8,False
BGW-14,2,43,2019-10-21,59.2,5437.0,27.83,18.17,0.395,3824.9,95.3,False
BGW-14,2,44,2019-10-22,58.97,5270.6,29.29,19.33,0.398,3841.9,95.1,False
BGW-14,2,45,2019-10-23,58.88,5051.8,28.34,17.52,0.382,3837.4,98.4,False
BGW-14,2,46,2019-10-24,57.86,5510.7,25.23,17.0,0.403,3813.0,99.4,False
BGW-14,2,47,2019-10-25,57.02,6111.6,25.14,17.95,0.417,3799.1,99.2,False
BGW-14,2,48,2019-10-26,56.72,6050.4,28.21,19.4,0.407,3856.3,99.7,False
BGW-14,2,49,2019-10-27,56.76,5813.7,25.9,19.48,0.429,3853.1,100.0,False
BGW-14,2,50,2019-10-28,56.31,6268.1,25.33,17.93,0.414,3809.8,96.7,False
BGW-14,2,51,2019-10-29,55.92,6323.8,25.13,17.77,0.414,3785.2,100.0,False
BGW-14,2,52,2019-10-30,55.09,6960.9,24.88,17.92,0.419,3795.2,84.0,False
BGW-14,2,53,2019-10-31,54.63,6405.1,23.54,15.87,0.403,3819.6,98.1,False
BGW-14,2,54,2019-11-01,54.88,6785.6,23.21,18.49,0.443,3747.6,87.7,False
BGW-14,2,55,2019-11-02,54.08,7145.0,22.19,16.45,0.426,3792.8,83.2,False
BGW-14,2,56,2019-11-03,53.76,7965.4,21.84,17.63,0.447,3791.2,68.0,False
BGW-14,2,57,2019-11-04,53.36,7345.1,24.55,19.17,0.438,3732.0,77.6,False
BGW-14,2,58,2019-11-05,53.26,7429.0,22.42,17.07,0.432,3803.6,86.4,False
BGW-14,2,59,2019-11-06,52.97,7084.1,24.49,20.82,0.46,3788.7,85.7,False
BGW-14,2,60,2019-11-07,52.51,7451.9,22.21,17.15,0.436,3762.1,76.6,False
BGW-14,2,61,2019-11-08,52.48,7342.7,21.59,17.02,0.441,3720.9,80.1,False
BGW-14,2,62,2019-11-09,52.46,7719.5,21.21,17.59,0.453,3729.0,70.8,False
BGW-14,2,63,2019-11-10,52.08,8030.7,21.76,19.11,0.468,3691.1,78.0,False
BGW-14,2,64,2019-11-11,51.78,8218.3,20.38,17.14,0.457,3730.1,70.1,False
BGW-14,2,65,2019-11-12,51.19,7830.6,20.48,17.41,0.459,3683.4,76.2,False
BGW-14,2,66,2019-11-13,51.25,7829.2,19.32,16.55,0.461,3679.6,73.6,False
BGW-14,2,67,2019-11-14,51.15,7878.7,20.49,18.18,0.47,3704.1,69.3,False
BGW-14,2,68,2019-11-15,50.27,8671.8,20.62,17.07,0.453,3655.3,63.9,True
BGW-14,2,69,2019-11-16,50.57,9253.3,18.62,18.2,0.494,3680.8,52.4,True
BGW-14,2,70,2019-11-17,50.83,8793.4,19.65,17.89,0.477,3631.4,55.5,True
BGW-14,2,71,2019-11-18,50.81,9220.6,19.16,16.75,0.466,3644.8,51.5,True
BGW-14,2,72,2019-11-19,50.1,8698.1,19.89,19.09,0.49,3650.9,66.3,False
BGW-14,2,73,2019-11-20,50.18,9235.6,19.81,18.13,0.478,3660.0,54.8,True
BGW-14,2,74,2019-11-21,50.07,9049.5,20.57,19.32,0.484,3624.1,53.5,True
BGW-14,2,75,2019-11-22,49.76,9316.4,18.15,18.61,0.506,3638.9,52.4,True
BGW-14,2,76,2019-11-23,49.32,10183.6,17.79,18.93,0.516,3659.7,37.7,True
BGW-14,2,77,2019-11-24,49.43,10113.0,18.82,19.64,0.511,3685.1,38.5,True
BGW-14,2,78,2019-11-25,50.09,8880.4,18.8,19.92,0.514,3655.3,52.9,True
BGW-14,2,79,2019-11-26,49.67,9050.4,16.51,17.28,0.512,3566.4,52.9,True
BGW-14,2,80,2019-11-27,49.37,9946.6,17.46,19.15,0.523,3565.9,45.1,True
BGW-14,2,81,2019-11-28,48.99,10092.3,16.98,18.57,0.522,3621.8,39.7,True
BGW-14,2,82,2019-11-29,49.19,9450.7,18.47,18.15,0.496,3579.3,47.2,True
BGW-14,2,83,2019-11-30,49.32,8934.2,18.13,19.91,0.523,3583.3,58.8,True
BGW-14,2,84,2019-12-01,48.69,9754.6,18.33,19.56,0.516,3593.3,39.5,True
BGW-14,2,85,2019-12-02,49.24,9120.6,19.11,21.67,0.531,3551.3,51.8,True
BGW-14,2,86,2019-12-03,48.49,10047.8,16.94,19.91,0.54,3519.1,44.2,True
BGW-14,2,87,2019-12-04,48.21,10412.0,16.35,18.47,0.53,3584.3,37.9,True
BGW-14,2,88,2019-12-05,48.19,9306.2,17.37,19.33,0.527,3548.9,52.8,True
BGW-14,2,89,2019-12-06,48.2,11051.6,16.25,18.51,0.532,3560.5,27.1,True
BGW-14,3,0,2020-01-05,142.06,96.3,239.1,91.03,0.276,4174.8,98.9,False
BGW-14,3,1,2020-01-06,136.44,119.5,204.95,78.33,0.277,4118.9,100.0,False
BGW-14,3,2,2020-01-07,131.25,150.4,205.34,80.45,0.282,4120.4,97.6,False
BGW-14,3,3,2020-01-08,126.87,176.4,162.91,66.64,0.29,4105.4,100.0,False
BGW-14,3,4,2020-01-09,121.63,203.9,155.72,62.45,0.286,4147.0,100.0,False
BGW-14,3,5,2020-01-10,117.35,264.1,152.98,59.81,0.281,4146.7,100.0,False
BGW-14,3,6,2020-01-11,113.93,315.5,135.51,51.24,0.274,4066.2,100.0,False
BGW-14,3,7,2020-01-12,109.99,369.0,116.92,46.02,0.282,4137.5,100.0,False
BGW-14,3,8,2020-01-13,106.27,432.6,118.84,48.77,0.291,4100.4,99.9,False
BGW-14,3,9,2020-01-14,103.66,477.5,110.04,43.05,0.281,4090.3,97.1,False
BGW-14,3,10,2020-01-15,99.69,588.8,95.21,39.7,0.294,4062.6,100.0,False
BGW-14,3,11,2020-01-16,96.94,697.6,84.08,36.12,0.301,4136.0,100.0,False
BGW-14,3,12,2020-01-17,93.76,915.8,81.04,36.51,0.311,4027.2,100.0,False
BGW-14,3,13,2020-01-18,91.55,838.2,83.27,36.42,0.304,4125.0,97.6,False
BGW-14,3,14,2020-01-19,88.64,961.3,78.22,33.68,0.301,4064.4,100.0,False
BGW-14,3,15,2020-01-20,85.91,1213.6,68.79,28.78,0.295,4066.9,99.8,False
BGW-14,3,16,2020-01-21,84.12,1278.2,67.3,32.38,0.325,4043.9,100.0,False
BGW-14,3,17,2020-01-22,81.98,1405.3,58.6,26.44,0.311,4018.3,99.7,False
BGW-14,3,18,2020-01-23,79.89,1694.8,55.97,27.14,0.327,4076.3,99.3,False
BGW-14,3,19,2020-01-24,78.56,1693.3,58.0,31.11,0.349,4059.6,96.5,False
BGW-14,3,20,2020-01-25,75.76,2007.6,51.3,23.49,0.314,4027.7,100.0,False
BGW-14,3,21,2020-01-26,74.33,2196.2,51.57,23.88,0.316,4015.1,90.6,False
BGW-14,3,22,2020-01-27,72.8,2487.1,45.55,23.49,0.34,3963.0,99.4,False
BGW-14,3,23,2020-01-28,71.56,2395.6,43.51,21.35,0.329,3996.1,96.4,False
BGW-14,3,24,2020-01-29,70.03,2782.6,40.16,20.75,0.341,4001.6,98.6,False
BGW-14,3,25,2020-01-30,68.9,2950.0,39.99,21.2,0.346,4028.0,98.5,False
BGW-14,3,26,2020-01-31,67.61,3163.7,37.95,19.83,0.343,3979.3,100.0,False
BGW-14,3,27,2020-02-01,66.37,3154.8,38.51,20.68,0.349,3918.0,100.0,False
BGW-14,3,28,2020-02-02,64.98,3398.6,39.2,22.73,0.367,3985.1,100.0,False
BGW-14,3,29,2020-02-03,63.94,3952.8,34.6,19.36,0.359,3952.1,100.0,False
BGW-14,3,30,2020-02-04,63.51,3967.3,36.07,22.12,0.38,3931.4,100.0,False
BGW-14,3,31,2020-02-05,62.19,4467.1,35.43,20.26,0.364,3918.5,95.4,False
BGW-14,3,32,2020-02-06,61.51,4594.7,34.66,18.41,0.347,3982.8,100.0,False
BGW-14,3,33,2020-02-07,59.91,4934.1,32.98,18.24,0.356,3949.9,98.5,False
BGW-14,3,34,2020-02-08,59.7,4927.4,31.85,18.03,0.361,3940.2,96.8,False
BGW-14,3,35,2020-02-09,59.4,5169.5,32.8,20.14,0.38,3921.2,100.0,False
BGW-14,3,36,2020-02-10,58.5,5457.1,28.82,17.03,0.371,3895.6,97.3,False
BGW-14,3,37,2020-02-11,58.39,5813.1,28.3,17.2,0.378,3875.5,93.6,False
BGW-14,3,38,2020-02-12,56.91,5806.4,27.75,17.54,0.387,3876.6,100.0,False
BGW-14,3,39,2020-02-13,57.01,5957.9,29.31,18.25,0.384,3905.1,100.0,False
BGW-14,3,40,2020-02-14,56.47,6231.7,28.51,17.92,0.386,3846.2,100.0,False
BGW-14,3,41,2020-02-15,55.34,6577.2,25.05,15.68,0.385,3889.0,90.1,False
BGW-14,3,42,2020-02-16,54.98,6911.0,28.37,18.9,0.4,3881.7,86.4,False
BGW-14,3,43,2020-02-17,54.3,6915.8,28.98,19.17,0.398,3858.9,88.8,False
BGW-14,3,44,2020-02-18,54.01,7194.2,23.5,15.76,0.402,3903.1,79.7,False
BGW-14,3,45,2020-02-19,54.02,6838.9,23.12,16.14,0.411,3917.2,88.9,False
BGW-14,3,46,2020-02-20,53.76,7351.0,23.83,16.33,0.407,3853.6,82.3,False
BGW-14,3,47,2020-02-21,52.77,7217.9,26.96,18.93,0.413,3810.3,84.7,False
BGW-14,3,48,2020-02-22,53.05,7809.4,23.63,16.92,0.417,3832.0,75.5,False
BGW-14,3,49,2020-02-23,52.48,7876.7,23.11,15.83,0.406,3844.6,73.6,False
BGW-14,3,50,2020-02-24,52.21,8315.9,24.33,18.22,0.428,3825.5,67.7,False
BGW-14,3,51,2020-02-25,51.55,8490.4,23.86,18.34,0.435,3801.0,66.3,False
BGW-14,3,52,2020-02-26,51.35,8276.4,21.61,16.3,0.43,3785.1,59.4,True
BGW-14,3,53,2020-02-27,51.22,9280.1,21.27,16.09,0.431,3845.9,50.4,True
BGW-14,3,54,2020-02-28,50.72,9401.4,20.26,16.09,0.443,3770.5,51.0,True
BGW-14,3,55,2020-02-29,51.04,8957.9,21.1,16.31,0.436,3787.2,56.5,True
BGW-14,3,56,2020-03-01,50.19,8043.8,20.13,15.62,0.437,3770.0,68.0,False
BGW-14,3,57,2020-03-02,50.16,8724.0,20.58,16.97,0.452,3813.6,61.9,True
BGW-14,3,58,2020-03-03,50.16,8316.7,20.45,16.48,0.446,3742.1,67.9,False
BGW-14,3,59,2020-03-04,49.71,9013.6,20.59,16.69,0.448,3760.1,53.6,True
BGW-14,3,60,2020-03-05,49.85,9113.3,19.83,16.75,0.458,3732.4,59.4,True
BGW-14,3,61,2020-03-06,49.43,9576.6,18.87,14.91,0.441,3748.1,46.6,True
BGW-14,3,62,2020-03-07,49.21,9528.3,18.02,15.56,0.463,3704.6,53.6,True
BGW-14,3,63,2020-03-08,49.46,9304.1,20.11,16.97,0.458,3700.0,51.7,True
BGW-14,3,64,2020-03-09,48.87,10181.3,17.64,15.21,0.463,3716.6,39.4,True
BGW-14,3,65,2020-03-10,49.27,9357.8,20.39,19.28,0.486,3650.2,51.3,True
BGW-14,3,66,2020-03-11,48.91,9625.0,19.8,16.15,0.449,3691.5,48.8,True
BGW-14,3,67,2020-03-12,49.08,9415.3,20.34,17.12,0.457,3668.1,51.0,True
BGW-14,3,68,2020-03-13,48.59,11059.2,17.32,15.45,0.471,3681.1,23.2,True
BGW-14,3,69,2020-03-14,48.59,9630.7,20.66,19.82,0.49,3707.9,44.9,True
BGW-14,3,70,2020-03-15,48.4,9559.0,18.37,16.2,0.469,3650.1,51.7,True
BGW-14,3,71,2020-03-16,48.84,9816.8,18.37,16.9,0.479,3669.8,50.3,True
BGW-14,3,72,2020-03-17,48.22,10509.1,18.69,17.06,0.477,3608.3,34.8,True
BGW-14,3,73,2020-03-18,48.28,10243.7,18.65,17.23,0.48,3663.0,36.5,True
BGW-14,3,74,2020-03-19,48.59,9953.4,17.85,18.06,0.503,3654.0,43.4,True
BGW-14,3,75,2020-03-20,48.38,10009.3,17.39,17.02,0.495,3698.5,45.5,True
BGW-14,3,76,2020-03-21,47.71,11198.8,17.02,16.98,0.499,3622.5,29.7,True
BGW-14,3,77,2020-03-22,47.93,10078.7,18.03,18.42,0.505,3671.4,39.1,True
BGW-14,3,78,2020-03-23,47.73,10685.9,17.52,18.8,0.518,3638.1,29.8,True
BGW-14,3,79,2020-03-24,48.63,9337.8,17.57,19.73,0.529,3617.4,51.7,True
BGW-14,3,80,2020-03-25,47.75,11179.3,15.7,17.25,0.524,3560.1,20.5,True
BGW-14,3,81,2020-03-26,47.48,10595.9,16.7,17.13,0.506,3572.8,30.7,True
BGW-14,3,82,2020-03-27,47.48,10750.8,16.59,15.97,0.491,3615.7,31.1,True
BGW-14,3,83,2020-03-28,47.63,10027.8,18.19,18.66,0.506,3585.6,40.9,True
BGW-14,3,84,2020-03-29,47.99,10542.6,17.3,19.71,0.532,3626.7,30.8,True
BGW-14,3,85,2020-03-30,46.71,11844.4,15.58,17.56,0.53,3589.2,19.4,True
BGW-14,3,86,2020-03-31,47.71,10863.4,15.55,16.57,0.516,3559.5,30.4,True
BGW-14,3,87,2020-04-01,47.47,11197.5,17.44,19.12,0.523,3511.6,26.0,True
BGW-14,3,88,2020-04-02,47.05,10560.9,16.74,18.77,0.529,3551.1,35.4,True
BGW-14,3,89,2020-04-03,47.83,10639.5,15.81,19.11,0.547,3557.0,30.3,True
BGW-14,4,0,2020-04-27,139.93,103.2,214.45,75.6,0.261,4176.3,99.7,False
BGW-14,4,1,2020-04-28,131.99,142.1,187.1,66.59,0.262,4132.1,100.0,False
BGW-14,4,2,2020-04-29,125.01,199.9,176.48,68.48,0.28,4139.8,97.2,False
BGW-14,4,3,2020-04-30,118.76,250.9,153.21,59.56,0.28,4125.8,100.0,False
BGW-14,4,4,2020-05-01,113.22,324.8,118.9,42.95,0.265,4163.4,99.0,False
BGW-14,4,5,2020-05-02,107.92,418.5,114.41,49.23,0.301,4117.1,97.8,False
BGW-14,4,6,2020-05-03,102.15,522.6,98.96,43.34,0.305,4122.3,100.0,False
BGW-14,4,7,2020-05-04,98.13,625.7,83.02,33.02,0.285,4126.6,100.0,False
BGW-14,4,8,2020-05-05,93.67,819.8,81.06,32.12,0.284,4088.2,100.0,False
BGW-14,4,9,2020-05-06,90.24,871.0,77.29,33.79,0.304,4092.9,100.0,False
BGW-14,4,10,2020-05-07,86.47,1147.4,64.95,27.51,0.298,4107.8,100.0,False
BGW-14,4,11,2020-05-08,83.12,1326.8,60.71,27.5,0.312,4115.3,100.0,False
BGW-14,4,12,2020-05-09,79.84,1619.7,56.93,25.3,0.308,4105.9,100.0,False
BGW-14,4,13,2020-05-10,77.2,1837.0,54.16,24.5,0.311,4081.5,95.4,False
BGW-14,4,14,2020-05-11,74.28,2033.3,57.63,25.84,0.31,4040.6,100.0,False
BGW-14,4,15,2020-05-12,71.98,2365.7,55.3,23.93,0.302,4068.3,100.0,False
BGW-14,4,16,2020-05-13,70.53,2595.3,43.89,21.11,0.325,4056.9,100.0,False
BGW-14,4,17,2020-05-14,68.78,2901.1,48.26,23.19,0.325,4015.1,100.0,False
BGW-14,4,18,2020-05-15,66.77,3453.6,40.1,19.78,0.33,4025.0,97.1,False
BGW-14,4,19,2020-05-16,64.89,3673.9,37.97,18.11,0.323,3998.2,100.0,False
BGW-14,4,20,2020-05-17,63.01,4019.0,40.64,20.59,0.336,4036.6,97.5,False
BGW-14,4,21,2020-05-18,62.24,4368.8,36.42,18.44,0.336,4060.9,100.0,False
BGW-14,4,22,2020-05-19,61.18,4614.1,33.74,16.74,0.332,4029.5,96.3,False
BGW-14,4,23,2020-05-20,60.24,4922.7,33.35,16.52,0.331,3964.0,98.2,False
BGW-14,4,24,2020-05-21,58.72,5511.0,29.57,15.4,0.342,4031.8,100.0,False
BGW-14,4,25,2020-05-22,57.33,5653.3,28.88,14.7,0.337,3930.2,98.9,False
BGW-14,4,26,2020-05-23,56.82,5951.1,27.55,14.47,0.344,3985.2,100.0,False
BGW-14,4,27,2020-05-24,55.62,6574.7,28.6,15.05,0.345,3988.4,97.9,False
BGW-14,4,28,2020-05-25,55.45,6638.2,25.81,14.0,0.352,3943.8,93.8,False
BGW-14,4,29,2020-05-26,54.56,6987.3,26.76,14.95,0.358,3955.6,87.0,False
BGW-14,4,30,2020-05-27,54.29,7541.2,25.66,15.33,0.374,3933.5,77.3,False
BGW-14,4,31,2020-05-28,53.22,7144.7,25.21,15.0,0.373,3931.7,87.5,False
BGW-14,4,32,2020-05-29,52.83,7594.9,25.01,14.88,0.373,3934.0,76.6,False
BGW-14,4,33,2020-05-30,52.84,7504.6,23.9,13.99,0.369,3886.9,79.4,False
BGW-14,4,34,2020-05-31,51.85,8207.6,25.98,15.12,0.368,3931.5,71.1,False
BGW-14,4,35,2020-06-01,51.92,7839.5,25.06,16.03,0.39,3962.0,78.6,False
BGW-14,4,36,2020-06-02,51.25,8578.0,22.19,12.32,0.357,3907.5,64.1,True
BGW-14,4,37,2020-06-03,51.14,8736.5,21.14,14.43,0.406,3866.8,62.1,True
BGW-14,4,38,2020-06-04,50.19,8213.4,23.53,14.42,0.38,3879.1,66.2,False
BGW-14,4,39,2020-06-05,50.15,9192.3,19.77,11.99,0.377,3873.6,55.6,True
BGW-14,4,40,2020-06-06,50.14,8807.7,23.42,15.18,0.393,3900.1,63.6,True
BGW-14,4,41,2020-06-07,49.9,8855.5,22.71,14.91,0.396,3814.3,56.4,True
BGW-14,4,42,2020-06-08,49.54,9915.2,19.4,12.29,0.388,3903.7,42.6,True
BGW-14,4,43,2020-06-09,48.74,9569.7,19.42,13.27,0.406,3853.3,48.2,True
BGW-14,4,44,2020-06-10,49.05,9938.7,21.11,14.88,0.413,3898.3,44.9,True
BGW-14,4,45,2020-06-11,48.65,10034.3,22.18,14.05,0.388,3818.8,40.2,True
BGW-14,4,46,2020-06-12,48.85,10328.1,19.87,13.64,0.407,3834.2,39.1,True
BGW-14,4,47,2020-06-13,48.68,10107.2,21.14,15.1,0.417,3897.0,41.4,True
BGW-14,4,48,2020-06-14,47.9,10325.9,18.36,12.91,0.413,3858.5,39.3,True
BGW-14,4,49,2020-06-15,48.21,10437.8,18.01,12.28,0.405,3815.5,36.1,True
BGW-14,4,50,2020-06-16,48.7,10724.4,17.94,12.11,0.403,3790.1,27.5,True
BGW-14,4,51,2020-06-17,48.21,10055.8,17.69,14.02,0.442,3861.0,43.5,True
BGW-14,4,52,2020-06-18,47.51,11181.1,17.8,13.06,0.423,3780.3,24.9,True
BGW-14,4,53,2020-06-19,47.92,10749.7,16.4,13.15,0.445,3791.1,32.4,True
BGW-14,4,54,2020-06-20,48.16,10339.8,17.81,13.19,0.425,3743.0,41.8,True
BGW-14,4,55,2020-06-21,47.75,9889.9,18.9,14.56,0.435,3754.4,40.2,True
BGW-14,4,56,2020-06-22,47.76,10580.6,16.19,12.32,0.432,3809.8,34.2,True
BGW-14,4,57,2020-06-23,47.93,10156.5,18.93,14.81,0.439,3809.8,30.6,True
BGW-14,4,58,2020-06-24,47.76,10536.2,17.64,14.33,0.448,3751.0,34.4,True
BGW-14,4,59,2020-06-25,47.37,10752.3,16.62,12.89,0.437,3782.1,32.0,True
BGW-14,4,60,2020-06-26,47.28,10517.0,16.0,12.47,0.438,3775.0,30.8,True
BGW-14,4,61,2020-06-27,46.96,11214.8,16.64,14.19,0.46,3738.0,27.9,True
BGW-14,4,62,2020-06-28,47.78,11112.9,17.99,14.75,0.45,3728.2,20.0,True
BGW-14,4,63,2020-06-29,47.46,9862.6,17.59,13.51,0.434,3739.3,49.0,True
BGW-14,4,64,2020-06-30,47.12,10950.2,16.93,14.89,0.468,3746.4,28.5,True
BGW-14,4,65,2020-07-01,46.96,10955.3,18.17,15.64,0.463,3681.3,28.9,True
BGW-14,4,66,2020-07-02,47.96,10446.1,15.81,14.6,0.48,3724.7,32.5,True
BGW-14,4,67,2020-07-03,47.59,11464.4,16.3,14.61,0.473,3683.5,14.6,True
BGW-14,4,68,2020-07-04,47.04,10871.5,15.95,14.91,0.483,3704.6,27.8,True
BGW-14,4,69,2020-07-05,47.2,10573.2,15.89,14.69,0.481,3661.4,38.0,True
BGW-14,4,70,2020-07-06,47.23,11031.3,16.08,13.89,0.464,3631.2,28.5,True
BGW-14,4,71,2020-07-07,46.75,10592.7,16.13,14.57,0.475,3680.9,29.3,True
BGW-14,4,72,2020-07-08,47.17,11194.5,15.26,14.46,0.487,3623.2,27.1,True
BGW-14,4,73,2020-07-09,46.97,11451.3,15.61,14.92,0.489,3692.3,20.8,True
BGW-14,4,74,2020-07-10,47.14,10900.6,15.8,14.42,0.477,3624.1,30.5,True
BGW-14,4,75,2020-07-11,46.76,10401.2,14.84,13.35,0.473,3628.7,33.3,True
BGW-14,4,76,2020-07-12,47.44,10698.5,15.97,16.75,0.512,3646.6,23.4,True
BGW-14,4,77,2020-07-13,47.21,11198.0,14.08,13.88,0.496,3589.2,21.8,True
BGW-14,4,78,2020-07-14,47.8,10199.2,16.66,17.5,0.512,3605.2,35.1,True
BGW-14,4,79,2020-07-15,47.11,11076.0,15.57,17.25,0.526,3633.7,29.2,True
BGW-14,4,80,2020-07-16,47.38,11314.7,14.64,14.37,0.495,3565.9,21.1,True
BGW-14,4,81,2020-07-17,46.78,11180.6,14.69,15.95,0.521,3611.1,25.8,True
BGW-14,4,82,2020-07-18,46.69,10815.9,13.84,15.16,0.523,3598.6,36.0,True
BGW-14,4,83,2020-07-19,47.14,10650.8,15.08,17.2,0.533,3605.4,33.0,True
BGW-14,4,84,2020-07-20,47.45,11149.3,14.92,16.44,0.524,3594.3,24.2,True
BGW-14,4,85,2020-07-21,46.93,11187.7,15.59,16.18,0.509,3571.0,19.2,True
BGW-14,4,86,2020-07-22,47.25,10932.2,13.99,16.31,0.538,3539.4,34.3,True
BGW-14,4,87,2020-07-23,46.82,11117.3,14.61,17.44,0.544,3549.8,26.7,True
BGW-14,4,88,2020-07-24,46.86,10423.2,16.07,18.98,0.541,3554.8,35.8,True
BGW-14,4,89,2020-07-25,47.0,10231.2,14.02,16.2,0.536,3544.3,38.2,True
BGW-14,5,0,2020-08-18,143.55,93.1,234.67,86.69,0.27,4184.0,100.0,False
BGW-14,5,1,2020-08-19,136.44,124.9,204.85,74.94,0.268,4198.9,100.0,False
BGW-14,5,2,2020-08-20,128.8,160.4,189.12,73.33,0.279,4157.2,100.0,False
BGW-14,5,3,2020-08-21,121.93,209.4,170.44,61.85,0.266,4124.7,100.0,False
BGW-14,5,4,2020-08-22,115.53,296.0,140.66,49.23,0.259,4122.6,99.4,False
BGW-14,5,5,2020-08-23,110.45,344.5,143.76,60.08,0.295,4114.8,99.2,False
BGW-14,5,6,2020-08-24,104.71,476.4,108.87,44.04,0.288,4141.8,96.7,False
BGW-14,5,7,2020-08-25,100.2,570.1,102.8,41.03,0.285,4075.8,100.0,False
BGW-14,5,8,2020-08-26,96.06,713.3,91.87,39.57,0.301,4075.1,100.0,False
BGW-14,5,9,2020-08-27,92.18,775.2,94.8,39.97,0.297,4142.8,100.0,False
BGW-14,5,10,2020-08-28,87.98,1040.8,80.1,32.69,0.29,4080.1,99.0,False
BGW-14,5,11,2020-08-29,84.38,1246.9,75.29,33.98,0.311,4087.6,99.5,False
BGW-14,5,12,2020-08-30,81.55,1372.2,65.58,30.41,0.317,4053.0,100.0,False
BGW-14,5,13,2020-08-31,79.14,1594.4,62.62,28.0,0.309,4051.1,99.2,False
BGW-14,5,14,2020-09-01,76.23,2016.9,53.81,24.68,0.314,4052.5,100.0,False
BGW-14,5,15,2020-09-02,73.63,2177.2,61.37,30.38,0.331,4093.4,99.1,False
BGW-14,5,16,2020-09-03,71.44,2527.0,49.1,21.12,0.301,4038.3,98.3,False
BGW-14,5,17,2020-09-04,69.71,2875.7,48.37,21.96,0.312,4091.8,98.0,False
BGW-14,5,18,2020-09-05,67.91,3281.2,49.95,23.36,0.319,4010.1,100.0,False
BGW-14,5,19,2020-09-06,66.33,3506.2,39.66,19.73,0.332,4020.0,97.4,False
BGW-14,5,20,2020-09-07,64.26,3963.1,40.17,18.76,0.318,4016.8,97.6,False
BGW-14,5,21,2020-09-08,63.15,4277.1,40.98,21.11,0.34,4040.9,100.0,False
BGW-14,5,22,2020-09-09,62.02,4815.2,39.28,20.24,0.34,4018.7,98.6,False
BGW-14,5,23,2020-09-10,60.85,4445.8,41.12,20.8,0.336,4018.1,99.3,False
BGW-14,5,24,2020-09-11,59.24,5233.0,33.85,18.38,0.352,3995.4,100.0,False
BGW-14,5,25,2020-09-12,58.46,5378.4,35.94,18.86,0.344,3935.5,99.1,False
BGW-14,5,26,2020-09-13,57.85,5329.3,37.92,20.13,0.347,4012.9,100.0,False
BGW-14,5,27,2020-09-14,56.88,5934.2,31.3,16.88,0.35,3971.6,99.1,False
BGW-14,5,28,2020-09-15,55.43,6394.2,27.63,15.02,0.352,3944.3,95.9,False
BGW-14,5,29,2020-09-16,55.0,6686.0,32.78,19.15,0.369,3960.0,92.2,False
BGW-14,5,30,2020-09-17,54.52,7350.2,30.52,17.45,0.364,3955.3,84.7,False
BGW-14,5,31,2020-09-18,53.55,7396.7,29.7,16.85,0.362,3892.6,82.4,False
BGW-14,5,32,2020-09-19,53.08,7216.3,28.39,16.36,0.366,3990.3,80.7,False
BGW-14,5,33,2020-09-20,52.87,7338.2,26.67,15.28,0.364,3914.0,80.6,False
BGW-14,5,34,2020-09-21,53.02,7021.7,29.46,17.44,0.372,3868.0,85.6,False
BGW-14,5,35,2020-09-22,51.82,8147.0,28.48,17.53,0.381,3857.8,73.3,False
BGW-14,5,36,2020-09-23,51.36,9199.0,27.4,15.73,0.365,3880.9,54.4,True
BGW-14,5,37,2020-09-24,50.94,9257.9,27.0,15.65,0.367,3905.4,51.0,True
BGW-14,5,38,2020-09-25,50.65,8810.3,25.07,15.47,0.382,3887.4,57.5,True
BGW-14,5,39,2020-09-26,50.64,8813.7,24.99,16.62,0.4,3891.4,63.0,True
BGW-14,5,40,2020-09-27,50.07,9688.5,26.81,16.16,0.376,3936.2,50.5,True
BGW-14,5,41,2020-09-28,50.08,8853.1,25.04,17.49,0.411,3894.0,61.8,True
BGW-14,5,42,2020-09-29,50.35,8519.7,25.58,16.99,0.399,3815.4,63.5,True
BGW-14,5,43,2020-09-30,49.73,8949.8,24.09,15.83,0.397,3860.1,57.1,True
BGW-14,5,44,2020-10-01,49.52,9795.1,23.67,15.6,0.397,3830.0,45.0,True
BGW-14,5,45,2020-10-02,49.04,9280.0,27.08,18.62,0.407,3871.0,51.3,True
BGW-14,5,46,2020-10-03,48.51,9689.2,24.29,16.92,0.411,3761.0,50.1,True
BGW-14,5,47,2020-10-04,48.97,9472.6,22.49,14.68,0.395,3883.7,48.4,True
BGW-14,5,48,2020-10-05,48.87,10398.7,22.7,16.19,0.416,3781.7,31.7,True
BGW-14,5,49,2020-10-06,48.41,9496.5,22.54,16.23,0.419,3822.4,53.6,True
BGW-14,5,50,2020-10-07,47.92,9622.0,23.4,16.59,0.415,3809.0,48.2,True
BGW-14,5,51,2020-10-08,48.2,10668.1,23.39,17.49,0.428,3791.7,29.8,True
BGW-14,5,52,2020-10-09,48.35,10609.1,20.74,16.46,0.442,3821.4,31.0,True
BGW-14,5,53,2020-10-10,48.87,9142.9,23.92,17.83,0.427,3775.8,56.3,True
BGW-14,5,54,2020-10-11,47.2,10520.0,22.31,18.01,0.447,3831.6,35.9,True
BGW-14,5,55,2020-10-12,47.72,10248.9,22.41,17.07,0.432,3738.3,42.0,True
BGW-14,5,56,2020-10-13,48.05,10772.6,21.86,17.77,0.448,3748.6,29.0,True
BGW-14,5,57,2020-10-14,47.83,10113.0,22.23,17.83,0.445,3775.1,40.4,True
BGW-14,5,58,2020-10-15,47.86,10351.7,21.06,17.47,0.453,3773.2,37.9,True
BGW-14,5,59,2020-10-16,47.79,10502.9,20.96,16.61,0.442,3767.2,34.6,True
BGW-14,5,60,2020-10-17,47.72,10546.2,21.55,16.94,0.44,3765.9,32.9,True
BGW-14,5,61,2020-10-18,47.26,10858.1,20.87,17.29,0.453,3745.7,31.7,True
BGW-14,5,62,2020-10-19,47.11,11130.5,19.99,15.94,0.444,3696.4,27.8,True
BGW-14,5,63,2020-10-20,47.32,10881.3,20.51,17.05,0.454,3702.2,26.3,True
BGW-14,5,64,2020-10-21,47.07,10875.7,19.93,16.27,0.449,3698.8,28.5,True
BGW-14,5,65,2020-10-22,47.44,10829.1,21.83,19.56,0.473,3645.9,26.8,True
BGW-14,5,66,2020-10-23,46.88,10849.5,18.72,16.15,0.463,3687.3,29.9,True
BGW-14,5,67,2020-10-24,47.39,10453.8,19.73,18.9,0.489,3700.6,35.5,True
BGW-14,5,68,2020-10-25,47.53,10991.6,19.62,18.53,0.486,3720.8,26.3,True
BGW-14,5,69,2020-10-26,46.88,10929.0,20.15,18.74,0.482,3633.9,26.1,True
BGW-14,5,70,2020-10-27,47.37,10634.3,19.66,19.49,0.498,3660.9,32.1,True
BGW-14,5,71,2020-10-28,46.67,10740.4,20.77,18.93,0.477,3630.7,33.3,True
BGW-14,5,72,2020-10-29,46.93,10640.8,20.33,19.15,0.485,3684.0,29.5,True
BGW-14,5,73,2020-10-30,47.33,10900.9,19.86,18.46,0.482,3652.6,32.8,True
BGW-14,5,74,2020-10-31,47.24,10978.0,18.53,19.45,0.512,3649.7,27.8,True
BGW-14,5,75,2020-11-01,47.02,11480.2,20.16,19.98,0.498,3636.8,16.1,True
BGW-14,5,76,2020-11-02,47.12,10704.7,18.51,17.33,0.484,3657.1,36.3,True
BGW-14,5,77,2020-11-03,47.13,10607.9,19.77,20.11,0.504,3639.6,32.1,True
BGW-14,5,78,2020-11-04,47.27,11095.7,18.16,18.87,0.509,3629.8,29.7,True
BGW-14,5,79,2020-11-05,47.76,10379.4,17.82,17.79,0.5,3630.8,34.7,True
BGW-14,5,80,2020-11-06,47.34,10800.4,19.3,21.8,0.53,3604.9,28.0,True
BGW-14,5,81,2020-11-07,46.95,10512.1,17.3,19.29,0.527,3592.6,32.5,True
BGW-14,5,82,2020-11-08,47.21,10332.8,18.41,19.7,0.517,3554.9,36.1,True
BGW-14,5,83,2020-11-09,47.25,10605.8,19.04,20.69,0.521,3596.8,36.3,True
BGW-14,5,84,2020-11-10,46.8,11649.7,17.71,18.81,0.515,3509.0,15.1,True
BGW-14,5,85,2020-11-11,46.87,11247.3,17.11,20.35,0.543,3548.9,17.2,True
BGW-14,5,86,2020-11-12,46.61,11685.6,18.56,20.64,0.527,3529.5,13.2,True
BGW-14,5,87,2020-11-13,47.12,10604.8,18.08,20.5,0.531,3506.0,32.1,True
BGW-14,5,88,2020-11-14,46.64,10664.9,17.81,20.59,0.536,3587.2,32.6,True
BGW-14,5,89,2020-11-15,46.62,11395.7,17.23,21.74,0.558,3527.8,21.4,True
BGW-14,6,0,2020-12-05,136.91,121.5,201.46,75.17,0.272,4145.8,99.3,False
BGW-14,6,1,2020-12-06,131.05,139.7,213.81,83.27,0.28,4173.1,94.5,False
BGW-14,6,2,2020-12-07,125.99,196.4,184.15,77.47,0.296,4164.4,99.2,False
BGW-14,6,3,2020-12-08,120.92,238.3,137.8,50.31,0.267,4139.4,98.7,False
BGW-14,6,4,2020-12-09,116.62,290.2,134.95,49.98,0.27,4116.1,98.8,False
BGW-14,6,5,2020-12-10,112.51,351.1,136.44,57.66,0.297,4122.5,98.3,False
BGW-14,6,6,2020-12-11,108.5,383.4,116.58,48.3,0.293,4153.2,95.9,False
BGW-14,6,7,2020-12-12,104.53,484.7,109.17,47.85,0.305,4151.3,93.6,False
BGW-14,6,8,2020-12-13,101.52,552.0,103.66,44.67,0.301,4108.1,97.3,False
BGW-14,6,9,2020-12-14,98.13,597.0,98.71,42.12,0.299,4061.4,100.0,False
BGW-14,6,10,2020-12-15,94.55,721.0,82.12,36.81,0.309,4072.8,98.2,False
BGW-14,6,11,2020-12-16,92.2,844.2,85.58,35.59,0.294,4058.5,99.0,False
BGW-14,6,12,2020-12-17,89.31,980.3,78.59,35.1,0.309,4070.8,94.2,False
BGW-14,6,13,2020-12-18,86.12,1177.9,71.42,33.11,0.317,4022.9,99.6,False
BGW-14,6,14,2020-12-19,84.24,1300.7,65.3,29.89,0.314,4066.9,94.3,False
BGW-14,6,15,2020-12-20,81.89,1377.9,65.28,29.5,0.311,4072.6,100.0,False
BGW-14,6,16,2020-12-21,79.9,1522.4,59.19,30.56,0.34,4076.0,100.0,False
BGW-14,6,17,2020-12-22,77.89,1718.5,56.33,26.26,0.318,4000.7,99.7,False
BGW-14,6,18,2020-12-23,76.22,1756.4,58.07,29.12,0.334,4029.6,100.0,False
BGW-14,6,19,2020-12-24,74.02,2215.2,51.54,25.08,0.327,4047.0,96.5,False
BGW-14,6,20,2020-12-25,72.53,2299.0,45.02,24.87,0.356,4040.0,100.0,False
BGW-14,6,21,2020-12-26,70.94,2686.9,43.05,21.8,0.336,3985.5,100.0,False
BGW-14,6,22,2020-12-27,69.49,2789.0,42.56,21.13,0.332,4041.3,94.9,False
BGW-14,6,23,2020-12-28,68.62,2869.4,45.73,23.54,0.34,3963.6,100.0,False
BGW-14,6,24,2020-12-29,66.7,3392.9,38.13,19.28,0.336,3893.3,98.5,False
BGW-14,6,25,2020-12-30,65.76,3596.0,39.43,21.76,0.356,4042.9,98.7,False
BGW-14,6,26,2020-12-31,64.27,3785.4,36.96,19.99,0.351,3978.6,99.3,False
BGW-14,6,27,2021-01-01,63.26,3981.5,32.6,18.35,0.36,3960.0,96.9,False
BGW-14,6,28,2021-01-02,62.14,4424.9,33.68,16.65,0.331,3945.4,100.0,False
BGW-14,6,29,2021-01-03,61.52,4640.1,32.02,17.83,0.358,3990.4,97.7,False
BGW-14,6,30,2021-01-04,60.66,4715.6,31.13,18.18,0.369,3930.9,100.0,False
BGW-14,6,31,2021-01-05,59.86,5069.4,35.62,20.75,0.368,3942.3,100.0,False
BGW-14,6,32,2021-01-06,59.0,5372.8,29.54,17.84,0.377,3960.0,95.4,False
BGW-14,6,33,2021-01-07,58.59,5518.0,30.69,18.35,0.374,3899.3,98.8,False
BGW-14,6,34,2021-01-08,57.69,5654.3,31.14,18.43,0.372,3934.8,100.0,False
BGW-14,6,35,2021-01-09,57.14,6054.1,27.35,16.99,0.383,3938.5,99.5,False
BGW-14,6,36,2021-01-10,56.81,5466.9,31.49,19.14,0.378,3899.2,97.4,False
BGW-14,6,37,2021-01-11,55.49,6578.9,25.92,16.87,0.394,3912.2,94.9,False
BGW-14,6,38,2021-01-12,54.65,6436.0,27.21,17.03,0.385,3811.0,97.8,False
BGW-14,6,39,2021-01-13,54.53,7068.3,25.67,15.97,0.384,3923.2,80.8,False
BGW-14,6,40,2021-01-14,54.14,7314.5,27.49,18.66,0.404,3870.0,81.9,False
BGW-14,6,41,2021-01-15,53.68,7794.7,24.46,16.63,0.405,3865.3,76.3,False
BGW-14,6,42,2021-01-16,53.35,7707.9,24.68,15.96,0.393,3880.3,73.7,False
BGW-14,6,43,2021-01-17,52.88,7750.9,27.72,18.89,0.405,3842.3,80.9,False
BGW-14,6,44,2021-01-18,52.87,7962.3,25.68,18.29,0.416,3883.5,72.5,False
BGW-14,6,45,2021-01-19,52.02,8517.0,22.09,15.91,0.419,3881.0,67.3,False
BGW-14,6,46,2021-01-20,52.62,8023.7,22.04,15.64,0.415,3840.2,65.8,False
BGW-14,6,47,2021-01-21,51.57,8426.7,22.01,14.94,0.404,3871.2,67.1,False
BGW-14,6,48,2021-01-22,51.41,9104.2,21.71,15.85,0.422,3818.8,56.6,True
BGW-14,6,49,2021-01-23,51.54,7944.0,20.88,14.93,0.417,3854.0,71.9,False
BGW-14,6,50,2021-01-24,50.52,8963.0,22.37,16.49,0.424,3814.5,60.8,True
BGW-14,6,51,2021-01-25,50.67,8850.5,21.78,15.17,0.411,3800.5,58.1,True
BGW-14,6,52,2021-01-26,50.26,8806.2,21.98,16.21,0.424,3827.4,62.5,True
BGW-14,6,53,2021-01-27,49.51,8833.0,19.17,14.31,0.427,3798.9,58.5,True
BGW-14,6,54,2021-01-28,50.28,8894.0,20.79,15.88,0.433,3743.1,57.2,True
BGW-14,6,55,2021-01-29,50.13,9147.9,22.63,16.65,0.424,3752.4,50.1,True
BGW-14,6,56,2021-01-30,49.79,9511.1,20.89,16.46,0.441,3759.8,52.1,True
BGW-14,6,57,2021-01-31,49.82,9927.5,19.08,14.97,0.44,3737.7,39.2,True
BGW-14,6,58,2021-02-01,49.47,8765.2,20.22,16.93,0.456,3782.7,61.2,True
BGW-14,6,59,2021-02-02,48.82,9798.2,21.96,17.37,0.442,3770.2,43.8,True
BGW-14,6,60,2021-02-03,48.8,10066.8,17.97,13.38,0.427,3716.4,42.3,True
BGW-14,6,61,2021-02-04,48.78,10148.2,20.09,15.91,0.442,3729.9,41.7,True
BGW-14,6,62,2021-02-05,48.95,9681.5,18.3,14.98,0.45,3737.5,39.8,True
BGW-14,6,63,2021-02-06,48.84,9491.0,19.66,16.12,0.45,3686.4,53.6,True
BGW-14,6,64,2021-02-07,48.52,9457.6,19.92,17.92,0.474,3737.7,44.1,True
BGW-14,6,65,2021-02-08,49.0,9708.9,18.73,16.34,0.466,3770.0,45.0,True
BGW-14,6,66,2021-02-09,48.67,10226.9,21.02,19.61,0.483,3704.9,38.6,True
BGW-14,6,67,2021-02-10,49.04,9354.3,19.29,16.57,0.462,3670.9,46.4,True
BGW-14,6,68,2021-02-11,47.99,10046.9,19.39,17.54,0.475,3694.8,44.7,True
BGW-14,6,69,2021-02-12,48.23,10029.9,20.63,18.58,0.474,3647.9,44.6,True
BGW-14,6,70,2021-02-13,48.03,11136.7,18.47,16.2,0.467,3724.5,22.4,True
BGW-14,6,71,2021-02-14,48.06,10144.1,17.73,16.43,0.481,3648.5,44.4,True
BGW-14,6,72,2021-02-15,47.79,10689.1,17.05,15.6,0.478,3663.5,32.2,True
BGW-14,6,73,2021-02-16,47.67,10718.7,18.04,16.03,0.47,3638.5,34.0,True
BGW-14,6,74,2021-02-17,48.1,11120.5,17.44,16.54,0.487,3623.5,29.9,True
BGW-14,6,75,2021-02-18,48.37,9870.9,17.7,19.16,0.52,3690.4,45.3,True
BGW-14,6,76,2021-02-19,47.75,10425.4,15.36,15.94,0.509,3631.5,37.2,True
BGW-14,6,77,2021-02-20,47.89,10389.1,16.9,17.29,0.506,3650.1,36.0,True
BGW-14,6,78,2021-02-21,47.58,10381.9,17.16,16.91,0.496,3633.9,35.1,True
BGW-14,6,79,2021-02-22,47.4,10211.1,18.37,18.88,0.507,3607.4,41.5,True
BGW-14,6,80,2021-02-23,47.41,9972.2,16.77,16.94,0.502,3603.8,43.6,True
BGW-14,6,81,2021-02-24,47.24,9673.4,18.3,20.06,0.523,3571.2,50.0,True
BGW-14,6,82,2021-02-25,47.82,10653.5,17.61,18.41,0.511,3648.1,32.3,True
BGW-14,6,83,2021-02-26,47.99,10286.8,17.45,17.32,0.498,3608.6,41.7,True
BGW-14,6,84,2021-02-27,47.56,10342.3,17.22,20.04,0.538,3658.3,38.3,True
BGW-14,6,85,2021-02-28,47.67,10139.3,16.87,18.21,0.519,3607.0,42.8,True
BGW-14,6,86,2021-03-01,47.91,10218.1,17.5,20.7,0.542,3528.5,43.7,True
BGW-14,6,87,2021-03-02,47.56,10098.9,16.59,17.91,0.519,3515.0,39.0,True
BGW-14,6,88,2021-03-03,47.0,10593.4,16.95,19.54,0.536,3633.8,28.6,True
BGW-14,6,89,2021-03-04,47.18,10290.9,17.31,20.17,0.538,3556.4,35.6,True
BGW-14,7,0,2021-03-28,141.62,96.3,224.28,81.72,0.267,4193.1,97.9,False
BGW-14,7,1,2021-03-29,136.24,111.7,234.59,91.5,0.281,4149.9,100.0,False
BGW-14,7,2,2021-03-30,130.44,146.4,205.8,72.65,0.261,4135.1,95.7,False
BGW-14,7,3,2021-03-31,125.59,192.4,171.05,67.95,0.284,4149.9,98.2,False
BGW-14,7,4,2021-04-01,121.94,207.3,166.93,68.6,0.291,4139.2,99.7,False
BGW-14,7,5,2021-04-02,117.18,258.8,130.59,54.71,0.295,4094.5,96.3,False
BGW-14,7,6,2021-04-03,112.84,329.3,123.21,48.38,0.282,4110.4,100.0,False
BGW-14,7,7,2021-04-04,108.91,394.3,115.8,47.87,0.292,4109.3,100.0,False
BGW-14,7,8,2021-04-05,105.78,422.8,117.44,47.05,0.286,4082.9,95.1,False
BGW-14,7,9,2021-04-06,102.02,517.8,95.38,42.51,0.308,4031.8,97.4,False
BGW-14,7,10,2021-04-07,98.81,673.6,84.06,34.7,0.292,4139.0,98.8,False
BGW-14,7,11,2021-04-08,95.78,689.2,88.08,39.03,0.307,4053.8,100.0,False
BGW-14,7,12,2021-04-09,92.87,865.8,79.37,36.54,0.315,4110.5,99.8,False
BGW-14,7,13,2021-04-10,90.45,914.1,77.83,33.58,0.301,4102.1,100.0,False
BGW-14,7,14,2021-04-11,87.75,1061.4,70.09,31.7,0.311,4048.7,100.0,False
BGW-14,7,15,2021-04-12,85.01,1217.4,67.5,32.7,0.326,4038.9,100.0,False
BGW-14,7,16,2021-04-13,83.21,1315.3,55.41,24.97,0.311,4042.9,100.0,False
BGW-14,7,17,2021-04-14,81.02,1582.6,54.31,24.8,0.314,4022.7,100.0,False
BGW-14,7,18,2021-04-15,78.91,1801.2,50.64,23.6,0.318,4035.7,100.0,False
BGW-14,7,19,2021-04-16,76.84,2031.3,48.33,23.35,0.326,4095.1,100.0,False
BGW-14,7,20,2021-04-17,75.37,1974.4,51.51,27.99,0.352,4014.7,100.0,False
BGW-14,7,21,2021-04-18,73.95,2037.0,47.55,21.96,0.316,4000.9,98.9,False
BGW-14,7,22,2021-04-19,71.48,2555.1,45.66,23.03,0.335,4047.4,95.4,False
BGW-14,7,23,2021-04-20,71.37,2593.8,42.74,21.7,0.337,4005.2,100.0,False
BGW-14,7,24,2021-04-21,69.54,2878.2,39.78,20.03,0.335,4009.5,99.2,False
BGW-14,7,25,2021-04-22,67.64,3119.5,39.46,20.45,0.341,4025.5,100.0,False
BGW-14,7,26,2021-04-23,67.0,3504.1,39.01,21.06,0.351,3969.8,98.6,False
BGW-14,7,27,2021-04-24,65.84,3438.9,34.51,18.45,0.348,3897.5,100.0,False
BGW-14,7,28,2021-04-25,65.05,3736.4,35.23,19.65,0.358,3968.8,100.0,False
BGW-14,7,29,2021-04-26,63.89,4041.4,34.5,18.34,0.347,3899.6,99.7,False
BGW-14,7,30,2021-04-27,62.77,4100.0,32.66,18.99,0.368,3957.3,96.2,False
BGW-14,7,31,2021-04-28,61.62,4427.7,32.81,20.31,0.382,3987.7,100.0,False
BGW-14,7,32,2021-04-29,61.29,4691.6,28.55,16.39,0.365,4025.9,96.7,False
BGW-14,7,33,2021-04-30,59.76,4691.3,27.01,15.18,0.36,3965.7,100.0,False
BGW-14,7,34,2021-05-01,58.98,5469.0,28.82,16.8,0.368,3968.7,100.0,False
BGW-14,7,35,2021-05-02,58.6,5107.4,30.08,18.46,0.38,3949.9,99.4,False
BGW-14,7,36,2021-05-03,57.22,5884.2,28.69,16.47,0.365,3942.2,95.6,False
BGW-14,7,37,2021-05-04,57.62,5977.4,26.25,16.38,0.384,3854.1,100.0,False
BGW-14,7,38,2021-05-05,56.72,6012.5,27.9,17.06,0.379,3900.8,100.0,False
BGW-14,7,39,2021-05-06,56.62,6197.3,26.71,16.12,0.376,3939.5,94.5,False
BGW-14,7,40,2021-05-07,55.84,6236.1,25.52,16.55,0.393,3870.5,93.9,False
BGW-14,7,41,2021-05-08,55.26,6733.0,24.61,17.12,0.41,3854.5,93.7,False
BGW-14,7,42,2021-05-09,54.23,7132.6,23.76,15.24,0.391,3892.2,85.3,False
BGW-14,7,43,2021-05-10,54.4,6904.8,21.78,15.12,0.41,3873.0,85.6,False
BGW-14,7,44,2021-05-11,53.71,7865.2,25.51,16.9,0.399,3818.8,69.8,False
BGW-14,7,45,2021-05-12,53.44,7157.2,22.44,15.02,0.401,3847.5,85.7,False
BGW-14,7,46,2021-05-13,52.84,7481.6,22.94,16.03,0.411,3793.5,80.4,False
BGW-14,7,47,2021-05-14,52.68,7552.1,21.74,15.01,0.408,3860.2,81.9,False
BGW-14,7,48,2021-05-15,52.34,7554.8,21.21,14.48,0.406,3830.0,78.5,False
BGW-14,7,49,2021-05-16,51.8,8385.6,22.04,14.19,0.392,3844.8,66.5,False
BGW-14,7,50,2021-05-17,51.77,8305.1,21.27,15.44,0.421,3820.7,67.2,False
BGW-14,7,51,2021-05-18,51.26,8751.3,22.5,16.22,0.419,3767.9,57.2,True
BGW-14,7,52,2021-05-19,51.29,8556.7,21.44,16.31,0.432,3741.6,61.9,True
BGW-14,7,53,2021-05-20,50.78,9222.6,20.52,15.76,0.434,3769.2,56.5,True
BGW-14,7,54,2021-05-21,50.77,8818.1,19.54,15.16,0.437,3775.4,63.7,True
BGW-14,7,55,2021-05-22,49.97,9149.4,19.4,15.12,0.438,3782.3,52.4,True
BGW-14,7,56,2021-05-23,50.65,8694.2,18.72,14.88,0.443,3779.9,61.7,True
BGW-14,7,57,2021-05-24,50.38,8668.0,19.93,15.15,0.432,3771.6,62.6,True
BGW-14,7,58,2021-05-25,49.83,9443.2,18.43,14.87,0.446,3743.4,52.3,True
BGW-14,7,59,2021-05-26,49.33,8842.4,19.96,17.36,0.465,3766.3,57.6,True
BGW-14,7,60,2021-05-27,48.85,9900.1,17.82,14.42,0.447,3696.0,44.0,True
BGW-14,7,61,2021-05-28,50.37,8645.2,20.35,17.98,0.469,3702.0,63.2,True
BGW-14,7,62,2021-05-29,49.32,8797.6,19.17,17.27,0.474,3707.2,55.8,True
BGW-14,7,63,2021-05-30,49.71,9172.2,18.22,15.78,0.464,3643.5,53.1,True
BGW-14,7,64,2021-05-31,48.62,10748.0,18.07,16.54,0.478,3716.4,28.2,True
BGW-14,7,65,2021-06-01,48.86,9538.4,18.74,15.64,0.455,3725.1,52.8,True
BGW-14,7,66,2021-06-02,48.74,9872.5,17.91,14.77,0.452,3698.8,41.2,True
BGW-14,7,67,2021-06-03,48.59,10180.3,18.36,16.06,0.467,3719.9,36.8,True
BGW-14,7,68,2021-06-04,48.65,9637.2,17.14,15.11,0.468,3740.9,48.8,True
BGW-14,7,69,2021-06-05,48.44,9687.2,20.06,18.12,0.474,3671.2,44.6,True
BGW-14,7,70,2021-06-06,48.27,10646.7,15.87,15.07,0.487,3659.7,32.7,True
BGW-14,7,71,2021-06-07,48.23,10048.0,17.64,16.26,0.48,3646.2,41.4,True
BGW-14,7,72,2021-06-08,48.9,10120.3,17.85,16.65,0.483,3671.5,43.0,True
BGW-14,7,73,2021-06-09,48.21,9944.5,17.69,18.19,0.507,3647.7,43.4,True
BGW-14,7,74,2021-06-10,48.14,10225.6,16.7,15.77,0.486,3684.8,41.4,True
BGW-14,7,75,2021-06-11,48.72,10015.3,17.31,17.68,0.505,3661.0,39.4,True
BGW-14,7,76,2021-06-12,48.29,10529.3,18.25,17.76,0.493,3628.4,33.0,True
BGW-14,7,77,2021-06-13,47.59,10803.0,17.1,17.64,0.508,3658.1,30.9,True
BGW-14,7,78,2021-06-14,48.04,10025.8,14.62,14.73,0.502,3622.4,42.1,True
BGW-14,7,79,2021-06-15,47.76,10232.5,16.03,15.89,0.498,3646.7,40.2,True
BGW-14,7,80,2021-06-16,47.39,10679.5,17.02,17.66,0.509,3639.4,34.4,True
BGW-14,7,81,2021-06-17,47.84,10197.9,17.71,18.54,0.512,3615.6,38.6,True
BGW-14,7,82,2021-06-18,47.59,10477.1,16.02,17.04,0.515,3534.0,35.9,True
BGW-14,7,83,2021-06-19,47.61,9837.6,16.33,17.94,0.524,3607.3,43.7,True
BGW-14,7,84,2021-06-20,47.71,9625.5,17.76,19.68,0.526,3565.2,46.1,True
BGW-14,7,85,2021-06-21,46.94,11118.3,16.24,17.54,0.519,3576.6,23.1,True
BGW-14,7,86,2021-06-22,47.89,10831.4,16.48,20.09,0.549,3600.1,32.8,True
BGW-14,7,87,2021-06-23,47.53,10467.7,16.88,18.46,0.522,3540.3,36.7,True
BGW-14,7,88,2021-06-24,47.57,10696.8,15.87,18.26,0.535,3572.4,33.6,True
BGW-14,7,89,2021-06-25,47.02,10943.6,15.21,17.86,0.54,3582.9,27.1,True
BGW-14,8,0,2021-07-20,142.85,92.4,244.26,87.2,0.263,4142.6,100.0,False
BGW-14,8,1,2021-07-21,136.91,123.4,215.98,81.43,0.274,4148.8,100.0,False
BGW-14,8,2,2021-07-22,131.56,155.4,187.5,73.21,0.281,4161.4,98.5,False
BGW-14,8,3,2021-07-23,126.99,178.9,179.34,72.88,0.289,4172.5,100.0,False
BGW-14,8,4,2021-07-24,121.84,223.2,161.37,66.5,0.292,4150.2,98.7,False
BGW-14,8,5,2021-07-25,117.83,265.4,138.65,54.8,0.283,4107.2,100.0,False
BGW-14,8,6,2021-07-26,112.53,312.2,135.08,59.36,0.305,4146.7,98.4,False
BGW-14,8,7,2021-07-27,108.69,385.9,127.36,48.76,0.277,4129.6,100.0,False
BGW-14,8,8,2021-07-28,105.29,453.2,118.11,51.71,0.305,4080.3,99.7,False
BGW-14,8,9,2021-07-29,101.12,546.8,107.04,45.12,0.297,4119.9,98.5,False
BGW-14,8,10,2021-07-30,97.92,632.3,103.64,45.85,0.307,4052.7,96.3,False
BGW-14,8,11,2021-07-31,94.58,760.2,96.52,45.14,0.319,4143.1,100.0,False
BGW-14,8,12,2021-08-01,92.03,902.2,81.81,33.68,0.292,4075.0,99.1,False
BGW-14,8,13,2021-08-02,89.97,956.0,77.46,36.42,0.32,4076.1,97.7,False
BGW-14,8,14,2021-08-03,86.86,1077.7,83.06,39.89,0.324,4117.4,100.0,False
BGW-14,8,15,2021-08-04,84.05,1334.3,71.05,31.89,0.31,4118.9,98.2,False
BGW-14,8,16,2021-08-05,82.19,1475.1,64.67,31.32,0.326,4102.0,98.9,False
BGW-14,8,17,2021-08-06,80.09,1649.5,65.9,31.2,0.321,4090.3,100.0,False
BGW-14,8,18,2021-08-07,77.85,1732.0,65.51,30.6,0.318,4022.9,99.9,False
BGW-14,8,19,2021-08-08,75.04,2100.1,62.97,31.21,0.331,4025.6,100.0,False
BGW-14,8,20,2021-08-09,74.12,2184.3,55.32,27.86,0.335,3998.1,100.0,False
BGW-14,8,21,2021-08-10,72.39,2472.6,55.51,25.25,0.313,4017.5,95.8,False
BGW-14,8,22,2021-08-11,71.16,2533.7,52.9,29.37,0.357,4002.5,100.0,False
BGW-14,8,23,2021-08-12,69.5,2855.0,49.02,25.07,0.338,3972.3,99.2,False
BGW-14,8,24,2021-08-13,68.16,2931.7,45.62,22.59,0.331,3996.3,99.0,False
BGW-14,8,25,2021-08-14,66.36,3351.5,45.07,22.25,0.33,4042.7,97.7,False
BGW-14,8,26,2021-08-15,65.26,3711.1,41.54,22.48,0.351,3924.6,97.6,False
BGW-14,8,27,2021-08-16,64.21,3903.3,42.88,23.46,0.354,4002.3,97.7,False
BGW-14,8,28,2021-08-17,63.05,3994.0,38.83,20.99,0.351,3976.6,99.1,False
BGW-14,8,29,2021-08-18,61.86,4317.4,37.71,21.44,0.362,3930.0,100.0,False
BGW-14,8,30,2021-08-19,61.48,4489.5,39.92,21.95,0.355,3979.8,100.0,False
BGW-14,8,31,2021-08-20,60.47,5193.7,36.84,22.75,0.382,3896.8,100.0,False
BGW-14,8,32,2021-08-21,59.96,5023.4,36.63,20.65,0.361,3908.4,97.3,False
BGW-14,8,33,2021-08-22,59.51,5155.6,33.23,18.67,0.36,3968.8,93.9,False
BGW-14,8,34,2021-08-23,58.12,5605.9,34.18,21.18,0.383,3935.0,98.8,False
BGW-14,8,35,2021-08-24,57.51,5442.1,33.13,19.72,0.373,3960.9,100.0,False
BGW-14,8,36,2021-08-25,56.82,5922.8,33.51,20.33,0.378,3957.8,99.9,False
BGW-14,8,37,2021-08-26,56.11,6269.0,31.03,20.24,0.395,3903.2,94.7,False
BGW-14,8,38,2021-08-27,55.91,6067.4,33.7,19.34,0.365,3895.6,96.7,False
BGW-14,8,39,2021-08-28,55.81,6357.6,31.74,21.13,0.4,3800.5,92.8,False
BGW-14,8,40,2021-08-29,55.11,6759.1,29.85,19.23,0.392,3880.7,93.3,False
BGW-14,8,41,2021-08-30,54.16,7584.8,27.23,18.1,0.399,3924.5,74.3,False
BGW-14,8,42,2021-08-31,53.77,6969.9,27.64,17.95,0.394,3905.4,87.6,False
BGW-14,8,43,2021-09-01,52.94,7296.3,28.37,18.32,0.392,3835.4,80.7,False
BGW-14,8,44,2021-09-02,53.01,7366.1,28.81,19.71,0.406,3874.6,77.1,False
BGW-14,8,45,2021-09-03,52.58,7775.9,27.83,18.83,0.403,3852.7,75.3,False
BGW-14,8,46,2021-09-04,51.83,8609.5,25.83,17.94,0.41,3832.7,66.3,False
BGW-14,8,47,2021-09-05,51.93,7356.6,25.65,17.97,0.412,3869.2,81.9,False
BGW-14,8,48,2021-09-06,51.8,7596.7,29.63,20.02,0.403,3815.5,80.4,False
BGW-14,8,49,2021-09-07,52.09,7763.8,27.31,19.76,0.42,3792.2,74.6,False
BGW-14,8,50,2021-09-08,51.68,7962.6,26.13,18.93,0.42,3794.6,73.0,False
BGW-14,8,51,2021-09-09,51.05,8536.5,26.13,19.7,0.43,3790.7,61.4,True
BGW-14,8,52,2021-09-10,50.53,9101.9,25.0,18.41,0.424,3780.5,49.3,True
BGW-14,8,53,2021-09-11,49.82,8670.1,26.15,22.58,0.463,3804.3,62.5,True
BGW-14,8,54,2021-09-12,49.88,8758.8,28.19,20.85,0.425,3794.8,54.6,True
BGW-14,8,55,2021-09-13,49.79,9409.4,26.59,20.88,0.44,3800.3,51.7,True
BGW-14,8,56,2021-09-14,50.55,9592.7,23.89,19.45,0.449,3794.3,53.7,True
BGW-14,8,57,2021-09-15,49.55,9145.0,24.74,18.72,0.431,3808.3,57.6,True
BGW-14,8,58,2021-09-16,49.29,9313.5,23.06,18.86,0.45,3716.4,52.4,True
BGW-14,8,59,2021-09-17,50.14,8371.7,23.5,19.82,0.458,3731.3,68.3,False
BGW-14,8,60,2021-09-18,48.89,9909.2,23.93,19.12,0.444,3763.0,46.6,True
BGW-14,8,61,2021-09-19,49.39,9404.2,24.85,20.49,0.452,3749.6,52.7,True
BGW-14,8,62,2021-09-20,49.12,9787.1,21.27,17.47,0.451,3745.9,45.7,True
BGW-14,8,63,2021-09-21,49.0,9875.2,22.38,19.79,0.469,3762.9,41.7,True
BGW-14,8,64,2021-09-22,49.04,9630.5,22.56,18.93,0.456,3690.4,44.5,True
BGW-14,8,65,2021-09-23,48.49,9760.4,21.29,18.23,0.461,3700.9,46.1,True
BGW-14,8,66,2021-09-24,48.18,9252.2,24.84,21.92,0.469,3709.6,54.3,True
BGW-14,8,67,2021-09-25,48.51,10066.1,22.69,20.93,0.48,3738.7,44.3,True
BGW-14,8,68,2021-09-26,48.02,10385.4,20.48,18.19,0.47,3712.5,36.0,True
BGW-14,8,69,2021-09-27,48.16,10471.7,21.65,19.38,0.472,3704.1,32.9,True
BGW-14,8,70,2021-09-28,48.01,9341.4,23.69,21.17,0.472,3642.6,52.6,True
BGW-14,8,71,2021-09-29,48.06,9148.6,23.0,20.84,0.475,3692.4,51.1,True
BGW-14,8,72,2021-09-30,47.95,10230.7,21.15,20.83,0.496,3707.2,37.6,True
BGW-14,8,73,2021-10-01,48.29,10699.6,22.51,21.13,0.484,3649.5,32.1,True
BGW-14,8,74,2021-10-02,48.12,10216.0,21.49,22.35,0.51,3630.0,38.1,True
BGW-14,8,75,2021-10-03,47.69,10963.0,21.26,21.32,0.501,3576.0,28.8,True
BGW-14,8,76,2021-10-04,47.44,10555.2,21.63,20.73,0.489,3625.4,31.1,True
BGW-14,8,77,2021-10-05,48.11,9380.5,19.47,21.05,0.52,3615.7,46.9,True
BGW-14,8,78,2021-10-06,47.22,10696.5,20.86,22.71,0.521,3582.4,34.2,True
BGW-14,8,79,2021-10-07,47.06,11162.6,20.03,20.11,0.501,3561.3,28.7,True
BGW-14,8,80,2021-10-08,47.48,10919.9,19.47,21.45,0.524,3605.0,25.7,True
BGW-14,8,81,2021-10-09,47.34,9625.6,21.19,23.15,0.522,3581.3,44.7,True
BGW-14,8,82,2021-10-10,47.36,10960.4,20.09,21.54,0.517,3577.5,28.2,True
BGW-14,8,83,2021-10-11,47.99,9889.3,21.99,25.09,0.533,3588.1,43.5,True
BGW-14,8,84,2021-10-12,47.61,10400.6,18.85,20.48,0.521,3596.4,41.3,True
BGW-14,8,85,2021-10-13,47.45,10996.0,20.04,22.29,0.526,3586.7,26.3,True
BGW-14,8,86,2021-10-14,47.24,10678.4,21.26,23.71,0.527,3584.9,34.0,True
BGW-14,8,87,2021-10-15,47.35,10586.8,19.04,20.73,0.521,3576.2,35.5,True
BGW-14,8,88,2021-10-16,47.05,11118.3,20.08,24.01,0.545,3568.8,32.3,True
BGW-14,8,89,2021-10-17,47.12,11224.8,18.72,23.86,0.56,3557.8,20.5,True
BGW-14,9,0,2021-11-12,143.77,91.1,247.82,86.07,0.258,4183.3,96.1,False
BGW-14,9,1,2021-11-13,138.66,121.3,200.12,78.19,0.281,4180.5,99.3,False
BGW-14,9,2,2021-11-14,134.35,131.8,188.38,71.02,0.274,4159.1,96.7,False
BGW-14,9,3,2021-11-15,129.05,159.6,184.88,75.14,0.289,4158.7,95.2,False
BGW-14,9,4,2021-11-16,125.52,186.1,168.71,63.49,0.273,4142.0,100.0,False
BGW-14,9,5,2021-11-17,122.17,226.9,153.36,63.93,0.294,4094.0,98.0,False
BGW-14,9,6,2021-11-18,118.3,261.3,127.27,53.26,0.295,4114.9,100.0,False
BGW-14,9,7,2021-11-19,114.93,297.6,129.07,55.22,0.3,4118.5,100.0,False
BGW-14,9,8,2021-11-20,111.42,321.2,111.9,45.18,0.288,4094.7,100.0,False
BGW-14,9,9,2021-11-21,108.6,382.3,112.43,49.79,0.307,4112.6,98.8,False
BGW-14,9,10,2021-11-22,105.36,434.6,105.41,46.33,0.305,4121.3,100.0,False
BGW-14,9,11,2021-11-23,102.57,515.9,92.74,41.21,0.308,4089.5,99.6,False
BGW-14,9,12,2021-11-24,99.73,570.2,84.91,38.39,0.311,4064.0,99.9,False
BGW-14,9,13,2021-11-25,97.57,698.1,78.65,33.6,0.299,4072.3,100.0,False
BGW-14,9,14,2021-11-26,94.87,781.8,74.85,34.76,0.317,4162.2,100.0,False
BGW-14,9,15,2021-11-27,92.55,872.9,70.57,33.31,0.321,4081.8,99.4,False
BGW-14,9,16,2021-11-28,90.35,957.2,65.33,29.52,0.311,4062.0,94.4,False
BGW-14,9,17,2021-11-29,88.08,1148.3,60.73,30.54,0.335,4036.7,100.0,False
BGW-14,9,18,2021-11-30,86.04,1160.1,64.62,34.5,0.348,4037.6,96.3,False
BGW-14,9,19,2021-12-01,84.18,1265.6,63.35,29.88,0.32,4036.3,95.2,False
BGW-14,9,20,2021-12-02,82.66,1366.4,53.8,26.83,0.333,4035.9,96.0,False
BGW-14,9,21,2021-12-03,80.71,1626.6,52.07,25.95,0.333,3958.3,99.3,False
BGW-14,9,22,2021-12-04,79.13,1659.3,50.33,25.39,0.335,4001.3,100.0,False
BGW-14,9,23,2021-12-05,77.36,1721.4,47.79,23.51,0.33,3993.1,96.1,False
BGW-14,9,24,2021-12-06,76.46,2004.1,42.61,22.3,0.344,4013.1,100.0,False
BGW-14,9,25,2021-12-07,75.19,1974.3,43.21,22.22,0.34,3906.9,100.0,False
BGW-14,9,26,2021-12-08,73.29,2137.1,43.25,25.39,0.37,3944.9,100.0,False
BGW-14,9,27,2021-12-09,71.95,2384.7,43.68,21.53,0.33,3953.8,98.7,False
BGW-14,9,28,2021-12-10,70.51,2861.9,34.81,18.19,0.343,3964.8,100.0,False
BGW-14,9,29,2021-12-11,69.65,2741.1,37.89,20.75,0.354,3918.8,97.8,False
BGW-14,9,30,2021-12-12,68.61,2909.6,35.76,20.8,0.368,3950.6,98.5,False
BGW-14,9,31,2021-12-13,68.05,3123.5,34.28,18.72,0.353,3970.6,99.6,False
BGW-14,9,32,2021-12-14,66.37,3378.8,32.76,18.68,0.363,3946.3,96.2,False
BGW-14,9,33,2021-12-15,65.62,3738.8,32.2,18.3,0.362,3942.1,100.0,False
BGW-14,9,34,2021-12-16,64.73,3707.9,32.06,18.34,0.364,3917.4,99.5,False
BGW-14,9,35,2021-12-17,63.92,4065.5,31.87,19.58,0.381,3904.0,94.6,False
BGW-14,9,36,2021-12-18,62.45,4424.2,28.91,17.5,0.377,3948.1,97.7,False
BGW-14,9,37,2021-12-19,62.25,4267.6,29.42,18.3,0.383,3941.1,99.4,False
BGW-14,9,38,2021-12-20,61.85,4404.5,27.52,17.43,0.388,3939.1,98.0,False
BGW-14,9,39,2021-12-21,61.24,4681.5,26.12,16.2,0.383,3864.1,99.2,False
BGW-14,9,40,2021-12-22,60.01,4939.1,27.58,18.64,0.403,3873.5,99.7,False
BGW-14,9,41,2021-12-23,59.08,5246.1,25.41,16.35,0.391,3859.4,98.1,False
BGW-14,9,42,2021-12-24,59.07,5163.7,28.05,17.59,0.385,3853.8,100.0,False
BGW-14,9,43,2021-12-25,58.26,5541.5,26.33,18.31,0.41,3855.5,100.0,False
BGW-14,9,44,2021-12-26,58.27,5564.7,21.38,14.44,0.403,3846.2,98.7,False
BGW-14,9,45,2021-12-27,57.41,5797.8,23.4,17.0,0.421,3808.1,96.0,False
BGW-14,9,46,2021-12-28,56.39,6199.4,23.82,15.92,0.401,3841.6,96.5,False
BGW-14,9,47,2021-12-29,55.92,6469.7,24.67,17.14,0.41,3838.0,95.4,False
BGW-14,9,48,2021-12-30,56.2,6657.3,21.98,15.6,0.415,3838.2,94.1,False
BGW-14,9,49,2021-12-31,55.09,6132.8,22.28,16.2,0.421,3789.3,98.1,False
BGW-14,9,50,2022-01-01,54.78,7229.4,20.16,14.46,0.418,3872.7,81.6,False
BGW-14,9,51,2022-01-02,54.13,6779.1,21.8,16.14,0.425,3837.6,93.1,False
BGW-14,9,52,2022-01-03,53.99,7144.5,20.94,15.31,0.422,3807.8,87.4,False
BGW-14,9,53,2022-01-04,54.33,7042.6,22.1,14.9,0.403,3806.2,86.1,False
BGW-14,9,54,2022-01-05,53.68,7654.3,20.9,15.18,0.421,3811.5,78.5,False
BGW-14,9,55,2022-01-06,53.02,7372.7,21.26,16.43,0.436,3785.2,84.3,False
BGW-14,9,56,2022-01-07,52.25,7884.0,19.38,15.54,0.445,3744.5,74.8,False
BGW-14,9,57,2022-01-08,52.67,7825.6,20.13,16.59,0.452,3761.2,71.3,False
BGW-14,9,58,2022-01-09,51.67,8547.6,19.0,15.18,0.444,3774.1,63.4,True
BGW-14,9,59,2022-01-10,52.4,7708.8,19.98,16.49,0.452,3731.5,69.6,False
BGW-14,9,60,2022-01-11,51.97,8416.1,20.1,15.73,0.439,3776.8,68.7,False
BGW-14,9,61,2022-01-12,51.73,7501.9,19.02,15.9,0.455,3673.8,78.5,False
BGW-14,9,62,2022-01-13,51.3,8048.1,19.44,16.7,0.462,3720.8,72.7,False
BGW-14,9,63,2022-01-14,51.17,8393.0,19.31,16.11,0.455,3753.8,63.8,True
BGW-14,9,64,2022-01-15,51.21,8559.6,19.69,18.47,0.484,3695.6,67.3,False
BGW-14,9,65,2022-01-16,51.02,8539.9,17.6,14.92,0.459,3735.6,64.7,True
BGW-14,9,66,2022-01-17,51.0,8745.3,18.34,16.08,0.467,3659.3,61.5,True
BGW-14,9,67,2022-01-18,50.58,8892.3,19.37,17.3,0.472,3683.0,62.2,True
BGW-14,9,68,2022-01-19,50.76,9161.3,18.3,16.61,0.476,3679.2,54.0,True
BGW-14,9,69,2022-01-20,49.8,9358.3,16.83,15.66,0.482,3651.2,52.3,True
BGW-14,9,70,2022-01-21,50.26,8956.1,18.01,15.94,0.47,3664.7,55.4,True
BGW-14,9,71,2022-01-22,49.87,9105.9,18.24,17.84,0.495,3757.9,53.3,True
BGW-14,9,72,2022-01-23,49.63,9772.5,16.24,15.82,0.493,3617.4,48.5,True
BGW-14,9,73,2022-01-24,50.05,8759.1,16.82,15.78,0.484,3640.0,58.9,True
BGW-14,9,74,2022-01-25,49.05,9930.0,16.28,15.75,0.492,3701.7,46.4,True
BGW-14,9,75,2022-01-26,48.82,10428.3,15.77,14.71,0.483,3638.2,37.2,True
BGW-14,9,76,2022-01-27,49.43,9452.9,16.63,16.28,0.495,3657.1,47.3,True
BGW-14,9,77,2022-01-28,48.91,9872.7,17.2,17.24,0.501,3627.0,46.3,True
BGW-14,9,78,2022-01-29,48.86,9157.3,16.33,16.57,0.504,3559.9,52.1,True
BGW-14,9,79,2022-01-30,48.37,10800.3,15.27,14.9,0.494,3614.3,28.7,True
BGW-14,9,80,2022-01-31,48.92,9622.7,17.57,19.96,0.532,3596.1,49.0,True
BGW-14,9,81,2022-02-01,48.81,9273.0,16.86,17.97,0.516,3582.6,49.4,True
BGW-14,9,82,2022-02-02,48.78,9164.0,15.33,16.12,0.513,3644.6,57.6,True
BGW-14,9,83,2022-02-03,48.65,8707.9,15.4,19.21,0.555,3508.1,61.9,True
BGW-14,9,84,2022-02-04,49.17,9060.1,16.41,17.2,0.512,3536.8,62.8,True
BGW-14,9,85,2022-02-05,48.21,10595.2,14.5,16.42,0.531,3577.7,36.0,True
BGW-14,9,86,2022-02-06,47.99,9988.1,14.9,17.15,0.535,3571.6,44.9,True
BGW-14,9,87,2022-02-07,48.46,9379.8,15.73,17.85,0.532,3581.1,53.0,True
BGW-14,9,88,2022-02-08,47.88,10333.5,15.86,18.49,0.538,3515.0,37.1,True
BGW-14,9,89,2022-02-09,48.3,9557.5,15.1,17.26,0.533,3526.7,50.0,True
BGW-15,1,0,2019-07-16,138.85,207.6,149.22,27.48,0.156,4862.5,100.0,False
BGW-15,1,1,2019-07-17,135.1,209.6,166.24,32.4,0.163,4872.5,100.0,False
BGW-15,1,2,2019-07-18,129.91,267.0,151.79,24.25,0.138,4856.3,100.0,False
BGW-15,1,3,2019-07-19,126.55,317.8,163.32,34.85,0.176,4916.5,96.4,False
BGW-15,1,4,2019-07-20,121.92,355.9,128.75,24.82,0.162,4838.4,100.0,False
BGW-15,1,5,2019-07-21,119.64,386.1,121.11,27.6,0.186,4830.3,100.0,False
BGW-15,1,6,2019-07-22,116.07,483.8,102.44,19.51,0.16,4833.8,98.3,False
BGW-15,1,7,2019-07-23,113.05,487.5,103.02,19.73,0.161,4799.4,97.2,False
BGW-15,1,8,2019-07-24,109.09,571.6,94.89,20.16,0.175,4763.2,100.0,False
BGW-15,1,9,2019-07-25,107.16,673.5,97.04,21.78,0.183,4821.8,100.0,False
BGW-15,1,10,2019-07-26,104.44,704.3,85.08,20.54,0.195,4784.5,100.0,False
BGW-15,1,11,2019-07-27,101.48,791.8,78.58,16.95,0.177,4783.8,100.0,False
BGW-15,1,12,2019-07-28,98.98,873.1,79.91,17.68,0.181,4788.3,100.0,False
BGW-15,1,13,2019-07-29,96.32,988.7,73.28,18.14,0.198,4782.2,99.9,False
BGW-15,1,14,2019-07-30,94.36,1052.4,74.1,18.91,0.203,4765.4,100.0,False
BGW-15,1,15,2019-07-31,92.03,1081.6,71.44,16.24,0.185,4728.1,98.3,False
BGW-15,1,16,2019-08-01,89.85,1243.1,68.37,17.54,0.204,4782.3,100.0,False
BGW-15,1,17,2019-08-02,89.0,1350.2,66.85,17.41,0.207,4689.1,100.0,False
BGW-15,1,18,2019-08-03,85.39,1422.1,60.02,16.98,0.221,4718.0,100.0,False
BGW-15,1,19,2019-08-04,84.57,1626.9,54.28,14.83,0.215,4784.6,100.0,False
BGW-15,1,20,2019-08-05,82.66,1867.9,53.33,16.49,0.236,4732.7,98.2,False
BGW-15,1,21,2019-08-06,81.13,1983.4,56.3,14.56,0.205,4769.1,99.0,False
BGW-15,1,22,2019-08-07,79.52,2076.5,48.5,13.39,0.216,4725.0,97.9,False
BGW-15,1,23,2019-08-08,78.22,2239.0,46.58,13.71,0.227,4615.7,100.0,False
BGW-15,1,24,2019-08-09,76.72,2405.1,51.22,14.83,0.225,4697.3,100.0,False
BGW-15,1,25,2019-08-10,74.99,2386.1,46.97,13.67,0.226,4660.3,100.0,False
BGW-15,1,26,2019-08-11,73.99,2483.1,49.56,13.39,0.213,4658.6,99.8,False
BGW-15,1,27,2019-08-12,72.65,2667.4,41.02,12.69,0.236,4668.1,99.4,False
BGW-15,1,28,2019-08-13,71.02,3192.1,40.66,10.58,0.206,4634.3,100.0,False
BGW-15,1,29,2019-08-14,70.06,3278.5,41.95,13.49,0.243,4655.5,100.0,False
BGW-15,1,30,2019-08-15,68.85,3331.7,41.98,14.24,0.253,4637.8,96.8,False
BGW-15,1,31,2019-08-16,67.97,3472.2,37.08,11.53,0.237,4602.3,100.0,False
BGW-15,1,32,2019-08-17,67.09,3651.1,34.76,11.32,0.246,4575.3,95.4,False
BGW-15,1,33,2019-08-18,66.75,3599.7,36.03,12.68,0.26,4615.4,100.0,False
BGW-15,1,34,2019-08-19,65.82,3746.9,36.57,12.51,0.255,4628.6,100.0,False
BGW-15,1,35,2019-08-20,64.23,3997.9,34.42,11.36,0.248,4598.1,100.0,False
BGW-15,1,36,2019-08-21,63.88,4147.5,36.89,13.17,0.263,4585.4,99.5,False
BGW-15,1,37,2019-08-22,63.32,4371.6,32.1,12.58,0.281,4540.8,100.0,False
BGW-15,1,38,2019-08-23,61.82,4802.5,34.19,12.73,0.271,4586.3,100.0,False
BGW-15,1,39,2019-08-24,61.66,4402.0,31.81,12.24,0.278,4553.2,100.0,False
BGW-15,1,40,2019-08-25,60.83,4944.3,30.69,11.47,0.272,4527.6,100.0,False
BGW-15,1,41,2019-08-26,60.6,4935.3,31.8,12.15,0.277,4559.1,100.0,False
BGW-15,1,42,2019-08-27,59.87,5231.0,33.41,12.89,0.278,4537.8,100.0,False
BGW-15,1,43,2019-08-28,58.58,5525.0,30.78,12.39,0.287,4550.1,100.0,False
BGW-15,1,44,2019-08-29,58.77,5649.2,29.33,11.52,0.282,4446.9,99.6,False
BGW-15,1,45,2019-08-30,58.57,5464.3,27.52,10.93,0.284,4512.5,100.0,False
BGW-15,1,46,2019-08-31,57.66,6271.4,28.42,11.5,0.288,4521.3,94.9,False
BGW-15,1,47,2019-09-01,56.9,6160.5,27.21,11.55,0.298,4442.2,100.0,False
BGW-15,1,48,2019-09-02,56.69,6062.9,27.67,11.97,0.302,4466.5,100.0,False
BGW-15,1,49,2019-09-03,55.87,5939.5,27.49,12.07,0.305,4502.7,99.0,False
BGW-15,1,50,2019-09-04,55.76,6344.1,24.62,10.47,0.298,4511.6,100.0,False
BGW-15,1,51,2019-09-05,55.34,6736.4,27.55,11.61,0.296,4467.2,98.8,False
BGW-15,1,52,2019-09-06,55.34,6292.8,26.63,11.76,0.306,4490.1,100.0,False
BGW-15,1,53,2019-09-07,55.1,6921.2,23.88,10.58,0.307,4463.4,98.4,False
BGW-15,1,54,2019-09-08,54.24,6646.7,20.85,8.89,0.299,4428.5,98.2,False
BGW-15,1,55,2019-09-09,54.11,7110.1,27.46,12.35,0.31,4401.2,86.9,False
BGW-15,1,56,2019-09-10,54.17,6920.5,25.93,11.94,0.315,4369.5,93.9,False
BGW-15,1,57,2019-09-11,53.27,7256.6,25.12,12.34,0.329,4408.2,96.7,False
BGW-15,1,58,2019-09-12,53.16,7292.5,23.05,11.4,0.331,4454.5,89.5,False
BGW-15,1,59,2019-09-13,52.58,7423.9,22.14,11.07,0.333,4396.3,84.5,False
BGW-15,1,60,2019-09-14,52.2,7380.2,22.61,11.65,0.34,4384.7,88.8,False
BGW-15,1,61,2019-09-15,52.48,7369.2,21.19,10.2,0.325,4378.8,88.4,False
BGW-15,1,62,2019-09-16,52.24,7618.0,24.14,12.57,0.342,4295.7,81.6,False
BGW-15,1,63,2019-09-17,51.54,7995.6,22.8,11.79,0.341,4403.6,81.0,False
BGW-15,1,64,2019-09-18,51.63,8024.4,24.08,11.69,0.327,4279.1,85.4,False
BGW-15,1,65,2019-09-19,51.18,7929.3,20.48,10.84,0.346,4370.0,81.4,False
BGW-15,1,66,2019-09-20,51.44,8050.5,23.24,12.92,0.357,4343.2,78.9,False
BGW-15,1,67,2019-09-21,50.85,7856.4,22.55,11.56,0.339,4262.6,82.0,False
BGW-15,1,68,2019-09-22,50.89,8000.1,22.43,12.33,0.355,4325.0,80.2,False
BGW-15,1,69,2019-09-23,50.51,8215.1,20.86,11.67,0.359,4328.8,76.0,False
BGW-15,1,70,2019-09-24,50.0,8134.4,23.57,13.17,0.359,4306.4,75.7,False
BGW-15,1,71,2019-09-25,50.61,8576.9,20.12,11.35,0.361,4308.3,71.7,False
BGW-15,1,72,2019-09-26,50.24,8217.9,20.61,11.91,0.366,4285.6,82.1,False
BGW-15,1,73,2019-09-27,51.08,8062.5,19.49,11.71,0.375,4297.0,82.9,False
BGW-15,1,74,2019-09-28,50.01,8500.9,20.37,11.04,0.352,4263.3,76.3,False
BGW-15,1,75,2019-09-29,50.17,8377.9,20.63,13.21,0.39,4291.7,79.5,False
BGW-15,1,76,2019-09-30,49.14,8596.2,21.1,12.6,0.374,4264.6,72.7,False
BGW-15,1,77,2019-10-01,49.67,8431.2,21.51,13.11,0.379,4244.0,76.5,False
BGW-15,1,78,2019-10-02,50.05,9126.3,21.93,14.83,0.403,4226.1,64.8,True
BGW-15,1,79,2019-10-03,49.03,9199.6,19.58,12.49,0.389,4244.8,61.7,True
BGW-15,1,80,2019-10-04,49.16,8867.9,19.92,12.85,0.392,4202.2,64.5,True
BGW-15,1,81,2019-10-05,49.33,8936.9,17.79,12.0,0.403,4185.9,67.7,False
BGW-15,1,82,2019-10-06,48.88,9237.1,17.25,11.65,0.403,4236.3,66.7,False
BGW-15,1,83,2019-10-07,49.34,8675.7,20.71,14.07,0.405,4215.5,68.9,False
BGW-15,1,84,2019-10-08,49.04,9675.0,19.9,13.15,0.398,4203.3,58.7,True
BGW-15,1,85,2019-10-09,48.91,9052.8,20.92,14.04,0.402,4142.5,71.2,False
BGW-15,1,86,2019-10-10,48.64,9586.0,17.7,11.97,0.404,4125.3,60.5,True
BGW-15,1,87,2019-10-11,49.01,9665.8,19.97,14.29,0.417,4158.1,56.6,True
BGW-15,1,88,2019-10-12,48.7,9315.8,18.35,14.0,0.433,4204.0,61.9,True
BGW-15,1,89,2019-10-13,48.58,9343.6,19.09,14.11,0.425,4169.7,61.8,True
BGW-15,2,0,2019-11-08,142.01,173.4,181.16,31.15,0.147,4897.9,100.0,False
BGW-15,2,1,2019-11-09,135.86,236.8,147.57,25.73,0.148,4828.7,100.0,False
BGW-15,2,2,2019-11-10,130.03,289.7,123.45,22.73,0.155,4851.6,100.0,False
BGW-15,2,3,2019-11-11,124.26,335.8,131.71,23.94,0.154,4859.3,100.0,False
BGW-15,2,4,2019-11-12,118.6,401.3,110.17,22.09,0.167,4849.9,100.0,False
BGW-15,2,5,2019-11-13,114.18,484.3,111.66,22.32,0.167,4796.8,100.0,False
BGW-15,2,6,2019-11-14,109.01,588.5,100.91,20.39,0.168,4836.5,100.0,False
BGW-15,2,7,2019-11-15,104.54,766.2,80.88,15.91,0.164,4819.7,100.0,False
BGW-15,2,8,2019-11-16,100.94,790.8,79.94,16.24,0.169,4796.0,100.0,False
BGW-15,2,9,2019-11-17,97.14,912.1,76.94,16.03,0.172,4813.3,99.1,False
BGW-15,2,10,2019-11-18,93.86,1040.6,69.86,17.12,0.197,4796.1,100.0,False
BGW-15,2,11,2019-11-19,91.01,1169.7,65.95,15.51,0.19,4809.8,92.9,False
BGW-15,2,12,2019-11-20,87.63,1344.7,64.48,16.45,0.203,4787.2,99.1,False
BGW-15,2,13,2019-11-21,85.14,1579.5,55.56,13.38,0.194,4688.5,100.0,False
BGW-15,2,14,2019-11-22,82.67,1643.3,57.0,15.16,0.21,4730.8,99.3,False
BGW-15,2,15,2019-11-23,80.16,2065.3,48.21,10.17,0.174,4779.7,100.0,False
BGW-15,2,16,2019-11-24,77.85,2017.5,52.26,13.99,0.211,4737.5,100.0,False
BGW-15,2,17,2019-11-25,75.68,2197.6,50.75,13.76,0.213,4773.5,100.0,False
BGW-15,2,18,2019-11-26,73.45,2635.0,43.98,12.25,0.218,4739.3,100.0,False
BGW-15,2,19,2019-11-27,71.94,2917.0,41.36,11.9,0.223,4734.5,98.6,False
BGW-15,2,20,2019-11-28,69.99,3252.0,39.58,12.06,0.234,4741.6,99.6,False
BGW-15,2,21,2019-11-29,68.4,3338.2,38.8,10.9,0.219,4688.2,97.8,False
BGW-15,2,22,2019-11-30,67.14,3648.9,37.01,10.26,0.217,4712.2,96.0,False
BGW-15,2,23,2019-12-01,66.0,3945.9,35.78,9.85,0.216,4693.7,99.0,False
BGW-15,2,24,2019-12-02,64.47,3958.4,32.24,9.06,0.219,4690.2,99.2,False
BGW-15,2,25,2019-12-03,63.16,4324.5,33.66,10.84,0.244,4626.4,99.5,False
BGW-15,2,26,2019-12-04,61.97,4983.0,33.61,10.63,0.24,4686.1,100.0,False
BGW-15,2,27,2019-12-05,61.08,5020.2,32.29,10.33,0.242,4646.8,98.2,False
BGW-15,2,28,2019-12-06,60.0,5329.5,30.27,9.6,0.241,4606.1,100.0,False
BGW-15,2,29,2019-12-07,59.56,5123.9,29.32,8.83,0.232,4638.3,100.0,False
BGW-15,2,30,2019-12-08,58.05,5266.4,29.06,9.74,0.251,4662.2,100.0,False
BGW-15,2,31,2019-12-09,57.63,5698.4,28.01,9.53,0.254,4610.3,100.0,False
BGW-15,2,32,2019-12-10,56.89,6012.5,26.95,8.65,0.243,4592.2,99.6,False
BGW-15,2,33,2019-12-11,56.51,6494.5,25.86,9.49,0.268,4586.9,99.7,False
BGW-15,2,34,2019-12-12,55.87,6099.0,27.49,9.53,0.257,4584.4,98.8,False
BGW-15,2,35,2019-12-13,54.82,6966.9,24.76,8.74,0.261,4585.2,94.7,False
BGW-15,2,36,2019-12-14,54.64,6889.4,25.1,8.77,0.259,4565.3,92.5,False
BGW-15,2,37,2019-12-15,53.95,7005.3,22.5,8.32,0.27,4557.9,95.2,False
BGW-15,2,38,2019-12-16,53.29,7050.1,22.72,8.13,0.263,4594.7,93.1,False
BGW-15,2,39,2019-12-17,53.27,7625.7,23.45,8.27,0.261,4549.5,91.0,False
BGW-15,2,40,2019-12-18,52.26,7723.1,21.25,7.94,0.272,4566.6,83.0,False
BGW-15,2,41,2019-12-19,52.62,7409.8,22.75,9.0,0.283,4544.7,86.4,False
BGW-15,2,42,2019-12-20,52.15,7460.0,22.61,8.79,0.28,4498.4,92.0,False
BGW-15,2,43,2019-12-21,51.61,8364.1,22.84,8.84,0.279,4540.3,75.4,False
BGW-15,2,44,2019-12-22,51.49,8425.4,22.77,8.47,0.271,4502.1,70.0,False
BGW-15,2,45,2019-12-23,50.51,8859.2,19.42,7.74,0.285,4462.7,66.3,False
BGW-15,2,46,2019-12-24,51.15,7935.7,23.88,10.48,0.305,4439.3,81.5,False
BGW-15,2,47,2019-12-25,50.44,9241.2,20.71,8.55,0.292,4520.7,61.8,True
BGW-15,2,48,2019-12-26,50.43,8538.4,21.98,9.77,0.308,4438.3,74.6,False
BGW-15,2,49,2019-12-27,49.8,8516.5,20.6,9.47,0.315,4489.5,79.7,False
BGW-15,2,50,2019-12-28,50.06,8103.0,20.47,8.66,0.297,4487.1,77.3,False
BGW-15,2,51,2019-12-29,49.58,8192.1,21.56,10.05,0.318,4456.5,78.9,False
BGW-15,2,52,2019-12-30,49.27,8690.0,21.15,9.12,0.301,4481.9,77.2,False
BGW-15,2,53,2019-12-31,49.48,9903.6,20.14,8.95,0.308,4432.6,51.5,True
BGW-15,2,54,2020-01-01,49.19,8752.4,18.64,8.66,0.317,4492.9,73.0,False
BGW-15,2,55,2020-01-02,49.11,9285.5,17.44,8.45,0.326,4438.2,60.0,True
BGW-15,2,56,2020-01-03,48.94,9058.7,17.82,8.13,0.313,4403.1,63.3,True
BGW-15,2,57,2020-01-04,49.19,8899.3,18.57,9.16,0.33,4473.7,69.3,False
BGW-15,2,58,2020-01-05,49.02,8410.3,20.32,10.18,0.334,4398.7,80.0,False
BGW-15,2,59,2020-01-06,48.94,9017.6,19.14,8.98,0.319,4422.6,62.6,True
BGW-15,2,60,2020-01-07,48.52,8893.2,19.63,8.64,0.306,4338.6,66.0,False
BGW-15,2,61,2020-01-08,48.78,9067.2,18.66,9.57,0.339,4401.1,68.4,False
BGW-15,2,62,2020-01-09,48.58,9230.5,19.14,9.53,0.332,4326.0,62.6,True
BGW-15,2,63,2020-01-10,48.76,8876.8,19.87,10.57,0.347,4375.0,69.2,False
BGW-15,2,64,2020-01-11,47.86,10342.4,17.01,9.36,0.355,4313.0,47.0,True
BGW-15,2,65,2020-01-12,48.71,9041.4,18.59,8.65,0.318,4365.9,66.2,False
BGW-15,2,66,2020-01-13,48.09,9541.0,17.49,9.82,0.36,4332.5,55.7,True
BGW-15,2,67,2020-01-14,48.42,8867.1,18.0,9.39,0.343,4332.5,69.7,False
BGW-15,2,68,2020-01-15,47.65,9821.8,17.33,9.36,0.351,4303.9,54.5,True
BGW-15,2,69,2020-01-16,47.2,10438.7,17.8,9.26,0.342,4327.3,50.9,True
BGW-15,2,70,2020-01-17,47.5,9809.5,16.5,9.78,0.372,4370.8,53.1,True
BGW-15,2,71,2020-01-18,48.14,9098.6,19.01,11.32,0.373,4319.3,65.1,False
BGW-15,2,72,2020-01-19,48.03,9326.8,17.98,10.32,0.365,4286.8,64.9,True
BGW-15,2,73,2020-01-20,47.41,10198.7,16.24,9.68,0.373,4326.8,51.8,True
BGW-15,2,74,2020-01-21,47.54,9542.3,18.36,11.01,0.375,4285.5,57.9,True
BGW-15,2,75,2020-01-22,47.54,9769.7,18.95,11.03,0.368,4303.3,52.1,True
BGW-15,2,76,2020-01-23,47.49,10024.9,16.94,9.67,0.363,4241.5,56.3,True
BGW-15,2,77,2020-01-24,48.15,9250.9,18.23,12.22,0.401,4244.5,62.0,True
BGW-15,2,78,2020-01-25,47.46,10539.5,16.06,10.36,0.392,4256.3,45.5,True
BGW-15,2,79,2020-01-26,47.69,9562.9,17.99,11.4,0.388,4196.1,62.3,True
BGW-15,2,80,2020-01-27,47.71,10208.7,16.17,10.95,0.404,4240.0,48.3,True
BGW-15,2,81,2020-01-28,47.02,10216.9,15.26,9.97,0.395,4269.9,54.4,True
BGW-15,2,82,2020-01-29,47.07,10645.3,16.67,11.21,0.402,4197.2,48.5,True
BGW-15,2,83,2020-01-30,47.29,9809.3,16.56,11.08,0.401,4181.4,53.7,True
BGW-15,2,84,2020-01-31,47.42,9604.7,16.58,11.85,0.417,4280.7,61.6,True
BGW-15,2,85,2020-02-01,47.53,10572.0,15.5,10.56,0.405,4190.2,45.8,True
BGW-15,2,86,2020-02-02,47.35,9551.8,15.16,11.08,0.422,4230.5,61.9,True
BGW-15,2,87,2020-02-03,47.26,9833.6,14.79,10.9,0.424,4168.1,52.9,True
BGW-15,2,88,2020-02-04,47.46,9317.0,16.56,12.34,0.427,4158.2,63.4,True
BGW-15,2,89,2020-02-05,47.34,10556.6,15.13,10.94,0.42,4068.8,43.6,True
BGW-15,3,0,2020-02-28,142.44,181.8,172.2,32.76,0.16,4857.9,100.0,False
BGW-15,3,1,2020-02-29,137.33,220.4,166.76,32.78,0.164,4896.8,100.0,False
BGW-15,3,2,2020-03-01,133.48,239.9,145.87,29.97,0.17,4866.7,99.9,False
BGW-15,3,3,2020-03-02,129.78,271.8,149.95,32.57,0.178,4799.9,100.0,False
BGW-15,3,4,2020-03-03,125.84,317.0,141.81,26.89,0.159,4868.6,96.9,False
BGW-15,3,5,2020-03-04,122.14,350.6,124.48,22.62,0.154,4826.3,100.0,False
BGW-15,3,6,2020-03-05,118.81,402.4,117.86,23.51,0.166,4793.3,99.2,False
BGW-15,3,7,2020-03-06,115.64,455.4,99.95,18.76,0.158,4817.8,100.0,False
BGW-15,3,8,2020-03-07,112.15,520.1,105.82,25.17,0.192,4820.2,100.0,False
BGW-15,3,9,2020-03-08,108.96,552.5,101.86,23.19,0.185,4854.2,100.0,False
BGW-15,3,10,2020-03-09,105.89,645.8,95.38,21.35,0.183,4788.9,100.0,False
BGW-15,3,11,2020-03-10,104.09,712.1,95.03,18.34,0.162,4787.3,100.0,False
BGW-15,3,12,2020-03-11,100.24,828.2,76.57,17.23,0.184,4774.8,100.0,False
BGW-15,3,13,2020-03-12,98.48,895.9,87.74,21.18,0.194,4783.0,100.0,False
BGW-15,3,14,2020-03-13,95.98,925.8,78.76,20.65,0.208,4782.9,100.0,False
BGW-15,3,15,2020-03-14,93.63,1098.9,76.79,18.68,0.196,4820.4,96.4,False
BGW-15,3,16,2020-03-15,91.24,1129.4,69.79,17.99,0.205,4772.3,100.0,False
BGW-15,3,17,2020-03-16,89.43,1291.5,62.57,16.16,0.205,4765.0,100.0,False
BGW-15,3,18,2020-03-17,87.24,1358.2,65.26,16.48,0.202,4674.2,97.0,False
BGW-15,3,19,2020-03-18,86.05,1519.9,60.7,16.55,0.214,4720.9,100.0,False
BGW-15,3,20,2020-03-19,83.82,1594.6,52.5,16.16,0.235,4700.3,100.0,False
BGW-15,3,21,2020-03-20,81.89,1883.7,53.5,13.98,0.207,4714.7,99.1,False
BGW-15,3,22,2020-03-21,80.39,1996.3,57.14,15.62,0.215,4672.3,99.1,False
BGW-15,3,23,2020-03-22,78.91,1910.4,54.72,14.42,0.209,4691.6,97.6,False
BGW-15,3,24,2020-03-23,77.89,2091.8,49.02,14.46,0.228,4677.3,98.0,False
BGW-15,3,25,2020-03-24,75.59,2355.9,49.71,15.36,0.236,4642.4,98.7,False
BGW-15,3,26,2020-03-25,74.65,2369.6,45.75,13.42,0.227,4660.5,98.7,False
BGW-15,3,27,2020-03-26,73.6,2532.2,46.78,15.19,0.245,4665.5,100.0,False
BGW-15,3,28,2020-03-27,72.66,2868.9,42.45,12.3,0.225,4655.6,100.0,False
BGW-15,3,29,2020-03-28,71.58,2989.4,43.23,13.21,0.234,4582.6,100.0,False
BGW-15,3,30,2020-03-29,70.1,3269.5,42.05,13.23,0.239,4616.1,94.6,False
BGW-15,3,31,2020-03-30,68.85,3360.8,34.76,11.27,0.245,4667.5,96.9,False
BGW-15,3,32,2020-03-31,67.17,3735.8,36.28,10.74,0.228,4656.5,100.0,False
BGW-15,3,33,2020-04-01,67.28,3581.3,35.68,12.05,0.253,4591.5,100.0,False
BGW-15,3,34,2020-04-02,65.73,3925.2,35.63,12.79,0.264,4625.4,100.0,False
BGW-15,3,35,2020-04-03,64.76,4033.2,35.31,12.79,0.266,4589.8,100.0,False
BGW-15,3,36,2020-04-04,64.13,4335.6,34.02,12.18,0.264,4646.4,97.9,False
BGW-15,3,37,2020-04-05,63.55,4269.5,33.75,12.02,0.263,4584.3,96.1,False
BGW-15,3,38,2020-04-06,62.28,4583.0,29.7,9.65,0.245,4534.1,100.0,False
BGW-15,3,39,2020-04-07,62.13,4631.6,32.03,11.46,0.264,4539.4,99.6,False
BGW-15,3,40,2020-04-08,61.59,4635.4,31.16,12.14,0.28,4497.2,98.1,False
BGW-15,3,41,2020-04-09,60.33,5253.0,29.92,11.57,0.279,4596.5,100.0,False
BGW-15,3,42,2020-04-10,59.4,5252.7,29.63,11.45,0.279,4559.4,100.0,False
BGW-15,3,43,2020-04-11,59.36,4944.7,34.12,13.39,0.282,4564.4,100.0,False
BGW-15,3,44,2020-04-12,58.73,5750.9,27.71,12.06,0.303,4498.2,100.0,False
BGW-15,3,45,2020-04-13,58.96,5529.6,27.54,10.38,0.274,4551.8,100.0,False
BGW-15,3,46,2020-04-14,57.91,5773.6,29.97,12.65,0.297,4483.7,98.0,False
BGW-15,3,47,2020-04-15,57.46,5947.7,28.73,12.17,0.298,4504.5,100.0,False
BGW-15,3,48,2020-04-16,57.11,6114.8,26.39,11.04,0.295,4489.3,100.0,False
BGW-15,3,49,2020-04-17,56.77,6093.0,24.78,10.02,0.288,4499.4,99.3,False
BGW-15,3,50,2020-04-18,55.73,6544.8,24.72,10.82,0.304,4435.4,100.0,False
BGW-15,3,51,2020-04-19,55.66,6827.8,24.85,10.99,0.307,4464.3,97.4,False
BGW-15,3,52,2020-04-20,55.16,6555.9,23.44,10.7,0.313,4464.7,96.8,False
BGW-15,3,53,2020-04-21,54.99,6736.5,23.85,10.97,0.315,4427.6,97.2,False
BGW-15,3,54,2020-04-22,55.04,6375.6,25.96,12.79,0.33,4418.7,100.0,False
BGW-15,3,55,2020-04-23,53.92,6628.3,24.9,11.67,0.319,4471.7,98.6,False
BGW-15,3,56,2020-04-24,53.75,6646.2,26.55,11.9,0.309,4441.3,100.0,False
BGW-15,3,57,2020-04-25,53.45,7472.6,23.49,11.09,0.321,4362.1,81.7,False
BGW-15,3,58,2020-04-26,54.01,7199.2,25.15,13.69,0.352,4401.9,90.6,False
BGW-15,3,59,2020-04-27,52.41,7520.8,22.72,11.01,0.326,4419.5,90.5,False
BGW-15,3,60,2020-04-28,52.91,7054.6,23.58,11.97,0.337,4393.4,99.3,False
BGW-15,3,61,2020-04-29,52.33,7977.4,22.01,11.39,0.341,4366.1,82.4,False
BGW-15,3,62,2020-04-30,51.93,7777.4,21.86,10.47,0.324,4389.3,85.8,False
BGW-15,3,63,2020-05-01,51.67,7635.3,22.94,12.87,0.359,4400.0,88.7,False
BGW-15,3,64,2020-05-02,51.59,8066.3,21.64,11.03,0.338,4329.9,80.3,False
BGW-15,3,65,2020-05-03,51.24,7936.9,21.44,11.42,0.348,4319.8,75.3,False
BGW-15,3,66,2020-05-04,51.74,7865.8,22.39,12.32,0.355,4313.2,82.1,False
BGW-15,3,67,2020-05-05,50.91,8894.3,20.07,11.84,0.371,4321.9,67.1,False
BGW-15,3,68,2020-05-06,50.92,8163.7,20.25,11.23,0.357,4334.3,74.0,False
BGW-15,3,69,2020-05-07,50.79,8523.0,20.25,11.75,0.367,4319.1,74.8,False
BGW-15,3,70,2020-05-08,51.15,8274.1,20.42,12.42,0.378,4360.5,78.4,False
BGW-15,3,71,2020-05-09,49.84,8606.5,20.16,10.71,0.347,4287.9,72.8,False
BGW-15,3,72,2020-05-10,49.65,8536.2,21.9,13.31,0.378,4268.7,71.1,False
BGW-15,3,73,2020-05-11,50.37,7828.8,21.68,11.86,0.354,4302.5,87.9,False
BGW-15,3,74,2020-05-12,49.42,8778.8,20.33,11.19,0.355,4289.1,69.8,False
BGW-15,3,75,2020-05-13,49.22,9282.1,19.35,12.22,0.387,4234.8,62.4,True
BGW-15,3,76,2020-05-14,49.37,8825.3,19.59,12.6,0.392,4211.6,68.5,False
BGW-15,3,77,2020-05-15,49.46,8366.4,20.46,13.06,0.39,4241.2,77.9,False
BGW-15,3,78,2020-05-16,49.28,8800.3,19.52,12.06,0.382,4231.1,74.5,False
BGW-15,3,79,2020-05-17,49.35,8682.2,18.92,11.46,0.377,4290.2,68.2,False
BGW-15,3,80,2020-05-18,49.44,8783.1,18.82,12.82,0.405,4174.8,67.4,False
BGW-15,3,81,2020-05-19,49.32,8634.0,18.28,11.44,0.385,4214.6,73.2,False
BGW-15,3,82,2020-05-20,48.79,9396.7,18.0,11.15,0.383,4210.3,57.6,True
BGW-15,3,83,2020-05-21,48.76,9275.1,19.84,12.99,0.396,4209.8,71.2,False
BGW-15,3,84,2020-05-22,48.86,8709.7,18.83,12.68,0.402,4175.5,73.2,False
BGW-15,3,85,2020-05-23,48.96,9152.0,19.64,14.13,0.418,4208.2,65.9,False
BGW-15,3,86,2020-05-24,49.09,9269.4,18.79,13.33,0.415,4180.5,68.1,False
BGW-15,3,87,2020-05-25,48.9,8922.5,20.19,14.52,0.418,4166.9,67.0,False
BGW-15,3,88,2020-05-26,48.55,9347.1,18.5,13.12,0.415,4214.1,57.4,True
BGW-15,3,89,2020-05-27,48.63,9406.8,18.14,13.63,0.429,4143.4,61.5,True
BGW-15,4,0,2020-06-11,130.68,256.4,159.97,30.46,0.16,4870.3,100.0,False
BGW-15,4,1,2020-06-12,123.56,350.8,122.57,22.92,0.158,4890.9,100.0,False
BGW-15,4,2,2020-06-13,117.87,404.4,125.46,23.39,0.157,4859.6,93.9,False
BGW-15,4,3,2020-06-14,113.26,509.7,102.36,20.46,0.167,4799.9,100.0,False
BGW-15,4,4,2020-06-15,107.63,651.5,89.08,17.23,0.162,4831.0,99.4,False
BGW-15,4,5,2020-06-16,103.51,763.6,86.87,16.26,0.158,4858.6,100.0,False
BGW-15,4,6,2020-06-17,98.82,901.1,83.43,16.14,0.162,4827.4,98.2,False
BGW-15,4,7,2020-06-18,94.3,1043.0,71.72,15.27,0.176,4832.0,96.6,False
BGW-15,4,8,2020-06-19,91.31,1194.4,70.92,15.86,0.183,4812.0,99.3,False
BGW-15,4,9,2020-06-20,87.67,1363.0,69.77,15.09,0.178,4800.5,100.0,False
BGW-15,4,10,2020-06-21,84.88,1548.3,58.8,13.99,0.192,4800.3,95.5,False
BGW-15,4,11,2020-06-22,81.65,1684.8,56.88,12.01,0.174,4864.5,96.0,False
BGW-15,4,12,2020-06-23,79.41,2065.8,51.6,11.09,0.177,4767.8,99.5,False
BGW-15,4,13,2020-06-24,76.22,2509.9,46.86,10.53,0.184,4729.0,100.0,False
BGW-15,4,14,2020-06-25,74.26,2721.6,43.69,10.56,0.195,4757.0,100.0,False
BGW-15,4,15,2020-06-26,72.29,3073.7,40.52,9.44,0.189,4715.6,100.0,False
BGW-15,4,16,2020-06-27,70.83,2984.1,42.18,10.8,0.204,4773.4,99.0,False
BGW-15,4,17,2020-06-28,68.93,3362.2,36.5,9.15,0.2,4790.0,99.7,False
BGW-15,4,18,2020-06-29,66.67,3582.7,39.95,9.83,0.197,4779.9,98.0,False
BGW-15,4,19,2020-06-30,65.68,3991.5,37.06,9.91,0.211,4748.2,100.0,False
BGW-15,4,20,2020-07-01,63.91,4510.3,32.7,9.39,0.223,4697.0,100.0,False
BGW-15,4,21,2020-07-02,63.02,4422.6,30.58,8.38,0.215,4720.6,96.3,False
BGW-15,4,22,2020-07-03,61.63,4884.3,30.61,7.94,0.206,4757.8,96.8,False
BGW-15,4,23,2020-07-04,61.48,5148.9,28.38,7.46,0.208,4712.3,96.8,False
BGW-15,4,24,2020-07-05,60.18,5261.7,30.3,8.33,0.216,4683.6,99.1,False
BGW-15,4,25,2020-07-06,58.87,5317.6,30.13,9.03,0.231,4661.0,100.0,False
BGW-15,4,26,2020-07-07,57.77,5717.5,27.27,8.6,0.24,4669.8,100.0,False
BGW-15,4,27,2020-07-08,56.91,6183.0,27.43,8.91,0.245,4674.2,100.0,False
BGW-15,4,28,2020-07-09,56.7,6379.1,26.33,8.67,0.248,4642.4,96.8,False
BGW-15,4,29,2020-07-10,55.74,6774.5,24.69,7.78,0.24,4637.6,97.4,False
BGW-15,4,30,2020-07-11,54.49,6939.9,23.56,8.03,0.254,4613.0,99.2,False
BGW-15,4,31,2020-07-12,53.89,7011.8,24.12,7.77,0.244,4596.2,94.4,False
BGW-15,4,32,2020-07-13,54.23,6722.9,26.11,8.24,0.24,4629.5,98.3,False
BGW-15,4,33,2020-07-14,53.27,7181.0,23.44,7.72,0.248,4617.8,89.8,False
BGW-15,4,34,2020-07-15,53.32,7341.1,24.3,8.79,0.266,4545.6,88.3,False
BGW-15,4,35,2020-07-16,52.34,7885.1,25.1,8.28,0.248,4599.4,85.5,False
BGW-15,4,36,2020-07-17,51.83,7509.5,22.27,8.1,0.267,4501.7,91.0,False
BGW-15,4,37,2020-07-18,51.74,7691.0,21.97,8.05,0.268,4553.8,90.6,False
BGW-15,4,38,2020-07-19,51.22,7596.4,22.91,8.05,0.26,4578.0,90.9,False
BGW-15,4,39,2020-07-20,50.85,8160.4,21.98,8.41,0.277,4554.6,74.9,False
BGW-15,4,40,2020-07-21,50.65,8412.3,22.56,7.87,0.259,4561.9,77.8,False
BGW-15,4,41,2020-07-22,50.24,8808.4,20.18,7.01,0.258,4506.3,59.3,True
BGW-15,4,42,2020-07-23,49.98,8708.1,21.12,8.06,0.276,4523.3,66.7,False
BGW-15,4,43,2020-07-24,49.85,9335.3,20.33,7.34,0.265,4547.4,61.4,True
BGW-15,4,44,2020-07-25,49.71,8221.4,21.49,8.71,0.289,4494.2,77.1,False
BGW-15,4,45,2020-07-26,49.82,8113.0,19.03,7.42,0.281,4469.4,80.0,False
BGW-15,4,46,2020-07-27,49.17,8911.0,20.0,8.09,0.288,4481.0,67.3,False
BGW-15,4,47,2020-07-28,49.5,9113.0,19.94,7.99,0.286,4508.3,63.9,True
BGW-15,4,48,2020-07-29,48.84,8861.7,19.68,7.8,0.284,4512.7,68.2,False
BGW-15,4,49,2020-07-30,48.92,8781.1,19.78,8.23,0.294,4493.1,72.5,False
BGW-15,4,50,2020-07-31,48.64,9021.0,18.18,8.91,0.329,4416.9,59.8,True
BGW-15,4,51,2020-08-01,48.96,9467.8,18.81,7.53,0.286,4432.2,62.2,True
BGW-15,4,52,2020-08-02,48.49,9528.6,18.76,8.13,0.302,4477.8,63.6,True
BGW-15,4,53,2020-08-03,48.13,9379.0,17.6,7.95,0.311,4389.8,63.6,True
BGW-15,4,54,2020-08-04,47.73,9452.8,19.36,9.0,0.317,4432.5,65.5,False
BGW-15,4,55,2020-08-05,47.98,9012.2,17.57,7.96,0.312,4403.8,59.5,True
BGW-15,4,56,2020-08-06,47.9,9689.3,17.63,8.45,0.324,4386.9,52.6,True
BGW-15,4,57,2020-08-07,48.36,9344.6,18.58,8.84,0.322,4428.6,62.8,True
BGW-15,4,58,2020-08-08,47.84,9454.4,17.02,8.23,0.326,4392.5,62.5,True
BGW-15,4,59,2020-08-09,48.29,10161.4,16.26,8.44,0.342,4407.9,51.0,True
BGW-15,4,60,2020-08-10,47.85,10192.6,17.16,8.43,0.329,4352.4,49.4,True
BGW-15,4,61,2020-08-11,47.66,10297.0,17.62,8.66,0.329,4408.8,45.9,True
BGW-15,4,62,2020-08-12,47.91,8938.1,20.27,10.39,0.339,4377.4,72.9,False
BGW-15,4,63,2020-08-13,47.43,10011.8,15.49,8.0,0.341,4357.9,49.8,True
BGW-15,4,64,2020-08-14,47.77,9865.1,15.49,7.92,0.338,4374.5,49.2,True
BGW-15,4,65,2020-08-15,47.72,9328.6,18.17,9.89,0.353,4333.6,62.1,True
BGW-15,4,66,2020-08-16,47.43,9624.3,17.63,9.64,0.354,4378.5,55.3,True
BGW-15,4,67,2020-08-17,47.56,9506.3,18.33,9.57,0.343,4331.5,57.5,True
BGW-15,4,68,2020-08-18,47.65,9521.2,14.77,8.21,0.357,4312.6,56.7,True
BGW-15,4,69,2020-08-19,47.28,9587.6,16.14,8.83,0.354,4344.2,56.4,True
BGW-15,4,70,2020-08-20,47.2,9956.3,15.99,8.46,0.346,4305.9,50.5,True
BGW-15,4,71,2020-08-21,47.45,9612.1,16.13,9.42,0.369,4319.0,60.3,True
BGW-15,4,72,2020-08-22,47.82,9766.8,14.89,8.59,0.366,4316.2,52.6,True
BGW-15,4,73,2020-08-23,47.84,9707.4,16.86,10.46,0.383,4298.6,58.2,True
BGW-15,4,74,2020-08-24,47.7,9256.3,16.33,10.03,0.38,4332.0,59.1,True
BGW-15,4,75,2020-08-25,47.72,10214.3,15.74,9.18,0.368,4263.5,46.5,True
BGW-15,4,76,2020-08-26,47.59,10062.9,16.81,10.2,0.378,4258.6,51.3,True
BGW-15,4,77,2020-08-27,47.02,10789.1,14.74,9.28,0.386,4227.7,44.9,True
BGW-15,4,78,2020-08-28,47.43,9927.7,16.12,10.17,0.387,4214.1,45.7,True
BGW-15,4,79,2020-08-29,46.89,11052.9,15.7,9.16,0.368,4192.4,35.8,True
BGW-15,4,80,2020-08-30,47.39,9580.9,15.21,9.29,0.379,4175.5,60.3,True
BGW-15,4,81,2020-08-31,48.06,10188.7,16.94,11.38,0.402,4244.5,55.4,True
BGW-15,4,82,2020-09-01,47.0,10017.9,15.31,10.65,0.41,4226.3,53.0,True
BGW-15,4,83,2020-09-02,47.19,9896.9,13.92,9.53,0.406,4162.9,53.2,True
BGW-15,4,84,2020-09-03,47.11,10225.6,15.22,10.27,0.403,4238.1,53.4,True
BGW-15,4,85,2020-09-04,47.19,10462.9,14.03,9.16,0.395,4159.3,44.1,True
BGW-15,4,86,2020-09-05,47.14,10925.1,13.83,9.49,0.407,4137.5,41.1,True
BGW-15,4,87,2020-09-06,47.31,10265.8,15.6,11.62,0.427,4162.3,50.7,True
BGW-15,4,88,2020-09-07,47.21,10219.7,14.4,10.26,0.416,4181.0,47.5,True
BGW-15,4,89,2020-09-08,47.34,9683.9,15.82,11.55,0.422,4181.1,53.3,True
BGW-15,5,0,2020-09-30,140.07,194.1,166.79,29.62,0.151,4851.9,100.0,False
BGW-15,5,1,2020-10-01,134.05,238.0,140.88,28.03,0.166,4870.7,100.0,False
BGW-15,5,2,2020-10-02,128.39,296.1,140.1,28.92,0.171,4861.6,94.9,False
BGW-15,5,3,2020-10-03,123.22,350.2,139.42,24.26,0.148,4841.0,95.8,False
BGW-15,5,4,2020-10-04,117.64,464.4,119.76,24.54,0.17,4881.6,100.0,False
BGW-15,5,5,2020-10-05,113.36,489.7,112.14,21.81,0.163,4819.5,97.2,False
BGW-15,5,6,2020-10-06,109.3,601.4,93.91,19.09,0.169,4785.5,99.8,False
BGW-15,5,7,2020-10-07,105.25,676.0,89.83,18.28,0.169,4848.4,100.0,False
BGW-15,5,8,2020-10-08,101.41,853.4,89.45,19.95,0.182,4844.9,97.9,False
BGW-15,5,9,2020-10-09,97.52,953.8,70.65,14.98,0.175,4794.3,95.8,False
BGW-15,5,10,2020-10-10,93.97,1073.6,76.93,16.47,0.176,4801.3,99.0,False
BGW-15,5,11,2020-10-11,91.31,1265.6,67.14,15.88,0.191,4738.9,100.0,False
BGW-15,5,12,2020-10-12,88.45,1350.3,65.24,16.99,0.207,4755.6,100.0,False
BGW-15,5,13,2020-10-13,85.9,1558.8,62.83,13.88,0.181,4786.2,97.1,False
BGW-15,5,14,2020-10-14,83.33,1674.9,63.97,16.98,0.21,4806.8,100.0,False
BGW-15,5,15,2020-10-15,80.81,1797.3,56.64,13.87,0.197,4742.7,98.1,False
BGW-15,5,16,2020-10-16,78.26,2189.7,57.05,16.53,0.225,4740.8,100.0,False
BGW-15,5,17,2020-10-17,76.53,2432.3,53.34,13.46,0.201,4742.7,100.0,False
BGW-15,5,18,2020-10-18,74.39,2527.6,52.9,14.41,0.214,4757.8,98.5,False
BGW-15,5,19,2020-10-19,73.03,2677.9,45.25,11.23,0.199,4702.0,95.1,False
BGW-15,5,20,2020-10-20,71.07,3126.9,45.53,12.46,0.215,4722.3,94.4,False
BGW-15,5,21,2020-10-21,69.06,3389.8,43.81,12.1,0.216,4735.8,100.0,False
BGW-15,5,22,2020-10-22,68.12,3406.0,38.73,10.63,0.215,4667.0,97.0,False
BGW-15,5,23,2020-10-23,66.49,3427.5,42.93,12.4,0.224,4713.1,100.0,False
BGW-15,5,24,2020-10-24,65.58,4001.9,38.35,11.97,0.238,4680.4,98.5,False
BGW-15,5,25,2020-10-25,64.15,4509.8,34.83,11.04,0.241,4675.8,95.9,False
BGW-15,5,26,2020-10-26,63.05,4216.0,35.39,10.93,0.236,4635.8,99.0,False
BGW-15,5,27,2020-10-27,62.33,4549.2,35.76,11.59,0.245,4588.0,100.0,False
BGW-15,5,28,2020-10-28,61.05,4540.1,39.98,12.51,0.238,4629.6,100.0,False
BGW-15,5,29,2020-10-29,60.06,5333.1,33.27,11.49,0.257,4633.8,97.5,False
BGW-15,5,30,2020-10-30,59.47,5401.7,32.66,9.74,0.23,4642.4,97.2,False
BGW-15,5,31,2020-10-31,58.06,5457.0,31.65,9.89,0.238,4621.4,100.0,False
BGW-15,5,32,2020-11-01,57.54,5631.7,32.98,11.15,0.253,4617.6,100.0,False
BGW-15,5,33,2020-11-02,56.81,5895.5,26.72,8.69,0.246,4624.3,98.1,False
BGW-15,5,34,2020-11-03,56.25,6405.4,28.54,9.84,0.256,4620.7,99.9,False
BGW-15,5,35,2020-11-04,56.18,5987.0,32.18,10.69,0.249,4575.7,99.4,False
BGW-15,5,36,2020-11-05,55.71,6119.3,30.04,9.42,0.239,4577.7,100.0,False
BGW-15,5,37,2020-11-06,54.61,6575.9,27.86,9.8,0.26,4551.8,95.5,False
BGW-15,5,38,2020-11-07,54.47,6702.6,26.46,9.65,0.267,4586.7,99.8,False
BGW-15,5,39,2020-11-08,53.87,7378.4,26.36,9.63,0.268,4537.8,91.7,False
BGW-15,5,40,2020-11-09,53.21,6828.0,29.48,12.26,0.294,4573.8,96.1,False
BGW-15,5,41,2020-11-10,53.14,7361.0,27.56,9.85,0.263,4480.2,88.8,False
BGW-15,5,42,2020-11-11,52.25,7176.6,23.73,8.95,0.274,4514.7,93.0,False
BGW-15,5,43,2020-11-12,52.03,7521.7,25.53,9.72,0.276,4554.5,84.1,False
BGW-15,5,44,2020-11-13,51.61,7531.6,26.12,9.56,0.268,4487.6,90.7,False
BGW-15,5,45,2020-11-14,51.58,7624.7,24.89,9.81,0.283,4462.2,82.8,False
BGW-15,5,46,2020-11-15,51.11,8293.9,24.71,9.78,0.284,4496.9,74.4,False
BGW-15,5,47,2020-11-16,51.0,8183.1,23.35,9.55,0.29,4421.6,77.2,False
BGW-15,5,48,2020-11-17,50.63,8615.0,24.89,11.11,0.309,4450.3,72.5,False
BGW-15,5,49,2020-11-18,50.35,8220.7,21.91,8.97,0.29,4436.0,75.4,False
BGW-15,5,50,2020-11-19,50.58,8579.7,22.9,10.13,0.307,4447.7,73.6,False
BGW-15,5,51,2020-11-20,50.63,8095.8,21.48,9.54,0.307,4452.5,81.0,False
BGW-15,5,52,2020-11-21,50.28,8572.3,21.77,9.46,0.303,4455.8,73.2,False
BGW-15,5,53,2020-11-22,50.09,8889.2,20.54,9.24,0.31,4489.0,64.7,True
BGW-15,5,54,2020-11-23,49.26,9061.1,21.16,8.86,0.295,4429.7,62.3,True
BGW-15,5,55,2020-11-24,49.57,9030.1,20.41,9.65,0.321,4444.4,69.4,False
BGW-15,5,56,2020-11-25,49.15,9063.4,21.82,10.98,0.335,4440.3,71.2,False
BGW-15,5,57,2020-11-26,49.13,9040.5,21.63,10.46,0.326,4471.8,64.8,True
BGW-15,5,58,2020-11-27,48.75,9732.3,18.64,8.94,0.324,4411.5,55.9,True
BGW-15,5,59,2020-11-28,48.76,9762.6,20.41,9.58,0.32,4382.3,53.6,True
BGW-15,5,60,2020-11-29,48.98,9465.4,19.58,9.42,0.325,4379.8,57.4,True
BGW-15,5,61,2020-11-30,48.95,9207.8,21.49,11.24,0.343,4341.8,62.3,True
BGW-15,5,62,2020-12-01,48.38,9743.3,20.95,10.78,0.34,4376.5,59.6,True
BGW-15,5,63,2020-12-02,48.37,8861.7,22.38,11.57,0.341,4360.9,67.5,False
BGW-15,5,64,2020-12-03,48.83,9572.9,19.89,10.69,0.35,4366.3,62.8,True
BGW-15,5,65,2020-12-04,48.34,8692.0,22.28,11.35,0.338,4293.6,65.5,False
BGW-15,5,66,2020-12-05,47.97,9830.1,21.01,11.53,0.354,4327.5,60.8,True
BGW-15,5,67,2020-12-06,48.09,8889.8,19.95,9.98,0.333,4350.4,64.4,True
BGW-15,5,68,2020-12-07,47.59,9238.9,18.42,10.57,0.365,4321.1,68.6,False
BGW-15,5,69,2020-12-08,48.32,9030.5,21.47,11.7,0.353,4314.4,68.5,False
BGW-15,5,70,2020-12-09,47.41,9599.6,19.77,10.39,0.344,4264.6,59.6,True
BGW-15,5,71,2020-12-10,48.09,9072.6,20.4,12.19,0.374,4296.6,65.4,False
BGW-15,5,72,2020-12-11,48.32,9166.8,19.25,11.56,0.375,4283.6,65.9,False
BGW-15,5,73,2020-12-12,47.47,10304.9,17.65,11.5,0.395,4249.6,45.5,True
BGW-15,5,74,2020-12-13,47.89,9899.1,18.08,11.65,0.392,4267.2,55.6,True
BGW-15,5,75,2020-12-14,47.87,10179.4,20.25,12.4,0.38,4228.7,47.0,True
BGW-15,5,76,2020-12-15,47.29,9755.8,18.95,11.76,0.383,4196.2,60.0,True
BGW-15,5,77,2020-12-16,47.67,9982.6,16.21,10.29,0.388,4273.4,61.7,True
BGW-15,5,78,2020-12-17,47.74,9660.3,19.03,12.8,0.402,4277.9,56.9,True
BGW-15,5,79,2020-12-18,47.75,10413.9,19.18,12.36,0.392,4224.6,48.0,True
BGW-15,5,80,2020-12-19,47.88,9465.2,18.89,12.13,0.391,4232.5,56.6,True
BGW-15,5,81,2020-12-20,47.1,9933.1,18.97,12.52,0.398,4191.8,54.6,True
BGW-15,5,82,2020-12-21,47.85,9369.2,19.36,13.56,0.412,4197.4,57.3,True
BGW-15,5,83,2020-12-22,47.36,10079.1,17.24,11.03,0.39,4184.7,52.0,True
BGW-15,5,84,2020-12-23,47.45,10284.6,16.46,11.15,0.404,4194.1,47.6,True
BGW-15,5,85,2020-12-24,47.29,9545.8,18.67,14.41,0.436,4163.4,59.2,True
BGW-15,5,86,2020-12-25,47.23,10423.6,16.84,12.39,0.424,4182.9,42.6,True
BGW-15,5,87,2020-12-26,47.63,10127.7,18.35,13.1,0.417,4139.3,55.0,True
BGW-15,5,88,2020-12-27,47.22,9885.3,19.19,13.98,0.422,4155.5,56.9,True
BGW-15,5,89,2020-12-28,47.65,9225.1,17.87,12.82,0.418,4143.1,62.4,True
BGW-15,6,0,2021-01-19,140.41,188.4,178.26,29.53,0.142,4893.4,96.4,False
BGW-15,6,1,2021-01-20,133.32,231.4,165.21,29.55,0.152,4913.6,97.4,False
BGW-15,6,2,2021-01-21,129.16,280.4,154.86,32.63,0.174,4844.4,100.0,False
BGW-15,6,3,2021-01-22,123.46,323.5,139.36,26.26,0.159,4852.9,100.0,False
BGW-15,6,4,2021-01-23,118.33,412.3,113.41,21.61,0.16,4817.2,96.7,False
BGW-15,6,5,2021-01-24,113.37,488.1,114.83,23.46,0.17,4806.8,100.0,False
BGW-15,6,6,2021-01-25,109.66,593.3,101.98,21.29,0.173,4819.6,100.0,False
BGW-15,6,7,2021-01-26,105.68,641.4,96.71,21.82,0.184,4862.1,100.0,False
BGW-15,6,8,2021-01-27,102.21,700.1,96.66,20.92,0.178,4847.5,100.0,False
BGW-15,6,9,2021-01-28,98.53,909.1,79.06,15.59,0.165,4793.4,98.2,False
BGW-15,6,10,2021-01-29,95.51,962.4,86.97,18.22,0.173,4795.1,99.7,False
BGW-15,6,11,2021-01-30,92.38,1167.1,82.72,18.14,0.18,4784.1,100.0,False
BGW-15,6,12,2021-01-31,89.72,1306.5,70.65,14.88,0.174,4749.2,98.6,False
BGW-15,6,13,2021-02-01,86.61,1419.9,65.19,15.07,0.188,4761.5,98.8,False
BGW-15,6,14,2021-02-02,83.95,1651.2,59.6,13.88,0.189,4684.8,99.8,False
BGW-15,6,15,2021-02-03,82.62,1785.7,60.79,14.51,0.193,4717.8,100.0,False
BGW-15,6,16,2021-02-04,79.82,1853.7,54.79,13.17,0.194,4712.9,100.0,False
BGW-15,6,17,2021-02-05,77.71,2009.6,56.05,15.92,0.221,4675.7,100.0,False
BGW-15,6,18,2021-02-06,75.69,2350.9,55.39,14.36,0.206,4725.6,95.7,False
BGW-15,6,19,2021-02-07,73.66,2414.5,50.63,13.45,0.21,4752.1,100.0,False
BGW-15,6,20,2021-02-08,72.09,2668.9,46.63,12.6,0.213,4713.6,100.0,False
BGW-15,6,21,2021-02-09,70.54,3020.6,45.85,14.08,0.235,4697.4,99.7,False
BGW-15,6,22,2021-02-10,69.11,3178.9,41.21,10.4,0.201,4732.7,97.8,False
BGW-15,6,23,2021-02-11,68.05,3286.2,43.25,12.42,0.223,4728.3,97.8,False
BGW-15,6,24,2021-02-12,66.63,3736.0,41.2,10.9,0.209,4698.4,100.0,False
BGW-15,6,25,2021-02-13,65.3,3815.2,39.09,11.86,0.233,4724.6,100.0,False
BGW-15,6,26,2021-02-14,63.82,4201.9,34.71,9.02,0.206,4639.1,100.0,False
BGW-15,6,27,2021-02-15,62.37,4336.9,38.41,11.98,0.238,4693.7,95.1,False
BGW-15,6,28,2021-02-16,61.75,4738.5,36.22,11.24,0.237,4647.7,97.2,False
BGW-15,6,29,2021-02-17,61.11,4803.8,35.86,12.01,0.251,4659.9,98.6,False
BGW-15,6,30,2021-02-18,60.08,5398.2,31.5,10.83,0.256,4695.6,98.4,False
BGW-15,6,31,2021-02-19,59.45,5447.1,33.15,11.21,0.253,4619.8,100.0,False
BGW-15,6,32,2021-02-20,58.78,4763.3,33.9,11.24,0.249,4645.1,100.0,False
BGW-15,6,33,2021-02-21,57.75,5654.2,33.89,12.12,0.263,4603.2,100.0,False
BGW-15,6,34,2021-02-22,57.92,5713.1,32.43,12.07,0.271,4620.9,100.0,False
BGW-15,6,35,2021-02-23,56.25,6235.2,31.57,12.12,0.277,4573.6,100.0,False
BGW-15,6,36,2021-02-24,56.18,6029.0,30.77,10.38,0.252,4590.6,100.0,False
BGW-15,6,37,2021-02-25,55.46,6480.3,30.44,11.14,0.268,4524.7,97.9,False
BGW-15,6,38,2021-02-26,54.45,6391.7,30.13,10.51,0.259,4574.4,100.0,False
BGW-15,6,39,2021-02-27,53.81,6935.3,25.79,8.99,0.258,4530.7,93.7,False
BGW-15,6,40,2021-02-28,54.47,7016.8,27.9,11.24,0.287,4541.0,91.1,False
BGW-15,6,41,2021-03-01,53.74,6769.7,29.58,11.43,0.279,4596.7,99.2,False
BGW-15,6,42,2021-03-02,53.22,7312.1,25.55,9.98,0.281,4531.0,88.6,False
BGW-15,6,43,2021-03-03,52.56,7681.0,25.53,10.13,0.284,4472.6,81.9,False
BGW-15,6,44,2021-03-04,52.25,7800.5,25.49,10.22,0.286,4487.4,82.3,False
BGW-15,6,45,2021-03-05,52.19,7483.6,27.28,10.26,0.273,4529.0,88.1,False
BGW-15,6,46,2021-03-06,51.82,8118.4,26.6,11.07,0.294,4491.0,81.5,False
BGW-15,6,47,2021-03-07,51.59,7940.4,28.33,11.95,0.297,4501.6,77.6,False
BGW-15,6,48,2021-03-08,50.87,8485.0,25.95,10.64,0.291,4489.9,70.9,False
BGW-15,6,49,2021-03-09,50.64,8072.2,24.72,10.91,0.306,4455.2,75.2,False
BGW-15,6,50,2021-03-10,51.39,8668.7,26.03,11.33,0.303,4458.1,73.7,False
BGW-15,6,51,2021-03-11,49.64,8610.1,23.85,10.53,0.306,4511.1,73.7,False
BGW-15,6,52,2021-03-12,50.25,8186.9,24.54,11.3,0.315,4429.3,77.7,False
BGW-15,6,53,2021-03-13,50.2,8161.8,23.61,10.91,0.316,4434.7,76.0,False
BGW-15,6,54,2021-03-14,49.87,8684.5,22.8,10.64,0.318,4486.7,68.5,False
BGW-15,6,55,2021-03-15,49.57,9056.6,24.28,11.13,0.314,4450.9,63.3,True
BGW-15,6,56,2021-03-16,49.11,8615.9,24.48,11.46,0.319,4405.9,70.1,False
BGW-15,6,57,2021-03-17,49.15,9870.6,23.54,10.86,0.316,4430.7,54.1,True
BGW-15,6,58,2021-03-18,48.95,8939.6,22.81,10.64,0.318,4383.2,71.1,False
BGW-15,6,59,2021-03-19,49.08,9121.5,24.73,12.12,0.329,4385.6,71.7,False
BGW-15,6,60,2021-03-20,48.92,9504.9,24.6,12.13,0.33,4413.8,63.7,True
BGW-15,6,61,2021-03-21,48.65,9287.3,22.4,10.81,0.326,4382.7,63.5,True
BGW-15,6,62,2021-03-22,48.88,9202.8,21.68,12.37,0.363,4411.1,64.8,True
BGW-15,6,63,2021-03-23,48.8,9790.8,20.92,10.83,0.341,4346.9,54.8,True
BGW-15,6,64,2021-03-24,48.65,9200.2,20.66,10.73,0.342,4382.3,63.0,True
BGW-15,6,65,2021-03-25,48.05,9406.3,21.08,11.62,0.355,4379.1,59.7,True
BGW-15,6,66,2021-03-26,48.39,9613.0,22.81,11.69,0.339,4352.3,57.8,True
BGW-15,6,67,2021-03-27,48.38,8951.9,22.89,12.56,0.354,4324.9,68.0,False
BGW-15,6,68,2021-03-28,47.3,10226.0,21.48,11.7,0.353,4307.3,45.7,True
BGW-15,6,69,2021-03-29,48.48,9226.4,21.65,12.0,0.357,4275.8,64.8,True
BGW-15,6,70,2021-03-30,48.06,10027.0,19.89,11.19,0.36,4329.5,56.1,True
BGW-15,6,71,2021-03-31,48.2,9674.8,21.42,12.24,0.364,4285.0,61.0,True
BGW-15,6,72,2021-04-01,47.71,9256.8,20.65,11.75,0.363,4255.6,61.3,True
BGW-15,6,73,2021-04-02,48.06,9237.7,21.81,13.31,0.379,4269.1,71.4,False
BGW-15,6,74,2021-04-03,47.85,9418.9,19.77,11.64,0.371,4239.1,58.9,True
BGW-15,6,75,2021-04-04,47.93,9260.0,21.61,13.61,0.386,4308.5,60.8,True
BGW-15,6,76,2021-04-05,47.93,9634.2,18.83,10.77,0.364,4298.0,63.0,True
BGW-15,6,77,2021-04-06,48.25,10227.8,21.43,13.49,0.386,4229.7,51.8,True
BGW-15,6,78,2021-04-07,47.81,10024.0,20.86,13.1,0.386,4196.7,46.9,True
BGW-15,6,79,2021-04-08,47.84,9516.0,21.11,12.81,0.378,4205.9,64.0,True
BGW-15,6,80,2021-04-09,48.11,8994.0,21.43,13.33,0.384,4258.2,67.0,False
BGW-15,6,81,2021-04-10,47.91,9363.2,19.76,12.12,0.38,4192.7,56.6,True
BGW-15,6,82,2021-04-11,47.35,9392.2,20.05,13.29,0.399,4185.6,61.5,True
BGW-15,6,83,2021-04-12,47.41,9819.9,20.64,13.48,0.395,4191.9,50.7,True
BGW-15,6,84,2021-04-13,47.42,9314.1,19.76,12.96,0.396,4206.0,62.4,True
BGW-15,6,85,2021-04-14,47.37,10170.8,19.09,13.0,0.405,4179.4,50.0,True
BGW-15,6,86,2021-04-15,47.1,9402.4,21.06,14.82,0.413,4209.0,59.8,True
BGW-15,6,87,2021-04-16,48.35,8896.9,20.24,14.69,0.421,4123.2,63.5,True
BGW-15,6,88,2021-04-17,47.75,9736.6,18.82,12.57,0.4,4118.8,57.8,True
BGW-15,6,89,2021-04-18,47.14,9710.7,19.1,13.21,0.409,4181.1,54.4,True
BGW-15,7,0,2021-05-08,137.92,210.0,169.77,34.66,0.17,4848.3,100.0,False
BGW-15,7,1,2021-05-09,133.36,242.8,146.06,22.92,0.136,4896.2,99.8,False
BGW-15,7,2,2021-05-10,129.41,281.2,153.89,29.45,0.161,4865.9,99.4,False
BGW-15,7,3,2021-05-11,124.9,309.6,127.54,23.77,0.157,4808.2,100.0,False
BGW-15,7,4,2021-05-12,121.02,386.5,117.89,22.94,0.163,4901.5,98.9,False
BGW-15,7,5,2021-05-13,117.87,424.3,114.43,23.76,0.172,4824.1,100.0,False
BGW-15,7,6,2021-05-14,114.31,480.0,110.67,25.61,0.188,4840.8,98.2,False
BGW-15,7,7,2021-05-15,111.04,513.2,106.12,24.81,0.19,4800.2,100.0,False
BGW-15,7,8,2021-05-16,107.46,638.8,86.19,17.29,0.167,4833.1,100.0,False
BGW-15,7,9,2021-05-17,104.81,685.1,86.45,17.79,0.171,4754.3,98.9,False
BGW-15,7,10,2021-05-18,102.31,852.7,78.56,19.0,0.195,4754.3,99.2,False
BGW-15,7,11,2021-05-19,100.08,806.3,82.63,19.13,0.188,4784.6,100.0,False
BGW-15,7,12,2021-05-20,96.51,939.6,82.08,19.51,0.192,4767.5,100.0,False
BGW-15,7,13,2021-05-21,94.65,990.1,70.49,19.2,0.214,4749.6,97.6,False
BGW-15,7,14,2021-05-22,92.38,1151.6,71.77,17.11,0.192,4771.7,100.0,False
BGW-15,7,15,2021-05-23,89.61,1223.8,58.59,11.56,0.165,4715.1,99.7,False
BGW-15,7,16,2021-05-24,87.69,1458.7,55.07,14.44,0.208,4725.4,95.3,False
BGW-15,7,17,2021-05-25,86.39,1456.5,60.78,17.89,0.227,4717.9,98.7,False
BGW-15,7,18,2021-05-26,83.33,1714.6,53.7,14.67,0.215,4698.9,100.0,False
BGW-15,7,19,2021-05-27,82.74,1719.9,52.9,13.99,0.209,4685.6,97.7,False
BGW-15,7,20,2021-05-28,80.53,1847.2,49.31,13.01,0.209,4659.5,98.9,False
BGW-15,7,21,2021-05-29,77.9,2237.6,48.25,11.34,0.19,4711.9,100.0,False
BGW-15,7,22,2021-05-30,76.9,2347.2,46.81,13.94,0.229,4727.2,100.0,False
BGW-15,7,23,2021-05-31,75.58,2408.4,44.1,13.7,0.237,4670.1,99.2,False
BGW-15,7,24,2021-06-01,73.94,2690.5,41.34,11.4,0.216,4670.8,100.0,False
BGW-15,7,25,2021-06-02,72.7,2903.1,35.4,10.53,0.229,4623.7,99.7,False
BGW-15,7,26,2021-06-03,71.93,2776.3,42.99,13.64,0.241,4590.0,100.0,False
BGW-15,7,27,2021-06-04,70.47,2983.9,40.36,12.44,0.236,4687.1,100.0,False
BGW-15,7,28,2021-06-05,69.98,3320.9,37.02,11.32,0.234,4647.5,100.0,False
BGW-15,7,29,2021-06-06,68.64,3266.1,37.55,11.88,0.24,4604.4,100.0,False
BGW-15,7,30,2021-06-07,67.28,3631.5,33.75,9.48,0.219,4642.5,96.3,False
BGW-15,7,31,2021-06-08,66.83,3612.7,32.98,11.37,0.256,4646.4,100.0,False
BGW-15,7,32,2021-06-09,65.35,3856.6,33.97,11.66,0.256,4582.2,99.0,False
BGW-15,7,33,2021-06-10,64.05,3930.6,31.05,10.63,0.255,4559.8,95.0,False
BGW-15,7,34,2021-06-11,63.82,4502.5,31.76,9.83,0.236,4628.4,100.0,False
BGW-15,7,35,2021-06-12,62.75,4417.4,30.54,10.88,0.263,4613.3,100.0,False
BGW-15,7,36,2021-06-13,62.19,4471.2,28.97,9.81,0.253,4600.3,98.6,False
BGW-15,7,37,2021-06-14,61.17,5038.0,26.64,9.65,0.266,4588.8,100.0,False
BGW-15,7,38,2021-06-15,60.15,5108.5,26.6,9.04,0.254,4529.7,100.0,False
BGW-15,7,39,2021-06-16,60.12,5394.9,27.18,9.93,0.268,4586.5,99.5,False
BGW-15,7,40,2021-06-17,59.33,5201.2,25.72,9.22,0.264,4536.4,100.0,False
BGW-15,7,41,2021-06-18,58.99,5530.2,24.86,9.1,0.268,4547.0,100.0,False
BGW-15,7,42,2021-06-19,58.2,5717.8,26.85,10.36,0.278,4538.2,98.3,False
BGW-15,7,43,2021-06-20,57.47,5860.5,25.07,9.45,0.274,4516.8,98.8,False
BGW-15,7,44,2021-06-21,57.42,5642.0,24.25,9.48,0.281,4540.2,100.0,False
BGW-15,7,45,2021-06-22,56.79,6211.3,25.56,10.41,0.289,4508.0,97.6,False
BGW-15,7,46,2021-06-23,55.84,6442.7,23.01,9.49,0.292,4490.7,99.7,False
BGW-15,7,47,2021-06-24,55.87,6299.1,22.89,9.03,0.283,4457.9,100.0,False
BGW-15,7,48,2021-06-25,55.92,6647.8,21.19,9.22,0.303,4468.3,100.0,False
BGW-15,7,49,2021-06-26,55.09,6561.6,23.7,9.93,0.295,4473.5,100.0,False
BGW-15,7,50,2021-06-27,54.5,6976.8,23.21,9.0,0.28,4479.9,85.9,False
BGW-15,7,51,2021-06-28,54.04,6607.9,22.1,11.13,0.335,4488.1,95.7,False
BGW-15,7,52,2021-06-29,53.66,6704.1,21.56,9.01,0.295,4431.7,93.6,False
BGW-15,7,53,2021-06-30,53.24,7224.4,21.61,9.44,0.304,4425.4,93.1,False
BGW-15,7,54,2021-07-01,53.21,6673.6,22.06,11.23,0.337,4432.0,100.0,False
BGW-15,7,55,2021-07-02,52.61,8019.4,20.11,9.08,0.311,4491.2,78.4,False
BGW-15,7,56,2021-07-03,52.64,7637.1,20.33,9.58,0.32,4463.6,84.3,False
BGW-15,7,57,2021-07-04,52.42,7173.0,21.34,10.17,0.323,4402.8,93.1,False
BGW-15,7,58,2021-07-05,51.99,8047.1,21.79,9.71,0.308,4388.4,80.2,False
BGW-15,7,59,2021-07-06,51.64,7258.3,20.94,10.08,0.325,4432.6,89.1,False
BGW-15,7,60,2021-07-07,51.55,7798.2,18.57,8.89,0.324,4406.7,87.8,False
BGW-15,7,61,2021-07-08,51.85,7565.6,20.34,10.78,0.346,4427.7,88.3,False
BGW-15,7,62,2021-07-09,51.37,8024.5,17.24,9.0,0.343,4406.6,82.1,False
BGW-15,7,63,2021-07-10,50.81,8257.2,17.6,8.5,0.326,4402.0,78.6,False
BGW-15,7,64,2021-07-11,51.25,8218.6,21.02,10.87,0.341,4316.4,80.3,False
BGW-15,7,65,2021-07-12,49.74,8592.9,18.42,9.93,0.35,4358.6,71.9,False
BGW-15,7,66,2021-07-13,51.03,8415.7,17.88,8.64,0.326,4379.9,71.7,False
BGW-15,7,67,2021-07-14,50.2,8781.3,18.75,10.24,0.353,4311.6,69.7,False
BGW-15,7,68,2021-07-15,50.86,7936.9,19.89,11.44,0.365,4319.8,83.3,False
BGW-15,7,69,2021-07-16,49.6,8428.6,17.56,10.03,0.364,4324.7,77.4,False
BGW-15,7,70,2021-07-17,49.99,9012.7,15.92,8.23,0.341,4334.9,62.1,True
BGW-15,7,71,2021-07-18,49.17,9029.8,16.78,9.75,0.367,4306.5,66.1,False
BGW-15,7,72,2021-07-19,49.53,9115.1,18.72,11.55,0.382,4264.9,64.3,True
BGW-15,7,73,2021-07-20,49.59,9559.3,16.93,10.39,0.38,4305.9,61.6,True
BGW-15,7,74,2021-07-21,49.79,8285.9,17.04,10.24,0.375,4311.5,80.4,False
BGW-15,7,75,2021-07-22,49.29,9341.2,16.6,9.73,0.37,4262.4,58.3,True
BGW-15,7,76,2021-07-23,49.1,9441.8,17.28,10.65,0.381,4245.8,61.1,True
BGW-15,7,77,2021-07-24,48.57,8903.2,17.79,11.02,0.382,4291.3,64.3,True
BGW-15,7,78,2021-07-25,49.52,9303.5,17.08,10.91,0.39,4247.0,62.7,True
BGW-15,7,79,2021-07-26,49.11,9325.1,17.0,9.45,0.357,4240.0,65.9,False
BGW-15,7,80,2021-07-27,48.43,9481.2,16.68,10.1,0.377,4192.7,58.4,True
BGW-15,7,81,2021-07-28,48.46,9605.4,15.77,10.37,0.397,4204.7,60.9,True
BGW-15,7,82,2021-07-29,48.91,9673.0,16.84,11.45,0.405,4221.5,60.3,True
BGW-15,7,83,2021-07-30,48.86,8767.0,16.64,11.37,0.406,4276.6,69.9,False
BGW-15,7,84,2021-07-31,48.48,8735.3,16.7,11.75,0.413,4192.3,67.9,False
BGW-15,7,85,2021-08-01,48.45,9374.2,15.63,11.27,0.419,4160.0,68.3,False
BGW-15,7,86,2021-08-02,48.01,9454.0,17.14,11.83,0.408,4149.7,61.8,True
BGW-15,7,87,2021-08-03,48.88,9069.4,16.37,11.19,0.406,4168.9,63.3,True
BGW-15,7,88,2021-08-04,48.32,9793.6,14.35,9.86,0.407,4164.5,54.0,True
BGW-15,7,89,2021-08-05,47.9,9646.0,15.14,10.89,0.419,4122.4,55.8,True
BGW-15,8,0,2021-08-28,138.24,212.2,159.13,27.24,0.146,4902.4,100.0,False
BGW-15,8,1,2021-08-29,132.94,236.8,163.71,27.7,0.145,4869.2,100.0,False
BGW-15,8,2,2021-08-30,128.18,311.5,139.1,23.97,0.147,4807.8,100.0,False
BGW-15,8,3,2021-08-31,124.5,342.0,151.11,29.4,0.163,4857.8,98.0,False
BGW-15,8,4,2021-09-01,120.84,384.4,129.56,27.0,0.172,4801.4,100.0,False
BGW-15,8,5,2021-09-02,116.2,419.4,111.54,20.78,0.157,4814.2,100.0,False
BGW-15,8,6,2021-09-03,113.08,497.1,110.28,22.84,0.172,4845.2,96.2,False
BGW-15,8,7,2021-09-04,109.45,560.2,101.25,22.52,0.182,4821.9,98.1,False
BGW-15,8,8,2021-09-05,106.56,651.6,96.57,18.78,0.163,4783.5,100.0,False
BGW-15,8,9,2021-09-06,102.85,732.6,87.82,23.27,0.209,4826.4,100.0,False
BGW-15,8,10,2021-09-07,100.36,818.6,96.9,20.77,0.177,4850.0,100.0,False
BGW-15,8,11,2021-09-08,97.52,931.3,79.92,17.19,0.177,4753.1,100.0,False
BGW-15,8,12,2021-09-09,95.36,1029.3,79.49,18.27,0.187,4809.3,100.0,False
BGW-15,8,13,2021-09-10,92.24,1098.7,75.4,18.86,0.2,4798.0,100.0,False
BGW-15,8,14,2021-09-11,90.21,1322.1,67.04,15.43,0.187,4787.0,100.0,False
BGW-15,8,15,2021-09-12,87.96,1360.5,67.83,15.69,0.188,4749.0,100.0,False
BGW-15,8,16,2021-09-13,86.05,1386.9,61.78,15.77,0.203,4742.0,100.0,False
BGW-15,8,17,2021-09-14,84.2,1536.9,60.06,15.65,0.207,4760.7,99.8,False
BGW-15,8,18,2021-09-15,82.01,1779.4,59.26,14.95,0.201,4743.7,97.3,False
BGW-15,8,19,2021-09-16,80.0,2081.7,48.65,12.69,0.207,4780.9,100.0,False
BGW-15,8,20,2021-09-17,78.55,2194.8,53.78,14.12,0.208,4687.6,100.0,False
BGW-15,8,21,2021-09-18,76.49,2354.7,51.26,13.14,0.204,4669.8,99.6,False
BGW-15,8,22,2021-09-19,75.29,2397.6,50.87,13.84,0.214,4748.7,96.2,False
BGW-15,8,23,2021-09-20,74.12,2670.2,47.97,14.43,0.231,4703.0,100.0,False
BGW-15,8,24,2021-09-21,72.63,2714.7,47.9,13.69,0.222,4692.1,100.0,False
BGW-15,8,25,2021-09-22,71.41,2809.2,45.26,12.59,0.218,4696.2,100.0,False
BGW-15,8,26,2021-09-23,70.58,3115.7,44.51,12.55,0.22,4631.2,100.0,False
BGW-15,8,27,2021-09-24,69.22,3113.1,40.27,12.81,0.241,4688.3,100.0,False
BGW-15,8,28,2021-09-25,67.63,3370.8,39.76,12.43,0.238,4617.6,99.8,False
BGW-15,8,29,2021-09-26,67.07,3798.5,42.21,12.13,0.223,4647.9,97.6,False
BGW-15,8,30,2021-09-27,65.68,3789.3,36.55,11.09,0.233,4589.4,100.0,False
BGW-15,8,31,2021-09-28,64.25,3945.8,37.6,12.08,0.243,4602.9,100.0,False
BGW-15,8,32,2021-09-29,63.84,4237.2,38.85,14.13,0.267,4641.6,99.5,False
BGW-15,8,33,2021-09-30,63.01,4539.7,35.34,12.37,0.259,4620.6,100.0,False
BGW-15,8,34,2021-10-01,62.19,4781.5,33.48,11.11,0.249,4612.5,95.3,False
BGW-15,8,35,2021-10-02,61.58,4412.4,33.5,12.1,0.265,4593.2,99.6,False
BGW-15,8,36,2021-10-03,60.92,4867.4,33.62,11.21,0.25,4543.3,100.0,False
BGW-15,8,37,2021-10-04,59.56,5131.8,32.95,11.84,0.264,4601.6,97.6,False
BGW-15,8,38,2021-10-05,59.39,5508.2,29.59,11.58,0.281,4594.5,100.0,False
BGW-15,8,39,2021-10-06,58.81,5548.6,31.14,10.72,0.256,4555.9,98.2,False
BGW-15,8,40,2021-10-07,57.77,6078.5,30.08,12.33,0.291,4509.0,100.0,False
BGW-15,8,41,2021-10-08,57.9,5596.7,32.24,13.23,0.291,4575.0,100.0,False
BGW-15,8,42,2021-10-09,57.11,5934.0,32.11,12.59,0.282,4547.9,98.8,False
BGW-15,8,43,2021-10-10,56.82,6300.3,26.84,11.11,0.293,4516.2,100.0,False
BGW-15,8,44,2021-10-11,55.75,6745.6,29.57,12.71,0.301,4512.1,93.8,False
BGW-15,8,45,2021-10-12,55.56,6832.4,28.2,11.27,0.286,4531.7,97.1,False
BGW-15,8,46,2021-10-13,55.33,6962.0,28.73,12.51,0.303,4481.1,92.5,False
BGW-15,8,47,2021-10-14,54.4,6950.7,25.94,11.11,0.3,4501.4,97.2,False
BGW-15,8,48,2021-10-15,54.59,6604.6,25.06,10.24,0.29,4542.0,100.0,False
BGW-15,8,49,2021-10-16,54.4,6790.4,27.83,11.17,0.286,4494.7,100.0,False
BGW-15,8,50,2021-10-17,53.85,6529.8,27.42,13.01,0.322,4468.3,100.0,False
BGW-15,8,51,2021-10-18,53.2,7086.7,25.9,10.79,0.294,4496.3,94.6,False
BGW-15,8,52,2021-10-19,52.84,7551.9,24.91,11.36,0.313,4467.4,89.6,False
BGW-15,8,53,2021-10-20,52.93,7557.9,25.93,11.95,0.316,4467.5,87.8,False
BGW-15,8,54,2021-10-21,52.37,7764.2,23.36,9.88,0.297,4414.7,84.3,False
BGW-15,8,55,2021-10-22,52.7,7255.6,25.92,11.71,0.311,4396.9,90.9,False
BGW-15,8,56,2021-10-23,51.5,8075.0,23.3,11.41,0.329,4374.4,83.5,False
BGW-15,8,57,2021-10-24,51.94,7492.0,23.9,10.73,0.31,4354.4,83.4,False
BGW-15,8,58,2021-10-25,51.26,8092.2,23.0,10.28,0.309,4405.0,73.5,False
BGW-15,8,59,2021-10-26,51.4,8091.4,25.59,12.57,0.329,4395.9,80.3,False
BGW-15,8,60,2021-10-27,50.73,8252.8,23.98,12.45,0.342,4435.9,78.2,False
BGW-15,8,61,2021-10-28,50.9,8337.1,24.56,12.03,0.329,4351.1,80.3,False
BGW-15,8,62,2021-10-29,50.5,7812.7,23.55,12.8,0.352,4363.7,80.4,False
BGW-15,8,63,2021-10-30,50.34,8409.1,21.32,11.09,0.342,4349.0,79.7,False
BGW-15,8,64,2021-10-31,50.31,8571.6,21.75,11.59,0.348,4368.4,71.7,False
BGW-15,8,65,2021-11-01,50.06,8139.2,20.59,9.98,0.326,4372.7,77.5,False
BGW-15,8,66,2021-11-02,49.71,8686.6,21.14,11.01,0.343,4315.7,77.8,False
BGW-15,8,67,2021-11-03,49.38,8616.0,21.88,11.69,0.348,4309.6,73.0,False
BGW-15,8,68,2021-11-04,49.48,8636.5,21.57,12.35,0.364,4365.6,74.4,False
BGW-15,8,69,2021-11-05,49.13,8683.1,20.55,11.55,0.36,4294.6,68.0,False
BGW-15,8,70,2021-11-06,49.61,9206.4,21.66,12.51,0.366,4307.8,62.1,True
BGW-15,8,71,2021-11-07,49.63,9046.4,21.91,13.17,0.375,4318.0,65.3,False
BGW-15,8,72,2021-11-08,49.07,9302.6,21.94,13.7,0.384,4302.7,64.6,True
BGW-15,8,73,2021-11-09,49.5,8574.4,22.81,13.58,0.373,4269.2,73.2,False
BGW-15,8,74,2021-11-10,48.63,9867.0,20.37,12.02,0.371,4264.5,56.1,True
BGW-15,8,75,2021-11-11,48.38,9364.6,18.91,11.6,0.38,4247.3,66.7,False
BGW-15,8,76,2021-11-12,49.04,8869.0,20.62,12.22,0.372,4298.8,70.6,False
BGW-15,8,77,2021-11-13,48.77,9429.7,20.59,12.69,0.381,4234.7,65.0,True
BGW-15,8,78,2021-11-14,48.17,9195.5,20.79,12.91,0.383,4235.0,64.5,True
BGW-15,8,79,2021-11-15,48.62,9725.5,21.18,12.99,0.38,4239.9,59.8,True
BGW-15,8,80,2021-11-16,48.12,9753.3,21.41,13.43,0.385,4177.7,56.0,True
BGW-15,8,81,2021-11-17,48.39,9486.2,21.69,13.66,0.387,4226.8,63.2,True
BGW-15,8,82,2021-11-18,49.03,9166.9,19.78,13.6,0.407,4237.7,66.1,False
BGW-15,8,83,2021-11-19,48.47,8847.6,20.56,14.1,0.407,4210.2,66.8,False
BGW-15,8,84,2021-11-20,47.69,9892.3,19.74,13.97,0.414,4166.8,56.8,True
BGW-15,8,85,2021-11-21,47.75,10136.1,19.19,13.49,0.413,4137.0,56.5,True
BGW-15,8,86,2021-11-22,48.68,9073.4,20.4,14.22,0.411,4131.8,64.9,True
BGW-15,8,87,2021-11-23,47.88,9871.6,19.19,14.09,0.423,4191.4,52.9,True
BGW-15,8,88,2021-11-24,48.06,9842.9,19.28,13.52,0.412,4174.7,56.2,True
BGW-15,8,89,2021-11-25,48.23,10097.3,17.95,12.38,0.408,4114.1,55.8,True
BGW-15,9,0,2021-12-29,144.85,165.8,184.34,33.11,0.152,4861.5,99.9,False
BGW-15,9,1,2021-12-30,140.73,176.7,162.65,33.18,0.169,4807.1,100.0,False
BGW-15,9,2,2021-12-31,136.51,204.7,171.5,34.65,0.168,4850.8,100.0,False
BGW-15,9,3,2022-01-01,132.2,247.0,141.78,28.16,0.166,4851.5,94.5,False
BGW-15,9,4,2022-01-02,128.58,280.3,144.85,30.7,0.175,4862.6,100.0,False
BGW-15,9,5,2022-01-03,125.28,320.7,115.82,21.33,0.156,4801.8,100.0,False
BGW-15,9,6,2022-01-04,122.19,358.1,115.65,22.82,0.165,4847.6,100.0,False
BGW-15,9,7,2022-01-05,118.49,401.9,108.81,23.41,0.177,4816.0,100.0,False
BGW-15,9,8,2022-01-06,115.88,449.6,96.05,22.57,0.19,4769.7,100.0,False
BGW-15,9,9,2022-01-07,112.77,535.2,92.86,21.44,0.188,4810.9,100.0,False
BGW-15,9,10,2022-01-08,110.53,567.7,90.9,20.11,0.181,4777.8,99.9,False
BGW-15,9,11,2022-01-09,106.85,615.2,85.45,20.56,0.194,4791.7,100.0,False
BGW-15,9,12,2022-01-10,105.23,726.7,75.64,18.43,0.196,4786.5,96.4,False
BGW-15,9,13,2022-01-11,101.7,762.7,78.82,18.17,0.187,4749.7,96.8,False
BGW-15,9,14,2022-01-12,99.46,869.6,75.78,18.11,0.193,4745.0,100.0,False
BGW-15,9,15,2022-01-13,97.45,997.3,65.94,17.38,0.209,4753.5,97.8,False
BGW-15,9,16,2022-01-14,95.05,1027.8,65.54,17.26,0.208,4741.0,98.3,False
BGW-15,9,17,2022-01-15,93.59,1038.1,56.18,13.81,0.197,4740.3,100.0,False
BGW-15,9,18,2022-01-16,90.96,1220.8,57.69,13.64,0.191,4752.1,99.0,False
BGW-15,9,19,2022-01-17,89.26,1231.9,62.96,15.73,0.2,4746.6,100.0,False
BGW-15,9,20,2022-01-18,87.65,1389.7,49.6,14.37,0.225,4742.6,96.5,False
BGW-15,9,21,2022-01-19,86.11,1427.8,49.86,13.41,0.212,4687.4,100.0,False
BGW-15,9,22,2022-01-20,84.14,1602.1,52.02,14.04,0.213,4666.2,97.8,False
BGW-15,9,23,2022-01-21,82.2,1859.0,45.73,12.33,0.212,4681.0,95.0,False
BGW-15,9,24,2022-01-22,80.75,1825.8,44.57,13.02,0.226,4671.8,96.5,False
BGW-15,9,25,2022-01-23,79.8,1940.6,42.37,13.26,0.238,4667.6,99.7,False
BGW-15,9,26,2022-01-24,78.3,2117.0,42.82,11.74,0.215,4720.6,97.5,False
BGW-15,9,27,2022-01-25,76.49,2313.8,44.43,14.09,0.241,4632.5,100.0,False
BGW-15,9,28,2022-01-26,75.34,2403.8,40.34,13.42,0.25,4631.3,100.0,False
BGW-15,9,29,2022-01-27,74.28,2611.1,38.61,12.02,0.237,4672.6,96.6,False
BGW-15,9,30,2022-01-28,73.06,2734.2,35.66,11.01,0.236,4594.2,100.0,False
BGW-15,9,31,2022-01-29,71.67,3070.8,36.32,12.11,0.25,4630.7,96.8,False
BGW-15,9,32,2022-01-30,70.92,2942.4,34.94,10.71,0.235,4624.9,93.8,False
BGW-15,9,33,2022-01-31,69.97,3166.2,35.07,12.13,0.257,4643.2,100.0,False
BGW-15,9,34,2022-02-01,68.95,3311.2,33.2,10.46,0.24,4617.3,100.0,False
BGW-15,9,35,2022-02-02,67.5,3755.4,30.27,10.45,0.257,4586.4,99.6,False
BGW-15,9,36,2022-02-03,67.82,3439.7,31.22,11.03,0.261,4592.2,97.5,False
BGW-15,9,37,2022-02-04,65.99,3875.4,28.45,9.89,0.258,4559.4,97.0,False
BGW-15,9,38,2022-02-05,64.88,3638.0,29.98,10.08,0.252,4556.4,100.0,False
BGW-15,9,39,2022-02-06,64.84,4069.4,27.39,9.91,0.266,4579.3,100.0,False
BGW-15,9,40,2022-02-07,64.14,4054.0,29.52,10.74,0.267,4580.3,100.0,False
BGW-15,9,41,2022-02-08,62.74,4509.6,25.79,10.24,0.284,4552.5,96.6,False
BGW-15,9,42,2022-02-09,62.69,4484.5,28.27,11.09,0.282,4501.6,100.0,False
BGW-15,9,43,2022-02-10,61.69,4353.7,26.78,9.9,0.27,4479.9,95.8,False
BGW-15,9,44,2022-02-11,61.03,4909.0,26.31,11.0,0.295,4484.6,100.0,False
BGW-15,9,45,2022-02-12,60.35,5069.4,25.43,10.98,0.302,4533.3,99.1,False
BGW-15,9,46,2022-02-13,59.95,5206.9,25.18,10.32,0.291,4510.5,97.1,False
BGW-15,9,47,2022-02-14,59.64,5238.6,21.3,8.79,0.292,4464.7,100.0,False
BGW-15,9,48,2022-02-15,59.23,5195.2,23.96,10.22,0.299,4513.3,97.2,False
BGW-15,9,49,2022-02-16,58.79,5212.4,23.91,11.19,0.319,4429.4,100.0,False
BGW-15,9,50,2022-02-17,58.27,4876.8,25.37,10.58,0.294,4477.1,100.0,False
BGW-15,9,51,2022-02-18,57.5,5956.5,21.99,9.42,0.3,4461.7,100.0,False
BGW-15,9,52,2022-02-19,56.84,5975.7,22.06,9.7,0.305,4427.3,100.0,False
BGW-15,9,53,2022-02-20,57.05,6009.3,20.21,9.27,0.315,4444.5,97.2,False
BGW-15,9,54,2022-02-21,56.14,6414.0,22.15,10.29,0.317,4415.4,100.0,False
BGW-15,9,55,2022-02-22,56.21,6577.3,21.43,10.2,0.322,4419.6,100.0,False
BGW-15,9,56,2022-02-23,55.27,6412.9,21.45,9.92,0.316,4389.8,97.8,False
BGW-15,9,57,2022-02-24,54.77,6533.6,20.21,9.73,0.325,4427.5,97.7,False
BGW-15,9,58,2022-02-25,55.32,6848.6,19.27,9.23,0.324,4410.5,92.5,False
BGW-15,9,59,2022-02-26,54.48,6854.9,19.15,9.15,0.323,4408.4,99.1,False
BGW-15,9,60,2022-02-27,53.83,6690.6,20.17,10.01,0.332,4379.2,94.7,False
BGW-15,9,61,2022-02-28,53.65,6946.3,19.4,9.93,0.339,4417.9,95.3,False
BGW-15,9,62,2022-03-01,53.57,7375.4,18.0,9.29,0.34,4393.9,88.0,False
BGW-15,9,63,2022-03-02,53.31,7709.7,17.92,9.02,0.335,4360.1,85.6,False
BGW-15,9,64,2022-03-03,52.69,7593.2,18.31,9.83,0.349,4347.1,81.1,False
BGW-15,9,65,2022-03-04,52.77,7499.5,19.42,10.25,0.345,4345.7,88.8,False
BGW-15,9,66,2022-03-05,52.7,7029.2,16.79,9.59,0.363,4288.5,92.2,False
BGW-15,9,67,2022-03-06,52.21,7517.5,18.86,10.55,0.359,4359.4,86.0,False
BGW-15,9,68,2022-03-07,51.67,7187.9,18.88,10.36,0.354,4341.7,86.0,False
BGW-15,9,69,2022-03-08,51.32,8011.9,18.54,10.54,0.362,4301.0,81.1,False
BGW-15,9,70,2022-03-09,51.68,8057.2,17.14,9.29,0.352,4362.7,82.2,False
BGW-15,9,71,2022-03-10,51.88,7029.9,19.78,11.11,0.36,4267.9,99.3,False
BGW-15,9,72,2022-03-11,50.91,8207.9,17.02,9.8,0.365,4328.0,80.6,False
BGW-15,9,73,2022-03-12,50.79,8838.9,15.77,9.1,0.366,4293.8,76.7,False
BGW-15,9,74,2022-03-13,50.71,8402.4,17.63,10.73,0.378,4248.7,79.0,False
BGW-15,9,75,2022-03-14,50.55,8092.4,16.49,10.03,0.378,4275.2,76.2,False
BGW-15,9,76,2022-03-15,50.78,7886.7,16.74,10.07,0.376,4253.4,81.5,False
BGW-15,9,77,2022-03-16,50.72,8643.3,15.91,10.2,0.391,4286.5,75.9,False
BGW-15,9,78,2022-03-17,50.37,8450.9,15.5,9.61,0.383,4276.3,70.0,False
BGW-15,9,79,2022-03-18,50.09,8566.1,15.95,9.6,0.376,4249.1,75.0,False
BGW-15,9,80,2022-03-19,50.32,7915.3,18.04,11.61,0.392,4146.8,84.1,False
BGW-15,9,81,2022-03-20,50.04,8593.8,16.08,10.5,0.395,4175.4,70.7,False
BGW-15,9,82,2022-03-21,49.42,8922.3,17.02,11.82,0.41,4195.0,68.7,False
BGW-15,9,83,2022-03-22,50.3,8731.7,16.48,10.47,0.389,4164.4,71.4,False
BGW-15,9,84,2022-03-23,50.2,8261.5,15.79,10.46,0.398,4213.5,75.9,False
BGW-15,9,85,2022-03-24,49.48,8901.1,16.3,10.54,0.393,4189.3,70.5,False
BGW-15,9,86,2022-03-25,49.16,9084.5,15.61,9.75,0.385,4213.4,69.9,False
BGW-15,9,87,2022-03-26,48.89,8899.7,16.66,12.09,0.421,4182.1,69.5,False
BGW-15,9,88,2022-03-27,49.3,8595.6,15.28,11.38,0.427,4169.4,74.4,False
BGW-15,9,89,2022-03-28,48.91,9532.7,14.3,10.99,0.435,4126.6,57.5,True
BGW-16,1,0,2019-01-15,130.54,178.9,244.34,61.96,0.202,4813.3,99.2,False
BGW-16,1,1,2019-01-16,127.33,195.5,235.31,61.83,0.208,4766.2,100.0,False
BGW-16,1,2,2019-01-17,122.77,247.4,182.03,51.59,0.221,4776.8,95.7,False
BGW-16,1,3,2019-01-18,119.92,283.7,175.19,42.25,0.194,4745.3,95.5,False
BGW-16,1,4,2019-01-19,115.88,328.5,160.91,40.78,0.202,4712.3,95.7,False
BGW-16,1,5,2019-01-20,113.01,360.9,159.11,44.18,0.217,4771.5,99.4,False
BGW-16,1,6,2019-01-21,109.46,443.8,147.32,41.34,0.219,4745.3,97.6,False
BGW-16,1,7,2019-01-22,107.06,453.6,145.83,46.43,0.241,4775.2,99.8,False
BGW-16,1,8,2019-01-23,104.24,549.0,125.04,36.03,0.224,4756.4,97.1,False
BGW-16,1,9,2019-01-24,101.17,668.3,120.92,36.95,0.234,4740.1,96.0,False
BGW-16,1,10,2019-01-25,98.75,679.4,112.44,31.84,0.221,4707.1,100.0,False
BGW-16,1,11,2019-01-26,95.98,805.9,119.36,34.03,0.222,4753.9,99.7,False
BGW-16,1,12,2019-01-27,93.8,889.1,104.07,33.9,0.246,4642.5,100.0,False
BGW-16,1,13,2019-01-28,91.87,937.9,98.63,31.58,0.243,4655.6,99.1,False
BGW-16,1,14,2019-01-29,89.38,1172.6,83.46,28.93,0.257,4683.0,96.9,False
BGW-16,1,15,2019-01-30,88.26,1173.6,82.35,26.69,0.245,4703.1,99.9,False
BGW-16,1,16,2019-01-31,85.76,1275.6,92.34,33.62,0.267,4645.4,100.0,False
BGW-16,1,17,2019-02-01,83.12,1389.5,75.05,25.49,0.253,4715.5,100.0,False
BGW-16,1,18,2019-02-02,82.55,1462.3,79.68,28.16,0.261,4622.0,95.3,False
BGW-16,1,19,2019-02-03,80.37,1827.0,72.68,23.83,0.247,4653.7,98.7,False
BGW-16,1,20,2019-02-04,78.84,1787.6,73.9,28.33,0.277,4623.3,100.0,False
BGW-16,1,21,2019-02-05,77.35,1932.1,72.14,25.64,0.262,4638.8,94.2,False
BGW-16,1,22,2019-02-06,76.12,2050.6,72.66,26.02,0.264,4576.1,100.0,False
BGW-16,1,23,2019-02-07,74.68,2175.2,63.88,24.81,0.28,4587.4,98.3,False
BGW-16,1,24,2019-02-08,73.22,2818.0,57.89,22.13,0.277,4548.8,100.0,False
BGW-16,1,25,2019-02-09,72.32,2615.9,53.54,23.18,0.302,4558.8,100.0,False
BGW-16,1,26,2019-02-10,70.95,2636.3,53.39,20.6,0.278,4537.1,99.3,False
BGW-16,1,27,2019-02-11,69.49,2835.9,54.75,22.43,0.291,4575.4,100.0,False
BGW-16,1,28,2019-02-12,68.1,3181.9,50.01,18.49,0.27,4528.4,100.0,False
BGW-16,1,29,2019-02-13,67.65,3201.1,49.82,21.59,0.302,4544.4,98.2,False
BGW-16,1,30,2019-02-14,66.43,3514.2,49.55,19.86,0.286,4551.2,97.2,False
BGW-16,1,31,2019-02-15,65.52,3929.0,46.17,19.74,0.299,4535.7,99.7,False
BGW-16,1,32,2019-02-16,65.1,3841.4,48.82,21.38,0.305,4549.6,95.2,False
BGW-16,1,33,2019-02-17,63.91,3927.0,55.52,22.39,0.287,4523.3,99.7,False
BGW-16,1,34,2019-02-18,63.16,4014.2,46.47,19.34,0.294,4525.2,100.0,False
BGW-16,1,35,2019-02-19,62.34,4362.6,47.76,21.85,0.314,4525.2,100.0,False
BGW-16,1,36,2019-02-20,61.69,4638.0,41.47,20.72,0.333,4589.3,100.0,False
BGW-16,1,37,2019-02-21,61.65,4457.0,43.65,20.33,0.318,4500.4,100.0,False
BGW-16,1,38,2019-02-22,60.68,4476.2,41.47,19.09,0.315,4436.5,98.0,False
BGW-16,1,39,2019-02-23,59.96,4788.3,39.96,19.47,0.328,4463.6,100.0,False
BGW-16,1,40,2019-02-24,58.78,5181.6,42.05,21.17,0.335,4479.9,100.0,False
BGW-16,1,41,2019-02-25,58.12,5663.2,39.66,19.34,0.328,4433.6,100.0,False
BGW-16,1,42,2019-02-26,58.32,5204.7,39.15,19.6,0.334,4488.2,100.0,False
BGW-16,1,43,2019-02-27,57.79,5597.2,42.47,22.17,0.343,4439.9,98.9,False
BGW-16,1,44,2019-02-28,57.18,5759.4,34.84,17.63,0.336,4451.3,93.2,False
BGW-16,1,45,2019-03-01,56.67,5979.6,38.51,20.43,0.347,4433.9,96.9,False
BGW-16,1,46,2019-03-02,55.87,6248.9,37.59,20.01,0.347,4431.3,97.8,False
BGW-16,1,47,2019-03-03,55.37,6392.4,37.75,22.13,0.37,4424.9,100.0,False
BGW-16,1,48,2019-03-04,55.25,6839.3,33.99,16.96,0.333,4373.0,100.0,False
BGW-16,1,49,2019-03-05,55.16,6801.3,36.97,20.68,0.359,4433.2,98.2,False
BGW-16,1,50,2019-03-06,54.32,6666.0,30.8,16.72,0.352,4435.8,94.9,False
BGW-16,1,51,2019-03-07,53.61,7121.3,32.14,17.91,0.358,4418.7,97.4,False
BGW-16,1,52,2019-03-08,53.79,7147.5,31.41,18.02,0.365,4457.5,100.0,False
BGW-16,1,53,2019-03-09,53.14,7393.1,28.93,16.91,0.369,4377.0,95.9,False
BGW-16,1,54,2019-03-10,53.48,7163.5,30.59,18.61,0.378,4326.8,100.0,False
BGW-16,1,55,2019-03-11,52.86,7301.1,33.35,19.53,0.369,4324.8,100.0,False
BGW-16,1,56,2019-03-12,52.61,7664.5,31.24,17.99,0.365,4365.1,93.2,False
BGW-16,1,57,2019-03-13,52.3,7558.4,30.08,17.1,0.362,4367.9,94.4,False
BGW-16,1,58,2019-03-14,52.2,7445.4,35.02,20.2,0.366,4328.9,100.0,False
BGW-16,1,59,2019-03-15,51.41,8354.7,29.05,17.33,0.374,4339.5,98.3,False
BGW-16,1,60,2019-03-16,51.78,7991.3,30.21,18.74,0.383,4283.7,100.0,False
BGW-16,1,61,2019-03-17,50.63,9114.5,27.99,18.03,0.392,4298.1,83.6,False
BGW-16,1,62,2019-03-18,51.59,8269.5,32.35,21.39,0.398,4310.1,93.4,False
BGW-16,1,63,2019-03-19,51.44,8295.8,29.73,20.34,0.406,4309.9,88.0,False
BGW-16,1,64,2019-03-20,51.15,8113.6,30.44,19.88,0.395,4304.6,92.1,False
BGW-16,1,65,2019-03-21,50.57,8640.7,28.95,18.4,0.389,4245.5,93.4,False
BGW-16,1,66,2019-03-22,50.85,8916.0,29.75,20.31,0.406,4243.3,86.7,False
BGW-16,1,67,2019-03-23,50.0,8905.1,26.5,18.21,0.407,4238.2,85.7,False
BGW-16,1,68,2019-03-24,49.97,8711.2,27.06,19.04,0.413,4212.8,87.7,False
BGW-16,1,69,2019-03-25,49.88,8630.9,29.4,19.85,0.403,4254.5,91.4,False
BGW-16,1,70,2019-03-26,49.41,8983.0,26.1,18.97,0.421,4288.6,92.7,False
BGW-16,1,71,2019-03-27,50.04,8513.4,26.21,19.77,0.43,4248.8,97.1,False
BGW-16,1,72,2019-03-28,49.77,8937.7,29.12,20.39,0.412,4241.0,82.9,False
BGW-16,1,73,2019-03-29,49.23,8918.3,27.82,18.85,0.404,4195.6,89.3,False
BGW-16,1,74,2019-03-30,49.77,9259.8,27.55,19.48,0.414,4190.1,78.9,False
BGW-16,1,75,2019-03-31,49.36,9345.7,27.43,20.99,0.434,4206.9,79.9,False
BGW-16,1,76,2019-04-01,49.13,9947.2,24.0,17.7,0.424,4227.4,77.4,False
BGW-16,1,77,2019-04-02,48.91,9807.9,25.21,19.31,0.434,4180.3,81.2,False
BGW-16,1,78,2019-04-03,48.75,9483.1,25.01,18.88,0.43,4170.8,80.8,False
BGW-16,1,79,2019-04-04,48.87,9229.5,25.03,19.38,0.436,4143.7,82.1,False
BGW-16,1,80,2019-04-05,48.97,10079.0,24.18,18.7,0.436,4155.6,74.4,False
BGW-16,1,81,2019-04-06,48.83,9477.1,24.4,21.69,0.471,4172.1,77.7,False
BGW-16,1,82,2019-04-07,48.99,9438.7,25.56,19.47,0.432,4171.9,82.1,False
BGW-16,1,83,2019-04-08,48.5,9836.2,26.71,22.78,0.46,4104.8,79.6,False
BGW-16,1,84,2019-04-09,47.66,10494.5,23.77,20.47,0.463,4122.5,70.3,False
BGW-16,1,85,2019-04-10,48.33,9490.7,22.46,18.32,0.449,4111.8,78.1,False
BGW-16,1,86,2019-04-11,47.77,10075.7,26.37,22.5,0.46,4105.6,74.8,False
BGW-16,1,87,2019-04-12,48.26,9757.7,23.96,20.3,0.459,4132.3,73.9,False
BGW-16,1,88,2019-04-13,47.87,10878.6,22.17,18.4,0.454,4044.8,71.3,False
BGW-16,1,89,2019-04-14,47.4,9912.2,23.65,19.88,0.457,4020.2,74.9,False
BGW-16,2,0,2019-05-10,144.22,114.5,266.2,65.76,0.198,4801.1,98.3,False
BGW-16,2,1,2019-05-11,139.7,128.6,245.42,66.79,0.214,4775.4,100.0,False
BGW-16,2,2,2019-05-12,135.09,149.1,230.48,57.56,0.2,4802.6,100.0,False
BGW-16,2,3,2019-05-13,131.42,172.9,234.06,63.94,0.215,4805.8,99.6,False
BGW-16,2,4,2019-05-14,126.62,213.4,187.96,52.79,0.219,4743.9,98.7,False
BGW-16,2,5,2019-05-15,123.03,243.1,176.5,53.01,0.231,4775.1,93.5,False
BGW-16,2,6,2019-05-16,119.4,282.8,153.34,43.65,0.222,4737.3,98.8,False
BGW-16,2,7,2019-05-17,116.29,332.3,159.62,44.55,0.218,4755.1,100.0,False
BGW-16,2,8,2019-05-18,112.87,399.9,131.07,38.85,0.229,4692.2,100.0,False
BGW-16,2,9,2019-05-19,110.11,418.8,133.21,43.44,0.246,4721.3,100.0,False
BGW-16,2,10,2019-05-20,106.78,466.6,120.22,36.23,0.232,4753.5,100.0,False
BGW-16,2,11,2019-05-21,104.21,531.2,114.14,38.07,0.25,4697.3,94.8,False
BGW-16,2,12,2019-05-22,100.85,696.9,104.73,32.02,0.234,4671.5,99.9,False
BGW-16,2,13,2019-05-23,99.27,619.3,105.61,33.61,0.241,4680.6,96.9,False
BGW-16,2,14,2019-05-24,95.74,849.8,90.19,30.75,0.254,4720.5,98.5,False
BGW-16,2,15,2019-05-25,93.91,907.3,88.88,29.27,0.248,4797.8,100.0,False
BGW-16,2,16,2019-05-26,91.34,976.3,77.46,26.55,0.255,4722.5,100.0,False
BGW-16,2,17,2019-05-27,89.49,1113.3,69.63,23.91,0.256,4674.0,97.4,False
BGW-16,2,18,2019-05-28,87.89,1129.7,77.8,26.43,0.254,4660.6,100.0,False
BGW-16,2,19,2019-05-29,85.33,1259.8,74.66,25.33,0.253,4587.0,100.0,False
BGW-16,2,20,2019-05-30,84.08,1394.6,67.41,24.25,0.265,4665.9,95.7,False
BGW-16,2,21,2019-05-31,81.93,1500.6,72.33,25.76,0.263,4648.7,97.4,False
BGW-16,2,22,2019-06-01,80.48,1737.6,60.69,23.44,0.279,4593.6,100.0,False
BGW-16,2,23,2019-06-02,78.68,1714.5,61.15,23.01,0.273,4607.4,100.0,False
BGW-16,2,24,2019-06-03,77.29,1978.5,55.33,21.39,0.279,4616.5,100.0,False
BGW-16,2,25,2019-06-04,75.81,2165.7,55.02,20.85,0.275,4587.1,99.8,False
BGW-16,2,26,2019-06-05,74.14,2266.0,53.79,21.93,0.29,4553.9,100.0,False
BGW-16,2,27,2019-06-06,73.5,2573.1,50.13,19.89,0.284,4575.9,97.4,False
BGW-16,2,28,2019-06-07,71.82,2590.4,51.19,21.52,0.296,4571.0,99.0,False
BGW-16,2,29,2019-06-08,70.78,2711.4,43.59,18.54,0.298,4542.2,100.0,False
BGW-16,2,30,2019-06-09,69.46,3070.4,42.45,16.45,0.279,4593.1,98.7,False
BGW-16,2,31,2019-06-10,68.42,3050.5,42.54,16.92,0.285,4536.5,96.0,False
BGW-16,2,32,2019-06-11,67.14,3303.8,42.31,18.38,0.303,4500.5,99.6,False
BGW-16,2,33,2019-06-12,66.46,3531.6,41.52,17.74,0.299,4530.9,97.9,False
BGW-16,2,34,2019-06-13,65.55,3515.3,40.55,17.82,0.305,4501.5,96.7,False
BGW-16,2,35,2019-06-14,64.71,3607.1,37.75,17.31,0.314,4488.5,98.5,False
BGW-16,2,36,2019-06-15,64.25,3988.2,38.57,16.79,0.303,4504.2,99.1,False
BGW-16,2,37,2019-06-16,63.19,4570.6,35.1,16.89,0.325,4548.0,100.0,False
BGW-16,2,38,2019-06-17,62.41,4563.1,34.88,16.17,0.317,4515.0,100.0,False
BGW-16,2,39,2019-06-18,61.79,4483.4,33.76,15.03,0.308,4487.6,100.0,False
BGW-16,2,40,2019-06-19,61.19,4403.2,34.72,16.42,0.321,4509.9,99.8,False
BGW-16,2,41,2019-06-20,60.66,5008.0,32.67,15.68,0.324,4515.9,100.0,False
BGW-16,2,42,2019-06-21,60.13,5054.6,32.19,16.29,0.336,4444.6,100.0,False
BGW-16,2,43,2019-06-22,58.99,5974.0,29.21,15.09,0.341,4444.8,98.5,False
BGW-16,2,44,2019-06-23,58.2,5333.7,31.9,16.44,0.34,4441.4,100.0,False
BGW-16,2,45,2019-06-24,57.98,5594.8,28.67,15.04,0.344,4389.5,99.5,False
BGW-16,2,46,2019-06-25,57.74,5551.2,30.46,16.03,0.345,4394.5,100.0,False
BGW-16,2,47,2019-06-26,57.34,5648.4,26.11,14.22,0.353,4380.8,100.0,False
BGW-16,2,48,2019-06-27,56.44,6393.8,29.91,16.34,0.353,4430.1,100.0,False
BGW-16,2,49,2019-06-28,55.96,6031.2,27.95,15.81,0.361,4406.8,100.0,False
BGW-16,2,50,2019-06-29,55.47,6946.7,26.73,15.0,0.359,4391.0,96.4,False
BGW-16,2,51,2019-06-30,55.49,6128.9,27.67,15.58,0.36,4414.0,100.0,False
BGW-16,2,52,2019-07-01,55.28,6774.1,27.65,14.86,0.35,4427.1,97.0,False
BGW-16,2,53,2019-07-02,54.27,6804.6,23.35,13.87,0.373,4344.1,96.6,False
BGW-16,2,54,2019-07-03,54.38,6323.9,28.68,15.91,0.357,4337.4,99.6,False
BGW-16,2,55,2019-07-04,53.32,7135.0,24.33,13.44,0.356,4323.6,100.0,False
BGW-16,2,56,2019-07-05,52.83,6970.2,25.98,14.22,0.354,4403.8,99.5,False
BGW-16,2,57,2019-07-06,53.15,7526.7,23.85,14.25,0.374,4346.0,99.4,False
BGW-16,2,58,2019-07-07,53.3,7238.4,23.75,14.33,0.376,4318.6,100.0,False
BGW-16,2,59,2019-07-08,52.6,7830.8,26.49,16.89,0.389,4255.1,97.4,False
BGW-16,2,60,2019-07-09,52.31,7592.4,23.35,13.9,0.373,4297.0,98.5,False
BGW-16,2,61,2019-07-10,51.97,7753.6,22.74,14.63,0.391,4304.9,100.0,False
BGW-16,2,62,2019-07-11,51.76,7786.2,25.13,17.42,0.409,4243.9,100.0,False
BGW-16,2,63,2019-07-12,51.34,8508.6,21.6,13.53,0.385,4278.0,88.5,False
BGW-16,2,64,2019-07-13,51.08,7637.0,24.66,16.39,0.399,4306.9,96.0,False
BGW-16,2,65,2019-07-14,51.16,8761.4,22.72,14.55,0.39,4294.2,91.7,False
BGW-16,2,66,2019-07-15,51.24,8662.5,24.26,16.9,0.411,4270.2,88.5,False
BGW-16,2,67,2019-07-16,50.42,9176.8,20.35,15.13,0.426,4255.6,84.1,False
BGW-16,2,68,2019-07-17,50.42,8498.1,21.2,14.7,0.409,4236.1,92.8,False
BGW-16,2,69,2019-07-18,50.48,8526.1,21.61,16.16,0.428,4231.8,90.7,False
BGW-16,2,70,2019-07-19,49.88,8913.3,21.52,14.82,0.408,4243.8,84.6,False
BGW-16,2,71,2019-07-20,50.21,9075.7,19.59,14.77,0.43,4194.7,84.7,False
BGW-16,2,72,2019-07-21,50.23,9330.2,20.18,14.07,0.411,4177.0,84.5,False
BGW-16,2,73,2019-07-22,50.54,8326.4,21.72,15.76,0.421,4180.9,92.0,False
BGW-16,2,74,2019-07-23,49.98,9108.5,19.77,14.29,0.42,4227.4,83.3,False
BGW-16,2,75,2019-07-24,49.79,9272.4,20.48,15.72,0.434,4201.3,78.9,False
BGW-16,2,76,2019-07-25,49.72,9206.2,20.22,14.93,0.425,4169.3,82.9,False
BGW-16,2,77,2019-07-26,49.35,9148.5,18.36,14.55,0.442,4187.7,86.9,False
BGW-16,2,78,2019-07-27,48.89,9403.8,20.31,15.79,0.437,4208.0,80.3,False
BGW-16,2,79,2019-07-28,48.81,8551.9,20.53,16.23,0.441,4173.1,92.3,False
BGW-16,2,80,2019-07-29,48.8,10048.2,17.81,14.16,0.443,4183.3,73.1,False
BGW-16,2,81,2019-07-30,48.63,9770.0,19.27,15.64,0.448,4156.1,76.0,False
BGW-16,2,82,2019-07-31,48.79,9783.7,20.64,16.91,0.45,4195.9,75.0,False
BGW-16,2,83,2019-08-01,48.99,9787.1,18.81,15.99,0.46,4175.5,71.8,False
BGW-16,2,84,2019-08-02,48.88,9529.0,19.94,17.08,0.461,4126.5,77.9,False
BGW-16,2,85,2019-08-03,48.64,9682.9,18.67,16.37,0.467,4169.5,79.7,False
BGW-16,2,86,2019-08-04,48.26,10129.5,17.62,15.49,0.468,4113.8,70.7,False
BGW-16,2,87,2019-08-05,48.74,9698.5,17.78,15.99,0.474,4094.6,80.1,False
BGW-16,2,88,2019-08-06,48.03,9477.5,21.0,17.99,0.461,4098.6,78.6,False
BGW-16,2,89,2019-08-07,47.95,10362.0,19.28,16.4,0.46,4094.1,70.5,False
BGW-16,3,0,2019-09-04,144.73,111.1,250.42,62.91,0.201,4835.4,100.0,False
BGW-16,3,1,2019-09-05,137.65,142.7,252.35,60.4,0.193,4745.1,97.9,False
BGW-16,3,2,2019-09-06,131.27,180.5,220.05,63.72,0.225,4810.2,100.0,False
BGW-16,3,3,2019-09-07,125.35,232.0,185.66,52.93,0.222,4755.8,100.0,False
BGW-16,3,4,2019-09-08,119.89,294.0,174.96,45.84,0.208,4718.2,97.9,False
BGW-16,3,5,2019-09-09,114.58,356.2,175.52,46.67,0.21,4752.7,100.0,False
BGW-16,3,6,2019-09-10,109.92,398.8,144.62,45.48,0.239,4752.6,100.0,False
BGW-16,3,7,2019-09-11,105.68,525.0,131.78,37.18,0.22,4741.2,98.2,False
BGW-16,3,8,2019-09-12,101.12,607.8,128.96,37.14,0.224,4716.7,94.7,False
BGW-16,3,9,2019-09-13,97.84,727.8,106.38,33.67,0.24,4730.3,99.3,False
BGW-16,3,10,2019-09-14,94.47,842.7,98.21,32.85,0.251,4702.2,93.4,False
BGW-16,3,11,2019-09-15,91.26,957.7,98.42,30.06,0.234,4678.3,99.5,False
BGW-16,3,12,2019-09-16,87.63,1223.7,88.82,28.69,0.244,4737.7,97.3,False
BGW-16,3,13,2019-09-17,85.26,1311.0,90.73,31.44,0.257,4656.5,97.0,False
BGW-16,3,14,2019-09-18,82.44,1435.9,77.65,23.07,0.229,4619.1,100.0,False
BGW-16,3,15,2019-09-19,79.75,1509.3,83.3,28.24,0.253,4707.6,99.4,False
BGW-16,3,16,2019-09-20,77.82,1850.4,71.23,25.02,0.26,4656.1,100.0,False
BGW-16,3,17,2019-09-21,74.93,2301.7,67.81,23.03,0.254,4672.2,91.5,False
BGW-16,3,18,2019-09-22,73.45,2343.9,63.78,22.2,0.258,4636.8,100.0,False
BGW-16,3,19,2019-09-23,71.8,2496.2,62.22,22.66,0.267,4691.8,98.8,False
BGW-16,3,20,2019-09-24,70.0,2745.7,56.72,21.08,0.271,4659.8,98.2,False
BGW-16,3,21,2019-09-25,68.15,3207.7,56.22,20.65,0.269,4624.9,100.0,False
BGW-16,3,22,2019-09-26,67.03,3155.1,58.27,21.48,0.269,4544.6,99.2,False
BGW-16,3,23,2019-09-27,64.95,3819.6,53.37,20.37,0.276,4572.3,100.0,False
BGW-16,3,24,2019-09-28,63.85,3695.8,53.04,22.1,0.294,4577.5,99.7,False
BGW-16,3,25,2019-09-29,62.97,4200.3,45.55,17.77,0.281,4587.2,99.7,False
BGW-16,3,26,2019-09-30,62.45,4331.2,53.34,20.02,0.273,4560.1,95.5,False
BGW-16,3,27,2019-10-01,61.17,4533.6,44.19,17.83,0.288,4593.6,98.8,False
BGW-16,3,28,2019-10-02,59.65,4908.2,49.57,19.16,0.279,4582.2,97.5,False
BGW-16,3,29,2019-10-03,58.12,5724.4,46.56,19.84,0.299,4538.7,96.9,False
BGW-16,3,30,2019-10-04,58.14,5634.1,46.11,20.6,0.309,4536.5,99.4,False
BGW-16,3,31,2019-10-05,57.11,6045.9,43.34,18.29,0.297,4607.8,100.0,False
BGW-16,3,32,2019-10-06,56.82,5517.5,42.21,18.19,0.301,4574.3,99.2,False
BGW-16,3,33,2019-10-07,55.85,6094.0,38.95,17.4,0.309,4513.7,95.9,False
BGW-16,3,34,2019-10-08,55.58,6099.2,38.04,15.4,0.288,4504.8,97.3,False
BGW-16,3,35,2019-10-09,54.67,6546.9,37.94,17.69,0.318,4576.5,100.0,False
BGW-16,3,36,2019-10-10,54.0,6939.4,37.82,16.67,0.306,4446.9,99.9,False
BGW-16,3,37,2019-10-11,53.58,7498.3,39.76,19.46,0.329,4510.9,100.0,False
BGW-16,3,38,2019-10-12,53.33,7189.9,34.81,16.35,0.32,4513.7,99.7,False
BGW-16,3,39,2019-10-13,52.08,7862.5,37.19,17.98,0.326,4441.2,97.1,False
BGW-16,3,40,2019-10-14,52.37,8027.9,35.4,16.99,0.324,4480.3,100.0,False
BGW-16,3,41,2019-10-15,52.19,8166.0,33.3,15.47,0.317,4449.2,98.7,False
BGW-16,3,42,2019-10-16,51.07,8901.6,33.1,16.39,0.331,4481.7,87.6,False
BGW-16,3,43,2019-10-17,50.94,8473.7,33.6,17.13,0.338,4466.4,87.9,False
BGW-16,3,44,2019-10-18,50.9,8276.9,30.75,17.1,0.357,4448.0,94.9,False
BGW-16,3,45,2019-10-19,50.42,8221.9,34.51,16.59,0.325,4486.6,99.8,False
BGW-16,3,46,2019-10-20,50.24,8674.6,28.39,13.59,0.324,4462.2,92.6,False
BGW-16,3,47,2019-10-21,50.0,8745.5,29.52,14.72,0.333,4425.9,93.9,False
BGW-16,3,48,2019-10-22,49.46,9474.4,34.63,18.09,0.343,4426.1,79.6,False
BGW-16,3,49,2019-10-23,50.09,9214.9,30.44,16.1,0.346,4363.8,79.4,False
BGW-16,3,50,2019-10-24,49.7,8937.1,31.51,17.02,0.351,4393.2,87.9,False
BGW-16,3,51,2019-10-25,49.63,9484.6,30.2,16.55,0.354,4361.2,81.3,False
BGW-16,3,52,2019-10-26,49.56,9001.6,30.45,17.19,0.361,4384.8,87.9,False
BGW-16,3,53,2019-10-27,49.04,10151.0,29.2,16.4,0.36,4345.4,79.2,False
BGW-16,3,54,2019-10-28,49.47,8548.9,30.38,16.24,0.348,4374.3,88.1,False
BGW-16,3,55,2019-10-29,48.88,9366.3,32.25,19.72,0.379,4298.5,82.7,False
BGW-16,3,56,2019-10-30,48.95,9371.4,29.99,18.31,0.379,4383.1,81.5,False
BGW-16,3,57,2019-10-31,48.43,10076.6,29.66,18.43,0.383,4312.1,79.9,False
BGW-16,3,58,2019-11-01,48.1,9938.1,33.27,21.33,0.391,4318.3,74.6,False
BGW-16,3,59,2019-11-02,48.33,10034.0,29.24,18.45,0.387,4380.9,78.8,False
BGW-16,3,60,2019-11-03,48.2,9919.9,27.79,17.06,0.38,4331.9,77.6,False
BGW-16,3,61,2019-11-04,48.66,9451.5,29.23,17.74,0.378,4385.0,83.0,False
BGW-16,3,62,2019-11-05,48.02,11153.9,25.64,16.02,0.385,4302.1,61.3,True
BGW-16,3,63,2019-11-06,47.94,10478.3,23.78,14.72,0.382,4246.6,75.8,False
BGW-16,3,64,2019-11-07,47.81,10499.9,27.06,17.06,0.387,4305.9,71.2,False
BGW-16,3,65,2019-11-08,47.67,10503.2,28.18,19.49,0.409,4324.2,70.9,False
BGW-16,3,66,2019-11-09,47.8,9855.7,27.25,19.19,0.413,4197.6,74.5,False
BGW-16,3,67,2019-11-10,47.86,10030.1,30.47,20.89,0.407,4242.2,78.9,False
BGW-16,3,68,2019-11-11,47.85,10371.3,28.65,19.83,0.409,4280.1,69.7,False
BGW-16,3,69,2019-11-12,47.41,10161.6,26.78,18.37,0.407,4220.9,73.8,False
BGW-16,3,70,2019-11-13,47.91,10640.7,27.34,19.83,0.42,4236.4,62.7,True
BGW-16,3,71,2019-11-14,47.79,10821.8,25.66,19.29,0.429,4147.5,67.1,False
BGW-16,3,72,2019-11-15,47.46,10118.9,25.71,19.37,0.43,4201.4,75.1,False
BGW-16,3,73,2019-11-16,47.25,10788.4,25.49,19.16,0.429,4197.6,64.1,True
BGW-16,3,74,2019-11-17,47.08,10476.4,28.9,20.73,0.418,4176.3,68.7,False
BGW-16,3,75,2019-11-18,47.33,10518.3,27.38,20.16,0.424,4136.8,70.0,False
BGW-16,3,76,2019-11-19,47.1,11177.1,23.98,18.75,0.439,4179.8,59.3,True
BGW-16,3,77,2019-11-20,47.84,10532.9,23.15,20.23,0.466,4233.0,66.3,False
BGW-16,3,78,2019-11-21,47.17,10144.3,25.22,19.07,0.431,4170.8,72.3,False
BGW-16,3,79,2019-11-22,47.42,11104.6,25.04,19.75,0.441,4152.6,60.7,True
BGW-16,3,80,2019-11-23,47.1,10126.0,29.08,23.37,0.446,4189.6,74.9,False
BGW-16,3,81,2019-11-24,46.46,12173.6,22.68,17.63,0.437,4174.6,49.1,True
BGW-16,3,82,2019-11-25,47.86,10906.9,24.05,18.23,0.431,4117.9,63.9,True
BGW-16,3,83,2019-11-26,46.7,11224.0,24.26,20.43,0.457,4149.6,63.7,True
BGW-16,3,84,2019-11-27,47.16,11384.0,23.44,19.08,0.449,4137.3,59.0,True
BGW-16,3,85,2019-11-28,47.37,10383.5,24.43,21.77,0.471,4195.5,67.2,False
BGW-16,3,86,2019-11-29,47.06,10640.5,24.94,21.8,0.466,4115.3,66.3,False
BGW-16,3,87,2019-11-30,46.85,10606.0,22.53,19.63,0.466,4036.7,68.1,False
BGW-16,3,88,2019-12-01,46.92,10808.7,25.2,20.98,0.454,4056.2,65.4,False
BGW-16,3,89,2019-12-02,47.33,10273.5,25.18,22.02,0.467,4079.1,67.3,False
BGW-16,4,0,2019-12-30,146.35,100.8,289.25,66.23,0.186,4766.2,100.0,False
BGW-16,4,1,2019-12-31,139.4,125.5,260.98,70.42,0.212,4758.0,99.3,False
BGW-16,4,2,2020-01-01,133.37,174.6,242.95,65.78,0.213,4736.6,100.0,False
BGW-16,4,3,2020-01-02,127.82,185.3,225.43,60.79,0.212,4778.1,92.7,False
BGW-16,4,4,2020-01-03,121.99,251.9,182.74,50.03,0.215,4715.8,99.9,False
BGW-16,4,5,2020-01-04,117.13,308.1,182.48,53.5,0.227,4807.9,100.0,False
BGW-16,4,6,2020-01-05,112.54,376.9,135.02,38.87,0.224,4770.9,100.0,False
BGW-16,4,7,2020-01-06,107.79,466.0,135.33,39.78,0.227,4779.3,98.5,False
BGW-16,4,8,2020-01-07,103.89,557.2,122.72,35.21,0.223,4770.6,96.5,False
BGW-16,4,9,2020-01-08,99.89,664.1,109.0,30.35,0.218,4710.8,99.2,False
BGW-16,4,10,2020-01-09,96.57,832.6,96.1,30.83,0.243,4693.6,100.0,False
BGW-16,4,11,2020-01-10,93.05,946.5,99.49,30.2,0.233,4679.1,96.9,False
BGW-16,4,12,2020-01-11,89.72,1098.1,89.39,26.28,0.227,4671.7,100.0,False
BGW-16,4,13,2020-01-12,87.66,1172.4,90.48,29.23,0.244,4709.5,100.0,False
BGW-16,4,14,2020-01-13,84.51,1310.8,84.06,27.38,0.246,4617.0,95.1,False
BGW-16,4,15,2020-01-14,81.62,1457.4,78.39,24.81,0.24,4693.5,100.0,False
BGW-16,4,16,2020-01-15,79.73,1763.8,77.21,25.44,0.248,4611.9,92.2,False
BGW-16,4,17,2020-01-16,77.6,1946.9,72.54,28.57,0.283,4653.4,100.0,False
BGW-16,4,18,2020-01-17,75.51,2051.2,70.54,24.19,0.255,4600.2,100.0,False
BGW-16,4,19,2020-01-18,73.5,2329.5,60.6,22.0,0.266,4680.2,99.0,False
BGW-16,4,20,2020-01-19,71.57,2604.7,66.95,22.27,0.25,4539.6,97.6,False
BGW-16,4,21,2020-01-20,69.93,2967.5,58.09,21.22,0.268,4618.6,97.4,False
BGW-16,4,22,2020-01-21,68.4,3134.2,55.65,20.13,0.266,4613.4,100.0,False
BGW-16,4,23,2020-01-22,66.87,3416.7,49.54,18.69,0.274,4607.5,96.7,False
BGW-16,4,24,2020-01-23,65.87,3467.5,54.78,22.7,0.293,4596.0,98.0,False
BGW-16,4,25,2020-01-24,64.83,3544.5,51.2,19.43,0.275,4585.0,100.0,False
BGW-16,4,26,2020-01-25,63.43,3983.0,50.72,18.75,0.27,4586.6,100.0,False
BGW-16,4,27,2020-01-26,61.5,4599.1,46.67,17.42,0.272,4579.0,97.5,False
BGW-16,4,28,2020-01-27,61.03,4772.8,43.77,16.51,0.274,4558.2,100.0,False
BGW-16,4,29,2020-01-28,60.27,5279.2,43.99,18.46,0.296,4576.9,100.0,False
BGW-16,4,30,2020-01-29,59.5,5253.0,41.52,18.12,0.304,4483.4,100.0,False
BGW-16,4,31,2020-01-30,58.77,5189.4,42.25,16.38,0.279,4533.5,98.3,False
BGW-16,4,32,2020-01-31,57.9,5499.5,36.31,15.14,0.294,4555.4,98.9,False
BGW-16,4,33,2020-02-01,57.06,5730.9,40.05,18.88,0.32,4471.2,100.0,False
BGW-16,4,34,2020-02-02,57.08,6187.2,41.15,16.8,0.29,4538.1,98.8,False
BGW-16,4,35,2020-02-03,55.37,6655.8,39.76,17.43,0.305,4533.5,100.0,False
BGW-16,4,36,2020-02-04,54.57,6599.0,38.58,16.59,0.301,4522.8,100.0,False
BGW-16,4,37,2020-02-05,54.67,6635.8,36.7,18.15,0.331,4514.8,98.8,False
BGW-16,4,38,2020-02-06,54.67,6863.4,34.55,15.68,0.312,4452.2,93.7,False
BGW-16,4,39,2020-02-07,53.69,7478.2,33.26,16.36,0.33,4457.4,100.0,False
BGW-16,4,40,2020-02-08,52.97,7115.1,35.72,17.05,0.323,4470.7,100.0,False
BGW-16,4,41,2020-02-09,52.45,7988.7,29.55,14.08,0.323,4510.3,96.3,False
BGW-16,4,42,2020-02-10,52.87,7681.5,31.98,16.95,0.346,4415.0,97.9,False
BGW-16,4,43,2020-02-11,51.39,8283.8,29.12,15.43,0.346,4410.0,93.5,False
BGW-16,4,44,2020-02-12,51.98,8246.2,34.32,16.01,0.318,4487.4,89.9,False
BGW-16,4,45,2020-02-13,50.49,8293.2,31.39,15.1,0.325,4398.1,95.7,False
BGW-16,4,46,2020-02-14,51.42,8470.7,31.26,15.93,0.338,4420.6,90.0,False
BGW-16,4,47,2020-02-15,50.39,9454.0,29.8,15.04,0.335,4415.2,86.5,False
BGW-16,4,48,2020-02-16,50.93,8956.7,30.43,15.29,0.334,4516.3,85.8,False
BGW-16,4,49,2020-02-17,50.11,8819.0,29.08,15.03,0.341,4360.5,91.2,False
BGW-16,4,50,2020-02-18,49.8,9189.3,28.75,15.81,0.355,4357.5,84.7,False
BGW-16,4,51,2020-02-19,50.28,9229.2,27.54,15.55,0.361,4417.2,82.9,False
BGW-16,4,52,2020-02-20,49.9,9483.3,27.09,14.3,0.346,4456.9,75.9,False
BGW-16,4,53,2020-02-21,49.74,9575.0,26.18,15.28,0.368,4382.4,75.3,False
BGW-16,4,54,2020-02-22,49.3,9241.6,27.6,16.69,0.377,4401.3,82.7,False
BGW-16,4,55,2020-02-23,49.13,9596.2,28.55,16.96,0.373,4417.3,80.9,False
BGW-16,4,56,2020-02-24,49.33,8428.7,28.79,18.1,0.386,4344.9,91.1,False
BGW-16,4,57,2020-02-25,48.88,10226.8,25.41,14.61,0.365,4347.1,74.5,False
BGW-16,4,58,2020-02-26,48.89,9717.4,27.01,16.75,0.383,4321.3,79.4,False
BGW-16,4,59,2020-02-27,48.59,9558.0,26.26,16.49,0.386,4341.5,76.7,False
BGW-16,4,60,2020-02-28,48.42,9828.4,26.52,16.82,0.388,4366.9,82.0,False
BGW-16,4,61,2020-02-29,48.71,9726.9,27.81,16.05,0.366,4316.5,80.5,False
BGW-16,4,62,2020-03-01,47.84,9992.9,26.66,17.26,0.393,4346.9,78.5,False
BGW-16,4,63,2020-03-02,48.16,9578.6,27.72,18.87,0.405,4303.0,84.2,False
BGW-16,4,64,2020-03-03,48.72,9582.4,28.66,17.83,0.384,4245.5,73.5,False
BGW-16,4,65,2020-03-04,47.87,10204.5,24.5,16.29,0.399,4283.4,75.2,False
BGW-16,4,66,2020-03-05,47.93,10669.4,24.1,15.98,0.399,4284.5,66.2,False
BGW-16,4,67,2020-03-06,47.78,10430.6,26.23,17.42,0.399,4250.1,65.8,False
BGW-16,4,68,2020-03-07,47.6,10112.4,22.42,14.39,0.391,4220.8,76.7,False
BGW-16,4,69,2020-03-08,48.13,9763.6,26.23,18.05,0.408,4233.3,80.2,False
BGW-16,4,70,2020-03-09,47.79,10774.7,25.08,17.16,0.406,4229.7,61.1,True
BGW-16,4,71,2020-03-10,47.8,10312.1,23.74,17.02,0.418,4266.8,74.0,False
BGW-16,4,72,2020-03-11,47.56,11478.4,25.43,18.48,0.421,4258.6,59.4,True
BGW-16,4,73,2020-03-12,47.29,10241.3,23.1,16.7,0.42,4198.3,70.2,False
BGW-16,4,74,2020-03-13,47.53,9863.9,26.65,20.69,0.437,4245.4,75.7,False
BGW-16,4,75,2020-03-14,47.61,10833.2,22.3,16.46,0.425,4188.1,67.9,False
BGW-16,4,76,2020-03-15,47.41,10452.6,24.55,18.69,0.432,4155.3,75.1,False
BGW-16,4,77,2020-03-16,47.46,10767.8,22.27,16.85,0.431,4222.1,67.3,False
BGW-16,4,78,2020-03-17,47.44,10803.9,24.55,17.03,0.41,4156.0,66.6,False
BGW-16,4,79,2020-03-18,47.82,10530.1,24.75,19.87,0.445,4186.1,69.8,False
BGW-16,4,80,2020-03-19,47.33,11105.0,21.89,18.16,0.453,4173.5,61.8,True
BGW-16,4,81,2020-03-20,46.84,10990.2,22.91,18.42,0.446,4146.1,58.9,True
BGW-16,4,82,2020-03-21,47.33,9826.3,22.69,18.62,0.451,4135.6,78.8,False
BGW-16,4,83,2020-03-22,47.28,10594.6,22.6,18.51,0.45,4111.6,64.5,True
BGW-16,4,84,2020-03-23,47.23,11151.9,22.52,20.43,0.476,4123.2,68.2,False
BGW-16,4,85,2020-03-24,47.1,11715.0,22.96,19.75,0.462,4100.3,53.8,True
BGW-16,4,86,2020-03-25,46.91,11492.6,22.75,19.23,0.458,4075.4,57.1,True
BGW-16,4,87,2020-03-26,47.17,10728.4,20.27,16.89,0.454,4129.7,65.2,False
BGW-16,4,88,2020-03-27,47.01,10016.2,22.0,20.67,0.484,4058.0,74.3,False
BGW-16,4,89,2020-03-28,46.66,11007.2,22.44,20.26,0.475,4044.1,72.2,False
BGW-16,5,0,2020-04-17,141.99,114.7,290.81,80.17,0.216,4740.0,96.7,False
BGW-16,5,1,2020-04-18,136.17,160.2,260.32,61.84,0.192,4783.9,100.0,False
BGW-16,5,2,2020-04-19,129.34,185.2,206.94,56.3,0.214,4804.3,95.9,False
BGW-16,5,3,2020-04-20,124.48,241.7,184.35,50.81,0.216,4788.3,96.9,False
BGW-16,5,4,2020-04-21,119.06,287.3,174.93,43.1,0.198,4762.5,100.0,False
BGW-16,5,5,2020-04-22,114.64,362.9,151.03,41.47,0.215,4788.8,95.3,False
BGW-16,5,6,2020-04-23,109.85,428.7,143.14,38.37,0.211,4804.2,100.0,False
BGW-16,5,7,2020-04-24,105.92,500.9,137.18,42.1,0.235,4794.4,100.0,False
BGW-16,5,8,2020-04-25,101.96,671.9,119.2,30.35,0.203,4716.7,100.0,False
BGW-16,5,9,2020-04-26,97.97,773.6,107.21,30.55,0.222,4784.7,98.1,False
BGW-16,5,10,2020-04-27,94.35,860.4,114.33,36.06,0.24,4697.6,93.2,False
BGW-16,5,11,2020-04-28,91.09,925.7,97.66,25.79,0.209,4704.4,100.0,False
BGW-16,5,12,2020-04-29,88.1,1065.8,100.15,30.5,0.233,4692.4,100.0,False
BGW-16,5,13,2020-04-30,85.97,1300.9,85.72,26.14,0.234,4682.0,100.0,False
BGW-16,5,14,2020-05-01,82.69,1484.5,79.76,27.14,0.254,4751.7,94.4,False
BGW-16,5,15,2020-05-02,80.65,1653.2,77.43,23.49,0.233,4691.7,100.0,False
BGW-16,5,16,2020-05-03,78.17,1916.1,73.47,23.69,0.244,4662.4,100.0,False
BGW-16,5,17,2020-05-04,76.72,2129.4,68.35,22.3,0.246,4686.5,99.7,False
BGW-16,5,18,2020-05-05,74.02,2365.8,65.31,22.47,0.256,4696.2,97.5,False
BGW-16,5,19,2020-05-06,72.5,2488.4,59.25,21.81,0.269,4669.6,99.8,False
BGW-16,5,20,2020-05-07,70.37,2854.2,56.4,21.99,0.281,4602.4,100.0,False
BGW-16,5,21,2020-05-08,69.33,3131.8,54.2,18.85,0.258,4657.3,93.4,False
BGW-16,5,22,2020-05-09,67.04,3368.1,48.64,19.59,0.287,4625.3,100.0,False
BGW-16,5,23,2020-05-10,66.49,3458.4,49.87,17.1,0.255,4578.0,100.0,False
BGW-16,5,24,2020-05-11,65.65,3483.8,54.01,21.83,0.288,4586.8,96.0,False
BGW-16,5,25,2020-05-12,63.61,4684.6,44.64,16.24,0.267,4560.9,100.0,False
BGW-16,5,26,2020-05-13,62.54,4249.1,47.79,18.17,0.275,4616.7,97.9,False
BGW-16,5,27,2020-05-14,61.59,4567.7,40.73,16.66,0.29,4584.7,98.6,False
BGW-16,5,28,2020-05-15,59.97,5055.6,43.11,17.17,0.285,4603.4,97.3,False
BGW-16,5,29,2020-05-16,59.39,5360.4,43.57,17.1,0.282,4547.5,100.0,False
BGW-16,5,30,2020-05-17,58.95,5104.4,41.58,17.3,0.294,4563.8,99.9,False
BGW-16,5,31,2020-05-18,57.73,5561.8,41.53,17.13,0.292,4519.2,98.5,False
BGW-16,5,32,2020-05-19,57.09,5661.3,40.94,17.1,0.295,4530.3,96.7,False
BGW-16,5,33,2020-05-20,56.12,6030.7,40.86,16.79,0.291,4594.6,99.6,False
BGW-16,5,34,2020-05-21,55.97,6168.4,33.99,15.04,0.307,4537.2,97.7,False
BGW-16,5,35,2020-05-22,55.09,6701.0,38.75,17.8,0.315,4515.1,96.0,False
BGW-16,5,36,2020-05-23,55.02,6261.5,39.99,18.18,0.313,4494.2,100.0,False
BGW-16,5,37,2020-05-24,54.22,6728.0,38.3,19.04,0.332,4443.5,100.0,False
BGW-16,5,38,2020-05-25,53.82,7265.1,32.94,15.56,0.321,4532.7,95.7,False
BGW-16,5,39,2020-05-26,52.8,7658.3,34.5,15.8,0.314,4425.8,100.0,False
BGW-16,5,40,2020-05-27,52.83,7076.3,32.7,15.26,0.318,4510.7,98.3,False
BGW-16,5,41,2020-05-28,52.09,7433.2,32.39,15.75,0.327,4499.2,100.0,False
BGW-16,5,42,2020-05-29,51.43,8804.4,29.48,14.28,0.326,4391.4,89.3,False
BGW-16,5,43,2020-05-30,51.6,8475.5,31.96,15.54,0.327,4462.4,93.6,False
BGW-16,5,44,2020-05-31,51.33,8442.7,29.6,14.29,0.326,4368.2,92.5,False
BGW-16,5,45,2020-06-01,51.32,8312.6,30.45,16.12,0.346,4464.5,96.0,False
BGW-16,5,46,2020-06-02,51.3,8402.2,29.38,15.71,0.348,4401.7,91.7,False
BGW-16,5,47,2020-06-03,50.48,9124.6,30.4,16.58,0.353,4433.7,85.9,False
BGW-16,5,48,2020-06-04,50.5,8462.4,30.88,16.41,0.347,4397.9,91.9,False
BGW-16,5,49,2020-06-05,49.93,8903.7,29.18,16.19,0.357,4417.7,92.6,False
BGW-16,5,50,2020-06-06,49.92,8317.4,33.65,17.8,0.346,4430.6,92.8,False
BGW-16,5,51,2020-06-07,49.36,9462.0,27.5,15.04,0.354,4348.9,81.9,False
BGW-16,5,52,2020-06-08,49.47,9648.8,27.65,17.98,0.394,4340.8,79.9,False
BGW-16,5,53,2020-06-09,49.18,8723.9,30.31,18.43,0.378,4343.5,92.7,False
BGW-16,5,54,2020-06-10,48.91,9865.4,26.48,14.67,0.357,4416.8,74.2,False
BGW-16,5,55,2020-06-11,48.88,9919.2,27.71,15.56,0.36,4322.7,76.6,False
BGW-16,5,56,2020-06-12,49.32,9010.7,28.37,16.39,0.366,4377.1,84.1,False
BGW-16,5,57,2020-06-13,48.6,9074.4,28.21,16.36,0.367,4362.4,86.6,False
BGW-16,5,58,2020-06-14,48.74,10029.6,24.72,15.75,0.389,4286.0,74.3,False
BGW-16,5,59,2020-06-15,47.78,10135.3,25.12,14.9,0.372,4372.4,75.0,False
BGW-16,5,60,2020-06-16,48.14,10074.5,25.31,15.07,0.373,4362.1,71.7,False
BGW-16,5,61,2020-06-17,48.32,9855.0,25.25,15.92,0.387,4362.7,75.3,False
BGW-16,5,62,2020-06-18,48.3,9998.1,25.99,17.48,0.402,4282.5,75.5,False
BGW-16,5,63,2020-06-19,48.19,10333.1,26.91,17.51,0.394,4318.6,72.4,False
BGW-16,5,64,2020-06-20,47.24,10647.3,24.21,15.85,0.396,4318.2,69.2,False
BGW-16,5,65,2020-06-21,47.57,10102.0,24.22,15.62,0.392,4337.0,70.3,False
BGW-16,5,66,2020-06-22,48.17,9711.9,25.61,16.84,0.397,4241.8,79.3,False
BGW-16,5,67,2020-06-23,47.39,10271.8,26.67,17.0,0.389,4273.7,75.7,False
BGW-16,5,68,2020-06-24,47.67,10647.6,24.67,15.49,0.386,4237.6,66.9,False
BGW-16,5,69,2020-06-25,48.17,9864.1,24.78,16.42,0.398,4205.3,76.9,False
BGW-16,5,70,2020-06-26,48.01,9953.4,23.39,17.32,0.425,4240.6,72.2,False
BGW-16,5,71,2020-06-27,47.18,10770.0,25.25,17.52,0.41,4190.5,63.2,True
BGW-16,5,72,2020-06-28,47.57,11230.3,24.71,18.7,0.431,4249.9,58.3,True
BGW-16,5,73,2020-06-29,47.84,10351.7,23.34,17.74,0.432,4228.7,69.5,False
BGW-16,5,74,2020-06-30,47.39,10105.9,23.71,19.0,0.445,4230.7,70.8,False
BGW-16,5,75,2020-07-01,47.72,10226.5,23.32,16.58,0.416,4157.3,76.8,False
BGW-16,5,76,2020-07-02,46.59,11175.2,21.52,16.24,0.43,4167.6,58.1,True
BGW-16,5,77,2020-07-03,47.42,10606.8,25.02,19.2,0.434,4169.8,68.9,False
BGW-16,5,78,2020-07-04,47.65,9890.0,23.44,18.2,0.437,4210.9,74.1,False
BGW-16,5,79,2020-07-05,47.44,9980.2,24.25,20.1,0.453,4201.9,73.6,False
BGW-16,5,80,2020-07-06,47.39,10595.6,24.52,19.67,0.445,4155.8,69.9,False
BGW-16,5,81,2020-07-07,46.76,11105.2,22.85,18.12,0.442,4163.7,55.3,True
BGW-16,5,82,2020-07-08,47.01,10286.1,21.79,16.4,0.43,4207.8,73.7,False
BGW-16,5,83,2020-07-09,47.07,11076.6,22.28,18.59,0.455,4152.6,63.0,True
BGW-16,5,84,2020-07-10,46.86,10900.4,23.74,20.39,0.462,4124.0,66.2,False
BGW-16,5,85,2020-07-11,47.1,10550.8,20.93,18.06,0.463,4122.0,73.3,False
BGW-16,5,86,2020-07-12,47.19,10895.8,20.0,16.77,0.456,4053.9,65.1,False
BGW-16,5,87,2020-07-13,47.22,9862.3,23.85,20.85,0.466,4120.0,76.6,False
BGW-16,5,88,2020-07-14,47.2,10836.7,22.41,18.98,0.459,4126.5,70.7,False
BGW-16,5,89,2020-07-15,47.27,10650.5,23.01,21.47,0.483,4064.9,73.8,False
BGW-16,6,0,2020-08-05,139.19,135.5,259.05,71.12,0.215,4774.6,100.0,False
BGW-16,6,1,2020-08-06,133.63,159.2,231.43,53.38,0.187,4760.6,100.0,False
BGW-16,6,2,2020-08-07,128.33,200.0,190.55,49.36,0.206,4825.5,100.0,False
BGW-16,6,3,2020-08-08,123.7,235.5,176.28,53.7,0.233,4770.5,100.0,False
BGW-16,6,4,2020-08-09,118.71,299.4,160.65,47.94,0.23,4763.8,100.0,False
BGW-16,6,5,2020-08-10,114.45,348.4,150.58,42.31,0.219,4724.8,94.1,False
BGW-16,6,6,2020-08-11,110.68,418.7,125.64,38.58,0.235,4714.2,100.0,False
BGW-16,6,7,2020-08-12,107.78,469.4,128.77,38.47,0.23,4739.6,100.0,False
BGW-16,6,8,2020-08-13,103.16,560.0,120.4,37.08,0.235,4714.4,100.0,False
BGW-16,6,9,2020-08-14,100.16,634.9,116.53,34.22,0.227,4722.0,98.2,False
BGW-16,6,10,2020-08-15,96.49,788.0,97.81,34.51,0.261,4704.1,98.1,False
BGW-16,6,11,2020-08-16,94.33,879.3,98.36,29.93,0.233,4784.2,96.6,False
BGW-16,6,12,2020-08-17,91.39,987.5,91.24,26.65,0.226,4664.9,98.6,False
BGW-16,6,13,2020-08-18,88.66,1055.1,86.81,29.55,0.254,4701.4,100.0,False
BGW-16,6,14,2020-08-19,86.21,1235.2,79.31,25.6,0.244,4661.7,94.4,False
BGW-16,6,15,2020-08-20,84.06,1333.9,69.91,22.82,0.246,4694.1,93.5,False
BGW-16,6,16,2020-08-21,81.84,1619.0,68.24,21.85,0.243,4680.7,96.3,False
BGW-16,6,17,2020-08-22,79.8,1651.2,61.98,21.09,0.254,4684.3,100.0,False
BGW-16,6,18,2020-08-23,77.86,1900.5,64.75,22.0,0.254,4673.7,99.1,False
BGW-16,6,19,2020-08-24,76.13,2167.6,57.02,20.12,0.261,4667.3,97.4,False
BGW-16,6,20,2020-08-25,73.95,2154.4,55.66,19.01,0.255,4615.1,91.9,False
BGW-16,6,21,2020-08-26,72.75,2526.4,53.78,20.95,0.28,4589.9,98.3,False
BGW-16,6,22,2020-08-27,71.15,2743.6,47.24,17.24,0.267,4624.5,100.0,False
BGW-16,6,23,2020-08-28,69.8,2830.1,45.73,16.32,0.263,4639.4,100.0,False
BGW-16,6,24,2020-08-29,68.19,3368.3,44.87,16.59,0.27,4598.0,95.8,False
BGW-16,6,25,2020-08-30,67.3,3501.0,46.43,18.34,0.283,4563.3,100.0,False
BGW-16,6,26,2020-08-31,66.15,3583.2,43.56,15.86,0.267,4619.0,100.0,False
BGW-16,6,27,2020-09-01,64.04,4108.6,35.99,13.31,0.27,4623.8,99.7,False
BGW-16,6,28,2020-09-02,63.59,4157.9,37.94,15.14,0.285,4617.2,99.8,False
BGW-16,6,29,2020-09-03,62.42,4243.2,41.12,16.6,0.288,4573.4,100.0,False
BGW-16,6,30,2020-09-04,61.52,4220.2,40.77,17.0,0.294,4575.7,96.2,False
BGW-16,6,31,2020-09-05,61.44,4826.9,40.21,15.94,0.284,4555.1,100.0,False
BGW-16,6,32,2020-09-06,59.98,4933.1,30.67,14.17,0.316,4563.5,95.1,False
BGW-16,6,33,2020-09-07,59.24,5205.5,34.1,14.9,0.304,4557.0,100.0,False
BGW-16,6,34,2020-09-08,58.48,5189.8,32.11,14.8,0.315,4489.7,99.2,False
BGW-16,6,35,2020-09-09,57.61,5703.8,30.55,13.59,0.308,4508.9,100.0,False
BGW-16,6,36,2020-09-10,56.65,6262.7,32.86,15.66,0.323,4574.4,100.0,False
BGW-16,6,37,2020-09-11,56.8,6760.5,31.96,15.47,0.326,4468.1,98.1,False
BGW-16,6,38,2020-09-12,56.04,6219.6,29.8,13.75,0.316,4469.3,99.4,False
BGW-16,6,39,2020-09-13,55.67,6215.9,30.28,13.47,0.308,4486.6,100.0,False
BGW-16,6,40,2020-09-14,54.68,6806.7,28.86,13.49,0.319,4486.0,98.6,False
BGW-16,6,41,2020-09-15,54.5,7126.6,26.81,12.86,0.324,4466.4,98.2,False
BGW-16,6,42,2020-09-16,54.13,6687.6,29.58,15.98,0.351,4430.5,100.0,False
BGW-16,6,43,2020-09-17,53.54,7165.4,26.79,13.76,0.339,4456.7,94.5,False
BGW-16,6,44,2020-09-18,53.62,7588.1,28.27,13.83,0.329,4451.6,100.0,False
BGW-16,6,45,2020-09-19,53.29,7694.0,26.91,13.6,0.336,4379.2,100.0,False
BGW-16,6,46,2020-09-20,52.46,7316.4,26.97,14.19,0.345,4407.6,98.1,False
BGW-16,6,47,2020-09-21,51.78,8203.3,24.83,13.27,0.348,4424.0,94.5,False
BGW-16,6,48,2020-09-22,52.09,8062.3,25.67,13.58,0.346,4390.6,99.2,False
BGW-16,6,49,2020-09-23,51.52,8298.4,26.91,14.11,0.344,4409.2,92.4,False
BGW-16,6,50,2020-09-24,51.67,8380.5,24.66,14.2,0.365,4423.0,88.7,False
BGW-16,6,51,2020-09-25,50.95,8683.3,25.36,14.14,0.358,4372.9,90.8,False
BGW-16,6,52,2020-09-26,51.31,8401.9,24.52,14.66,0.374,4369.2,92.3,False
BGW-16,6,53,2020-09-27,50.86,9142.2,23.33,13.47,0.366,4407.2,80.6,False
BGW-16,6,54,2020-09-28,50.04,8756.3,23.74,13.27,0.359,4323.6,84.0,False
BGW-16,6,55,2020-09-29,50.19,9412.2,24.36,14.42,0.372,4376.7,82.8,False
BGW-16,6,56,2020-09-30,50.37,8811.9,23.31,13.88,0.373,4303.7,92.2,False
BGW-16,6,57,2020-10-01,49.8,9225.1,20.53,12.76,0.383,4278.4,87.7,False
BGW-16,6,58,2020-10-02,49.5,9103.7,21.56,12.64,0.37,4347.1,84.2,False
BGW-16,6,59,2020-10-03,49.84,9257.1,21.24,13.47,0.388,4232.8,85.9,False
BGW-16,6,60,2020-10-04,49.69,9187.0,22.35,12.89,0.366,4322.9,89.7,False
BGW-16,6,61,2020-10-05,49.41,8814.7,22.97,14.77,0.391,4266.0,88.7,False
BGW-16,6,62,2020-10-06,49.03,9155.8,21.16,14.15,0.401,4294.4,85.5,False
BGW-16,6,63,2020-10-07,48.57,9763.3,21.06,13.04,0.382,4320.0,81.5,False
BGW-16,6,64,2020-10-08,48.57,9935.1,19.09,12.64,0.398,4247.2,78.6,False
BGW-16,6,65,2020-10-09,48.7,9753.2,24.23,17.83,0.424,4253.0,79.3,False
BGW-16,6,66,2020-10-10,48.66,10172.0,18.85,11.56,0.38,4287.8,70.2,False
BGW-16,6,67,2020-10-11,48.74,9852.0,21.82,14.68,0.402,4268.4,76.4,False
BGW-16,6,68,2020-10-12,48.91,9735.0,20.52,14.32,0.411,4238.1,82.9,False
BGW-16,6,69,2020-10-13,48.18,9825.9,21.27,14.32,0.402,4196.8,79.5,False
BGW-16,6,70,2020-10-14,48.16,10005.6,22.04,16.15,0.423,4217.4,74.4,False
BGW-16,6,71,2020-10-15,47.96,9706.8,21.99,15.19,0.409,4227.9,84.1,False
BGW-16,6,72,2020-10-16,48.06,10126.4,21.07,14.68,0.411,4215.8,75.6,False
BGW-16,6,73,2020-10-17,48.14,9957.0,19.5,14.56,0.427,4250.8,71.9,False
BGW-16,6,74,2020-10-18,47.99,9912.1,20.15,14.48,0.418,4203.5,76.8,False
BGW-16,6,75,2020-10-19,48.27,10068.9,18.49,14.17,0.434,4144.6,76.9,False
BGW-16,6,76,2020-10-20,47.48,11325.1,18.25,13.66,0.428,4165.8,60.3,True
BGW-16,6,77,2020-10-21,47.26,10132.3,18.69,14.05,0.429,4132.3,71.7,False
BGW-16,6,78,2020-10-22,47.57,10868.2,18.05,13.91,0.435,4148.4,70.0,False
BGW-16,6,79,2020-10-23,48.61,10110.6,19.19,14.93,0.438,4140.3,78.3,False
BGW-16,6,80,2020-10-24,47.52,11121.2,17.96,14.03,0.438,4095.1,60.7,True
BGW-16,6,81,2020-10-25,47.91,10163.3,19.92,15.93,0.444,4125.2,72.4,False
BGW-16,6,82,2020-10-26,47.77,9942.1,19.32,15.77,0.449,4123.6,73.1,False
BGW-16,6,83,2020-10-27,47.53,10289.8,20.45,17.03,0.454,4118.2,71.7,False
BGW-16,6,84,2020-10-28,47.43,10234.6,17.8,15.23,0.461,4107.6,77.5,False
BGW-16,6,85,2020-10-29,47.59,10108.6,18.64,14.95,0.445,4086.5,71.8,False
BGW-16,6,86,2020-10-30,47.39,10030.2,16.55,13.4,0.447,4081.4,74.7,False
BGW-16,6,87,2020-10-31,47.23,10726.6,17.22,14.86,0.463,4085.7,73.7,False
BGW-16,6,88,2020-11-01,47.32,10720.3,17.14,14.67,0.461,4095.0,67.0,False
BGW-16,6,89,2020-11-02,47.07,10959.0,19.03,15.63,0.451,4078.4,65.8,False
BGW-16,7,0,2020-11-30,144.78,105.1,279.21,69.97,0.2,4742.3,100.0,False
BGW-16,7,1,2020-12-01,137.14,149.2,257.15,59.85,0.189,4761.6,98.3,False
BGW-16,7,2,2020-12-02,130.88,179.9,227.99,55.44,0.196,4766.0,100.0,False
BGW-16,7,3,2020-12-03,124.41,236.8,193.11,51.67,0.211,4770.2,100.0,False
BGW-16,7,4,2020-12-04,119.5,258.5,186.91,47.9,0.204,4740.4,97.2,False
BGW-16,7,5,2020-12-05,113.89,352.3,154.61,44.81,0.225,4802.2,96.5,False
BGW-16,7,6,2020-12-06,108.32,449.1,162.07,45.14,0.218,4740.8,100.0,False
BGW-16,7,7,2020-12-07,104.16,527.6,139.92,43.55,0.237,4708.4,94.2,False
BGW-16,7,8,2020-12-08,99.78,640.1,129.59,36.78,0.221,4772.8,100.0,False
BGW-16,7,9,2020-12-09,95.5,817.2,112.15,33.29,0.229,4708.7,97.3,False
BGW-16,7,10,2020-12-10,92.43,925.1,110.24,31.49,0.222,4651.9,95.8,False
BGW-16,7,11,2020-12-11,89.12,1124.2,92.1,26.51,0.223,4742.5,100.0,False
BGW-16,7,12,2020-12-12,86.38,1263.1,95.77,29.62,0.236,4655.0,95.7,False
BGW-16,7,13,2020-12-13,83.1,1518.5,84.48,27.89,0.248,4697.3,99.7,False
BGW-16,7,14,2020-12-14,80.67,1743.0,81.13,29.18,0.265,4719.9,99.3,False
BGW-16,7,15,2020-12-15,78.15,1745.6,85.12,26.72,0.239,4698.4,99.3,False
BGW-16,7,16,2020-12-16,75.47,2150.2,74.82,24.0,0.243,4653.6,99.3,False
BGW-16,7,17,2020-12-17,73.86,2496.1,64.07,21.92,0.255,4657.2,98.4,False
BGW-16,7,18,2020-12-18,72.14,2605.6,64.21,20.66,0.243,4634.5,100.0,False
BGW-16,7,19,2020-12-19,69.56,2980.3,63.96,22.06,0.256,4681.3,97.2,False
BGW-16,7,20,2020-12-20,68.32,3275.2,58.35,19.95,0.255,4586.6,98.4,False
BGW-16,7,21,2020-12-21,66.46,3391.3,57.93,21.06,0.267,4606.7,100.0,False
BGW-16,7,22,2020-12-22,64.76,3610.8,56.87,21.08,0.27,4659.1,95.8,False
BGW-16,7,23,2020-12-23,64.03,3823.5,55.39,20.56,0.271,4613.5,100.0,False
BGW-16,7,24,2020-12-24,62.74,4539.9,51.45,20.05,0.28,4584.2,100.0,False
BGW-16,7,25,2020-12-25,61.11,4816.7,46.25,17.11,0.27,4540.8,100.0,False
BGW-16,7,26,2020-12-26,60.42,4602.8,50.76,21.7,0.299,4521.2,97.0,False
BGW-16,7,27,2020-12-27,59.45,5024.4,47.26,19.1,0.288,4593.5,100.0,False
BGW-16,7,28,2020-12-28,58.42,5559.9,45.08,17.87,0.284,4585.7,100.0,False
BGW-16,7,29,2020-12-29,57.39,5847.8,43.31,17.07,0.283,4571.5,100.0,False
BGW-16,7,30,2020-12-30,56.91,5737.9,43.83,18.7,0.299,4629.3,100.0,False
BGW-16,7,31,2020-12-31,56.14,6068.8,42.19,17.03,0.288,4547.4,98.1,False
BGW-16,7,32,2021-01-01,55.26,6919.4,42.49,18.89,0.308,4563.8,99.2,False
BGW-16,7,33,2021-01-02,55.09,7064.2,39.01,16.9,0.302,4607.6,97.7,False
BGW-16,7,34,2021-01-03,54.14,7371.6,39.47,18.06,0.314,4548.1,100.0,False
BGW-16,7,35,2021-01-04,53.75,7674.0,38.9,16.74,0.301,4512.7,100.0,False
BGW-16,7,36,2021-01-05,52.88,7663.6,36.95,16.5,0.309,4443.7,100.0,False
BGW-16,7,37,2021-01-06,52.59,7969.2,36.94,15.46,0.295,4511.0,98.6,False
BGW-16,7,38,2021-01-07,52.2,7774.8,36.62,17.5,0.323,4504.9,97.5,False
BGW-16,7,39,2021-01-08,51.82,8453.2,35.15,15.72,0.309,4495.3,95.1,False
BGW-16,7,40,2021-01-09,51.66,8396.9,34.15,15.72,0.315,4485.6,97.9,False
BGW-16,7,41,2021-01-10,51.06,7840.1,34.49,15.97,0.317,4473.7,98.3,False
BGW-16,7,42,2021-01-11,50.47,8532.5,33.12,15.94,0.325,4492.2,99.5,False
BGW-16,7,43,2021-01-12,50.77,8385.7,33.48,16.58,0.331,4468.0,89.4,False
BGW-16,7,44,2021-01-13,50.27,8814.5,31.7,16.01,0.336,4411.9,88.4,False
BGW-16,7,45,2021-01-14,50.14,8748.7,34.88,18.32,0.344,4435.8,86.6,False
BGW-16,7,46,2021-01-15,49.87,9496.8,34.51,17.59,0.338,4429.1,80.0,False
BGW-16,7,47,2021-01-16,49.3,8999.6,32.85,15.48,0.32,4406.7,84.0,False
BGW-16,7,48,2021-01-17,50.26,8601.6,35.21,18.56,0.345,4376.2,92.9,False
BGW-16,7,49,2021-01-18,48.79,10196.3,29.63,17.03,0.365,4375.8,72.2,False
BGW-16,7,50,2021-01-19,48.93,10201.7,30.42,16.33,0.349,4406.9,76.2,False
BGW-16,7,51,2021-01-20,49.55,9654.4,30.94,18.11,0.369,4407.8,73.7,False
BGW-16,7,52,2021-01-21,48.58,10006.5,34.67,18.05,0.342,4401.9,78.3,False
BGW-16,7,53,2021-01-22,48.84,9247.9,32.13,17.49,0.352,4329.6,85.5,False
BGW-16,7,54,2021-01-23,48.39,10139.7,29.84,16.87,0.361,4368.4,71.2,False
BGW-16,7,55,2021-01-24,48.36,9616.9,30.49,17.88,0.37,4351.4,76.8,False
BGW-16,7,56,2021-01-25,48.31,9999.0,30.03,18.18,0.377,4364.2,78.5,False
BGW-16,7,57,2021-01-26,48.26,9412.2,34.19,20.49,0.375,4315.6,83.2,False
BGW-16,7,58,2021-01-27,48.04,10587.1,31.05,18.55,0.374,4298.5,73.4,False
BGW-16,7,59,2021-01-28,47.52,9654.5,32.08,19.1,0.373,4353.6,79.1,False
BGW-16,7,60,2021-01-29,48.04,9631.9,33.32,20.44,0.38,4291.4,79.6,False
BGW-16,7,61,2021-01-30,47.53,10514.3,27.48,17.22,0.385,4327.4,74.4,False
BGW-16,7,62,2021-01-31,47.86,9771.9,30.18,18.59,0.381,4282.6,82.5,False
BGW-16,7,63,2021-02-01,47.5,10347.5,28.32,18.45,0.394,4289.1,77.0,False
BGW-16,7,64,2021-02-02,47.4,10435.5,27.42,20.17,0.424,4318.3,76.0,False
BGW-16,7,65,2021-02-03,47.85,10149.7,29.21,19.14,0.396,4267.1,81.0,False
BGW-16,7,66,2021-02-04,47.41,10455.4,29.7,17.17,0.366,4188.6,71.5,False
BGW-16,7,67,2021-02-05,47.97,9466.4,28.81,18.03,0.385,4256.5,87.1,False
BGW-16,7,68,2021-02-06,48.16,10859.2,30.09,19.49,0.393,4289.9,66.2,False
BGW-16,7,69,2021-02-07,47.57,10245.7,29.32,20.76,0.415,4223.9,68.3,False
BGW-16,7,70,2021-02-08,47.61,10740.5,28.5,19.72,0.409,4210.3,66.5,False
BGW-16,7,71,2021-02-09,47.35,10903.3,31.46,21.33,0.404,4236.4,69.0,False
BGW-16,7,72,2021-02-10,46.87,10812.5,27.59,19.91,0.419,4276.2,69.4,False
BGW-16,7,73,2021-02-11,47.71,10397.5,28.63,22.76,0.443,4246.2,67.8,False
BGW-16,7,74,2021-02-12,46.95,10162.1,29.22,20.18,0.409,4242.2,72.5,False
BGW-16,7,75,2021-02-13,46.99,11574.4,23.91,18.68,0.439,4187.2,53.4,True
BGW-16,7,76,2021-02-14,47.31,10446.1,27.42,19.58,0.417,4148.1,74.7,False
BGW-16,7,77,2021-02-15,46.85,10822.6,26.34,20.91,0.442,4177.0,64.5,True
BGW-16,7,78,2021-02-16,47.23,11032.9,26.26,19.05,0.42,4203.2,61.3,True
BGW-16,7,79,2021-02-17,47.29,10422.3,27.56,21.43,0.437,4171.2,73.1,False
BGW-16,7,80,2021-02-18,47.08,11112.5,28.29,21.69,0.434,4225.1,60.1,True
BGW-16,7,81,2021-02-19,47.34,11273.3,27.63,22.67,0.451,4108.4,54.6,True
BGW-16,7,82,2021-02-20,47.33,10174.9,27.22,23.02,0.458,4149.1,74.0,False
BGW-16,7,83,2021-02-21,47.54,11054.7,26.35,22.89,0.465,4135.9,60.6,True
BGW-16,7,84,2021-02-22,47.28,10538.8,26.54,21.19,0.444,4072.9,69.3,False
BGW-16,7,85,2021-02-23,47.06,10754.2,27.53,22.19,0.446,4130.2,67.9,False
BGW-16,7,86,2021-02-24,47.08,10906.9,26.63,20.51,0.435,4169.4,62.4,True
BGW-16,7,87,2021-02-25,47.27,10335.1,27.24,24.28,0.471,4085.5,76.3,False
BGW-16,7,88,2021-02-26,46.89,10626.6,25.61,21.91,0.461,4076.5,68.9,False
BGW-16,7,89,2021-02-27,47.04,11574.9,24.19,21.75,0.473,4109.0,54.1,True
BGW-16,8,0,2021-03-25,144.74,117.7,271.66,66.54,0.197,4787.1,97.7,False
BGW-16,8,1,2021-03-26,136.58,136.9,239.98,62.81,0.207,4839.9,100.0,False
BGW-16,8,2,2021-03-27,128.96,186.0,211.33,56.47,0.211,4762.7,100.0,False
BGW-16,8,3,2021-03-28,121.94,256.8,176.77,46.55,0.208,4730.4,97.4,False
BGW-16,8,4,2021-03-29,116.21,328.4,152.79,43.93,0.223,4747.8,94.5,False
BGW-16,8,5,2021-03-30,110.4,434.1,135.18,40.23,0.229,4776.7,98.0,False
BGW-16,8,6,2021-03-31,105.61,491.2,130.38,38.18,0.227,4757.1,96.3,False
BGW-16,8,7,2021-04-01,100.14,630.8,112.22,31.49,0.219,4736.1,100.0,False
BGW-16,8,8,2021-04-02,96.61,750.5,107.28,31.25,0.226,4775.8,96.2,False
BGW-16,8,9,2021-04-03,91.91,925.4,96.39,30.51,0.24,4721.6,97.5,False
BGW-16,8,10,2021-04-04,88.48,1132.1,87.94,26.34,0.23,4704.6,95.3,False
BGW-16,8,11,2021-04-05,84.6,1352.7,76.1,23.75,0.238,4728.4,99.0,False
BGW-16,8,12,2021-04-06,81.84,1502.0,78.5,23.7,0.232,4727.8,96.6,False
BGW-16,8,13,2021-04-07,78.61,1841.2,62.64,19.61,0.238,4676.4,99.7,False
BGW-16,8,14,2021-04-08,76.01,2099.6,65.53,20.21,0.236,4717.4,92.4,False
BGW-16,8,15,2021-04-09,73.56,2327.7,57.32,17.59,0.235,4663.8,98.8,False
BGW-16,8,16,2021-04-10,71.68,2573.2,49.32,15.38,0.238,4639.0,100.0,False
BGW-16,8,17,2021-04-11,69.68,2843.2,54.94,18.82,0.255,4621.1,95.6,False
BGW-16,8,18,2021-04-12,67.21,3467.7,45.1,15.31,0.253,4654.9,99.8,False
BGW-16,8,19,2021-04-13,65.81,3388.6,45.0,14.97,0.25,4653.2,92.1,False
BGW-16,8,20,2021-04-14,64.54,3709.5,48.54,17.23,0.262,4655.5,100.0,False
BGW-16,8,21,2021-04-15,62.91,3908.3,44.38,16.53,0.271,4629.1,98.0,False
BGW-16,8,22,2021-04-16,61.62,4385.5,41.22,14.79,0.264,4598.6,100.0,False
BGW-16,8,23,2021-04-17,60.2,4622.1,44.72,16.34,0.268,4626.4,96.6,False
BGW-16,8,24,2021-04-18,59.36,5291.6,38.72,15.52,0.286,4604.7,96.8,False
BGW-16,8,25,2021-04-19,57.81,5588.1,37.47,13.8,0.269,4592.9,100.0,False
BGW-16,8,26,2021-04-20,56.81,6166.3,38.47,13.43,0.259,4554.7,100.0,False
BGW-16,8,27,2021-04-21,56.48,5799.1,36.4,14.22,0.281,4545.5,100.0,False
BGW-16,8,28,2021-04-22,55.65,5847.2,39.14,17.28,0.306,4614.4,100.0,False
BGW-16,8,29,2021-04-23,54.81,6724.2,32.62,13.58,0.294,4526.0,96.7,False
BGW-16,8,30,2021-04-24,53.92,6976.3,30.85,12.51,0.289,4510.9,100.0,False
BGW-16,8,31,2021-04-25,53.46,7074.6,32.13,13.65,0.298,4516.4,100.0,False
BGW-16,8,32,2021-04-26,53.17,7192.6,29.22,12.69,0.303,4533.3,98.1,False
BGW-16,8,33,2021-04-27,52.56,7337.2,28.94,12.2,0.296,4474.4,98.9,False
BGW-16,8,34,2021-04-28,51.96,8269.4,28.74,12.38,0.301,4523.5,91.8,False
BGW-16,8,35,2021-04-29,52.04,8432.6,26.91,11.4,0.298,4523.2,94.9,False
BGW-16,8,36,2021-04-30,51.35,8059.1,26.1,12.16,0.318,4493.7,100.0,False
BGW-16,8,37,2021-05-01,51.5,8271.7,27.08,11.73,0.302,4481.1,90.2,False
BGW-16,8,38,2021-05-02,50.76,9401.1,25.81,12.31,0.323,4494.8,79.9,False
BGW-16,8,39,2021-05-03,50.37,8442.6,28.45,13.31,0.319,4480.8,96.7,False
BGW-16,8,40,2021-05-04,49.97,8707.3,25.6,13.06,0.338,4492.5,87.7,False
BGW-16,8,41,2021-05-05,49.72,9338.7,25.37,11.55,0.313,4529.5,83.6,False
BGW-16,8,42,2021-05-06,49.67,9494.5,25.11,12.76,0.337,4452.9,79.2,False
BGW-16,8,43,2021-05-07,49.62,9046.1,26.39,12.54,0.322,4440.8,86.7,False
BGW-16,8,44,2021-05-08,49.95,8854.0,25.55,11.76,0.315,4449.8,85.2,False
BGW-16,8,45,2021-05-09,48.9,9492.2,23.74,12.03,0.336,4430.0,76.2,False
BGW-16,8,46,2021-05-10,48.75,10097.3,24.35,11.09,0.313,4478.7,72.2,False
BGW-16,8,47,2021-05-11,48.93,9757.6,22.91,12.42,0.352,4399.6,73.8,False
BGW-16,8,48,2021-05-12,48.62,9989.4,23.34,12.63,0.351,4399.2,76.2,False
BGW-16,8,49,2021-05-13,48.79,10391.1,22.5,11.51,0.338,4403.3,70.4,False
BGW-16,8,50,2021-05-14,47.61,10943.1,21.24,11.18,0.345,4378.5,63.7,True
BGW-16,8,51,2021-05-15,48.18,10337.8,23.74,13.59,0.364,4381.4,68.9,False
BGW-16,8,52,2021-05-16,48.09,10193.3,22.79,12.81,0.36,4404.0,73.1,False
BGW-16,8,53,2021-05-17,47.93,10566.3,22.66,13.69,0.377,4412.0,69.7,False
BGW-16,8,54,2021-05-18,47.79,10396.7,22.6,12.44,0.355,4340.7,69.8,False
BGW-16,8,55,2021-05-19,47.79,10039.8,22.02,12.78,0.367,4357.3,74.3,False
BGW-16,8,56,2021-05-20,47.53,10066.3,20.47,11.18,0.353,4360.9,72.8,False
BGW-16,8,57,2021-05-21,47.61,10373.3,20.89,13.55,0.393,4319.7,71.8,False
BGW-16,8,58,2021-05-22,47.3,11321.9,19.07,11.16,0.369,4327.7,58.0,True
BGW-16,8,59,2021-05-23,47.66,10363.8,20.67,11.94,0.366,4328.7,77.0,False
BGW-16,8,60,2021-05-24,47.68,10051.3,20.86,13.61,0.395,4335.7,68.4,False
BGW-16,8,61,2021-05-25,47.39,10688.7,22.3,13.75,0.381,4272.1,59.6,True
BGW-16,8,62,2021-05-26,47.42,11204.5,19.63,13.34,0.405,4281.7,54.8,True
BGW-16,8,63,2021-05-27,47.69,10714.9,18.36,11.43,0.384,4268.9,67.0,False
BGW-16,8,64,2021-05-28,47.7,10320.7,19.0,12.65,0.4,4246.4,73.4,False
BGW-16,8,65,2021-05-29,47.05,10434.4,21.64,14.26,0.397,4236.8,64.0,True
BGW-16,8,66,2021-05-30,47.5,10272.6,19.01,12.53,0.397,4330.2,75.4,False
BGW-16,8,67,2021-05-31,47.24,10819.2,19.58,13.4,0.406,4300.2,63.4,True
BGW-16,8,68,2021-06-01,47.09,10244.0,19.24,13.58,0.414,4294.4,70.7,False
BGW-16,8,69,2021-06-02,47.4,10873.4,19.01,12.88,0.404,4205.3,65.7,False
BGW-16,8,70,2021-06-03,47.33,10945.5,18.59,13.46,0.42,4266.4,65.5,False
BGW-16,8,71,2021-06-04,47.66,10667.0,19.28,14.44,0.428,4217.0,68.1,False
BGW-16,8,72,2021-06-05,46.97,10830.8,20.1,13.9,0.409,4180.4,62.3,True
BGW-16,8,73,2021-06-06,47.44,10647.7,20.6,14.73,0.417,4255.7,64.5,True
BGW-16,8,74,2021-06-07,46.9,11131.4,17.49,13.03,0.427,4158.3,62.1,True
BGW-16,8,75,2021-06-08,47.67,9970.7,18.54,13.51,0.422,4183.2,69.4,False
BGW-16,8,76,2021-06-09,46.89,11274.6,18.69,13.45,0.418,4249.7,59.0,True
BGW-16,8,77,2021-06-10,46.81,11260.2,17.7,13.03,0.424,4221.1,59.5,True
BGW-16,8,78,2021-06-11,46.63,11308.1,19.32,14.67,0.432,4194.3,63.6,True
BGW-16,8,79,2021-06-12,46.82,10481.9,18.5,14.61,0.441,4178.0,68.9,False
BGW-16,8,80,2021-06-13,46.82,10497.4,18.54,14.89,0.445,4166.7,73.8,False
BGW-16,8,81,2021-06-14,47.25,10453.5,18.16,14.26,0.44,4149.4,70.9,False
BGW-16,8,82,2021-06-15,47.06,10637.5,18.21,15.87,0.466,4154.6,69.1,False
BGW-16,8,83,2021-06-16,47.17,10581.3,18.69,15.44,0.452,4111.7,65.2,False
BGW-16,8,84,2021-06-17,47.62,10859.7,17.66,15.15,0.462,4173.4,66.4,False
BGW-16,8,85,2021-06-18,46.98,10878.9,17.12,14.4,0.457,4120.9,57.3,True
BGW-16,8,86,2021-06-19,47.31,11301.9,17.89,15.08,0.457,4090.9,58.2,True
BGW-16,8,87,2021-06-20,46.53,10974.3,16.54,13.99,0.458,4107.0,63.8,True
BGW-16,8,88,2021-06-21,46.5,10948.0,18.13,16.81,0.481,4155.1,64.5,True
BGW-16,8,89,2021-06-22,47.21,10656.5,18.76,16.31,0.465,4109.1,64.9,True
BGW-17,1,0,2019-05-10,131.01,229.3,271.59,146.08,0.35,4843.7,100.0,False
BGW-17,1,1,2019-05-11,125.35,283.8,257.38,136.45,0.346,4793.9,100.0,False
BGW-17,1,2,2019-05-12,120.3,361.0,199.78,110.13,0.355,4810.4,99.6,False
BGW-17,1,3,2019-05-13,115.39,406.8,208.9,111.67,0.348,4800.9,100.0,False
BGW-17,1,4,2019-05-14,110.49,501.3,177.72,98.8,0.357,4798.4,100.0,False
BGW-17,1,5,2019-05-15,106.12,580.3,179.09,100.31,0.359,4772.8,100.0,False
BGW-17,1,6,2019-05-16,102.49,703.3,169.91,94.37,0.357,4816.7,100.0,False
BGW-17,1,7,2019-05-17,99.0,814.9,140.27,80.28,0.364,4725.1,98.1,False
BGW-17,1,8,2019-05-18,95.27,949.0,138.73,83.11,0.375,4760.9,100.0,False
BGW-17,1,9,2019-05-19,91.8,1036.9,135.7,76.84,0.362,4761.4,99.8,False
BGW-17,1,10,2019-05-20,88.95,1248.8,126.89,75.41,0.373,4716.7,99.2,False
BGW-17,1,11,2019-05-21,86.5,1406.9,110.54,65.35,0.372,4735.6,100.0,False
BGW-17,1,12,2019-05-22,83.85,1563.4,111.68,67.7,0.377,4751.7,97.3,False
BGW-17,1,13,2019-05-23,81.45,1777.3,88.57,54.82,0.382,4698.5,99.3,False
BGW-17,1,14,2019-05-24,78.92,1937.3,88.74,48.9,0.355,4682.7,96.5,False
BGW-17,1,15,2019-05-25,77.17,2030.7,90.75,55.25,0.378,4722.4,100.0,False
BGW-17,1,16,2019-05-26,75.09,2368.1,86.79,55.85,0.392,4639.9,100.0,False
BGW-17,1,17,2019-05-27,73.18,2506.1,85.88,54.92,0.39,4712.5,98.0,False
BGW-17,1,18,2019-05-28,71.15,2848.1,69.34,44.29,0.39,4730.8,98.6,False
BGW-17,1,19,2019-05-29,69.95,2928.4,74.36,52.61,0.414,4702.2,93.8,False
BGW-17,1,20,2019-05-30,68.6,3232.3,70.09,50.2,0.417,4639.8,100.0,False
BGW-17,1,21,2019-05-31,67.08,3685.7,68.65,47.42,0.409,4732.3,96.1,False
BGW-17,1,22,2019-06-01,65.98,3984.6,65.07,44.99,0.409,4684.1,98.1,False
BGW-17,1,23,2019-06-02,64.98,4071.2,70.42,49.6,0.413,4654.5,98.1,False
BGW-17,1,24,2019-06-03,63.63,4145.1,61.7,44.15,0.417,4642.8,100.0,False
BGW-17,1,25,2019-06-04,62.38,4586.2,61.11,42.99,0.413,4599.5,94.5,False
BGW-17,1,26,2019-06-05,61.45,4558.5,59.16,42.91,0.42,4637.4,100.0,False
BGW-17,1,27,2019-06-06,60.73,4871.3,53.46,39.85,0.427,4547.0,100.0,False
BGW-17,1,28,2019-06-07,59.28,5270.1,52.79,39.54,0.428,4634.6,98.1,False
BGW-17,1,29,2019-06-08,58.7,5053.5,56.51,44.03,0.438,4543.3,99.9,False
BGW-17,1,30,2019-06-09,58.19,5356.9,51.81,38.64,0.427,4590.6,95.7,False
BGW-17,1,31,2019-06-10,57.27,5891.0,49.82,37.35,0.428,4587.9,100.0,False
BGW-17,1,32,2019-06-11,56.26,6302.8,49.47,39.68,0.445,4555.6,99.9,False
BGW-17,1,33,2019-06-12,55.51,6315.9,44.3,35.52,0.445,4555.6,95.2,False
BGW-17,1,34,2019-06-13,55.56,6372.2,47.42,38.7,0.449,4589.3,100.0,False
BGW-17,1,35,2019-06-14,54.97,6741.4,41.81,34.26,0.45,4569.6,100.0,False
BGW-17,1,36,2019-06-15,54.58,6606.6,45.96,38.62,0.457,4565.8,100.0,False
BGW-17,1,37,2019-06-16,53.48,6987.3,41.94,35.23,0.457,4528.2,99.4,False
BGW-17,1,38,2019-06-17,53.17,7092.2,44.13,38.83,0.468,4573.1,100.0,False
BGW-17,1,39,2019-06-18,52.82,7133.2,45.67,40.94,0.473,4517.2,100.0,False
BGW-17,1,40,2019-06-19,52.39,7848.7,42.95,37.45,0.466,4480.1,94.1,False
BGW-17,1,41,2019-06-20,52.19,8076.5,42.86,36.8,0.462,4541.9,89.3,False
BGW-17,1,42,2019-06-21,52.25,7757.7,40.43,35.27,0.466,4509.9,100.0,False
BGW-17,1,43,2019-06-22,51.44,8822.0,36.09,31.48,0.466,4488.9,84.2,False
BGW-17,1,44,2019-06-23,51.61,8269.6,39.95,34.26,0.462,4443.6,95.3,False
BGW-17,1,45,2019-06-24,50.88,8310.7,37.78,33.46,0.47,4513.2,94.7,False
BGW-17,1,46,2019-06-25,50.72,7832.4,40.57,36.55,0.474,4470.4,98.7,False
BGW-17,1,47,2019-06-26,49.94,8652.3,39.37,36.79,0.483,4473.2,84.7,False
BGW-17,1,48,2019-06-27,49.78,8951.0,36.41,35.17,0.491,4460.0,83.8,False
BGW-17,1,49,2019-06-28,50.48,8765.0,38.76,38.11,0.496,4439.8,81.5,False
BGW-17,1,50,2019-06-29,49.96,8975.9,36.72,36.74,0.5,4489.1,81.3,False
BGW-17,1,51,2019-06-30,49.86,8508.1,40.05,37.69,0.485,4424.7,89.7,False
BGW-17,1,52,2019-07-01,49.4,9016.0,36.45,34.77,0.488,4413.3,84.5,False
BGW-17,1,53,2019-07-02,49.95,9321.4,34.35,34.42,0.501,4397.5,78.0,False
BGW-17,1,54,2019-07-03,49.47,8985.7,35.05,36.62,0.511,4385.5,78.2,False
BGW-17,1,55,2019-07-04,49.49,9541.3,37.21,36.57,0.496,4374.3,73.8,False
BGW-17,1,56,2019-07-05,48.95,9025.4,32.57,35.32,0.52,4363.3,85.9,False
BGW-17,1,57,2019-07-06,49.04,9602.9,30.5,33.09,0.52,4297.6,76.6,False
BGW-17,1,58,2019-07-07,49.02,9287.8,31.95,34.75,0.521,4381.1,81.0,False
BGW-17,1,59,2019-07-08,48.03,9678.9,32.22,34.67,0.518,4323.3,70.8,False
BGW-17,1,60,2019-07-09,48.97,9725.1,35.25,41.0,0.538,4347.1,69.7,False
BGW-17,1,61,2019-07-10,48.49,9394.2,30.85,35.46,0.535,4322.1,81.1,False
BGW-17,1,62,2019-07-11,48.58,9537.1,34.54,37.39,0.52,4340.2,78.3,False
BGW-17,1,63,2019-07-12,48.18,8725.6,34.78,39.91,0.534,4341.8,84.3,False
BGW-17,1,64,2019-07-13,48.25,9832.9,32.08,34.45,0.518,4337.2,69.0,False
BGW-17,1,65,2019-07-14,47.78,9625.1,34.19,36.54,0.517,4332.2,71.7,False
BGW-17,1,66,2019-07-15,48.06,9026.0,32.73,38.84,0.543,4257.1,80.3,False
BGW-17,1,67,2019-07-16,47.47,10460.7,33.05,40.64,0.551,4330.8,70.3,False
BGW-17,1,68,2019-07-17,47.47,10529.0,31.3,40.81,0.566,4278.5,76.0,False
BGW-17,1,69,2019-07-18,47.78,9786.4,31.99,39.46,0.552,4280.6,82.5,False
BGW-17,1,70,2019-07-19,47.69,9992.8,30.18,34.89,0.536,4338.3,71.7,False
BGW-17,1,71,2019-07-20,48.04,9604.3,32.35,44.88,0.581,4233.5,77.3,False
BGW-17,1,72,2019-07-21,47.75,10212.6,31.51,42.36,0.573,4181.9,69.9,False
BGW-17,1,73,2019-07-22,47.83,10069.5,31.41,38.93,0.553,4211.5,77.2,False
BGW-17,1,74,2019-07-23,47.35,10087.9,32.81,45.05,0.579,4262.9,73.0,False
BGW-17,1,75,2019-07-24,47.22,9583.8,30.61,41.72,0.577,4201.9,79.7,False
BGW-17,1,76,2019-07-25,47.29,10709.3,29.97,36.66,0.55,4234.5,60.3,True
BGW-17,1,77,2019-07-26,47.19,9878.6,29.1,40.63,0.583,4262.2,73.5,False
BGW-17,1,78,2019-07-27,47.39,10073.7,30.63,40.72,0.571,4193.3,66.4,False
BGW-17,1,79,2019-07-28,47.27,10179.2,28.98,40.76,0.584,4147.3,68.9,False
BGW-17,1,80,2019-07-29,47.28,9743.6,33.29,46.62,0.583,4184.9,77.1,False
BGW-17,1,81,2019-07-30,47.99,9331.8,29.44,43.62,0.597,4157.2,78.4,False
BGW-17,1,82,2019-07-31,47.25,11062.2,31.54,45.97,0.593,4195.1,60.1,True
BGW-17,1,83,2019-08-01,47.52,10156.0,28.68,40.56,0.586,4167.7,71.7,False
BGW-17,1,84,2019-08-02,47.82,9809.0,28.27,39.09,0.58,4112.4,72.0,False
BGW-17,1,85,2019-08-03,47.71,9807.9,28.37,43.04,0.603,4134.7,80.2,False
BGW-17,1,86,2019-08-04,47.01,10222.4,26.3,40.47,0.606,4126.2,71.2,False
BGW-17,1,87,2019-08-05,47.0,11439.7,25.83,38.18,0.596,4157.2,55.2,True
BGW-17,1,88,2019-08-06,47.27,10243.3,29.48,52.17,0.639,4108.0,67.5,False
BGW-17,1,89,2019-08-07,47.27,10510.9,31.96,49.75,0.609,4050.5,67.7,False
BGW-17,2,0,2019-08-28,137.58,179.9,265.71,137.12,0.34,4783.7,100.0,False
BGW-17,2,1,2019-08-29,130.45,236.9,275.8,146.25,0.347,4873.6,99.4,False
BGW-17,2,2,2019-08-30,124.11,279.9,245.94,131.03,0.348,4765.5,98.7,False
BGW-17,2,3,2019-08-31,117.96,377.4,222.38,120.83,0.352,4791.0,100.0,False
BGW-17,2,4,2019-09-01,112.65,432.5,195.16,103.66,0.347,4839.2,99.7,False
BGW-17,2,5,2019-09-02,106.85,579.2,178.76,95.54,0.348,4764.8,99.4,False
BGW-17,2,6,2019-09-03,102.48,682.6,175.69,95.98,0.353,4772.5,99.5,False
BGW-17,2,7,2019-09-04,98.48,796.1,144.88,80.15,0.356,4758.2,97.6,False
BGW-17,2,8,2019-09-05,93.79,995.1,128.38,76.28,0.373,4816.2,100.0,False
BGW-17,2,9,2019-09-06,90.48,1168.1,140.51,84.05,0.374,4733.4,99.4,False
BGW-17,2,10,2019-09-07,87.35,1272.2,114.76,65.0,0.362,4752.8,97.7,False
BGW-17,2,11,2019-09-08,83.69,1599.6,103.87,60.28,0.367,4714.5,100.0,False
BGW-17,2,12,2019-09-09,80.46,1713.1,105.37,64.11,0.378,4771.9,99.7,False
BGW-17,2,13,2019-09-10,78.29,2018.5,104.75,67.45,0.392,4752.3,97.8,False
BGW-17,2,14,2019-09-11,76.28,2387.4,95.2,60.56,0.389,4763.0,100.0,False
BGW-17,2,15,2019-09-12,73.08,2733.3,85.61,52.18,0.379,4660.0,96.5,False
BGW-17,2,16,2019-09-13,71.56,3023.6,78.91,48.86,0.382,4706.6,100.0,False
BGW-17,2,17,2019-09-14,69.85,2932.6,83.83,58.76,0.412,4685.5,96.9,False
BGW-17,2,18,2019-09-15,67.6,3520.0,79.6,50.92,0.39,4688.7,100.0,False
BGW-17,2,19,2019-09-16,65.91,3942.4,71.28,46.77,0.396,4742.1,98.4,False
BGW-17,2,20,2019-09-17,64.28,4235.6,65.46,43.05,0.397,4684.9,99.8,False
BGW-17,2,21,2019-09-18,62.7,4300.2,70.72,50.41,0.416,4627.6,99.1,False
BGW-17,2,22,2019-09-19,61.99,4716.8,64.76,47.48,0.423,4615.3,99.2,False
BGW-17,2,23,2019-09-20,60.58,4915.3,60.44,41.44,0.407,4622.4,100.0,False
BGW-17,2,24,2019-09-21,59.28,5439.8,61.57,41.84,0.405,4604.8,100.0,False
BGW-17,2,25,2019-09-22,58.46,5261.9,58.57,43.04,0.424,4606.3,100.0,False
BGW-17,2,26,2019-09-23,57.82,5779.7,60.06,44.31,0.425,4624.6,100.0,False
BGW-17,2,27,2019-09-24,56.68,6093.8,59.1,45.8,0.437,4633.4,92.3,False
BGW-17,2,28,2019-09-25,56.0,6383.5,50.59,37.04,0.423,4593.5,95.2,False
BGW-17,2,29,2019-09-26,55.62,6530.0,59.3,43.8,0.425,4640.0,97.4,False
BGW-17,2,30,2019-09-27,54.26,6962.3,52.84,36.7,0.41,4549.4,96.7,False
BGW-17,2,31,2019-09-28,54.42,6674.9,51.35,37.15,0.42,4558.6,97.6,False
BGW-17,2,32,2019-09-29,53.55,7098.7,54.23,43.63,0.446,4604.8,94.7,False
BGW-17,2,33,2019-09-30,53.36,7279.5,52.02,43.25,0.454,4529.6,98.5,False
BGW-17,2,34,2019-10-01,52.79,7251.1,49.9,38.35,0.435,4535.4,100.0,False
BGW-17,2,35,2019-10-02,52.12,7690.1,44.5,37.72,0.459,4545.8,100.0,False
BGW-17,2,36,2019-10-03,51.56,7949.8,45.64,37.45,0.451,4514.9,95.3,False
BGW-17,2,37,2019-10-04,51.76,7868.9,51.42,42.93,0.455,4525.6,96.0,False
BGW-17,2,38,2019-10-05,50.97,8260.1,45.99,36.99,0.446,4549.4,89.5,False
BGW-17,2,39,2019-10-06,50.92,7810.4,47.43,41.78,0.468,4468.3,98.7,False
BGW-17,2,40,2019-10-07,50.07,8706.2,48.29,40.73,0.458,4490.5,89.2,False
BGW-17,2,41,2019-10-08,50.72,8425.5,41.64,35.16,0.458,4505.3,88.0,False
BGW-17,2,42,2019-10-09,49.75,8706.7,47.82,41.25,0.463,4485.6,87.9,False
BGW-17,2,43,2019-10-10,49.72,9137.2,37.89,34.07,0.473,4491.0,81.1,False
BGW-17,2,44,2019-10-11,49.47,8955.5,43.0,38.05,0.469,4448.8,90.3,False
BGW-17,2,45,2019-10-12,49.77,8443.1,42.55,39.44,0.481,4439.5,87.6,False
BGW-17,2,46,2019-10-13,49.08,9564.1,40.94,40.92,0.5,4447.8,78.9,False
BGW-17,2,47,2019-10-14,48.19,9121.0,40.76,35.9,0.468,4460.2,81.9,False
BGW-17,2,48,2019-10-15,48.76,9292.8,44.94,42.77,0.488,4415.6,80.0,False
BGW-17,2,49,2019-10-16,48.71,9242.7,44.43,43.66,0.496,4443.6,85.3,False
BGW-17,2,50,2019-10-17,48.96,8925.0,41.45,38.92,0.484,4430.6,83.4,False
BGW-17,2,51,2019-10-18,48.18,9158.3,42.32,38.93,0.479,4396.8,87.1,False
BGW-17,2,52,2019-10-19,48.53,9759.3,36.95,37.48,0.504,4432.2,75.4,False
BGW-17,2,53,2019-10-20,48.63,9780.8,37.15,37.24,0.501,4387.9,72.2,False
BGW-17,2,54,2019-10-21,48.32,9871.0,39.58,40.84,0.508,4383.5,74.9,False
BGW-17,2,55,2019-10-22,48.49,9797.7,38.31,41.37,0.519,4392.7,72.9,False
BGW-17,2,56,2019-10-23,48.28,9197.2,43.72,44.61,0.505,4381.6,80.2,False
BGW-17,2,57,2019-10-24,48.16,10051.9,40.47,42.69,0.513,4326.8,72.5,False
BGW-17,2,58,2019-10-25,47.55,10029.1,38.06,40.66,0.516,4363.2,73.3,False
BGW-17,2,59,2019-10-26,47.74,10959.9,35.42,39.96,0.53,4360.6,56.8,True
BGW-17,2,60,2019-10-27,47.56,10893.7,34.81,38.11,0.523,4322.3,59.1,True
BGW-17,2,61,2019-10-28,47.68,10136.4,38.64,41.89,0.52,4379.3,68.7,False
BGW-17,2,62,2019-10-29,48.14,9702.0,37.99,45.62,0.546,4345.3,83.5,False
BGW-17,2,63,2019-10-30,47.84,9953.2,33.94,39.12,0.535,4302.0,76.7,False
BGW-17,2,64,2019-10-31,47.02,10626.5,32.45,35.04,0.519,4256.5,59.8,True
BGW-17,2,65,2019-11-01,47.86,9947.2,40.12,48.11,0.545,4289.2,78.9,False
BGW-17,2,66,2019-11-02,47.61,9532.1,36.14,45.12,0.555,4293.4,77.5,False
BGW-17,2,67,2019-11-03,47.47,10173.4,35.78,45.04,0.557,4286.2,67.9,False
BGW-17,2,68,2019-11-04,47.47,9752.0,35.17,43.79,0.555,4367.6,72.5,False
BGW-17,2,69,2019-11-05,47.91,9932.3,36.57,46.1,0.558,4279.2,74.6,False
BGW-17,2,70,2019-11-06,48.22,9414.7,35.43,43.96,0.554,4328.6,80.9,False
BGW-17,2,71,2019-11-07,47.37,10409.0,35.22,43.94,0.555,4273.1,71.0,False
BGW-17,2,72,2019-11-08,47.65,9894.4,34.15,42.68,0.556,4285.7,74.2,False
BGW-17,2,73,2019-11-09,47.96,9902.4,38.33,50.44,0.568,4247.7,71.2,False
BGW-17,2,74,2019-11-10,47.55,10416.9,33.25,42.56,0.561,4230.1,66.2,False
BGW-17,2,75,2019-11-11,47.39,10957.1,32.54,40.02,0.552,4252.5,55.7,True
BGW-17,2,76,2019-11-12,47.12,10430.6,32.57,43.08,0.569,4199.3,66.0,False
BGW-17,2,77,2019-11-13,47.64,10553.9,34.52,50.59,0.594,4205.6,61.6,True
BGW-17,2,78,2019-11-14,47.15,10596.0,31.21,43.74,0.584,4226.3,60.7,True
BGW-17,2,79,2019-11-15,47.59,9598.6,33.8,49.01,0.592,4153.0,81.0,False
BGW-17,2,80,2019-11-16,47.35,10454.5,33.11,49.12,0.597,4175.3,65.1,False
BGW-17,2,81,2019-11-17,47.03,10476.3,32.52,47.71,0.595,4174.7,65.4,False
BGW-17,2,82,2019-11-18,47.29,9904.6,35.41,52.31,0.596,4142.6,75.3,False
BGW-17,2,83,2019-11-19,47.69,9295.4,35.67,52.17,0.594,4158.8,82.6,False
BGW-17,2,84,2019-11-20,47.24,10561.1,32.53,48.32,0.598,4223.0,66.4,False
BGW-17,2,85,2019-11-21,46.73,11139.2,32.44,49.03,0.602,4183.7,55.0,True
BGW-17,2,86,2019-11-22,46.86,11132.7,30.75,49.37,0.616,4113.1,56.8,True
BGW-17,2,87,2019-11-23,47.17,10011.2,32.44,53.24,0.621,4138.2,70.4,False
BGW-17,2,88,2019-11-24,47.67,10116.8,34.44,54.57,0.613,4122.9,73.9,False
BGW-17,2,89,2019-11-25,47.36,10964.1,30.89,49.27,0.615,4147.9,58.8,True
BGW-17,3,0,2019-12-15,140.01,176.1,315.11,171.46,0.352,4833.6,96.5,False
BGW-17,3,1,2019-12-16,135.56,200.1,277.24,152.12,0.354,4799.7,96.3,False
BGW-17,3,2,2019-12-17,129.69,237.2,271.1,139.53,0.34,4792.2,99.9,False
BGW-17,3,3,2019-12-18,125.51,266.4,263.78,139.26,0.346,4793.5,99.4,False
BGW-17,3,4,2019-12-19,121.46,357.1,250.65,136.9,0.353,4830.1,100.0,False
BGW-17,3,5,2019-12-20,117.66,383.4,221.61,126.06,0.363,4826.3,98.3,False
BGW-17,3,6,2019-12-21,113.47,446.1,182.5,99.91,0.354,4801.1,99.0,False
BGW-17,3,7,2019-12-22,110.32,514.7,180.88,99.38,0.355,4786.8,100.0,False
BGW-17,3,8,2019-12-23,105.37,635.7,169.19,89.5,0.346,4771.7,100.0,False
BGW-17,3,9,2019-12-24,102.68,739.5,158.19,91.17,0.366,4755.3,97.8,False
BGW-17,3,10,2019-12-25,99.95,782.3,148.05,86.69,0.369,4739.9,100.0,False
BGW-17,3,11,2019-12-26,97.05,914.0,136.11,81.56,0.375,4776.6,97.7,False
BGW-17,3,12,2019-12-27,93.82,960.7,139.99,84.87,0.377,4729.6,100.0,False
BGW-17,3,13,2019-12-28,91.53,1093.2,119.15,71.09,0.374,4719.5,100.0,False
BGW-17,3,14,2019-12-29,89.27,1221.2,111.41,65.25,0.369,4706.9,100.0,False
BGW-17,3,15,2019-12-30,86.89,1386.4,108.34,67.05,0.382,4721.3,98.9,False
BGW-17,3,16,2019-12-31,84.66,1460.7,119.95,77.12,0.391,4648.9,100.0,False
BGW-17,3,17,2020-01-01,82.31,1710.0,101.37,64.83,0.39,4724.3,97.1,False
BGW-17,3,18,2020-01-02,80.93,1776.8,101.42,65.91,0.394,4671.5,97.9,False
BGW-17,3,19,2020-01-03,79.12,1910.6,96.79,63.37,0.396,4659.5,100.0,False
BGW-17,3,20,2020-01-04,77.6,2039.5,90.63,66.44,0.423,4669.8,96.8,False
BGW-17,3,21,2020-01-05,75.79,2140.1,91.93,58.91,0.391,4724.0,100.0,False
BGW-17,3,22,2020-01-06,73.22,2572.3,81.77,54.26,0.399,4687.8,95.4,False
BGW-17,3,23,2020-01-07,72.51,2480.4,80.34,55.02,0.406,4649.4,95.3,False
BGW-17,3,24,2020-01-08,71.13,2888.0,87.0,59.35,0.406,4622.9,98.6,False
BGW-17,3,25,2020-01-09,70.0,3118.8,71.52,54.49,0.432,4656.3,97.3,False
BGW-17,3,26,2020-01-10,68.73,3277.2,72.45,52.0,0.418,4638.4,100.0,False
BGW-17,3,27,2020-01-11,67.53,3526.2,72.23,56.31,0.438,4615.8,98.2,False
BGW-17,3,28,2020-01-12,66.04,4078.1,69.1,53.65,0.437,4604.8,100.0,False
BGW-17,3,29,2020-01-13,65.96,3898.9,66.16,49.35,0.427,4582.2,100.0,False
BGW-17,3,30,2020-01-14,64.06,3853.9,59.5,49.22,0.453,4581.3,98.5,False
BGW-17,3,31,2020-01-15,63.25,4392.6,65.72,52.96,0.446,4574.3,100.0,False
BGW-17,3,32,2020-01-16,62.72,4360.0,66.31,48.72,0.424,4547.5,100.0,False
BGW-17,3,33,2020-01-17,61.07,4546.4,62.14,53.97,0.465,4562.9,99.4,False
BGW-17,3,34,2020-01-18,60.94,4711.1,59.79,47.26,0.441,4560.5,100.0,False
BGW-17,3,35,2020-01-19,60.19,4876.2,55.76,46.47,0.455,4581.0,100.0,False
BGW-17,3,36,2020-01-20,58.99,5327.4,53.08,42.73,0.446,4533.5,95.7,False
BGW-17,3,37,2020-01-21,58.98,5169.4,54.5,45.01,0.452,4557.1,99.4,False
BGW-17,3,38,2020-01-22,57.57,5221.3,56.52,50.91,0.474,4537.9,99.4,False
BGW-17,3,39,2020-01-23,57.34,6020.4,52.12,44.26,0.459,4552.2,100.0,False
BGW-17,3,40,2020-01-24,56.59,5924.6,51.35,42.31,0.452,4506.2,98.3,False
BGW-17,3,41,2020-01-25,56.03,6400.9,46.89,39.01,0.454,4558.8,100.0,False
BGW-17,3,42,2020-01-26,55.84,6130.3,48.77,42.42,0.465,4509.2,100.0,False
BGW-17,3,43,2020-01-27,54.91,6763.1,52.95,49.62,0.484,4509.7,100.0,False
BGW-17,3,44,2020-01-28,54.45,6619.9,53.91,48.1,0.472,4495.8,94.3,False
BGW-17,3,45,2020-01-29,54.73,6711.9,50.22,44.48,0.47,4415.3,98.6,False
BGW-17,3,46,2020-01-30,53.69,7552.4,39.26,35.82,0.477,4479.4,98.4,False
BGW-17,3,47,2020-01-31,52.99,7187.9,45.64,43.5,0.488,4403.8,100.0,False
BGW-17,3,48,2020-02-01,53.17,7112.7,48.04,45.14,0.484,4425.5,100.0,False
BGW-17,3,49,2020-02-02,52.76,7346.9,45.63,45.33,0.498,4425.5,98.7,False
BGW-17,3,50,2020-02-03,52.72,7243.3,47.56,45.54,0.489,4374.2,97.3,False
BGW-17,3,51,2020-02-04,51.98,7774.4,44.35,43.14,0.493,4414.9,93.9,False
BGW-17,3,52,2020-02-05,51.56,7627.8,47.15,46.69,0.498,4455.2,100.0,False
BGW-17,3,53,2020-02-06,51.73,8250.9,43.82,42.85,0.494,4381.7,92.2,False
BGW-17,3,54,2020-02-07,51.67,8288.0,39.85,39.19,0.496,4371.7,91.1,False
BGW-17,3,55,2020-02-08,51.18,8307.1,45.23,45.7,0.503,4399.2,90.3,False
BGW-17,3,56,2020-02-09,51.0,7767.4,41.51,42.71,0.507,4413.2,100.0,False
BGW-17,3,57,2020-02-10,50.48,8252.3,43.94,45.54,0.509,4366.1,93.6,False
BGW-17,3,58,2020-02-11,50.61,8312.0,44.14,44.33,0.501,4394.4,90.7,False
BGW-17,3,59,2020-02-12,50.34,8538.3,43.1,47.46,0.524,4391.3,91.7,False
BGW-17,3,60,2020-02-13,49.79,8686.1,38.95,43.16,0.526,4272.1,90.5,False
BGW-17,3,61,2020-02-14,49.57,8240.2,39.49,43.76,0.526,4299.0,97.4,False
BGW-17,3,62,2020-02-15,50.59,8620.3,41.39,47.66,0.535,4312.2,83.8,False
BGW-17,3,63,2020-02-16,49.41,9256.0,37.19,41.74,0.529,4364.5,78.6,False
BGW-17,3,64,2020-02-17,49.39,8640.9,40.77,46.59,0.533,4322.8,92.0,False
BGW-17,3,65,2020-02-18,49.52,9285.5,39.39,47.15,0.545,4295.7,82.3,False
BGW-17,3,66,2020-02-19,48.94,9195.0,34.79,39.64,0.533,4336.4,80.1,False
BGW-17,3,67,2020-02-20,49.14,9825.6,38.17,42.47,0.527,4320.8,77.3,False
BGW-17,3,68,2020-02-21,48.56,9742.3,40.03,44.16,0.525,4310.0,71.6,False
BGW-17,3,69,2020-02-22,48.91,9849.8,38.72,48.76,0.557,4249.3,77.1,False
BGW-17,3,70,2020-02-23,48.77,10118.7,35.75,46.07,0.563,4242.8,69.8,False
BGW-17,3,71,2020-02-24,48.47,9735.5,39.26,49.97,0.56,4223.3,75.7,False
BGW-17,3,72,2020-02-25,48.67,9480.8,35.42,45.53,0.562,4237.9,75.9,False
BGW-17,3,73,2020-02-26,48.82,9952.4,38.98,49.56,0.56,4260.8,74.0,False
BGW-17,3,74,2020-02-27,48.69,9451.6,39.2,49.5,0.558,4244.4,74.9,False
BGW-17,3,75,2020-02-28,48.33,10363.6,34.45,47.1,0.578,4183.8,69.0,False
BGW-17,3,76,2020-02-29,48.53,9247.0,41.45,53.25,0.562,4152.2,78.0,False
BGW-17,3,77,2020-03-01,48.05,10040.7,33.64,46.14,0.578,4180.4,72.2,False
BGW-17,3,78,2020-03-02,48.18,9324.2,37.92,47.87,0.558,4180.0,82.0,False
BGW-17,3,79,2020-03-03,48.19,9859.3,35.63,53.4,0.6,4152.5,72.3,False
BGW-17,3,80,2020-03-04,48.75,9514.8,36.01,55.08,0.605,4183.2,73.7,False
BGW-17,3,81,2020-03-05,47.72,9901.8,32.62,46.21,0.586,4176.8,73.1,False
BGW-17,3,82,2020-03-06,47.31,10498.8,33.71,53.77,0.615,4150.8,64.6,True
BGW-17,3,83,2020-03-07,47.99,9322.2,37.88,52.75,0.582,4187.3,77.4,False
BGW-17,3,84,2020-03-08,47.98,9900.2,32.46,49.64,0.605,4103.8,70.2,False
BGW-17,3,85,2020-03-09,47.98,9738.3,34.42,52.63,0.605,4095.0,74.2,False
BGW-17,3,86,2020-03-10,47.73,10081.8,34.52,51.6,0.599,4189.2,78.3,False
BGW-17,3,87,2020-03-11,47.43,9597.5,37.14,59.23,0.615,4118.0,81.3,False
BGW-17,3,88,2020-03-12,47.7,9294.3,35.33,53.12,0.601,4151.0,78.1,False
BGW-17,3,89,2020-03-13,47.67,10334.3,33.31,53.3,0.615,4085.6,64.2,True
BGW-17,4,0,2020-04-02,132.66,216.9,260.94,136.98,0.344,4823.0,94.8,False
BGW-17,4,1,2020-04-03,126.69,265.0,227.93,121.09,0.347,4866.2,100.0,False
BGW-17,4,2,2020-04-04,121.66,320.5,258.59,134.02,0.341,4816.4,97.8,False
BGW-17,4,3,2020-04-05,116.34,402.8,181.75,94.6,0.342,4781.2,100.0,False
BGW-17,4,4,2020-04-06,111.27,486.1,190.94,109.07,0.364,4818.8,100.0,False
BGW-17,4,5,2020-04-07,106.5,594.8,178.32,101.39,0.362,4798.9,100.0,False
BGW-17,4,6,2020-04-08,102.69,657.3,176.68,95.34,0.35,4773.0,100.0,False
BGW-17,4,7,2020-04-09,98.48,841.6,145.81,84.32,0.366,4792.5,98.1,False
BGW-17,4,8,2020-04-10,95.21,952.8,143.12,74.56,0.343,4838.8,100.0,False
BGW-17,4,9,2020-04-11,92.47,1086.8,132.3,74.89,0.361,4755.0,100.0,False
BGW-17,4,10,2020-04-12,88.71,1296.1,113.14,62.11,0.354,4750.6,100.0,False
BGW-17,4,11,2020-04-13,86.17,1375.3,100.91,58.3,0.366,4712.6,97.3,False
BGW-17,4,12,2020-04-14,83.1,1657.5,93.93,59.49,0.388,4723.9,96.2,False
BGW-17,4,13,2020-04-15,80.75,1775.1,99.64,61.3,0.381,4656.0,99.5,False
BGW-17,4,14,2020-04-16,78.55,2149.2,86.15,55.44,0.392,4748.8,97.5,False
BGW-17,4,15,2020-04-17,76.42,2176.0,84.87,55.27,0.394,4674.3,100.0,False
BGW-17,4,16,2020-04-18,73.79,2569.2,77.13,49.58,0.391,4667.1,100.0,False
BGW-17,4,17,2020-04-19,72.06,2914.9,73.72,50.0,0.404,4702.3,100.0,False
BGW-17,4,18,2020-04-20,70.36,2988.1,72.92,48.14,0.398,4712.0,100.0,False
BGW-17,4,19,2020-04-21,68.39,3442.2,69.7,45.36,0.394,4647.5,100.0,False
BGW-17,4,20,2020-04-22,67.17,3641.7,66.68,48.01,0.419,4679.7,97.9,False
BGW-17,4,21,2020-04-23,66.18,3732.1,67.12,46.75,0.411,4604.6,100.0,False
BGW-17,4,22,2020-04-24,65.01,3546.0,61.76,41.5,0.402,4648.2,100.0,False
BGW-17,4,23,2020-04-25,64.09,3868.1,59.41,37.89,0.389,4627.8,96.6,False
BGW-17,4,24,2020-04-26,62.83,4552.0,58.89,41.24,0.412,4676.9,100.0,False
BGW-17,4,25,2020-04-27,61.14,4667.4,55.81,37.3,0.401,4613.2,100.0,False
BGW-17,4,26,2020-04-28,60.26,5296.9,52.24,39.99,0.434,4639.5,94.8,False
BGW-17,4,27,2020-04-29,59.3,4937.8,51.63,38.22,0.425,4626.1,97.1,False
BGW-17,4,28,2020-04-30,58.36,5184.9,55.71,42.01,0.43,4626.1,94.6,False
BGW-17,4,29,2020-05-01,57.82,5595.3,50.01,39.83,0.443,4640.1,100.0,False
BGW-17,4,30,2020-05-02,57.19,5945.9,47.48,36.48,0.435,4592.8,100.0,False
BGW-17,4,31,2020-05-03,56.94,6218.9,45.2,34.25,0.431,4536.5,100.0,False
BGW-17,4,32,2020-05-04,55.68,6157.6,47.84,36.05,0.43,4559.0,100.0,False
BGW-17,4,33,2020-05-05,55.32,6141.0,46.66,35.08,0.429,4543.0,100.0,False
BGW-17,4,34,2020-05-06,54.54,6899.9,43.19,32.97,0.433,4500.2,100.0,False
BGW-17,4,35,2020-05-07,54.45,6799.0,41.53,33.34,0.445,4525.6,100.0,False
BGW-17,4,36,2020-05-08,52.99,7375.3,44.58,36.96,0.453,4570.8,100.0,False
BGW-17,4,37,2020-05-09,53.6,6434.0,42.07,35.21,0.456,4487.6,100.0,False
BGW-17,4,38,2020-05-10,52.47,8170.7,39.81,33.79,0.459,4528.8,99.0,False
BGW-17,4,39,2020-05-11,52.55,7767.0,40.34,33.82,0.456,4517.7,100.0,False
BGW-17,4,40,2020-05-12,51.65,8334.7,34.31,31.51,0.479,4510.1,91.2,False
BGW-17,4,41,2020-05-13,51.65,8421.8,39.45,34.38,0.466,4480.4,87.8,False
BGW-17,4,42,2020-05-14,51.5,8122.1,42.84,36.61,0.461,4502.8,90.8,False
BGW-17,4,43,2020-05-15,50.99,7895.0,38.51,35.41,0.479,4451.6,92.9,False
BGW-17,4,44,2020-05-16,50.53,8263.9,40.08,35.46,0.469,4446.4,97.4,False
BGW-17,4,45,2020-05-17,50.61,8451.3,37.91,31.43,0.453,4464.6,87.0,False
BGW-17,4,46,2020-05-18,49.67,7938.3,36.27,34.07,0.484,4424.8,97.8,False
BGW-17,4,47,2020-05-19,49.98,8916.8,39.08,38.58,0.497,4437.3,87.6,False
BGW-17,4,48,2020-05-20,49.83,8870.5,36.0,32.33,0.473,4458.4,89.7,False
BGW-17,4,49,2020-05-21,49.91,9037.7,35.1,31.75,0.475,4458.0,85.7,False
BGW-17,4,50,2020-05-22,49.56,9785.1,33.55,32.21,0.49,4414.4,75.2,False
BGW-17,4,51,2020-05-23,49.24,9528.1,33.55,32.25,0.49,4381.7,79.4,False
BGW-17,4,52,2020-05-24,49.13,9148.7,36.1,37.12,0.507,4410.6,81.6,False
BGW-17,4,53,2020-05-25,49.01,9151.6,37.07,38.12,0.507,4378.9,85.9,False
BGW-17,4,54,2020-05-26,49.26,9176.3,35.69,33.73,0.486,4410.3,86.7,False
BGW-17,4,55,2020-05-27,49.32,9515.0,30.49,33.46,0.523,4408.3,78.4,False
BGW-17,4,56,2020-05-28,48.81,9331.9,33.15,35.63,0.518,4381.9,77.5,False
BGW-17,4,57,2020-05-29,48.96,8846.4,34.01,37.68,0.526,4315.7,83.2,False
BGW-17,4,58,2020-05-30,47.85,9713.0,35.78,37.13,0.509,4366.5,74.6,False
BGW-17,4,59,2020-05-31,48.68,9766.7,32.37,35.91,0.526,4307.5,78.0,False
BGW-17,4,60,2020-06-01,48.15,9271.2,31.92,35.92,0.529,4418.1,77.1,False
BGW-17,4,61,2020-06-02,48.38,9378.2,32.54,34.29,0.513,4329.2,75.0,False
BGW-17,4,62,2020-06-03,48.5,9012.7,35.19,39.22,0.527,4334.9,84.4,False
BGW-17,4,63,2020-06-04,48.27,10093.5,31.1,36.08,0.537,4349.1,74.9,False
BGW-17,4,64,2020-06-05,47.85,9817.9,30.09,37.24,0.553,4274.5,75.1,False
BGW-17,4,65,2020-06-06,47.66,9940.5,33.45,38.64,0.536,4287.1,74.6,False
BGW-17,4,66,2020-06-07,48.05,10304.1,31.89,34.05,0.516,4268.7,68.0,False
BGW-17,4,67,2020-06-08,48.01,9833.7,33.84,39.82,0.541,4288.7,74.3,False
BGW-17,4,68,2020-06-09,47.98,9450.7,29.86,35.24,0.541,4315.5,80.3,False
BGW-17,4,69,2020-06-10,47.69,10227.8,31.03,37.83,0.549,4299.2,69.1,False
BGW-17,4,70,2020-06-11,48.25,10063.7,32.16,43.22,0.573,4289.3,69.2,False
BGW-17,4,71,2020-06-12,48.07,10145.9,29.14,35.33,0.548,4272.7,75.3,False
BGW-17,4,72,2020-06-13,47.69,9995.0,32.41,42.73,0.569,4279.5,71.6,False
BGW-17,4,73,2020-06-14,47.62,10384.4,31.51,42.5,0.574,4259.5,62.4,True
BGW-17,4,74,2020-06-15,47.98,9546.5,33.46,44.56,0.571,4264.8,80.3,False
BGW-17,4,75,2020-06-16,47.1,10750.2,29.46,38.02,0.563,4171.2,68.1,False
BGW-17,4,76,2020-06-17,47.29,10828.7,29.99,39.04,0.566,4215.1,60.2,True
BGW-17,4,77,2020-06-18,47.57,9919.6,29.41,39.93,0.576,4202.1,72.4,False
BGW-17,4,78,2020-06-19,47.11,10365.0,28.85,38.06,0.569,4243.0,69.0,False
BGW-17,4,79,2020-06-20,47.46,10345.7,30.25,41.92,0.581,4130.5,71.1,False
BGW-17,4,80,2020-06-21,47.21,9872.5,31.33,45.18,0.591,4162.2,70.3,False
BGW-17,4,81,2020-06-22,46.99,10584.8,28.53,39.89,0.583,4182.5,62.9,True
BGW-17,4,82,2020-06-23,48.16,9622.9,30.93,44.0,0.587,4193.4,79.8,False
BGW-17,4,83,2020-06-24,47.36,10493.3,29.82,43.6,0.594,4187.2,66.1,False
BGW-17,4,84,2020-06-25,47.84,9410.7,27.41,42.92,0.61,4196.5,77.8,False
BGW-17,4,85,2020-06-26,47.14,10167.1,29.68,45.75,0.607,4169.0,67.1,False
BGW-17,4,86,2020-06-27,47.12,10548.6,27.73,41.67,0.6,4093.0,64.1,True
BGW-17,4,87,2020-06-28,47.12,10659.4,28.04,41.51,0.597,4146.1,68.0,False
BGW-17,4,88,2020-06-29,47.49,9743.5,30.97,49.08,0.613,4108.7,80.1,False
BGW-17,4,89,2020-06-30,46.75,10209.4,29.14,43.73,0.6,4097.9,74.5,False
BGW-17,5,0,2020-07-24,143.39,138.6,312.99,168.32,0.35,4781.9,100.0,False
BGW-17,5,1,2020-07-25,138.9,154.3,309.68,164.98,0.348,4853.8,98.4,False
BGW-17,5,2,2020-07-26,133.47,210.0,275.83,152.31,0.356,4774.9,99.8,False
BGW-17,5,3,2020-07-27,129.04,262.7,251.21,137.92,0.354,4772.6,100.0,False
BGW-17,5,4,2020-07-28,124.26,301.6,237.03,141.35,0.374,4792.0,100.0,False
BGW-17,5,5,2020-07-29,120.53,333.6,204.75,120.2,0.37,4884.5,100.0,False
BGW-17,5,6,2020-07-30,116.28,407.6,195.61,107.09,0.354,4726.3,100.0,False
BGW-17,5,7,2020-07-31,112.76,487.1,173.06,97.47,0.36,4743.8,100.0,False
BGW-17,5,8,2020-08-01,109.39,503.5,195.18,120.34,0.381,4685.7,99.0,False
BGW-17,5,9,2020-08-02,106.15,617.5,170.94,102.71,0.375,4753.5,100.0,False
BGW-17,5,10,2020-08-03,102.64,686.0,156.11,96.12,0.381,4742.1,97.8,False
BGW-17,5,11,2020-08-04,99.94,743.8,141.09,87.75,0.383,4752.1,96.4,False
BGW-17,5,12,2020-08-05,97.27,909.0,155.11,100.48,0.393,4729.5,98.2,False
BGW-17,5,13,2020-08-06,94.55,963.5,134.78,88.14,0.395,4757.7,100.0,False
BGW-17,5,14,2020-08-07,91.61,1120.2,114.71,75.55,0.397,4680.6,99.7,False
BGW-17,5,15,2020-08-08,89.49,1230.6,111.85,68.57,0.38,4738.9,99.1,False
BGW-17,5,16,2020-08-09,86.72,1393.6,110.79,74.65,0.403,4746.6,100.0,False
BGW-17,5,17,2020-08-10,85.31,1389.8,113.75,75.76,0.4,4681.3,98.2,False
BGW-17,5,18,2020-08-11,82.45,1714.4,100.71,64.92,0.392,4674.2,97.2,False
BGW-17,5,19,2020-08-12,81.39,1761.2,97.78,62.08,0.388,4655.7,99.2,False
BGW-17,5,20,2020-08-13,79.38,1969.6,91.72,66.46,0.42,4620.9,98.4,False
BGW-17,5,21,2020-08-14,77.66,2034.6,109.37,73.44,0.402,4664.1,95.5,False
BGW-17,5,22,2020-08-15,76.04,2146.6,90.95,64.42,0.415,4646.8,100.0,False
BGW-17,5,23,2020-08-16,74.44,2370.6,79.88,59.48,0.427,4616.0,100.0,False
BGW-17,5,24,2020-08-17,72.92,2508.1,86.38,58.75,0.405,4651.6,100.0,False
BGW-17,5,25,2020-08-18,71.67,2940.4,75.6,54.29,0.418,4557.4,96.3,False
BGW-17,5,26,2020-08-19,70.73,2846.7,81.95,58.72,0.417,4628.8,99.7,False
BGW-17,5,27,2020-08-20,69.02,2980.8,72.15,51.07,0.414,4648.1,99.9,False
BGW-17,5,28,2020-08-21,67.79,3369.4,72.09,51.99,0.419,4639.5,100.0,False
BGW-17,5,29,2020-08-22,67.02,3511.1,66.69,50.06,0.429,4580.9,97.7,False
BGW-17,5,30,2020-08-23,65.81,3710.4,71.13,53.02,0.427,4576.5,100.0,False
BGW-17,5,31,2020-08-24,64.58,4083.9,65.92,49.72,0.43,4616.0,90.6,False
BGW-17,5,32,2020-08-25,64.15,4269.2,66.9,52.37,0.439,4520.5,98.8,False
BGW-17,5,33,2020-08-26,63.07,4235.8,60.33,45.21,0.428,4525.9,96.9,False
BGW-17,5,34,2020-08-27,62.48,4649.7,57.85,48.72,0.457,4602.2,100.0,False
BGW-17,5,35,2020-08-28,61.56,4785.6,59.68,47.03,0.441,4556.3,96.0,False
BGW-17,5,36,2020-08-29,60.6,5447.5,57.72,45.82,0.443,4531.0,99.7,False
BGW-17,5,37,2020-08-30,59.9,4834.7,60.64,49.61,0.45,4515.9,100.0,False
BGW-17,5,38,2020-08-31,59.11,5440.4,49.52,43.35,0.467,4569.5,100.0,False
BGW-17,5,39,2020-09-01,58.38,5592.5,52.78,42.33,0.445,4474.2,100.0,False
BGW-17,5,40,2020-09-02,58.16,5776.7,56.47,49.7,0.468,4504.2,98.8,False
BGW-17,5,41,2020-09-03,57.44,6161.3,55.2,48.0,0.465,4486.3,100.0,False
BGW-17,5,42,2020-09-04,56.99,5871.9,52.59,44.93,0.461,4456.4,95.7,False
BGW-17,5,43,2020-09-05,56.51,5842.6,50.87,47.12,0.481,4456.3,100.0,False
BGW-17,5,44,2020-09-06,55.13,6378.7,50.16,46.61,0.482,4424.7,96.5,False
BGW-17,5,45,2020-09-07,55.11,6457.2,54.53,50.15,0.479,4502.6,100.0,False
BGW-17,5,46,2020-09-08,54.81,6729.3,48.65,46.19,0.487,4492.9,99.6,False
BGW-17,5,47,2020-09-09,54.86,6608.6,49.98,47.6,0.488,4480.4,100.0,False
BGW-17,5,48,2020-09-10,54.25,6755.3,45.03,43.65,0.492,4494.2,94.9,False
BGW-17,5,49,2020-09-11,53.15,7049.4,48.74,46.75,0.49,4416.8,100.0,False
BGW-17,5,50,2020-09-12,53.38,7455.5,43.24,41.6,0.49,4421.2,100.0,False
BGW-17,5,51,2020-09-13,53.3,7417.7,44.69,41.07,0.479,4393.6,100.0,False
BGW-17,5,52,2020-09-14,53.3,7044.1,46.19,47.19,0.505,4422.6,99.4,False
BGW-17,5,53,2020-09-15,52.38,8268.1,42.98,43.12,0.501,4439.1,93.2,False
BGW-17,5,54,2020-09-16,52.3,7758.0,40.41,43.17,0.517,4383.8,99.6,False
BGW-17,5,55,2020-09-17,52.01,8273.5,43.62,48.73,0.528,4331.2,95.1,False
BGW-17,5,56,2020-09-18,52.03,7288.2,47.13,51.01,0.52,4394.3,100.0,False
BGW-17,5,57,2020-09-19,51.5,8459.6,38.93,41.23,0.514,4360.1,89.6,False
BGW-17,5,58,2020-09-20,51.02,8324.8,42.85,48.68,0.532,4353.9,91.0,False
BGW-17,5,59,2020-09-21,50.12,9222.1,36.89,40.73,0.525,4386.6,82.1,False
BGW-17,5,60,2020-09-22,50.5,8712.2,43.6,48.24,0.525,4304.8,84.6,False
BGW-17,5,61,2020-09-23,51.02,8126.8,40.62,49.9,0.551,4375.1,96.9,False
BGW-17,5,62,2020-09-24,50.88,7830.8,44.84,53.85,0.546,4355.3,96.3,False
BGW-17,5,63,2020-09-25,50.5,8275.3,42.31,46.88,0.526,4329.5,100.0,False
BGW-17,5,64,2020-09-26,50.22,8105.3,41.37,49.99,0.547,4300.9,91.7,False
BGW-17,5,65,2020-09-27,49.68,8515.5,37.1,45.02,0.548,4255.0,85.8,False
BGW-17,5,66,2020-09-28,49.59,8983.4,39.69,45.14,0.532,4316.7,82.3,False
BGW-17,5,67,2020-09-29,49.88,9268.8,38.82,43.32,0.527,4330.0,78.1,False
BGW-17,5,68,2020-09-30,50.01,8725.1,38.31,44.42,0.537,4252.6,91.4,False
BGW-17,5,69,2020-10-01,49.94,8760.8,36.79,41.84,0.532,4272.5,85.9,False
BGW-17,5,70,2020-10-02,49.13,9199.8,40.18,50.96,0.559,4302.5,82.1,False
BGW-17,5,71,2020-10-03,48.84,9622.2,37.96,50.51,0.571,4234.2,72.4,False
BGW-17,5,72,2020-10-04,48.77,9572.6,36.98,47.96,0.565,4296.3,70.8,False
BGW-17,5,73,2020-10-05,48.98,9485.8,37.23,46.55,0.556,4246.4,79.7,False
BGW-17,5,74,2020-10-06,48.83,9542.7,36.11,44.38,0.551,4284.8,76.9,False
BGW-17,5,75,2020-10-07,48.56,9539.8,37.68,54.03,0.589,4191.2,76.7,False
BGW-17,5,76,2020-10-08,48.84,9053.6,37.29,50.87,0.577,4211.8,81.8,False
BGW-17,5,77,2020-10-09,48.8,9791.0,35.54,48.21,0.576,4215.4,71.2,False
BGW-17,5,78,2020-10-10,48.36,9640.3,38.14,49.68,0.566,4209.7,79.8,False
BGW-17,5,79,2020-10-11,48.4,9262.4,36.46,55.07,0.602,4137.1,73.1,False
BGW-17,5,80,2020-10-12,48.29,9779.4,36.72,52.29,0.587,4206.2,69.8,False
BGW-17,5,81,2020-10-13,48.22,10036.8,33.31,44.27,0.571,4194.4,70.3,False
BGW-17,5,82,2020-10-14,48.33,9636.3,33.9,48.31,0.588,4248.2,80.8,False
BGW-17,5,83,2020-10-15,48.28,10059.1,32.99,50.64,0.605,4125.6,70.3,False
BGW-17,5,84,2020-10-16,48.44,9600.2,37.23,56.59,0.603,4161.1,72.9,False
BGW-17,5,85,2020-10-17,47.78,10452.4,33.57,48.58,0.591,4182.5,60.7,True
BGW-17,5,86,2020-10-18,47.89,9768.3,35.04,50.87,0.592,4145.2,70.3,False
BGW-17,5,87,2020-10-19,47.67,9967.5,32.37,46.64,0.59,4134.4,67.5,False
BGW-17,5,88,2020-10-20,48.23,10067.4,33.57,55.06,0.621,4147.9,69.7,False
BGW-17,5,89,2020-10-21,47.72,9687.0,35.32,56.25,0.614,4070.6,77.7,False
BGW-17,6,0,2020-11-25,146.55,120.9,357.02,193.99,0.352,4846.4,100.0,False
BGW-17,6,1,2020-11-26,140.47,161.8,285.7,151.98,0.347,4834.8,100.0,False
BGW-17,6,2,2020-11-27,133.99,210.2,280.64,148.99,0.347,4806.4,100.0,False
BGW-17,6,3,2020-11-28,128.62,238.5,263.26,148.5,0.361,4815.3,100.0,False
BGW-17,6,4,2020-11-29,123.17,309.1,226.89,124.14,0.354,4791.7,97.3,False
BGW-17,6,5,2020-11-30,117.59,374.4,218.38,121.39,0.357,4831.8,100.0,False
BGW-17,6,6,2020-12-01,113.56,420.5,211.34,124.03,0.37,4767.9,100.0,False
BGW-17,6,7,2020-12-02,109.35,511.0,176.67,102.67,0.368,4798.3,97.1,False
BGW-17,6,8,2020-12-03,105.28,608.0,168.96,93.49,0.356,4819.6,97.0,False
BGW-17,6,9,2020-12-04,101.37,678.8,168.03,94.4,0.36,4803.7,100.0,False
BGW-17,6,10,2020-12-05,97.81,875.1,149.0,94.74,0.389,4735.6,100.0,False
BGW-17,6,11,2020-12-06,93.95,956.7,133.93,84.15,0.386,4710.5,100.0,False
BGW-17,6,12,2020-12-07,91.85,1050.0,125.78,72.34,0.365,4717.8,100.0,False
BGW-17,6,13,2020-12-08,88.99,1186.4,128.4,75.35,0.37,4730.8,100.0,False
BGW-17,6,14,2020-12-09,85.98,1389.8,112.82,72.11,0.39,4687.8,100.0,False
BGW-17,6,15,2020-12-10,83.27,1558.8,101.14,60.09,0.373,4699.3,97.8,False
BGW-17,6,16,2020-12-11,81.43,1810.2,97.8,64.84,0.399,4700.5,97.6,False
BGW-17,6,17,2020-12-12,78.9,2133.8,95.9,58.57,0.379,4729.2,100.0,False
BGW-17,6,18,2020-12-13,77.01,2063.2,95.72,62.96,0.397,4705.5,100.0,False
BGW-17,6,19,2020-12-14,75.32,2263.2,89.96,58.63,0.395,4713.2,100.0,False
BGW-17,6,20,2020-12-15,73.12,2602.3,87.13,55.5,0.389,4661.0,98.8,False
BGW-17,6,21,2020-12-16,71.32,2761.5,79.24,50.66,0.39,4621.7,100.0,False
BGW-17,6,22,2020-12-17,70.04,3059.4,82.33,54.89,0.4,4721.4,100.0,False
BGW-17,6,23,2020-12-18,68.28,3352.5,75.31,54.99,0.422,4593.5,100.0,False
BGW-17,6,24,2020-12-19,66.65,3642.5,75.22,53.68,0.416,4655.4,94.9,False
BGW-17,6,25,2020-12-20,66.15,3354.5,77.81,60.22,0.436,4628.2,100.0,False
BGW-17,6,26,2020-12-21,64.67,3954.5,70.91,51.73,0.422,4599.8,100.0,False
BGW-17,6,27,2020-12-22,63.14,4585.3,62.62,42.52,0.404,4601.5,100.0,False
BGW-17,6,28,2020-12-23,62.14,4453.6,64.94,46.9,0.419,4600.5,100.0,False
BGW-17,6,29,2020-12-24,60.93,4301.9,69.02,51.13,0.426,4570.6,100.0,False
BGW-17,6,30,2020-12-25,60.35,4969.3,64.15,49.31,0.435,4662.5,96.6,False
BGW-17,6,31,2020-12-26,59.59,4986.8,61.35,48.17,0.44,4593.2,100.0,False
BGW-17,6,32,2020-12-27,58.73,5625.0,59.66,48.11,0.446,4522.3,94.7,False
BGW-17,6,33,2020-12-28,57.67,5683.8,54.8,41.64,0.432,4540.1,100.0,False
BGW-17,6,34,2020-12-29,56.48,5796.8,54.43,43.18,0.442,4571.2,100.0,False
BGW-17,6,35,2020-12-30,55.94,6678.7,52.16,42.44,0.449,4524.6,100.0,False
BGW-17,6,36,2020-12-31,56.1,5779.9,59.31,49.09,0.453,4557.9,100.0,False
BGW-17,6,37,2021-01-01,55.22,6895.5,49.54,39.55,0.444,4492.7,100.0,False
BGW-17,6,38,2021-01-02,54.65,6833.8,53.16,44.66,0.457,4515.9,97.3,False
BGW-17,6,39,2021-01-03,54.12,6936.4,49.08,40.19,0.45,4462.8,96.7,False
BGW-17,6,40,2021-01-04,54.17,7144.0,46.77,41.39,0.469,4471.1,100.0,False
BGW-17,6,41,2021-01-05,53.09,7324.0,50.8,45.39,0.472,4515.6,98.4,False
BGW-17,6,42,2021-01-06,52.95,7211.5,51.38,45.65,0.471,4460.8,100.0,False
BGW-17,6,43,2021-01-07,52.46,7886.0,46.32,41.03,0.47,4491.6,93.8,False
BGW-17,6,44,2021-01-08,51.93,7974.2,44.25,39.69,0.473,4488.6,100.0,False
BGW-17,6,45,2021-01-09,51.82,8184.8,44.13,38.84,0.468,4502.6,92.4,False
BGW-17,6,46,2021-01-10,51.92,7708.9,45.95,43.3,0.485,4454.4,100.0,False
BGW-17,6,47,2021-01-11,51.73,8027.5,47.6,46.48,0.494,4452.6,95.9,False
BGW-17,6,48,2021-01-12,50.98,8405.8,47.26,47.29,0.5,4431.5,94.5,False
BGW-17,6,49,2021-01-13,50.62,8184.3,45.11,44.98,0.499,4431.9,91.8,False
BGW-17,6,50,2021-01-14,50.74,8293.5,43.87,44.6,0.504,4407.7,92.3,False
BGW-17,6,51,2021-01-15,50.35,8736.5,48.91,51.14,0.511,4389.3,96.6,False
BGW-17,6,52,2021-01-16,50.53,9044.9,42.4,41.56,0.495,4403.5,85.6,False
BGW-17,6,53,2021-01-17,49.58,8476.7,40.11,40.8,0.504,4375.9,92.1,False
BGW-17,6,54,2021-01-18,49.88,8987.3,42.74,44.8,0.512,4437.1,84.7,False
BGW-17,6,55,2021-01-19,49.75,8447.3,46.97,46.66,0.498,4465.6,90.3,False
BGW-17,6,56,2021-01-20,49.55,8692.3,42.86,45.73,0.516,4365.8,88.1,False
BGW-17,6,57,2021-01-21,48.87,8911.3,39.93,44.48,0.527,4377.6,81.3,False
BGW-17,6,58,2021-01-22,49.54,9228.5,43.74,45.73,0.511,4399.4,83.1,False
BGW-17,6,59,2021-01-23,49.27,9459.6,37.82,42.07,0.527,4352.3,79.9,False
BGW-17,6,60,2021-01-24,48.68,9609.1,37.79,40.72,0.519,4380.1,79.5,False
BGW-17,6,61,2021-01-25,48.89,9154.6,38.11,40.98,0.518,4346.6,85.9,False
BGW-17,6,62,2021-01-26,48.61,9537.3,40.82,43.99,0.519,4352.1,76.1,False
BGW-17,6,63,2021-01-27,48.61,9902.3,40.16,44.25,0.524,4330.8,63.2,True
BGW-17,6,64,2021-01-28,48.14,9935.4,41.63,45.94,0.525,4342.7,74.8,False
BGW-17,6,65,2021-01-29,48.47,9680.3,34.85,40.69,0.539,4340.0,75.8,False
BGW-17,6,66,2021-01-30,48.57,9306.5,35.56,39.3,0.525,4298.2,84.5,False
BGW-17,6,67,2021-01-31,47.77,9428.9,39.17,46.95,0.545,4290.0,83.8,False
BGW-17,6,68,2021-02-01,48.25,9656.8,39.78,51.57,0.565,4343.5,79.0,False
BGW-17,6,69,2021-02-02,48.23,9088.8,37.38,47.21,0.558,4276.4,82.1,False
BGW-17,6,70,2021-02-03,47.76,10537.9,39.46,48.35,0.551,4306.5,65.1,False
BGW-17,6,71,2021-02-04,48.26,9056.5,40.0,51.09,0.561,4233.9,83.8,False
BGW-17,6,72,2021-02-05,47.63,8850.6,37.6,44.0,0.539,4264.2,84.0,False
BGW-17,6,73,2021-02-06,47.49,10654.5,39.61,51.3,0.564,4195.6,66.2,False
BGW-17,6,74,2021-02-07,47.85,9356.0,34.56,42.64,0.552,4234.8,79.2,False
BGW-17,6,75,2021-02-08,47.73,9512.6,37.47,47.88,0.561,4220.9,78.2,False
BGW-17,6,76,2021-02-09,47.17,10015.4,37.36,51.45,0.579,4197.0,68.2,False
BGW-17,6,77,2021-02-10,47.53,10559.9,36.29,46.4,0.561,4250.0,67.0,False
BGW-17,6,78,2021-02-11,47.7,9678.3,38.14,52.41,0.579,4230.6,75.1,False
BGW-17,6,79,2021-02-12,47.6,10072.8,37.4,50.59,0.575,4205.5,67.8,False
BGW-17,6,80,2021-02-13,48.03,8941.2,38.82,54.34,0.583,4168.3,83.0,False
BGW-17,6,81,2021-02-14,47.81,10193.6,33.58,48.13,0.589,4200.6,73.9,False
BGW-17,6,82,2021-02-15,47.01,10656.9,32.52,47.01,0.591,4183.7,62.1,True
BGW-17,6,83,2021-02-16,47.28,9804.2,36.21,52.78,0.593,4147.7,76.9,False
BGW-17,6,84,2021-02-17,47.0,10672.2,36.89,52.91,0.589,4146.2,65.6,False
BGW-17,6,85,2021-02-18,48.02,9598.7,35.58,48.68,0.578,4131.4,81.5,False
BGW-17,6,86,2021-02-19,47.8,9659.5,35.3,51.46,0.593,4130.6,73.3,False
BGW-17,6,87,2021-02-20,47.35,10034.0,32.22,49.72,0.607,4121.2,65.8,False
BGW-17,6,88,2021-02-21,46.9,10831.9,35.73,56.56,0.613,4101.1,60.8,True
BGW-17,6,89,2021-02-22,47.28,10200.3,35.12,55.85,0.614,4135.1,63.6,True
BGW-17,7,0,2021-03-18,138.93,172.6,317.92,165.12,0.342,4839.6,93.9,False
BGW-17,7,1,2021-03-19,132.69,206.3,259.47,140.26,0.351,4853.9,96.7,False
BGW-17,7,2,2021-03-20,127.48,237.8,252.55,127.6,0.336,4795.5,100.0,False
BGW-17,7,3,2021-03-21,123.15,299.0,234.05,124.18,0.347,4773.4,100.0,False
BGW-17,7,4,2021-03-22,117.18,384.0,193.93,107.67,0.357,4783.9,99.8,False
BGW-17,7,5,2021-03-23,113.55,445.1,185.58,102.77,0.356,4840.6,98.5,False
BGW-17,7,6,2021-03-24,109.92,476.9,180.63,98.47,0.353,4687.7,96.3,False
BGW-17,7,7,2021-03-25,105.54,598.3,173.55,103.87,0.374,4797.8,100.0,False
BGW-17,7,8,2021-03-26,102.25,706.2,160.0,87.77,0.354,4748.7,98.5,False
BGW-17,7,9,2021-03-27,98.41,809.6,150.96,92.09,0.379,4757.2,100.0,False
BGW-17,7,10,2021-03-28,95.33,951.5,131.23,79.5,0.377,4769.0,100.0,False
BGW-17,7,11,2021-03-29,92.13,1040.1,127.35,79.25,0.384,4759.0,100.0,False
BGW-17,7,12,2021-03-30,89.23,1294.0,117.93,70.79,0.375,4740.9,100.0,False
BGW-17,7,13,2021-03-31,86.79,1297.2,111.79,64.82,0.367,4778.7,98.2,False
BGW-17,7,14,2021-04-01,84.55,1528.8,98.86,57.9,0.369,4734.2,100.0,False
BGW-17,7,15,2021-04-02,82.34,1641.9,94.27,61.19,0.394,4735.6,96.2,False
BGW-17,7,16,2021-04-03,79.87,1894.6,100.65,63.87,0.388,4704.0,100.0,False
BGW-17,7,17,2021-04-04,77.29,2170.7,74.61,50.06,0.402,4672.9,97.9,False
BGW-17,7,18,2021-04-05,75.95,2142.1,82.81,52.06,0.386,4680.5,96.1,False
BGW-17,7,19,2021-04-06,74.53,2490.7,75.39,49.9,0.398,4643.2,98.4,False
BGW-17,7,20,2021-04-07,72.17,2746.6,70.98,47.78,0.402,4694.7,96.9,False
BGW-17,7,21,2021-04-08,71.09,3050.4,74.7,49.13,0.397,4673.4,97.4,False
BGW-17,7,22,2021-04-09,69.15,3187.9,66.64,47.88,0.418,4645.6,100.0,False
BGW-17,7,23,2021-04-10,67.48,3578.2,62.1,43.46,0.412,4658.3,99.6,False
BGW-17,7,24,2021-04-11,66.54,3447.3,64.79,47.54,0.423,4634.9,99.6,False
BGW-17,7,25,2021-04-12,65.15,3951.9,62.03,44.35,0.417,4633.1,97.1,False
BGW-17,7,26,2021-04-13,64.41,4015.5,56.12,41.22,0.423,4635.2,100.0,False
BGW-17,7,27,2021-04-14,63.24,4497.8,56.04,43.66,0.438,4579.8,100.0,False
BGW-17,7,28,2021-04-15,62.53,4371.1,54.9,42.67,0.437,4554.0,96.3,False
BGW-17,7,29,2021-04-16,61.27,4796.2,55.94,42.44,0.431,4569.3,93.2,False
BGW-17,7,30,2021-04-17,60.07,4681.8,53.12,41.41,0.438,4605.3,100.0,False
BGW-17,7,31,2021-04-18,59.45,5448.6,49.42,38.29,0.437,4575.0,98.0,False
BGW-17,7,32,2021-04-19,58.71,5135.5,52.32,41.21,0.441,4553.2,100.0,False
BGW-17,7,33,2021-04-20,58.32,5205.5,51.32,41.77,0.449,4599.7,96.9,False
BGW-17,7,34,2021-04-21,57.89,5542.8,51.91,38.83,0.428,4479.8,99.6,False
BGW-17,7,35,2021-04-22,57.06,5579.3,43.3,35.51,0.451,4538.0,100.0,False
BGW-17,7,36,2021-04-23,56.22,6660.9,42.05,33.19,0.441,4548.8,100.0,False
BGW-17,7,37,2021-04-24,56.04,5951.5,41.83,32.81,0.44,4570.0,100.0,False
BGW-17,7,38,2021-04-25,55.41,6634.7,46.24,37.97,0.451,4477.5,94.0,False
BGW-17,7,39,2021-04-26,54.15,6432.6,40.75,33.43,0.451,4526.7,100.0,False
BGW-17,7,40,2021-04-27,54.57,6462.3,44.0,39.99,0.476,4496.5,98.5,False
BGW-17,7,41,2021-04-28,54.1,6871.6,44.92,36.92,0.451,4539.5,100.0,False
BGW-17,7,42,2021-04-29,52.99,7320.1,38.02,32.91,0.464,4440.4,95.3,False
BGW-17,7,43,2021-04-30,52.52,7930.2,35.43,33.45,0.486,4525.2,99.2,False
BGW-17,7,44,2021-05-01,52.63,8073.1,35.66,34.08,0.489,4469.7,100.0,False
BGW-17,7,45,2021-05-02,52.18,7471.9,39.36,36.3,0.48,4488.0,92.9,False
BGW-17,7,46,2021-05-03,52.21,7470.3,38.13,36.55,0.489,4483.8,97.2,False
BGW-17,7,47,2021-05-04,51.67,8757.4,36.05,33.09,0.479,4457.0,87.5,False
BGW-17,7,48,2021-05-05,51.79,8437.5,35.26,33.21,0.485,4419.3,88.4,False
BGW-17,7,49,2021-05-06,50.06,9337.5,33.72,31.82,0.485,4418.2,88.2,False
BGW-17,7,50,2021-05-07,50.74,8490.8,36.58,34.7,0.487,4434.2,93.2,False
BGW-17,7,51,2021-05-08,50.6,8242.2,35.92,36.75,0.506,4408.4,95.7,False
BGW-17,7,52,2021-05-09,50.12,9011.0,35.18,36.28,0.508,4412.6,80.8,False
BGW-17,7,53,2021-05-10,50.41,8316.6,39.07,42.02,0.518,4399.3,91.3,False
BGW-17,7,54,2021-05-11,50.06,8790.1,36.7,36.14,0.496,4405.2,83.7,False
BGW-17,7,55,2021-05-12,49.93,8779.9,35.91,39.15,0.522,4400.2,88.7,False
BGW-17,7,56,2021-05-13,49.55,9010.3,31.54,31.42,0.499,4433.6,87.5,False
BGW-17,7,57,2021-05-14,49.05,9446.2,30.51,34.46,0.53,4448.5,78.6,False
BGW-17,7,58,2021-05-15,49.12,9018.3,34.01,37.74,0.526,4394.1,86.1,False
BGW-17,7,59,2021-05-16,49.11,9581.7,36.14,40.42,0.528,4369.7,74.6,False
BGW-17,7,60,2021-05-17,48.46,9829.4,29.27,33.02,0.53,4378.9,74.0,False
BGW-17,7,61,2021-05-18,48.94,9839.9,32.53,37.72,0.537,4327.6,72.8,False
BGW-17,7,62,2021-05-19,48.4,9165.7,32.49,36.58,0.53,4312.0,83.1,False
BGW-17,7,63,2021-05-20,48.76,9916.2,31.83,36.23,0.532,4362.0,73.9,False
BGW-17,7,64,2021-05-21,48.66,9254.6,31.03,34.92,0.53,4340.3,79.2,False
BGW-17,7,65,2021-05-22,49.03,9105.1,30.45,33.69,0.525,4337.5,87.8,False
BGW-17,7,66,2021-05-23,48.22,9741.7,33.07,38.88,0.54,4295.8,77.7,False
BGW-17,7,67,2021-05-24,48.26,8696.6,31.44,36.7,0.539,4299.9,89.0,False
BGW-17,7,68,2021-05-25,48.33,10003.6,26.84,32.34,0.546,4246.8,68.5,False
BGW-17,7,69,2021-05-26,48.11,9758.9,31.08,38.65,0.554,4270.4,72.4,False
BGW-17,7,70,2021-05-27,48.56,10136.9,29.24,36.3,0.554,4299.1,67.8,False
BGW-17,7,71,2021-05-28,48.76,9196.6,32.56,42.0,0.563,4239.3,81.0,False
BGW-17,7,72,2021-05-29,48.75,9693.9,31.37,39.42,0.557,4215.7,75.9,False
BGW-17,7,73,2021-05-30,48.18,9567.7,28.41,35.2,0.553,4235.2,84.4,False
BGW-17,7,74,2021-05-31,48.01,9349.1,29.74,36.53,0.551,4208.7,80.9,False
BGW-17,7,75,2021-06-01,48.09,9087.8,29.27,40.38,0.58,4228.2,87.4,False
BGW-17,7,76,2021-06-02,47.69,10035.8,32.01,42.13,0.568,4188.4,71.7,False
BGW-17,7,77,2021-06-03,47.56,10242.6,29.81,40.66,0.577,4181.9,71.7,False
BGW-17,7,78,2021-06-04,47.39,10488.5,27.44,35.67,0.565,4206.4,66.9,False
BGW-17,7,79,2021-06-05,47.62,10681.6,30.49,43.79,0.59,4237.2,65.3,False
BGW-17,7,80,2021-06-06,47.69,9908.2,27.65,37.43,0.575,4142.7,75.9,False
BGW-17,7,81,2021-06-07,47.43,9992.1,26.32,36.65,0.582,4210.5,72.5,False
BGW-17,7,82,2021-06-08,47.43,10178.2,25.89,35.28,0.577,4201.0,64.3,True
BGW-17,7,83,2021-06-09,47.45,10213.1,28.46,42.69,0.6,4162.3,75.6,False
BGW-17,7,84,2021-06-10,47.31,10495.5,30.72,44.12,0.59,4078.9,63.9,True
BGW-17,7,85,2021-06-11,46.88,11074.3,26.36,37.4,0.587,4225.5,59.4,True
BGW-17,7,86,2021-06-12,47.48,10915.2,25.4,40.67,0.616,4116.3,59.6,True
BGW-17,7,87,2021-06-13,47.17,10156.9,28.64,42.8,0.599,4109.8,73.4,False
BGW-17,7,88,2021-06-14,47.41,9937.7,29.99,47.32,0.612,4114.9,73.7,False
BGW-17,7,89,2021-06-15,47.24,9846.0,29.24,42.74,0.594,4141.7,72.8,False
BGW-17,8,0,2021-07-18,147.33,126.0,346.32,183.79,0.347,4855.7,100.0,False
BGW-17,8,1,2021-07-19,142.36,155.2,313.56,161.83,0.34,4851.6,100.0,False
BGW-17,8,2,2021-07-20,138.52,183.8,305.99,166.69,0.353,4880.5,96.3,False
BGW-17,8,3,2021-07-21,134.75,199.5,277.49,154.39,0.357,4807.1,100.0,False
BGW-17,8,4,2021-07-22,130.35,242.0,242.1,127.46,0.345,4786.1,99.8,False
BGW-17,8,5,2021-07-23,127.08,267.6,233.63,130.94,0.359,4814.7,98.5,False
BGW-17,8,6,2021-07-24,123.52,307.2,220.44,125.91,0.364,4806.1,100.0,False
BGW-17,8,7,2021-07-25,120.14,337.5,200.9,117.46,0.369,4742.6,100.0,False
BGW-17,8,8,2021-07-26,116.92,386.2,197.99,115.83,0.369,4814.3,100.0,False
BGW-17,8,9,2021-07-27,113.53,434.2,193.79,107.38,0.357,4718.9,100.0,False
BGW-17,8,10,2021-07-28,110.14,533.4,154.28,97.0,0.386,4761.7,100.0,False
BGW-17,8,11,2021-07-29,107.88,515.6,167.49,102.45,0.38,4756.7,100.0,False
BGW-17,8,12,2021-07-30,105.08,616.4,148.76,92.14,0.382,4724.4,96.6,False
BGW-17,8,13,2021-07-31,102.79,636.0,153.59,98.46,0.391,4736.5,100.0,False
BGW-17,8,14,2021-08-01,99.69,813.0,130.43,84.05,0.392,4695.7,100.0,False
BGW-17,8,15,2021-08-02,97.4,914.4,123.58,72.69,0.37,4723.6,98.1,False
BGW-17,8,16,2021-08-03,95.68,916.9,119.41,76.96,0.392,4712.8,100.0,False
BGW-17,8,17,2021-08-04,93.23,945.5,118.51,76.6,0.393,4671.4,100.0,False
BGW-17,8,18,2021-08-05,91.08,1128.1,111.04,70.87,0.39,4676.1,99.9,False
BGW-17,8,19,2021-08-06,89.29,1193.6,118.45,77.77,0.396,4703.0,100.0,False
BGW-17,8,20,2021-08-07,87.13,1315.7,107.62,75.37,0.412,4606.6,100.0,False
BGW-17,8,21,2021-08-08,85.14,1424.0,106.77,67.34,0.387,4682.0,100.0,False
BGW-17,8,22,2021-08-09,83.83,1551.3,91.62,62.72,0.406,4637.0,100.0,False
BGW-17,8,23,2021-08-10,82.65,1698.3,94.29,66.67,0.414,4629.5,100.0,False
BGW-17,8,24,2021-08-11,80.3,1987.5,95.27,66.53,0.411,4590.9,97.7,False
BGW-17,8,25,2021-08-12,79.57,1978.7,93.49,65.65,0.413,4603.0,98.2,False
BGW-17,8,26,2021-08-13,76.55,2119.1,86.13,63.26,0.423,4642.3,98.2,False
BGW-17,8,27,2021-08-14,75.93,2331.8,84.04,63.96,0.432,4590.1,100.0,False
BGW-17,8,28,2021-08-15,74.47,2225.7,84.95,59.06,0.41,4613.0,99.6,False
BGW-17,8,29,2021-08-16,73.26,2562.7,77.94,58.13,0.427,4585.1,100.0,False
BGW-17,8,30,2021-08-17,72.31,2604.8,75.11,57.36,0.433,4603.3,97.2,False
BGW-17,8,31,2021-08-18,70.51,3080.7,65.38,52.71,0.446,4612.7,100.0,False
BGW-17,8,32,2021-08-19,69.83,3028.1,71.18,56.66,0.443,4593.8,100.0,False
BGW-17,8,33,2021-08-20,69.27,3201.5,70.46,55.84,0.442,4563.9,100.0,False
BGW-17,8,34,2021-08-21,67.63,3584.4,66.14,52.7,0.443,4603.4,100.0,False
BGW-17,8,35,2021-08-22,67.22,3699.8,64.85,51.86,0.444,4552.9,96.1,False
BGW-17,8,36,2021-08-23,66.68,3498.1,65.51,57.24,0.466,4554.0,94.7,False
BGW-17,8,37,2021-08-24,65.59,3838.2,56.52,45.57,0.446,4494.5,93.7,False
BGW-17,8,38,2021-08-25,64.86,3878.6,63.42,55.03,0.465,4531.1,96.6,False
BGW-17,8,39,2021-08-26,63.34,4298.1,59.27,50.02,0.458,4473.3,95.0,False
BGW-17,8,40,2021-08-27,63.83,4249.2,57.1,51.16,0.473,4546.2,100.0,False
BGW-17,8,41,2021-08-28,62.29,4431.3,58.86,50.87,0.464,4505.2,100.0,False
BGW-17,8,42,2021-08-29,61.9,4778.0,51.1,45.39,0.47,4469.6,100.0,False
BGW-17,8,43,2021-08-30,60.84,5084.2,57.05,44.23,0.437,4416.0,100.0,False
BGW-17,8,44,2021-08-31,60.37,4702.1,52.72,47.89,0.476,4520.5,100.0,False
BGW-17,8,45,2021-09-01,59.38,5484.0,49.94,45.25,0.475,4494.9,100.0,False
BGW-17,8,46,2021-09-02,58.71,5410.1,48.74,44.38,0.477,4475.4,99.6,False
BGW-17,8,47,2021-09-03,58.3,5500.5,48.98,46.64,0.488,4481.6,99.8,False
BGW-17,8,48,2021-09-04,58.23,5705.1,49.51,44.87,0.475,4425.4,98.9,False
BGW-17,8,49,2021-09-05,57.88,5870.3,47.89,46.27,0.491,4425.7,95.3,False
BGW-17,8,50,2021-09-06,56.43,6338.5,51.83,49.32,0.488,4441.9,100.0,False
BGW-17,8,51,2021-09-07,56.39,6118.8,47.85,47.4,0.498,4412.4,100.0,False
BGW-17,8,52,2021-09-08,56.05,6436.1,49.74,45.71,0.479,4376.8,93.5,False
BGW-17,8,53,2021-09-09,55.75,6301.3,45.97,46.46,0.503,4443.3,99.6,False
BGW-17,8,54,2021-09-10,55.21,6800.5,48.65,46.79,0.49,4402.7,94.2,False
BGW-17,8,55,2021-09-11,55.31,6533.6,40.03,38.63,0.491,4401.5,98.5,False
BGW-17,8,56,2021-09-12,54.65,6822.1,43.92,47.63,0.52,4383.7,96.5,False
BGW-17,8,57,2021-09-13,54.84,6484.3,42.8,45.42,0.515,4338.0,96.8,False
BGW-17,8,58,2021-09-14,53.98,6949.5,44.36,45.8,0.508,4401.9,100.0,False
BGW-17,8,59,2021-09-15,54.12,6932.0,42.95,44.86,0.511,4402.8,100.0,False
BGW-17,8,60,2021-09-16,53.86,7057.4,42.75,45.5,0.516,4337.9,97.2,False
BGW-17,8,61,2021-09-17,53.26,7513.2,40.61,45.85,0.53,4345.9,92.3,False
BGW-17,8,62,2021-09-18,52.72,7154.0,42.31,50.36,0.543,4359.1,100.0,False
BGW-17,8,63,2021-09-19,52.52,8255.9,35.91,40.65,0.531,4323.7,94.9,False
BGW-17,8,64,2021-09-20,52.81,6888.4,41.33,47.07,0.532,4269.1,99.7,False
BGW-17,8,65,2021-09-21,52.07,7692.8,40.05,48.74,0.549,4321.1,99.6,False
BGW-17,8,66,2021-09-22,52.31,8069.8,34.29,41.72,0.549,4292.6,97.2,False
BGW-17,8,67,2021-09-23,51.58,7661.3,35.62,43.96,0.552,4289.4,100.0,False
BGW-17,8,68,2021-09-24,51.72,8283.7,34.6,42.2,0.549,4297.3,91.6,False
BGW-17,8,69,2021-09-25,51.37,8364.3,34.67,44.68,0.563,4272.3,89.8,False
BGW-17,8,70,2021-09-26,50.6,8434.8,37.19,45.85,0.552,4231.7,88.3,False
BGW-17,8,71,2021-09-27,51.13,7665.5,40.07,53.75,0.573,4227.7,100.0,False
BGW-17,8,72,2021-09-28,50.95,8119.1,39.8,51.26,0.563,4224.8,93.4,False
BGW-17,8,73,2021-09-29,50.49,8291.0,36.91,47.4,0.562,4224.8,90.6,False
BGW-17,8,74,2021-09-30,50.64,8690.2,34.66,44.91,0.564,4314.3,84.9,False
BGW-17,8,75,2021-10-01,50.02,8839.6,36.5,46.7,0.561,4219.6,83.2,False
BGW-17,8,76,2021-10-02,49.9,8876.9,34.0,45.51,0.572,4195.7,79.1,False
BGW-17,8,77,2021-10-03,49.89,9171.9,31.78,44.63,0.584,4158.3,83.8,False
BGW-17,8,78,2021-10-04,50.05,8415.5,36.96,51.72,0.583,4186.7,93.1,False
BGW-17,8,79,2021-10-05,49.97,9332.3,33.81,46.37,0.578,4110.4,82.1,False
BGW-17,8,80,2021-10-06,49.35,9460.5,34.24,47.44,0.581,4188.5,75.6,False
BGW-17,8,81,2021-10-07,49.37,8463.5,37.75,51.92,0.579,4126.2,89.4,False
BGW-17,8,82,2021-10-08,49.26,9507.7,35.22,50.51,0.589,4172.4,76.0,False
BGW-17,8,83,2021-10-09,49.47,8501.1,35.45,53.09,0.6,4163.0,89.6,False
BGW-17,8,84,2021-10-10,49.0,9379.5,36.32,56.58,0.609,4144.3,77.7,False
BGW-17,8,85,2021-10-11,49.53,9209.6,34.6,47.76,0.58,4139.1,84.1,False
BGW-17,8,86,2021-10-12,49.1,8958.5,36.77,53.17,0.591,4140.3,90.2,False
BGW-17,8,87,2021-10-13,48.9,9000.0,32.79,49.57,0.602,4147.5,84.3,False
BGW-17,8,88,2021-10-14,48.8,9578.2,34.68,56.0,0.618,4138.3,78.9,False
BGW-17,8,89,2021-10-15,48.47,9634.2,30.77,50.23,0.62,4149.1,77.3,False
BGW-18,1,0,2019-07-01,143.51,123.3,378.39,101.44,0.211,3582.6,99.0,False
BGW-18,1,1,2019-07-02,136.27,149.7,377.69,98.93,0.208,3513.1,98.8,False
BGW-18,1,2,2019-07-03,129.01,189.7,333.66,97.28,0.226,3474.1,97.6,False
BGW-18,1,3,2019-07-04,122.36,251.2,275.45,84.36,0.234,3523.6,95.7,False
BGW-18,1,4,2019-07-05,116.33,335.7,218.87,58.96,0.212,3603.8,100.0,False
BGW-18,1,5,2019-07-06,111.32,408.9,245.82,72.46,0.228,3536.1,98.4,False
BGW-18,1,6,2019-07-07,106.66,516.9,201.72,63.4,0.239,3536.5,98.6,False
BGW-18,1,7,2019-07-08,101.23,633.0,180.01,55.89,0.237,3548.1,100.0,False
BGW-18,1,8,2019-07-09,97.25,743.9,153.43,45.99,0.231,3482.4,100.0,False
BGW-18,1,9,2019-07-10,93.26,933.5,141.25,45.72,0.245,3493.6,100.0,False
BGW-18,1,10,2019-07-11,89.28,1111.9,133.14,40.59,0.234,3523.5,100.0,False
BGW-18,1,11,2019-07-12,86.4,1278.9,121.34,42.13,0.258,3472.3,100.0,False
BGW-18,1,12,2019-07-13,82.82,1402.2,111.79,40.9,0.268,3521.6,96.5,False
BGW-18,1,13,2019-07-14,80.21,1697.4,104.47,38.62,0.27,3568.8,100.0,False
BGW-18,1,14,2019-07-15,76.67,2125.5,85.32,29.75,0.259,3461.1,99.0,False
BGW-18,1,15,2019-07-16,74.8,2263.2,94.32,31.51,0.25,3505.1,97.5,False
BGW-18,1,16,2019-07-17,72.94,2803.9,84.13,31.31,0.271,3525.6,99.0,False
BGW-18,1,17,2019-07-18,70.36,2884.3,82.32,30.88,0.273,3471.4,100.0,False
BGW-18,1,18,2019-07-19,68.99,2940.9,80.54,27.13,0.252,3546.6,99.0,False
BGW-18,1,19,2019-07-20,67.03,3393.5,76.01,28.6,0.273,3410.2,96.3,False
BGW-18,1,20,2019-07-21,65.31,3768.7,69.21,27.63,0.285,3481.9,100.0,False
BGW-18,1,21,2019-07-22,63.72,4172.7,70.29,28.57,0.289,3440.1,100.0,False
BGW-18,1,22,2019-07-23,62.76,4632.1,65.86,30.05,0.313,3485.1,100.0,False
BGW-18,1,23,2019-07-24,61.37,4721.5,58.42,22.63,0.279,3408.4,97.7,False
BGW-18,1,24,2019-07-25,59.91,5153.0,62.74,24.14,0.278,3446.8,100.0,False
BGW-18,1,25,2019-07-26,59.02,5397.9,63.66,25.38,0.285,3436.3,98.3,False
BGW-18,1,26,2019-07-27,58.03,5787.7,54.99,23.69,0.301,3425.6,100.0,False
BGW-18,1,27,2019-07-28,57.53,6005.0,52.97,23.95,0.311,3387.1,93.9,False
BGW-18,1,28,2019-07-29,56.07,6124.2,54.86,24.6,0.31,3397.5,100.0,False
BGW-18,1,29,2019-07-30,55.52,6977.6,49.89,22.91,0.315,3448.3,99.7,False
BGW-18,1,30,2019-07-31,54.39,6652.1,48.97,21.7,0.307,3416.4,100.0,False
BGW-18,1,31,2019-08-01,53.74,7066.0,52.3,23.44,0.31,3406.5,98.6,False
BGW-18,1,32,2019-08-02,53.05,7444.6,48.63,21.22,0.304,3380.3,95.5,False
BGW-18,1,33,2019-08-03,52.85,8189.1,45.32,21.53,0.322,3390.6,87.4,False
BGW-18,1,34,2019-08-04,51.91,8498.9,43.72,20.51,0.319,3364.3,88.2,False
BGW-18,1,35,2019-08-05,51.62,8025.7,48.16,22.73,0.321,3393.9,91.5,False
BGW-18,1,36,2019-08-06,51.32,7732.5,49.01,23.18,0.321,3362.2,93.5,False
BGW-18,1,37,2019-08-07,50.76,8605.2,42.3,19.03,0.31,3389.7,87.6,False
BGW-18,1,38,2019-08-08,50.03,9339.5,38.64,18.82,0.327,3381.1,77.6,False
BGW-18,1,39,2019-08-09,50.28,8541.9,41.56,21.39,0.34,3323.8,83.9,False
BGW-18,1,40,2019-08-10,49.84,9488.3,38.28,19.75,0.34,3351.3,70.9,False
BGW-18,1,41,2019-08-11,49.02,9865.6,40.17,20.62,0.339,3344.6,71.8,False
BGW-18,1,42,2019-08-12,48.88,9373.4,38.21,19.89,0.342,3294.7,73.8,False
BGW-18,1,43,2019-08-13,48.19,10960.2,39.47,20.19,0.338,3368.9,52.5,True
BGW-18,1,44,2019-08-14,48.17,10687.9,37.49,19.87,0.346,3299.5,64.3,True
BGW-18,1,45,2019-08-15,48.85,9748.4,35.17,20.95,0.373,3300.5,69.4,False
BGW-18,1,46,2019-08-16,48.64,10476.6,33.73,19.83,0.37,3304.7,62.7,True
BGW-18,1,47,2019-08-17,48.17,10255.1,33.35,19.0,0.363,3290.4,66.0,False
BGW-18,1,48,2019-08-18,48.11,10212.7,35.71,20.62,0.366,3272.1,65.2,False
BGW-18,1,49,2019-08-19,48.12,9856.6,38.03,21.52,0.361,3332.6,72.9,False
BGW-18,1,50,2019-08-20,47.74,10909.8,35.49,20.82,0.37,3275.1,59.2,True
BGW-18,1,51,2019-08-21,48.11,10330.1,33.64,19.46,0.367,3249.9,67.1,False
BGW-18,1,52,2019-08-22,48.07,10877.7,31.91,19.69,0.382,3246.6,54.9,True
BGW-18,1,53,2019-08-23,47.25,10536.3,35.38,21.63,0.379,3265.7,63.2,True
BGW-18,1,54,2019-08-24,47.13,10708.9,35.58,21.47,0.376,3240.6,64.1,True
BGW-18,1,55,2019-08-25,47.2,11018.2,35.07,22.66,0.393,3255.9,57.0,True
BGW-18,1,56,2019-08-26,46.83,11049.5,36.72,22.15,0.376,3206.2,54.0,True
BGW-18,1,57,2019-08-27,46.8,10641.2,31.1,20.06,0.392,3252.3,62.9,True
BGW-18,1,58,2019-08-28,46.64,10530.9,29.78,18.23,0.38,3222.0,59.0,True
BGW-18,1,59,2019-08-29,46.96,10878.4,35.02,25.14,0.418,3172.3,57.5,True
BGW-18,1,60,2019-08-30,46.66,11135.8,32.95,20.59,0.385,3231.7,49.8,True
BGW-18,1,61,2019-08-31,46.59,11046.3,30.37,19.98,0.397,3145.7,56.4,True
BGW-18,1,62,2019-09-01,46.71,11530.9,31.7,23.43,0.425,3209.1,48.6,True
BGW-18,1,63,2019-09-02,47.04,11018.7,33.83,24.0,0.415,3205.5,56.5,True
BGW-18,1,64,2019-09-03,46.54,11320.4,29.57,21.12,0.417,3145.6,58.2,True
BGW-18,1,65,2019-09-04,46.92,11181.2,32.47,22.28,0.407,3231.9,53.6,True
BGW-18,1,66,2019-09-05,46.51,11734.7,29.17,20.6,0.414,3200.1,48.9,True
BGW-18,1,67,2019-09-06,46.74,11044.9,30.6,22.95,0.429,3156.8,60.1,True
BGW-18,1,68,2019-09-07,46.82,10807.5,31.01,22.89,0.425,3170.7,57.2,True
BGW-18,1,69,2019-09-08,45.9,12138.9,28.72,21.18,0.424,3191.9,40.8,True
BGW-18,1,70,2019-09-09,46.46,10881.7,30.08,21.56,0.418,3184.6,57.8,True
BGW-18,1,71,2019-09-10,46.43,11610.1,30.9,22.63,0.423,3104.1,47.6,True
BGW-18,1,72,2019-09-11,46.24,11268.3,30.48,23.8,0.438,3137.1,57.6,True
BGW-18,1,73,2019-09-12,46.45,11741.9,32.36,25.55,0.441,3150.0,47.2,True
BGW-18,1,74,2019-09-13,46.45,12042.8,27.81,21.22,0.433,3106.4,51.5,True
BGW-18,1,75,2019-09-14,46.55,11520.6,29.23,22.1,0.431,3139.5,58.1,True
BGW-18,1,76,2019-09-15,46.12,11030.4,26.33,21.79,0.453,3120.2,53.5,True
BGW-18,1,77,2019-09-16,46.08,11916.8,28.63,24.03,0.456,3100.8,47.6,True
BGW-18,1,78,2019-09-17,45.84,11765.4,28.81,23.85,0.453,3118.1,41.4,True
BGW-18,1,79,2019-09-18,45.93,11780.2,29.29,22.09,0.43,3079.0,51.4,True
BGW-18,1,80,2019-09-19,46.52,11740.8,27.39,23.56,0.462,3052.6,45.2,True
BGW-18,1,81,2019-09-20,46.55,11025.3,31.04,27.5,0.47,3116.1,53.5,True
BGW-18,1,82,2019-09-21,46.35,12284.2,26.38,22.61,0.462,3093.0,42.0,True
BGW-18,1,83,2019-09-22,45.77,12379.8,29.04,25.59,0.468,3083.1,35.7,True
BGW-18,1,84,2019-09-23,45.9,11667.0,27.58,25.1,0.476,3099.3,52.4,True
BGW-18,1,85,2019-09-24,45.85,12154.1,26.37,23.49,0.471,3078.6,42.3,True
BGW-18,1,86,2019-09-25,46.46,11617.1,25.54,21.84,0.461,3084.7,50.8,True
BGW-18,1,87,2019-09-26,46.53,11296.7,27.66,25.91,0.484,3014.2,48.1,True
BGW-18,1,88,2019-09-27,46.37,11626.7,28.71,28.74,0.5,3046.1,47.8,True
BGW-18,1,89,2019-09-28,45.73,12162.0,23.67,21.43,0.475,3030.9,43.1,True
BGW-18,2,0,2019-10-18,136.92,148.9,376.69,103.75,0.216,3551.8,99.0,False
BGW-18,2,1,2019-10-19,130.16,201.0,348.24,106.12,0.234,3570.6,99.2,False
BGW-18,2,2,2019-10-20,122.51,257.1,298.9,82.23,0.216,3531.2,96.8,False
BGW-18,2,3,2019-10-21,116.09,332.7,244.58,72.12,0.228,3586.4,96.5,False
BGW-18,2,4,2019-10-22,110.05,417.1,218.37,64.67,0.228,3555.9,100.0,False
BGW-18,2,5,2019-10-23,104.57,565.3,200.22,58.82,0.227,3595.2,100.0,False
BGW-18,2,6,2019-10-24,99.91,709.1,186.55,58.15,0.238,3585.4,96.3,False
BGW-18,2,7,2019-10-25,95.97,835.0,160.49,53.63,0.25,3565.9,97.4,False
BGW-18,2,8,2019-10-26,91.49,941.5,143.19,46.7,0.246,3547.5,100.0,False
BGW-18,2,9,2019-10-27,87.7,1216.1,137.75,50.56,0.268,3559.0,98.8,False
BGW-18,2,10,2019-10-28,84.55,1412.6,115.82,41.07,0.262,3504.6,100.0,False
BGW-18,2,11,2019-10-29,80.92,1700.5,107.7,34.99,0.245,3517.7,98.2,False
BGW-18,2,12,2019-10-30,78.46,1881.3,105.54,36.12,0.255,3492.7,97.8,False
BGW-18,2,13,2019-10-31,75.47,2246.2,106.03,34.3,0.244,3497.5,100.0,False
BGW-18,2,14,2019-11-01,73.12,2461.6,98.36,30.32,0.236,3531.1,96.6,False
BGW-18,2,15,2019-11-02,71.27,2967.7,86.26,31.53,0.268,3492.5,94.4,False
BGW-18,2,16,2019-11-03,69.03,3056.2,82.39,31.75,0.278,3494.0,100.0,False
BGW-18,2,17,2019-11-04,66.96,3587.9,75.16,29.13,0.279,3503.0,98.4,False
BGW-18,2,18,2019-11-05,65.24,3734.4,75.68,27.7,0.268,3444.7,100.0,False
BGW-18,2,19,2019-11-06,63.73,4041.0,75.48,29.65,0.282,3468.1,99.9,False
BGW-18,2,20,2019-11-07,62.71,4538.8,64.51,25.99,0.287,3467.2,98.3,False
BGW-18,2,21,2019-11-08,60.24,5225.0,60.48,23.38,0.279,3462.0,95.8,False
BGW-18,2,22,2019-11-09,59.66,4965.0,63.16,24.71,0.281,3429.4,100.0,False
BGW-18,2,23,2019-11-10,58.66,5214.8,61.35,25.11,0.29,3441.1,100.0,False
BGW-18,2,24,2019-11-11,58.01,5659.4,59.88,24.07,0.287,3403.1,97.5,False
BGW-18,2,25,2019-11-12,56.27,6501.4,58.42,24.91,0.299,3413.9,99.0,False
BGW-18,2,26,2019-11-13,55.72,6282.1,57.29,24.5,0.3,3471.5,97.1,False
BGW-18,2,27,2019-11-14,54.52,7040.8,54.01,23.84,0.306,3408.4,98.1,False
BGW-18,2,28,2019-11-15,53.86,7365.1,52.45,20.68,0.283,3400.1,100.0,False
BGW-18,2,29,2019-11-16,53.45,7167.3,48.84,23.49,0.325,3408.5,99.0,False
BGW-18,2,30,2019-11-17,52.59,8725.1,47.17,20.96,0.308,3413.5,86.7,False
BGW-18,2,31,2019-11-18,52.25,7987.7,43.77,19.41,0.307,3406.6,91.4,False
BGW-18,2,32,2019-11-19,51.73,8515.1,45.86,20.17,0.305,3379.4,91.0,False
BGW-18,2,33,2019-11-20,51.48,7976.3,48.21,20.71,0.301,3405.5,98.9,False
BGW-18,2,34,2019-11-21,50.82,8948.9,41.19,19.19,0.318,3396.2,83.5,False
BGW-18,2,35,2019-11-22,50.48,9037.5,45.72,22.53,0.33,3372.8,74.5,False
BGW-18,2,36,2019-11-23,50.12,8672.9,41.39,21.4,0.341,3354.4,82.4,False
BGW-18,2,37,2019-11-24,49.54,9599.4,42.11,22.5,0.348,3376.8,71.7,False
BGW-18,2,38,2019-11-25,48.91,9269.4,44.62,23.29,0.343,3388.9,78.7,False
BGW-18,2,39,2019-11-26,48.87,10505.4,37.38,19.1,0.338,3322.7,70.7,False
BGW-18,2,40,2019-11-27,49.34,9935.4,38.86,21.75,0.359,3342.1,66.5,False
BGW-18,2,41,2019-11-28,48.89,9784.4,46.52,22.74,0.328,3269.4,76.0,False
BGW-18,2,42,2019-11-29,47.61,10637.4,39.64,22.18,0.359,3337.3,65.6,False
BGW-18,2,43,2019-11-30,48.43,10198.3,41.6,20.91,0.335,3351.0,64.1,True
BGW-18,2,44,2019-12-01,48.41,10669.0,37.42,19.7,0.345,3286.4,62.5,True
BGW-18,2,45,2019-12-02,48.43,9898.8,37.87,21.34,0.36,3278.9,67.5,False
BGW-18,2,46,2019-12-03,48.12,9870.3,38.64,21.37,0.356,3276.0,64.4,True
BGW-18,2,47,2019-12-04,47.74,11064.7,34.81,18.75,0.35,3325.5,57.4,True
BGW-18,2,48,2019-12-05,47.78,10596.9,35.57,20.86,0.37,3315.6,61.0,True
BGW-18,2,49,2019-12-06,47.23,10774.8,36.99,19.43,0.344,3288.0,63.1,True
BGW-18,2,50,2019-12-07,46.43,11488.6,34.1,18.97,0.357,3308.6,56.3,True
BGW-18,2,51,2019-12-08,47.13,10956.6,35.74,19.64,0.355,3278.9,64.7,True
BGW-18,2,52,2019-12-09,47.63,10251.1,37.03,21.02,0.362,3298.7,56.8,True
BGW-18,2,53,2019-12-10,47.06,10749.2,29.6,17.55,0.372,3233.3,60.2,True
BGW-18,2,54,2019-12-11,46.96,10767.6,32.75,19.94,0.378,3274.7,52.6,True
BGW-18,2,55,2019-12-12,46.88,11371.1,35.76,21.95,0.38,3245.9,43.8,True
BGW-18,2,56,2019-12-13,46.45,12074.2,32.18,20.95,0.394,3225.2,47.7,True
BGW-18,2,57,2019-12-14,46.75,11206.5,37.46,25.14,0.402,3223.4,50.6,True
BGW-18,2,58,2019-12-15,46.54,10976.1,33.08,20.85,0.387,3232.3,56.7,True
BGW-18,2,59,2019-12-16,46.97,10708.5,31.03,19.83,0.39,3274.0,58.0,True
BGW-18,2,60,2019-12-17,46.83,11727.2,33.91,20.62,0.378,3178.8,44.9,True
BGW-18,2,61,2019-12-18,47.01,11391.9,33.15,21.66,0.395,3192.0,50.2,True
BGW-18,2,62,2019-12-19,46.69,11276.2,33.57,23.14,0.408,3227.4,55.5,True
BGW-18,2,63,2019-12-20,46.79,11495.8,31.17,21.82,0.412,3200.2,51.2,True
BGW-18,2,64,2019-12-21,46.42,11885.1,32.23,23.26,0.419,3234.4,45.7,True
BGW-18,2,65,2019-12-22,46.63,10913.7,31.69,21.52,0.404,3274.3,54.1,True
BGW-18,2,66,2019-12-23,46.87,11631.4,31.98,22.26,0.41,3181.7,45.3,True
BGW-18,2,67,2019-12-24,46.13,11960.5,30.98,23.13,0.427,3131.3,45.4,True
BGW-18,2,68,2019-12-25,46.27,11703.1,31.26,22.3,0.416,3156.1,46.3,True
BGW-18,2,69,2019-12-26,45.8,11848.2,31.72,22.98,0.42,3199.9,42.3,True
BGW-18,2,70,2019-12-27,46.69,11033.2,29.79,22.14,0.426,3150.6,56.8,True
BGW-18,2,71,2019-12-28,45.8,12332.1,30.05,24.23,0.446,3202.3,40.3,True
BGW-18,2,72,2019-12-29,46.18,11310.8,29.81,24.6,0.452,3199.6,52.0,True
BGW-18,2,73,2019-12-30,46.1,11021.1,31.81,24.04,0.43,3152.2,57.0,True
BGW-18,2,74,2019-12-31,46.28,12305.1,29.61,23.37,0.441,3156.4,39.4,True
BGW-18,2,75,2020-01-01,46.34,11290.8,31.55,24.87,0.441,3094.5,54.5,True
BGW-18,2,76,2020-01-02,46.47,11060.8,31.23,26.46,0.459,3162.9,56.8,True
BGW-18,2,77,2020-01-03,45.86,11778.5,28.35,22.48,0.442,3124.7,42.1,True
BGW-18,2,78,2020-01-04,46.46,11983.4,27.45,22.19,0.447,3092.1,42.2,True
BGW-18,2,79,2020-01-05,46.08,11670.4,28.68,22.62,0.441,3115.7,51.1,True
BGW-18,2,80,2020-01-06,46.28,11729.0,29.8,25.32,0.459,3149.9,45.0,True
BGW-18,2,81,2020-01-07,46.34,11067.9,28.15,26.07,0.481,3078.1,55.0,True
BGW-18,2,82,2020-01-08,45.99,11941.5,27.73,24.13,0.465,3045.3,51.8,True
BGW-18,2,83,2020-01-09,46.02,11734.3,26.06,23.3,0.472,3044.8,50.1,True
BGW-18,2,84,2020-01-10,46.11,11725.2,29.16,28.76,0.497,3096.6,45.3,True
BGW-18,2,85,2020-01-11,46.09,11515.2,28.42,25.92,0.477,3082.8,50.1,True
BGW-18,2,86,2020-01-12,46.1,11218.3,29.77,28.16,0.486,3088.8,56.6,True
BGW-18,2,87,2020-01-13,45.89,11359.2,29.61,25.93,0.467,3127.0,49.9,True
BGW-18,2,88,2020-01-14,46.27,11600.7,25.45,23.04,0.475,3012.1,51.5,True
BGW-18,2,89,2020-01-15,46.23,10930.7,27.59,24.38,0.469,2999.7,57.5,True
BGW-18,3,0,2020-01-29,131.28,187.1,322.92,87.88,0.214,3596.5,100.0,False
BGW-18,3,1,2020-01-30,126.11,229.2,297.94,82.97,0.218,3617.3,94.8,False
BGW-18,3,2,2020-01-31,120.8,270.3,295.6,88.61,0.231,3584.3,100.0,False
BGW-18,3,3,2020-02-01,115.84,347.8,255.01,75.2,0.228,3591.3,98.3,False
BGW-18,3,4,2020-02-02,111.71,389.4,238.58,68.61,0.223,3570.9,100.0,False
BGW-18,3,5,2020-02-03,106.91,488.8,209.18,60.82,0.225,3589.0,94.8,False
BGW-18,3,6,2020-02-04,103.1,623.0,188.21,59.69,0.241,3529.1,97.5,False
BGW-18,3,7,2020-02-05,99.8,675.6,191.64,60.98,0.241,3536.2,95.8,False
BGW-18,3,8,2020-02-06,95.83,845.7,150.68,45.58,0.232,3506.0,100.0,False
BGW-18,3,9,2020-02-07,92.84,942.4,159.5,55.41,0.258,3542.1,96.4,False
BGW-18,3,10,2020-02-08,89.48,1114.7,142.05,47.22,0.249,3559.6,91.2,False
BGW-18,3,11,2020-02-09,86.21,1392.0,123.74,39.28,0.241,3524.5,100.0,False
BGW-18,3,12,2020-02-10,84.09,1458.7,124.88,41.67,0.25,3489.6,100.0,False
BGW-18,3,13,2020-02-11,81.52,1526.4,123.56,42.93,0.258,3555.6,99.9,False
BGW-18,3,14,2020-02-12,79.62,1863.9,116.38,41.09,0.261,3511.4,100.0,False
BGW-18,3,15,2020-02-13,77.19,2038.9,109.04,39.02,0.264,3520.0,100.0,False
BGW-18,3,16,2020-02-14,74.79,2312.7,100.15,34.4,0.256,3461.7,100.0,False
BGW-18,3,17,2020-02-15,73.53,2328.4,91.3,33.01,0.266,3492.3,100.0,False
BGW-18,3,18,2020-02-16,71.72,2619.5,97.25,33.34,0.255,3466.6,97.1,False
BGW-18,3,19,2020-02-17,69.35,3131.7,82.79,32.99,0.285,3448.3,100.0,False
BGW-18,3,20,2020-02-18,68.03,3277.1,88.95,32.64,0.268,3449.9,92.9,False
BGW-18,3,21,2020-02-19,66.42,3375.8,81.16,29.89,0.269,3420.5,100.0,False
BGW-18,3,22,2020-02-20,66.24,3782.5,74.15,28.29,0.276,3472.7,99.4,False
BGW-18,3,23,2020-02-21,63.96,3922.4,69.81,28.06,0.287,3453.2,97.8,False
BGW-18,3,24,2020-02-22,62.27,4597.0,68.66,25.7,0.272,3453.7,100.0,False
BGW-18,3,25,2020-02-23,61.57,4815.1,63.37,23.43,0.27,3406.1,99.5,False
BGW-18,3,26,2020-02-24,60.41,5124.3,66.28,30.1,0.312,3443.4,100.0,False
BGW-18,3,27,2020-02-25,59.56,4824.1,73.48,32.07,0.304,3385.4,100.0,False
BGW-18,3,28,2020-02-26,59.23,5418.3,66.41,29.51,0.308,3423.3,99.3,False
BGW-18,3,29,2020-02-27,57.98,5947.0,57.8,24.52,0.298,3427.3,99.5,False
BGW-18,3,30,2020-02-28,57.32,5896.5,63.07,28.84,0.314,3371.6,98.6,False
BGW-18,3,31,2020-02-29,56.51,6102.8,56.3,26.3,0.318,3395.1,100.0,False
BGW-18,3,32,2020-03-01,55.88,6301.9,54.32,25.78,0.322,3372.4,96.2,False
BGW-18,3,33,2020-03-02,55.04,6930.6,54.16,24.47,0.311,3433.9,100.0,False
BGW-18,3,34,2020-03-03,54.76,6968.9,52.79,24.81,0.32,3408.7,96.4,False
BGW-18,3,35,2020-03-04,54.04,7029.6,52.64,25.92,0.33,3349.4,99.2,False
BGW-18,3,36,2020-03-05,52.93,7689.7,52.21,24.68,0.321,3333.3,94.2,False
BGW-18,3,37,2020-03-06,52.96,7366.6,48.9,23.45,0.324,3431.2,100.0,False
BGW-18,3,38,2020-03-07,52.96,7899.3,45.31,25.34,0.359,3322.2,95.2,False
BGW-18,3,39,2020-03-08,52.99,7656.6,52.3,25.96,0.332,3369.8,98.7,False
BGW-18,3,40,2020-03-09,52.04,8558.6,48.0,24.73,0.34,3311.9,85.9,False
BGW-18,3,41,2020-03-10,51.14,8474.2,50.57,26.7,0.346,3329.3,86.7,False
BGW-18,3,42,2020-03-11,50.71,8490.6,47.46,24.89,0.344,3324.8,89.2,False
BGW-18,3,43,2020-03-12,50.91,8182.9,45.26,24.32,0.35,3347.4,90.6,False
BGW-18,3,44,2020-03-13,50.78,9202.4,48.68,28.36,0.368,3388.3,77.1,False
BGW-18,3,45,2020-03-14,51.01,8205.6,45.4,25.15,0.356,3262.8,91.0,False
BGW-18,3,46,2020-03-15,49.59,9494.2,43.34,24.6,0.362,3270.0,80.5,False
BGW-18,3,47,2020-03-16,50.33,9711.8,39.56,21.02,0.347,3272.8,70.8,False
BGW-18,3,48,2020-03-17,49.57,9667.2,43.23,24.91,0.366,3307.3,72.1,False
BGW-18,3,49,2020-03-18,49.75,8473.2,45.0,26.37,0.37,3298.9,86.7,False
BGW-18,3,50,2020-03-19,49.34,9364.4,47.93,26.15,0.353,3283.1,78.1,False
BGW-18,3,51,2020-03-20,48.87,10140.5,40.05,24.75,0.382,3268.8,72.7,False
BGW-18,3,52,2020-03-21,48.45,10607.9,42.35,23.64,0.358,3294.8,62.8,True
BGW-18,3,53,2020-03-22,48.43,10725.8,36.82,20.3,0.355,3241.2,62.9,True
BGW-18,3,54,2020-03-23,48.28,9741.2,43.0,26.73,0.383,3222.6,71.2,False
BGW-18,3,55,2020-03-24,48.1,10445.2,38.79,23.56,0.378,3273.9,63.1,True
BGW-18,3,56,2020-03-25,48.14,10777.0,38.93,25.52,0.396,3259.6,55.5,True
BGW-18,3,57,2020-03-26,47.99,11402.4,36.75,22.23,0.377,3222.7,49.1,True
BGW-18,3,58,2020-03-27,47.89,9925.7,40.64,26.22,0.392,3254.3,72.1,False
BGW-18,3,59,2020-03-28,47.9,10636.5,40.95,25.1,0.38,3229.2,56.4,True
BGW-18,3,60,2020-03-29,47.57,10212.4,40.15,25.12,0.385,3223.3,65.1,False
BGW-18,3,61,2020-03-30,47.62,10395.4,40.96,29.38,0.418,3272.1,68.3,False
BGW-18,3,62,2020-03-31,47.68,10833.1,36.32,24.04,0.398,3158.4,61.2,True
BGW-18,3,63,2020-04-01,47.68,10321.1,37.22,26.37,0.415,3193.3,65.4,False
BGW-18,3,64,2020-04-02,46.93,10424.9,33.99,25.07,0.425,3173.3,62.7,True
BGW-18,3,65,2020-04-03,47.35,10454.9,36.22,26.75,0.425,3199.4,65.2,False
BGW-18,3,66,2020-04-04,46.89,11198.6,37.48,26.97,0.418,3157.9,57.6,True
BGW-18,3,67,2020-04-05,46.91,11327.4,35.04,26.26,0.428,3183.8,56.4,True
BGW-18,3,68,2020-04-06,47.05,10897.2,35.9,27.61,0.435,3200.8,55.1,True
BGW-18,3,69,2020-04-07,46.73,10833.0,38.2,29.04,0.432,3165.0,56.4,True
BGW-18,3,70,2020-04-08,46.79,11271.4,34.71,27.86,0.445,3118.6,49.7,True
BGW-18,3,71,2020-04-09,46.74,10342.3,35.24,26.0,0.425,3152.2,64.4,True
BGW-18,3,72,2020-04-10,46.8,10814.2,35.13,27.57,0.44,3164.8,51.8,True
BGW-18,3,73,2020-04-11,46.04,11693.6,35.44,27.84,0.44,3153.9,46.0,True
BGW-18,3,74,2020-04-12,46.36,12111.6,35.32,26.69,0.43,3146.1,47.0,True
BGW-18,3,75,2020-04-13,46.27,12077.6,36.65,28.83,0.44,3133.9,44.3,True
BGW-18,3,76,2020-04-14,46.75,11554.7,35.92,26.81,0.427,3157.2,48.0,True
BGW-18,3,77,2020-04-15,46.33,11643.5,32.41,27.13,0.456,3140.4,48.6,True
BGW-18,3,78,2020-04-16,46.63,10658.7,38.84,30.37,0.439,3051.5,67.9,False
BGW-18,3,79,2020-04-17,46.5,10741.0,37.63,30.14,0.445,3111.4,56.2,True
BGW-18,3,80,2020-04-18,46.88,11661.0,33.06,27.57,0.455,3102.7,49.9,True
BGW-18,3,81,2020-04-19,46.45,11332.3,34.71,30.21,0.465,3079.3,56.9,True
BGW-18,3,82,2020-04-20,46.21,11524.4,32.95,29.52,0.473,3130.6,46.8,True
BGW-18,3,83,2020-04-21,46.3,12062.5,36.93,33.7,0.477,3120.0,45.3,True
BGW-18,3,84,2020-04-22,46.27,11644.2,31.77,27.48,0.464,3083.4,49.4,True
BGW-18,3,85,2020-04-23,46.47,11443.7,32.47,30.23,0.482,3082.1,49.1,True
BGW-18,3,86,2020-04-24,46.67,11569.2,32.6,27.54,0.458,3132.3,48.4,True
BGW-18,3,87,2020-04-25,46.23,11548.2,32.81,30.67,0.483,3085.4,47.7,True
BGW-18,3,88,2020-04-26,46.42,10661.8,29.45,26.8,0.477,3065.9,56.8,True
BGW-18,3,89,2020-04-27,46.17,11819.2,32.74,29.6,0.475,3034.1,45.3,True
BGW-18,4,0,2020-05-17,134.2,164.8,345.94,101.5,0.227,3553.5,100.0,False
BGW-18,4,1,2020-05-18,127.64,218.0,344.36,96.69,0.219,3595.9,100.0,False
BGW-18,4,2,2020-05-19,121.93,271.4,289.04,80.7,0.218,3565.6,99.0,False
BGW-18,4,3,2020-05-20,116.21,343.3,247.99,76.34,0.235,3559.4,99.5,False
BGW-18,4,4,2020-05-21,111.1,433.2,234.89,77.71,0.249,3587.1,94.4,False
BGW-18,4,5,2020-05-22,105.81,524.7,211.38,63.99,0.232,3511.7,97.3,False
BGW-18,4,6,2020-05-23,101.13,640.9,193.87,61.86,0.242,3571.6,100.0,False
BGW-18,4,7,2020-05-24,97.91,718.0,192.12,61.57,0.243,3572.6,96.1,False
BGW-18,4,8,2020-05-25,93.57,876.2,179.22,57.95,0.244,3518.4,96.9,False
BGW-18,4,9,2020-05-26,90.64,999.0,154.53,49.75,0.244,3484.8,100.0,False
BGW-18,4,10,2020-05-27,86.65,1240.9,136.65,45.14,0.248,3547.9,98.6,False
BGW-18,4,11,2020-05-28,84.09,1383.9,132.01,43.6,0.248,3542.6,100.0,False
BGW-18,4,12,2020-05-29,81.49,1589.6,127.01,40.65,0.242,3547.1,100.0,False
BGW-18,4,13,2020-05-30,78.06,1938.5,113.8,41.26,0.266,3486.7,98.3,False
BGW-18,4,14,2020-05-31,76.35,2176.8,109.15,40.14,0.269,3483.5,100.0,False
BGW-18,4,15,2020-06-01,74.09,2441.3,98.19,33.84,0.256,3528.5,95.7,False
BGW-18,4,16,2020-06-02,72.67,2502.8,103.09,39.81,0.279,3497.7,96.6,False
BGW-18,4,17,2020-06-03,70.52,2852.1,93.79,37.02,0.283,3464.3,98.8,False
BGW-18,4,18,2020-06-04,68.3,3491.7,89.56,34.42,0.278,3442.3,100.0,False
BGW-18,4,19,2020-06-05,66.89,3446.2,84.94,31.89,0.273,3525.3,100.0,False
BGW-18,4,20,2020-06-06,64.94,4073.2,78.96,31.7,0.286,3447.3,100.0,False
BGW-18,4,21,2020-06-07,63.63,4165.3,79.7,32.07,0.287,3476.3,100.0,False
BGW-18,4,22,2020-06-08,62.13,4803.3,75.54,29.87,0.283,3445.8,97.0,False
BGW-18,4,23,2020-06-09,61.67,4782.7,77.93,33.57,0.301,3353.7,100.0,False
BGW-18,4,24,2020-06-10,59.93,4861.3,76.99,32.4,0.296,3426.5,99.7,False
BGW-18,4,25,2020-06-11,59.49,5113.3,65.33,25.44,0.28,3411.7,100.0,False
BGW-18,4,26,2020-06-12,58.5,5602.1,62.1,25.91,0.294,3425.5,97.3,False
BGW-18,4,27,2020-06-13,57.63,5847.9,62.71,27.4,0.304,3438.9,98.9,False
BGW-18,4,28,2020-06-14,56.58,5992.4,59.63,25.41,0.299,3468.7,100.0,False
BGW-18,4,29,2020-06-15,55.38,6434.7,64.43,28.58,0.307,3430.4,99.6,False
BGW-18,4,30,2020-06-16,55.38,6979.7,56.88,25.88,0.313,3395.6,100.0,False
BGW-18,4,31,2020-06-17,54.46,6899.5,56.0,25.81,0.315,3421.3,100.0,False
BGW-18,4,32,2020-06-18,53.34,7951.1,56.72,27.4,0.326,3417.9,90.8,False
BGW-18,4,33,2020-06-19,53.37,7160.6,58.33,25.86,0.307,3456.5,100.0,False
BGW-18,4,34,2020-06-20,52.75,7780.9,50.88,24.32,0.323,3320.7,95.2,False
BGW-18,4,35,2020-06-21,51.85,8542.3,55.91,26.83,0.324,3376.1,89.4,False
BGW-18,4,36,2020-06-22,51.51,9190.1,47.1,23.28,0.331,3362.9,76.6,False
BGW-18,4,37,2020-06-23,51.8,8287.0,51.47,24.68,0.324,3334.7,91.2,False
BGW-18,4,38,2020-06-24,50.96,8646.3,49.12,22.93,0.318,3346.0,85.2,False
BGW-18,4,39,2020-06-25,50.65,8123.5,50.83,26.66,0.344,3407.4,86.5,False
BGW-18,4,40,2020-06-26,50.36,8962.5,49.93,24.6,0.33,3350.5,85.5,False
BGW-18,4,41,2020-06-27,49.96,9607.2,48.92,24.62,0.335,3356.2,73.4,False
BGW-18,4,42,2020-06-28,49.68,8896.7,52.72,27.91,0.346,3352.7,80.9,False
BGW-18,4,43,2020-06-29,49.25,9061.9,48.47,26.58,0.354,3320.2,79.3,False
BGW-18,4,44,2020-06-30,49.1,9682.0,47.25,26.4,0.358,3382.1,74.7,False
BGW-18,4,45,2020-07-01,49.45,9194.0,47.04,26.54,0.361,3324.5,73.1,False
BGW-18,4,46,2020-07-02,48.46,10081.1,45.6,23.36,0.339,3292.9,74.9,False
BGW-18,4,47,2020-07-03,48.96,9183.2,45.5,26.41,0.367,3326.6,77.8,False
BGW-18,4,48,2020-07-04,48.53,9724.6,48.51,28.25,0.368,3299.6,67.6,False
BGW-18,4,49,2020-07-05,48.37,10109.7,44.75,26.29,0.37,3284.5,62.3,True
BGW-18,4,50,2020-07-06,47.91,10759.6,42.09,26.65,0.388,3250.7,57.6,True
BGW-18,4,51,2020-07-07,48.25,10472.3,44.34,25.89,0.369,3292.0,61.8,True
BGW-18,4,52,2020-07-08,47.57,11436.6,42.23,24.95,0.371,3235.7,49.9,True
BGW-18,4,53,2020-07-09,47.83,10156.7,43.18,29.07,0.402,3262.6,61.2,True
BGW-18,4,54,2020-07-10,47.09,10726.7,41.98,24.32,0.367,3303.7,60.9,True
BGW-18,4,55,2020-07-11,47.49,11056.8,45.06,28.68,0.389,3259.0,48.6,True
BGW-18,4,56,2020-07-12,46.55,11007.8,38.4,24.41,0.389,3256.7,53.5,True
BGW-18,4,57,2020-07-13,47.44,10322.6,42.77,24.34,0.363,3279.7,60.1,True
BGW-18,4,58,2020-07-14,46.86,10884.3,39.48,23.64,0.375,3235.6,54.6,True
BGW-18,4,59,2020-07-15,46.93,11552.1,38.72,25.26,0.395,3257.8,48.0,True
BGW-18,4,60,2020-07-16,46.54,11550.6,40.54,25.88,0.39,3235.4,49.3,True
BGW-18,4,61,2020-07-17,46.7,10908.5,38.03,27.66,0.421,3181.0,56.0,True
BGW-18,4,62,2020-07-18,46.32,11129.1,40.44,27.11,0.401,3233.3,55.8,True
BGW-18,4,63,2020-07-19,46.74,11137.0,42.92,30.36,0.414,3195.6,55.8,True
BGW-18,4,64,2020-07-20,46.94,11217.8,40.0,28.62,0.417,3154.3,54.7,True
BGW-18,4,65,2020-07-21,46.7,10732.0,41.16,27.12,0.397,3195.7,59.5,True
BGW-18,4,66,2020-07-22,46.3,11467.7,40.15,27.94,0.41,3203.2,51.5,True
BGW-18,4,67,2020-07-23,46.28,11536.9,37.96,27.34,0.419,3139.8,45.0,True
BGW-18,4,68,2020-07-24,46.93,11408.9,38.77,29.35,0.431,3169.2,47.4,True
BGW-18,4,69,2020-07-25,46.43,11066.6,36.5,28.45,0.438,3183.6,53.6,True
BGW-18,4,70,2020-07-26,46.59,11782.0,38.89,28.72,0.425,3190.9,43.0,True
BGW-18,4,71,2020-07-27,46.83,12290.2,38.53,28.42,0.424,3095.8,39.1,True
BGW-18,4,72,2020-07-28,46.19,11009.7,39.3,31.31,0.443,3244.8,63.0,True
BGW-18,4,73,2020-07-29,46.48,11114.9,37.1,27.99,0.43,3063.1,62.0,True
BGW-18,4,74,2020-07-30,46.87,10702.9,37.5,26.5,0.414,3164.0,63.1,True
BGW-18,4,75,2020-07-31,46.03,12226.5,37.78,29.39,0.438,3127.7,35.3,True
BGW-18,4,76,2020-08-01,46.65,10854.8,39.77,30.9,0.437,3106.2,57.8,True
BGW-18,4,77,2020-08-02,46.36,11841.1,39.3,32.28,0.451,3141.3,41.4,True
BGW-18,4,78,2020-08-03,46.21,11421.1,36.78,31.02,0.457,3133.8,50.0,True
BGW-18,4,79,2020-08-04,46.4,11699.8,37.7,28.77,0.433,3105.8,46.7,True
BGW-18,4,80,2020-08-05,46.19,11186.2,35.4,30.53,0.463,3105.4,55.5,True
BGW-18,4,81,2020-08-06,45.95,12165.0,36.63,32.74,0.472,3207.2,39.8,True
BGW-18,4,82,2020-08-07,46.31,11157.2,40.88,36.45,0.471,3102.2,55.0,True
BGW-18,4,83,2020-08-08,46.61,11400.3,32.87,28.77,0.467,3085.1,54.2,True
BGW-18,4,84,2020-08-09,45.92,11759.6,36.8,34.33,0.483,3045.2,43.8,True
BGW-18,4,85,2020-08-10,46.19,11267.8,34.68,30.78,0.47,3049.2,55.4,True
BGW-18,4,86,2020-08-11,45.84,11486.6,32.71,29.76,0.476,3098.9,50.7,True
BGW-18,4,87,2020-08-12,45.87,11872.6,35.26,30.45,0.463,3070.3,46.4,True
BGW-18,4,88,2020-08-13,46.14,11038.3,35.41,30.45,0.462,3078.9,56.8,True
BGW-18,4,89,2020-08-14,46.1,12255.5,32.79,29.98,0.478,3118.6,40.2,True
BGW-18,5,0,2020-09-07,138.98,149.6,376.39,103.05,0.215,3619.4,100.0,False
BGW-18,5,1,2020-09-08,133.17,178.4,333.83,89.31,0.211,3540.9,97.9,False
BGW-18,5,2,2020-09-09,128.24,208.8,326.55,98.96,0.233,3564.3,98.8,False
BGW-18,5,3,2020-09-10,123.19,255.0,274.32,80.73,0.227,3609.5,100.0,False
BGW-18,5,4,2020-09-11,118.65,314.7,257.02,74.36,0.224,3513.8,100.0,False
BGW-18,5,5,2020-09-12,114.88,354.7,219.49,65.95,0.231,3627.5,100.0,False
BGW-18,5,6,2020-09-13,110.3,431.8,207.35,63.94,0.236,3534.5,100.0,False
BGW-18,5,7,2020-09-14,106.51,500.3,191.3,62.61,0.247,3560.2,100.0,False
BGW-18,5,8,2020-09-15,103.5,574.9,178.3,58.42,0.247,3535.6,98.2,False
BGW-18,5,9,2020-09-16,100.14,678.7,174.93,53.97,0.236,3545.6,100.0,False
BGW-18,5,10,2020-09-17,96.76,778.7,141.69,49.54,0.259,3482.2,95.8,False
BGW-18,5,11,2020-09-18,93.86,887.4,143.03,44.69,0.238,3541.4,100.0,False
BGW-18,5,12,2020-09-19,90.42,1069.7,135.44,42.9,0.241,3511.9,100.0,False
BGW-18,5,13,2020-09-20,88.36,1155.8,114.72,38.83,0.253,3502.4,98.3,False
BGW-18,5,14,2020-09-21,86.13,1226.1,124.36,47.78,0.278,3552.1,100.0,False
BGW-18,5,15,2020-09-22,83.5,1485.1,98.69,34.8,0.261,3449.8,100.0,False
BGW-18,5,16,2020-09-23,80.98,1685.2,93.09,36.95,0.284,3496.8,100.0,False
BGW-18,5,17,2020-09-24,79.42,1791.0,98.58,34.48,0.259,3479.5,93.1,False
BGW-18,5,18,2020-09-25,77.7,2117.7,88.75,32.68,0.269,3506.4,95.3,False
BGW-18,5,19,2020-09-26,75.52,2198.2,78.84,27.25,0.257,3422.3,100.0,False
BGW-18,5,20,2020-09-27,73.83,2475.4,76.63,29.56,0.278,3490.8,97.2,False
BGW-18,5,21,2020-09-28,73.04,2508.8,86.47,35.52,0.291,3472.6,99.8,False
BGW-18,5,22,2020-09-29,70.14,2953.5,73.15,30.98,0.297,3419.0,98.1,False
BGW-18,5,23,2020-09-30,68.78,3269.4,69.75,25.8,0.27,3399.4,100.0,False
BGW-18,5,24,2020-10-01,67.57,3344.5,65.22,24.48,0.273,3458.3,100.0,False
BGW-18,5,25,2020-10-02,66.47,3631.6,60.49,25.69,0.298,3446.0,100.0,False
BGW-18,5,26,2020-10-03,65.39,3951.1,62.56,26.37,0.297,3447.4,96.0,False
BGW-18,5,27,2020-10-04,63.93,4017.7,60.53,24.5,0.288,3445.5,99.7,False
BGW-18,5,28,2020-10-05,62.74,4393.7,60.94,23.36,0.277,3401.0,100.0,False
BGW-18,5,29,2020-10-06,61.79,4650.3,55.09,24.08,0.304,3442.7,97.8,False
BGW-18,5,30,2020-10-07,61.93,4732.6,56.54,24.5,0.302,3379.9,100.0,False
BGW-18,5,31,2020-10-08,60.34,4925.2,51.19,22.86,0.309,3441.2,97.0,False
BGW-18,5,32,2020-10-09,59.18,5341.0,50.56,21.82,0.302,3388.1,100.0,False
BGW-18,5,33,2020-10-10,59.33,5552.7,51.08,24.1,0.321,3354.2,99.7,False
BGW-18,5,34,2020-10-11,57.46,5680.9,53.39,25.41,0.322,3402.6,100.0,False
BGW-18,5,35,2020-10-12,57.13,5892.8,53.91,26.34,0.328,3320.4,95.0,False
BGW-18,5,36,2020-10-13,56.76,5952.9,47.76,20.86,0.304,3394.4,98.6,False
BGW-18,5,37,2020-10-14,55.76,6236.0,46.18,22.66,0.329,3313.8,98.9,False
BGW-18,5,38,2020-10-15,55.46,6499.1,45.96,21.84,0.322,3376.5,100.0,False
BGW-18,5,39,2020-10-16,54.69,7040.9,47.45,25.17,0.347,3367.3,100.0,False
BGW-18,5,40,2020-10-17,54.12,7362.0,46.34,24.29,0.344,3345.2,97.5,False
BGW-18,5,41,2020-10-18,54.03,7279.7,44.04,22.15,0.335,3347.5,99.4,False
BGW-18,5,42,2020-10-19,53.46,7287.5,37.16,17.1,0.315,3336.8,99.9,False
BGW-18,5,43,2020-10-20,52.86,7757.5,44.01,22.87,0.342,3375.8,96.8,False
BGW-18,5,44,2020-10-21,52.21,8642.0,40.51,21.5,0.347,3361.0,77.4,False
BGW-18,5,45,2020-10-22,52.67,7618.8,44.11,22.32,0.336,3308.0,98.3,False
BGW-18,5,46,2020-10-23,51.38,8372.5,38.39,20.13,0.344,3286.9,90.3,False
BGW-18,5,47,2020-10-24,51.34,8983.2,35.89,18.18,0.336,3304.7,80.1,False
BGW-18,5,48,2020-10-25,51.06,8923.2,37.64,20.8,0.356,3309.3,83.7,False
BGW-18,5,49,2020-10-26,50.96,8615.2,37.67,21.74,0.366,3303.8,84.4,False
BGW-18,5,50,2020-10-27,50.72,8995.6,37.36,19.71,0.345,3254.6,83.4,False
BGW-18,5,51,2020-10-28,50.62,8378.7,40.04,21.47,0.349,3266.6,89.2,False
BGW-18,5,52,2020-10-29,50.18,9736.0,34.99,21.75,0.383,3253.0,76.3,False
BGW-18,5,53,2020-10-30,49.92,9751.2,34.92,20.6,0.371,3269.0,73.1,False
BGW-18,5,54,2020-10-31,49.74,9134.9,35.39,21.55,0.378,3298.9,77.5,False
BGW-18,5,55,2020-11-01,49.23,9337.3,32.44,20.07,0.382,3275.3,76.1,False
BGW-18,5,56,2020-11-02,48.82,9222.5,31.31,20.05,0.39,3276.3,81.0,False
BGW-18,5,57,2020-11-03,48.85,9895.4,29.65,20.18,0.405,3268.8,73.2,False
BGW-18,5,58,2020-11-04,48.56,9874.7,32.66,22.59,0.409,3230.1,73.0,False
BGW-18,5,59,2020-11-05,48.84,9496.6,31.05,20.2,0.394,3179.0,71.2,False
BGW-18,5,60,2020-11-06,48.53,9935.4,30.87,20.06,0.394,3217.0,70.4,False
BGW-18,5,61,2020-11-07,48.41,10041.0,35.02,24.76,0.414,3193.2,68.3,False
BGW-18,5,62,2020-11-08,48.07,9804.3,30.96,21.56,0.411,3206.6,69.1,False
BGW-18,5,63,2020-11-09,48.46,10304.4,31.49,21.5,0.406,3233.8,64.2,True
BGW-18,5,64,2020-11-10,48.08,10212.3,29.37,20.81,0.415,3152.5,66.9,False
BGW-18,5,65,2020-11-11,47.83,10616.3,30.23,22.9,0.431,3156.1,65.6,False
BGW-18,5,66,2020-11-12,47.7,10978.4,29.91,21.95,0.423,3140.9,54.7,True
BGW-18,5,67,2020-11-13,47.88,10306.4,34.84,26.1,0.428,3202.2,61.6,True
BGW-18,5,68,2020-11-14,47.55,10878.6,28.73,21.24,0.425,3200.7,61.0,True
BGW-18,5,69,2020-11-15,47.82,11875.5,27.93,22.21,0.443,3158.5,46.6,True
BGW-18,5,70,2020-11-16,47.4,11147.6,28.63,19.75,0.408,3170.9,57.1,True
BGW-18,5,71,2020-11-17,47.17,10369.4,30.46,24.3,0.444,3166.6,61.3,True
BGW-18,5,72,2020-11-18,47.92,10823.3,29.18,22.27,0.433,3154.6,57.1,True
BGW-18,5,73,2020-11-19,47.06,10866.3,28.81,20.94,0.421,3228.2,57.6,True
BGW-18,5,74,2020-11-20,46.71,11946.1,29.29,23.66,0.447,3169.7,43.4,True
BGW-18,5,75,2020-11-21,47.63,11110.0,28.87,23.05,0.444,3140.2,53.4,True
BGW-18,5,76,2020-11-22,47.19,10954.0,28.43,22.91,0.446,3136.7,62.7,True
BGW-18,5,77,2020-11-23,47.04,10030.1,30.86,25.85,0.456,3143.6,70.0,False
BGW-18,5,78,2020-11-24,46.64,11183.4,30.59,23.93,0.439,3075.4,50.4,True
BGW-18,5,79,2020-11-25,46.82,11926.0,27.53,24.1,0.467,3088.2,39.4,True
BGW-18,5,80,2020-11-26,46.62,12072.6,27.07,22.92,0.458,3100.4,44.2,True
BGW-18,5,81,2020-11-27,47.38,11685.9,28.65,25.61,0.472,3115.6,46.8,True
BGW-18,5,82,2020-11-28,46.14,11463.8,25.13,22.28,0.47,3118.6,50.7,True
BGW-18,5,83,2020-11-29,46.9,11643.0,25.85,21.15,0.45,3073.3,54.7,True
BGW-18,5,84,2020-11-30,46.66,11795.0,26.2,22.27,0.459,3067.2,53.3,True
BGW-18,5,85,2020-12-01,47.19,11099.4,28.52,26.73,0.484,3095.9,54.2,True
BGW-18,5,86,2020-12-02,47.2,11527.1,28.17,26.41,0.484,3046.4,50.0,True
BGW-18,5,87,2020-12-03,47.06,10783.2,26.52,24.5,0.48,3055.0,54.9,True
BGW-18,5,88,2020-12-04,46.33,10894.8,25.3,23.61,0.483,3057.2,61.0,True
BGW-18,5,89,2020-12-05,46.2,11325.5,26.84,26.56,0.497,3061.1,55.6,True
BGW-18,6,0,2020-12-23,132.42,177.2,353.02,97.77,0.217,3586.5,97.8,False
BGW-18,6,1,2020-12-24,127.62,210.0,330.73,95.11,0.223,3553.6,100.0,False
BGW-18,6,2,2020-12-25,123.38,235.9,285.8,86.02,0.231,3594.4,100.0,False
BGW-18,6,3,2020-12-26,119.92,297.5,269.45,82.68,0.235,3518.6,98.1,False
BGW-18,6,4,2020-12-27,115.65,343.2,250.53,71.98,0.223,3585.7,98.6,False
BGW-18,6,5,2020-12-28,111.83,405.8,221.99,61.64,0.217,3529.3,99.2,False
BGW-18,6,6,2020-12-29,108.68,467.6,190.8,62.77,0.248,3521.9,100.0,False
BGW-18,6,7,2020-12-30,105.42,519.8,190.0,66.81,0.26,3565.1,99.5,False
BGW-18,6,8,2020-12-31,102.9,625.9,193.81,57.91,0.23,3526.7,100.0,False
BGW-18,6,9,2021-01-01,100.14,655.4,166.86,54.35,0.246,3476.9,100.0,False
BGW-18,6,10,2021-01-02,96.76,755.9,172.09,55.23,0.243,3503.1,100.0,False
BGW-18,6,11,2021-01-03,94.37,834.7,154.8,49.06,0.241,3550.8,100.0,False
BGW-18,6,12,2021-01-04,91.87,1032.9,137.44,48.47,0.261,3528.1,100.0,False
BGW-18,6,13,2021-01-05,89.5,1107.1,123.49,41.42,0.251,3503.2,100.0,False
BGW-18,6,14,2021-01-06,87.03,1252.3,117.67,40.47,0.256,3515.6,100.0,False
BGW-18,6,15,2021-01-07,85.24,1448.9,114.33,37.84,0.249,3477.9,99.2,False
BGW-18,6,16,2021-01-08,83.19,1491.0,116.24,42.49,0.268,3488.4,100.0,False
BGW-18,6,17,2021-01-09,81.29,1779.6,97.85,36.46,0.271,3484.2,99.9,False
BGW-18,6,18,2021-01-10,79.6,1744.7,102.77,39.96,0.28,3448.0,99.8,False
BGW-18,6,19,2021-01-11,77.95,2011.3,99.5,38.64,0.28,3467.9,100.0,False
BGW-18,6,20,2021-01-12,76.19,2046.2,95.89,38.82,0.288,3468.3,100.0,False
BGW-18,6,21,2021-01-13,74.28,2334.7,84.51,34.23,0.288,3430.0,100.0,False
BGW-18,6,22,2021-01-14,73.04,2599.6,86.31,33.18,0.278,3463.0,100.0,False
BGW-18,6,23,2021-01-15,71.48,2745.9,74.96,30.64,0.29,3479.4,100.0,False
BGW-18,6,24,2021-01-16,70.35,2942.2,82.4,34.74,0.297,3375.2,99.8,False
BGW-18,6,25,2021-01-17,69.04,3048.7,77.84,31.18,0.286,3495.4,100.0,False
BGW-18,6,26,2021-01-18,68.26,3247.9,81.44,35.89,0.306,3411.3,100.0,False
BGW-18,6,27,2021-01-19,66.8,3607.6,79.83,36.51,0.314,3427.4,100.0,False
BGW-18,6,28,2021-01-20,66.01,3759.1,75.38,31.01,0.292,3439.3,100.0,False
BGW-18,6,29,2021-01-21,65.2,4159.2,61.75,26.25,0.298,3373.5,100.0,False
BGW-18,6,30,2021-01-22,64.31,4059.0,70.46,31.18,0.307,3363.8,100.0,False
BGW-18,6,31,2021-01-23,62.59,4263.4,59.26,28.11,0.322,3430.5,100.0,False
BGW-18,6,32,2021-01-24,62.01,4802.1,63.98,29.19,0.313,3403.4,100.0,False
BGW-18,6,33,2021-01-25,61.56,4701.1,62.08,26.95,0.303,3364.8,97.5,False
BGW-18,6,34,2021-01-26,60.6,4829.0,60.14,28.15,0.319,3406.9,100.0,False
BGW-18,6,35,2021-01-27,59.76,5157.1,58.93,30.31,0.34,3336.3,100.0,False
BGW-18,6,36,2021-01-28,58.6,5489.0,52.6,22.75,0.302,3378.5,99.1,False
BGW-18,6,37,2021-01-29,58.75,5500.7,56.04,28.11,0.334,3341.1,100.0,False
BGW-18,6,38,2021-01-30,58.35,5411.1,56.25,26.97,0.324,3367.4,100.0,False
BGW-18,6,39,2021-01-31,57.04,5780.6,52.31,27.69,0.346,3398.1,95.5,False
BGW-18,6,40,2021-02-01,56.57,6418.2,48.04,24.35,0.336,3352.1,98.0,False
BGW-18,6,41,2021-02-02,55.67,6407.4,55.76,29.68,0.347,3348.1,100.0,False
BGW-18,6,42,2021-02-03,55.93,6438.9,52.19,24.59,0.32,3322.0,99.6,False
BGW-18,6,43,2021-02-04,54.85,7097.3,47.22,24.9,0.345,3313.5,97.6,False
BGW-18,6,44,2021-02-05,53.95,7173.5,43.78,25.2,0.365,3346.7,100.0,False
BGW-18,6,45,2021-02-06,53.72,7614.0,44.05,24.32,0.356,3272.0,96.9,False
BGW-18,6,46,2021-02-07,53.39,7706.9,46.44,24.15,0.342,3295.9,99.8,False
BGW-18,6,47,2021-02-08,52.93,7547.3,42.11,22.83,0.352,3316.9,96.9,False
BGW-18,6,48,2021-02-09,53.18,7928.8,45.63,23.8,0.343,3328.4,89.3,False
BGW-18,6,49,2021-02-10,52.45,7892.7,45.05,27.35,0.378,3263.7,95.5,False
BGW-18,6,50,2021-02-11,51.89,7861.1,46.16,27.87,0.376,3240.7,94.6,False
BGW-18,6,51,2021-02-12,52.2,8113.4,40.99,24.11,0.37,3264.2,92.9,False
BGW-18,6,52,2021-02-13,51.33,8548.9,41.96,23.09,0.355,3246.3,85.9,False
BGW-18,6,53,2021-02-14,51.49,7846.5,39.97,21.85,0.353,3220.6,95.9,False
BGW-18,6,54,2021-02-15,50.68,8785.0,40.13,25.25,0.386,3293.5,85.5,False
BGW-18,6,55,2021-02-16,51.31,8855.4,40.74,25.51,0.385,3193.0,84.2,False
BGW-18,6,56,2021-02-17,50.53,8269.2,39.44,23.28,0.371,3265.7,90.7,False
BGW-18,6,57,2021-02-18,50.71,8466.8,38.98,25.95,0.4,3220.1,85.6,False
BGW-18,6,58,2021-02-19,50.34,9187.1,40.65,26.73,0.397,3277.0,77.2,False
BGW-18,6,59,2021-02-20,50.19,9077.4,40.45,26.38,0.395,3233.1,76.9,False
BGW-18,6,60,2021-02-21,50.3,9404.6,38.72,24.65,0.389,3216.5,72.2,False
BGW-18,6,61,2021-02-22,49.35,9557.1,37.74,23.79,0.387,3207.2,71.4,False
BGW-18,6,62,2021-02-23,49.49,9653.8,35.22,22.68,0.392,3235.8,69.9,False
BGW-18,6,63,2021-02-24,49.05,9770.2,37.48,27.04,0.419,3242.3,67.6,False
BGW-18,6,64,2021-02-25,49.2,10302.5,38.33,26.74,0.411,3219.7,62.6,True
BGW-18,6,65,2021-02-26,48.54,10118.4,34.48,24.0,0.41,3191.4,60.5,True
BGW-18,6,66,2021-02-27,48.77,9685.0,36.06,24.55,0.405,3188.7,74.7,False
BGW-18,6,67,2021-02-28,49.27,9712.3,36.66,25.92,0.414,3169.2,75.6,False
BGW-18,6,68,2021-03-01,48.99,10451.8,33.86,24.43,0.419,3135.9,60.8,True
BGW-18,6,69,2021-03-02,48.43,10099.8,36.21,26.69,0.424,3168.6,69.9,False
BGW-18,6,70,2021-03-03,48.17,10296.7,35.91,26.45,0.424,3142.0,67.6,False
BGW-18,6,71,2021-03-04,48.02,9608.3,34.76,25.13,0.42,3173.4,74.9,False
BGW-18,6,72,2021-03-05,48.38,10828.2,33.26,24.73,0.426,3140.5,59.8,True
BGW-18,6,73,2021-03-06,47.73,10531.1,32.75,27.62,0.457,3145.3,61.2,True
BGW-18,6,74,2021-03-07,48.06,11274.3,32.29,23.49,0.421,3089.0,52.8,True
BGW-18,6,75,2021-03-08,47.57,11296.9,31.19,23.76,0.432,3127.7,55.3,True
BGW-18,6,76,2021-03-09,48.01,10247.9,34.68,26.21,0.43,3122.7,62.7,True
BGW-18,6,77,2021-03-10,47.44,11853.5,33.17,28.11,0.459,3080.5,45.4,True
BGW-18,6,78,2021-03-11,47.99,9723.3,33.03,27.87,0.458,3168.6,79.7,False
BGW-18,6,79,2021-03-12,47.6,11576.3,30.74,26.13,0.459,3068.3,53.7,True
BGW-18,6,80,2021-03-13,47.46,10907.1,32.78,26.55,0.447,3113.2,58.8,True
BGW-18,6,81,2021-03-14,47.11,11289.9,33.73,28.03,0.454,3139.9,54.3,True
BGW-18,6,82,2021-03-15,47.64,10533.5,34.03,29.16,0.461,3070.3,64.5,True
BGW-18,6,83,2021-03-16,46.7,11465.0,32.43,29.22,0.474,3012.3,48.2,True
BGW-18,6,84,2021-03-17,47.36,11424.3,28.14,24.64,0.467,3087.9,48.4,True
BGW-18,6,85,2021-03-18,47.45,10620.8,30.91,28.17,0.477,3099.7,54.6,True
BGW-18,6,86,2021-03-19,47.32,10810.4,30.66,27.52,0.473,3066.9,57.8,True
BGW-18,6,87,2021-03-20,46.48,11564.7,29.81,27.42,0.479,3074.0,47.7,True
BGW-18,6,88,2021-03-21,47.31,10906.6,28.51,26.52,0.482,3055.0,58.1,True
BGW-18,6,89,2021-03-22,46.63,11249.7,31.74,29.52,0.482,3031.2,57.4,True
BGW-18,7,0,2021-04-16,143.91,119.1,411.67,125.57,0.234,3592.2,99.5,False
BGW-18,7,1,2021-04-17,138.88,128.0,410.91,115.62,0.22,3573.8,96.2,False
BGW-18,7,2,2021-04-18,133.65,166.7,344.6,88.24,0.204,3591.3,97.4,False
BGW-18,7,3,2021-04-19,128.53,207.4,317.2,90.97,0.223,3532.3,100.0,False
BGW-18,7,4,2021-04-20,123.28,252.7,258.41,87.9,0.254,3564.4,97.9,False
BGW-18,7,5,2021-04-21,118.55,271.5,290.52,88.47,0.233,3521.4,93.5,False
BGW-18,7,6,2021-04-22,115.3,357.2,206.43,61.93,0.231,3561.9,99.5,False
BGW-18,7,7,2021-04-23,110.67,397.1,214.47,63.99,0.23,3523.9,100.0,False
BGW-18,7,8,2021-04-24,106.75,498.8,190.43,65.86,0.257,3569.3,100.0,False
BGW-18,7,9,2021-04-25,103.0,602.8,188.75,57.86,0.235,3498.5,96.5,False
BGW-18,7,10,2021-04-26,99.59,722.0,174.4,56.48,0.245,3501.9,99.8,False
BGW-18,7,11,2021-04-27,97.58,745.5,157.52,52.4,0.25,3524.4,96.1,False
BGW-18,7,12,2021-04-28,94.35,874.2,155.72,47.64,0.234,3513.3,97.1,False
BGW-18,7,13,2021-04-29,90.58,1064.8,134.26,47.13,0.26,3499.5,99.3,False
BGW-18,7,14,2021-04-30,87.73,1153.1,133.63,43.53,0.246,3485.3,97.1,False
BGW-18,7,15,2021-05-01,85.93,1352.2,122.03,42.05,0.256,3584.2,94.9,False
BGW-18,7,16,2021-05-02,83.72,1519.1,100.9,35.85,0.262,3472.5,98.8,False
BGW-18,7,17,2021-05-03,81.75,1597.9,107.67,39.57,0.269,3444.2,100.0,False
BGW-18,7,18,2021-05-04,79.75,1744.6,104.38,41.98,0.287,3488.6,100.0,False
BGW-18,7,19,2021-05-05,76.98,2031.3,106.29,39.83,0.273,3493.1,100.0,False
BGW-18,7,20,2021-05-06,75.46,2396.7,92.21,35.43,0.278,3427.4,99.5,False
BGW-18,7,21,2021-05-07,73.71,2335.8,101.0,41.51,0.291,3511.9,97.0,False
BGW-18,7,22,2021-05-08,72.73,2496.2,89.15,34.17,0.277,3465.4,100.0,False
BGW-18,7,23,2021-05-09,70.67,2718.5,82.72,34.08,0.292,3463.6,100.0,False
BGW-18,7,24,2021-05-10,69.63,2929.1,72.19,27.1,0.273,3415.5,99.1,False
BGW-18,7,25,2021-05-11,67.96,3400.4,76.66,28.27,0.269,3444.5,100.0,False
BGW-18,7,26,2021-05-12,66.8,3494.2,71.73,31.76,0.307,3436.0,97.1,False
BGW-18,7,27,2021-05-13,65.97,3706.6,72.17,28.74,0.285,3431.9,100.0,False
BGW-18,7,28,2021-05-14,64.35,4137.8,62.95,29.61,0.32,3396.8,100.0,False
BGW-18,7,29,2021-05-15,63.67,4151.0,61.99,28.89,0.318,3427.2,99.1,False
BGW-18,7,30,2021-05-16,62.88,4453.7,64.16,27.27,0.298,3398.8,97.1,False
BGW-18,7,31,2021-05-17,61.25,4909.1,57.3,24.92,0.303,3399.8,99.5,False
BGW-18,7,32,2021-05-18,60.49,4947.3,57.47,27.0,0.32,3400.3,100.0,False
BGW-18,7,33,2021-05-19,59.46,4895.7,64.63,29.74,0.315,3434.2,100.0,False
BGW-18,7,34,2021-05-20,59.08,5609.7,58.34,27.16,0.318,3403.0,96.6,False
BGW-18,7,35,2021-05-21,57.64,5772.5,53.01,25.94,0.329,3353.8,100.0,False
BGW-18,7,36,2021-05-22,57.27,6477.4,49.83,23.89,0.324,3369.2,100.0,False
BGW-18,7,37,2021-05-23,56.92,6386.2,55.54,27.27,0.329,3367.4,100.0,False
BGW-18,7,38,2021-05-24,55.85,6553.8,46.72,23.6,0.336,3325.5,93.6,False
BGW-18,7,39,2021-05-25,55.79,6648.2,49.99,24.67,0.33,3332.0,97.4,False
BGW-18,7,40,2021-05-26,55.18,6689.9,44.61,21.54,0.326,3335.3,97.6,False
BGW-18,7,41,2021-05-27,54.37,6793.6,50.35,23.81,0.321,3360.8,97.8,False
BGW-18,7,42,2021-05-28,54.13,7109.3,49.87,26.44,0.346,3349.3,100.0,False
BGW-18,7,43,2021-05-29,53.63,7805.8,44.87,23.57,0.344,3325.9,95.7,False
BGW-18,7,44,2021-05-30,53.63,7557.0,44.11,22.22,0.335,3308.1,100.0,False
BGW-18,7,45,2021-05-31,52.77,7782.1,46.72,24.86,0.347,3297.0,95.8,False
BGW-18,7,46,2021-06-01,53.12,7402.0,46.74,29.18,0.384,3306.7,100.0,False
BGW-18,7,47,2021-06-02,51.97,7902.8,47.81,26.5,0.357,3275.1,93.7,False
BGW-18,7,48,2021-06-03,51.49,8424.8,44.93,25.77,0.365,3226.9,90.9,False
BGW-18,7,49,2021-06-04,51.68,7873.0,45.11,22.6,0.334,3317.9,94.5,False
BGW-18,7,50,2021-06-05,50.71,8817.4,43.16,25.92,0.375,3313.5,78.2,False
BGW-18,7,51,2021-06-06,51.19,8981.7,38.2,21.49,0.36,3295.1,81.1,False
BGW-18,7,52,2021-06-07,50.67,8550.4,41.0,23.64,0.366,3283.8,83.1,False
BGW-18,7,53,2021-06-08,50.13,9281.4,38.45,23.93,0.384,3251.9,73.8,False
BGW-18,7,54,2021-06-09,49.58,9527.2,42.59,26.5,0.384,3253.7,73.9,False
BGW-18,7,55,2021-06-10,49.52,9884.4,38.88,22.46,0.366,3227.5,73.2,False
BGW-18,7,56,2021-06-11,49.28,9746.9,36.94,25.49,0.408,3266.7,70.8,False
BGW-18,7,57,2021-06-12,48.82,9624.8,37.77,25.06,0.399,3277.7,69.8,False
BGW-18,7,58,2021-06-13,49.13,9806.7,36.13,22.35,0.382,3244.7,64.3,True
BGW-18,7,59,2021-06-14,49.11,9555.1,34.79,22.18,0.389,3235.3,75.0,False
BGW-18,7,60,2021-06-15,48.95,9171.3,37.29,24.54,0.397,3205.7,80.5,False
BGW-18,7,61,2021-06-16,48.76,9533.0,37.65,24.89,0.398,3290.2,73.1,False
BGW-18,7,62,2021-06-17,48.35,9979.6,33.85,23.9,0.414,3210.9,67.1,False
BGW-18,7,63,2021-06-18,48.06,10504.9,37.1,26.86,0.42,3188.1,62.0,True
BGW-18,7,64,2021-06-19,47.98,10386.1,35.82,25.44,0.415,3204.0,61.3,True
BGW-18,7,65,2021-06-20,47.75,10471.6,37.58,26.18,0.411,3204.5,60.1,True
BGW-18,7,66,2021-06-21,48.21,9926.3,33.27,22.91,0.408,3233.5,68.1,False
BGW-18,7,67,2021-06-22,47.41,10042.7,35.73,25.01,0.412,3201.5,65.0,True
BGW-18,7,68,2021-06-23,47.76,10954.0,35.12,24.38,0.41,3209.6,51.9,True
BGW-18,7,69,2021-06-24,47.59,11988.2,34.09,26.63,0.439,3167.6,41.5,True
BGW-18,7,70,2021-06-25,47.78,10469.3,34.2,25.83,0.43,3137.6,60.6,True
BGW-18,7,71,2021-06-26,47.4,10576.4,32.33,24.35,0.43,3181.0,57.6,True
BGW-18,7,72,2021-06-27,47.55,10949.9,31.78,23.42,0.424,3146.3,60.9,True
BGW-18,7,73,2021-06-28,47.47,10225.4,33.4,27.2,0.449,3138.7,66.1,False
BGW-18,7,74,2021-06-29,47.4,10892.4,36.48,28.7,0.44,3136.2,59.6,True
BGW-18,7,75,2021-06-30,46.86,11302.0,29.94,24.77,0.453,3107.7,48.7,True
BGW-18,7,76,2021-07-01,46.81,11432.6,30.17,24.79,0.451,3124.8,49.1,True
BGW-18,7,77,2021-07-02,46.88,12187.8,28.48,23.66,0.454,3098.9,41.9,True
BGW-18,7,78,2021-07-03,47.1,10540.9,30.93,24.34,0.44,3098.4,62.2,True
BGW-18,7,79,2021-07-04,46.67,11402.8,33.22,26.17,0.441,3126.1,52.4,True
BGW-18,7,80,2021-07-05,47.26,10721.7,34.68,29.99,0.464,3113.4,54.1,True
BGW-18,7,81,2021-07-06,46.82,11586.2,32.85,27.01,0.451,3094.6,51.9,True
BGW-18,7,82,2021-07-07,46.57,11987.5,29.69,25.72,0.464,3107.9,44.1,True
BGW-18,7,83,2021-07-08,47.14,11652.5,32.03,26.2,0.45,3104.5,52.8,True
BGW-18,7,84,2021-07-09,47.03,10865.3,31.31,28.83,0.479,3086.3,64.0,True
BGW-18,7,85,2021-07-10,46.29,11786.7,29.91,25.72,0.462,3088.9,46.4,True
BGW-18,7,86,2021-07-11,46.95,10843.1,30.39,27.48,0.475,3108.8,63.5,True
BGW-18,7,87,2021-07-12,46.77,11414.9,29.82,28.27,0.487,3077.0,48.3,True
BGW-18,7,88,2021-07-13,45.96,11001.6,27.79,27.87,0.501,3016.1,55.8,True
BGW-18,7,89,2021-07-14,47.27,10507.5,31.87,29.07,0.477,3050.2,64.7,True
BGW-18,8,0,2021-08-05,141.43,116.4,419.93,118.05,0.219,3580.2,97.0,False
BGW-18,8,1,2021-08-06,137.17,148.1,362.9,110.97,0.234,3578.8,100.0,False
BGW-18,8,2,2021-08-07,135.08,155.0,325.67,98.94,0.233,3602.1,100.0,False
BGW-18,8,3,2021-08-08,131.06,181.3,303.15,84.51,0.218,3550.9,95.5,False
BGW-18,8,4,2021-08-09,128.39,202.4,304.29,93.66,0.235,3547.1,98.9,False
BGW-18,8,5,2021-08-10,125.16,236.5,294.62,101.78,0.257,3547.5,97.4,False
BGW-18,8,6,2021-08-11,121.73,263.9,255.84,85.24,0.25,3620.9,100.0,False
BGW-18,8,7,2021-08-12,118.78,322.4,258.68,80.82,0.238,3566.7,100.0,False
BGW-18,8,8,2021-08-13,115.96,364.3,212.79,65.98,0.237,3541.0,98.5,False
BGW-18,8,9,2021-08-14,113.56,367.3,215.88,65.85,0.234,3549.1,100.0,False
BGW-18,8,10,2021-08-15,110.79,420.3,195.71,61.32,0.239,3494.5,96.8,False
BGW-18,8,11,2021-08-16,108.71,482.5,175.91,61.12,0.258,3539.3,96.3,False
BGW-18,8,12,2021-08-17,106.08,508.3,185.73,67.78,0.267,3544.5,94.4,False
BGW-18,8,13,2021-08-18,103.53,614.5,173.18,56.4,0.246,3518.8,98.3,False
BGW-18,8,14,2021-08-19,101.86,637.4,164.22,55.76,0.253,3496.2,100.0,False
BGW-18,8,15,2021-08-20,99.01,720.4,148.42,56.76,0.277,3498.0,100.0,False
BGW-18,8,16,2021-08-21,97.76,771.2,144.92,48.75,0.252,3476.5,99.5,False
BGW-18,8,17,2021-08-22,95.44,829.4,146.92,57.42,0.281,3440.8,98.5,False
BGW-18,8,18,2021-08-23,93.3,971.6,135.11,47.59,0.26,3456.8,95.6,False
BGW-18,8,19,2021-08-24,92.32,984.3,125.01,47.09,0.274,3459.8,94.4,False
BGW-18,8,20,2021-08-25,90.41,1042.6,120.6,47.17,0.281,3472.6,96.6,False
BGW-18,8,21,2021-08-26,88.12,1158.6,113.46,43.49,0.277,3454.4,100.0,False
BGW-18,8,22,2021-08-27,86.7,1271.9,105.19,37.4,0.262,3430.0,100.0,False
BGW-18,8,23,2021-08-28,85.35,1322.7,97.41,38.96,0.286,3454.1,100.0,False
BGW-18,8,24,2021-08-29,83.29,1458.7,99.33,40.19,0.288,3386.0,98.2,False
BGW-18,8,25,2021-08-30,82.24,1668.4,92.37,36.0,0.28,3490.4,100.0,False
BGW-18,8,26,2021-08-31,80.78,1710.8,94.5,41.43,0.305,3425.9,96.6,False
BGW-18,8,27,2021-09-01,79.25,1855.8,96.55,41.82,0.302,3450.7,97.5,False
BGW-18,8,28,2021-09-02,78.12,1975.6,83.11,33.71,0.289,3333.8,97.7,False
BGW-18,8,29,2021-09-03,76.75,2264.9,70.33,28.61,0.289,3380.1,100.0,False
BGW-18,8,30,2021-09-04,75.78,2184.7,74.9,34.97,0.318,3383.9,99.6,False
BGW-18,8,31,2021-09-05,75.05,2152.5,81.17,34.91,0.301,3457.0,96.2,False
BGW-18,8,32,2021-09-06,73.71,2527.7,73.32,31.96,0.304,3381.5,90.7,False
BGW-18,8,33,2021-09-07,72.12,2654.8,68.52,32.48,0.322,3469.8,100.0,False
BGW-18,8,34,2021-09-08,71.71,2702.3,69.43,31.5,0.312,3423.5,97.2,False
BGW-18,8,35,2021-09-09,70.52,3138.7,64.07,30.36,0.321,3389.0,96.2,False
BGW-18,8,36,2021-09-10,69.64,3012.8,66.58,33.01,0.331,3392.0,100.0,False
BGW-18,8,37,2021-09-11,68.52,3245.2,63.47,33.01,0.342,3370.1,100.0,False
BGW-18,8,38,2021-09-12,67.85,3214.6,64.99,34.1,0.344,3394.7,97.7,False
BGW-18,8,39,2021-09-13,67.28,3159.2,61.76,34.4,0.358,3322.0,99.6,False
BGW-18,8,40,2021-09-14,66.04,3644.2,63.4,31.87,0.335,3275.2,97.7,False
BGW-18,8,41,2021-09-15,65.26,3718.8,60.54,31.88,0.345,3301.5,100.0,False
BGW-18,8,42,2021-09-16,64.83,3940.3,54.93,29.97,0.353,3332.0,100.0,False
BGW-18,8,43,2021-09-17,63.94,4366.5,56.2,28.28,0.335,3314.4,99.4,False
BGW-18,8,44,2021-09-18,63.14,4163.5,53.78,29.99,0.358,3321.9,99.1,False
BGW-18,8,45,2021-09-19,63.02,4275.0,51.41,29.21,0.362,3366.8,98.9,False
BGW-18,8,46,2021-09-20,62.4,4574.6,53.34,30.94,0.367,3242.2,100.0,False
BGW-18,8,47,2021-09-21,61.46,4830.7,48.71,30.47,0.385,3318.3,99.6,False
BGW-18,8,48,2021-09-22,61.25,4892.9,50.32,29.03,0.366,3292.6,99.4,False
BGW-18,8,49,2021-09-23,59.99,5074.6,46.6,26.77,0.365,3304.5,98.8,False
BGW-18,8,50,2021-09-24,59.35,5125.6,46.74,27.19,0.368,3316.4,99.3,False
BGW-18,8,51,2021-09-25,59.29,5338.0,45.36,26.41,0.368,3292.3,96.0,False
BGW-18,8,52,2021-09-26,59.02,5102.2,48.46,28.81,0.373,3241.6,100.0,False
BGW-18,8,53,2021-09-27,58.06,5785.6,44.57,26.46,0.373,3281.3,98.6,False
BGW-18,8,54,2021-09-28,58.16,5672.2,45.11,28.42,0.387,3264.4,100.0,False
BGW-18,8,55,2021-09-29,57.71,5595.0,45.07,26.82,0.373,3215.4,98.4,False
BGW-18,8,56,2021-09-30,56.83,6235.0,38.09,23.61,0.383,3239.4,99.7,False
BGW-18,8,57,2021-10-01,56.03,6686.1,44.0,29.37,0.4,3246.9,98.3,False
BGW-18,8,58,2021-10-02,55.91,6206.2,40.62,26.4,0.394,3274.3,100.0,False
BGW-18,8,59,2021-10-03,55.73,6369.6,42.05,28.57,0.405,3265.1,100.0,False
BGW-18,8,60,2021-10-04,55.7,6924.2,40.76,27.25,0.401,3239.2,100.0,False
BGW-18,8,61,2021-10-05,55.29,6557.1,44.24,28.99,0.396,3215.1,100.0,False
BGW-18,8,62,2021-10-06,54.53,6485.2,40.74,26.2,0.391,3227.1,97.2,False
BGW-18,8,63,2021-10-07,53.9,7652.4,43.46,29.22,0.402,3164.0,100.0,False
BGW-18,8,64,2021-10-08,54.16,7277.2,45.32,31.0,0.406,3194.4,100.0,False
BGW-18,8,65,2021-10-09,53.63,7362.7,38.09,26.09,0.407,3167.1,100.0,False
BGW-18,8,66,2021-10-10,53.33,8137.5,36.52,26.96,0.425,3211.0,90.9,False
BGW-18,8,67,2021-10-11,53.11,6881.1,38.99,26.97,0.409,3202.7,99.1,False
BGW-18,8,68,2021-10-12,53.44,7075.1,37.95,27.71,0.422,3177.7,100.0,False
BGW-18,8,69,2021-10-13,52.8,7636.3,36.67,27.53,0.429,3152.3,95.1,False
BGW-18,8,70,2021-10-14,52.37,7789.3,34.8,24.88,0.417,3205.2,95.2,False
BGW-18,8,71,2021-10-15,52.26,7724.5,39.4,29.22,0.426,3155.9,100.0,False
BGW-18,8,72,2021-10-16,51.99,8035.2,35.17,28.51,0.448,3180.4,91.8,False
BGW-18,8,73,2021-10-17,51.71,8256.1,36.24,27.98,0.436,3123.4,87.3,False
BGW-18,8,74,2021-10-18,51.65,7617.5,36.77,27.23,0.426,3180.4,98.0,False
BGW-18,8,75,2021-10-19,51.01,8830.8,35.79,27.79,0.437,3145.5,80.8,False
BGW-18,8,76,2021-10-20,51.45,9227.5,31.87,26.32,0.452,3094.4,76.4,False
BGW-18,8,77,2021-10-21,50.81,8667.9,33.88,28.06,0.453,3158.8,85.4,False
BGW-18,8,78,2021-10-22,51.26,8521.2,32.97,26.96,0.45,3098.6,85.8,False
BGW-18,8,79,2021-10-23,50.07,8664.7,34.56,29.72,0.462,3103.1,85.7,False
BGW-18,8,80,2021-10-24,50.2,8589.5,32.28,26.47,0.451,3110.9,81.4,False
BGW-18,8,81,2021-10-25,49.97,9217.3,29.96,26.22,0.467,3083.0,79.3,False
BGW-18,8,82,2021-10-26,50.45,8913.7,32.76,26.61,0.448,3072.9,79.3,False
BGW-18,8,83,2021-10-27,50.12,9479.0,30.7,27.07,0.469,3076.3,77.4,False
BGW-18,8,84,2021-10-28,49.3,9857.9,31.61,28.35,0.473,3111.8,73.1,False
BGW-18,8,85,2021-10-29,49.78,8879.3,29.78,27.09,0.476,3078.8,82.3,False
BGW-18,8,86,2021-10-30,49.97,9545.2,30.77,27.13,0.469,3082.5,75.9,False
BGW-18,8,87,2021-10-31,49.27,8603.4,30.71,29.2,0.487,3080.0,81.6,False
BGW-18,8,88,2021-11-01,49.34,9184.5,32.68,30.3,0.481,3022.2,77.9,False
BGW-18,8,89,2021-11-02,49.48,9036.1,29.48,27.9,0.486,3112.7,77.3,False
