well_id,cycle_number,day_index,spm,stroke_length_in,vfd_freq_hz,motor_current_a,motor_power_kw,impact_load_proxy,manual_spm_intervention
BGW-01,1,0,6.39,100,63.71,29.24,10.99,0.074,False
BGW-01,1,1,6.39,100,61.33,25.98,9.92,0.26,False
BGW-01,1,2,6.39,100,67.08,28.91,10.5,0.165,False
BGW-01,1,3,6.39,100,64.42,27.1,10.11,0.157,False
BGW-01,1,4,6.39,100,61.07,31.46,11.93,0.329,False
BGW-01,1,5,6.39,100,65.56,26.71,9.92,0.265,False
BGW-01,1,6,6.39,100,66.95,27.33,10.53,0.055,False
BGW-01,1,7,6.39,100,63.66,28.53,10.39,0.269,False
BGW-01,1,8,6.39,100,64.8,28.96,11.08,0.0,False
BGW-01,1,9,6.39,100,61.89,27.77,11.01,0.293,False
BGW-01,1,10,6.39,100,63.15,30.33,11.59,0.245,False
BGW-01,1,11,6.39,100,65.53,29.22,11.03,0.188,False
BGW-01,1,12,6.39,100,65.9,29.69,11.0,0.004,False
BGW-01,1,13,6.39,100,60.8,28.23,11.17,0.122,False
BGW-01,1,14,6.39,100,65.45,31.1,11.37,0.196,False
BGW-01,1,15,6.39,100,61.3,31.67,11.94,0.0,False
BGW-01,1,16,6.39,100,61.88,29.74,11.36,0.104,False
BGW-01,1,17,6.39,100,64.02,33.15,12.28,0.134,False
BGW-01,1,18,6.39,100,62.82,29.87,11.12,0.066,False
BGW-01,1,19,6.39,100,62.71,29.15,11.0,0.05,False
BGW-01,1,20,6.39,100,65.49,29.31,11.44,0.145,False
BGW-01,1,21,6.39,100,63.22,32.54,12.83,0.064,False
BGW-01,1,22,6.39,100,63.0,30.68,12.23,0.131,False
BGW-01,1,23,6.39,100,61.87,30.7,11.17,0.096,False
BGW-01,1,24,6.39,100,65.96,31.6,11.59,0.187,False
BGW-01,1,25,6.39,100,65.44,34.08,12.37,0.065,False
BGW-01,1,26,6.39,100,64.93,32.44,12.81,0.297,False
BGW-01,1,27,6.39,100,62.74,32.93,12.08,0.104,False
BGW-01,1,28,6.39,100,65.37,35.13,13.33,0.14,False
BGW-01,1,29,6.39,100,66.15,34.22,12.45,0.008,False
BGW-01,1,30,6.39,100,64.3,35.75,13.98,0.111,False
BGW-01,1,31,6.39,100,62.22,37.24,14.3,0.032,False
BGW-01,1,32,6.39,100,64.9,35.13,13.84,0.38,False
BGW-01,1,33,6.39,100,66.6,36.76,13.79,0.106,False
BGW-01,1,34,6.39,100,65.16,35.82,13.12,0.408,False
BGW-01,1,35,6.39,100,63.73,37.21,14.73,0.224,False
BGW-01,1,36,6.39,100,61.44,37.96,15.05,0.206,False
BGW-01,1,37,6.39,100,65.56,35.96,13.89,0.282,False
BGW-01,1,38,6.39,100,62.92,36.74,14.1,0.12,False
BGW-01,1,39,6.39,100,65.2,41.3,15.48,0.0,False
BGW-01,1,40,6.39,100,66.22,34.53,12.78,0.0,False
BGW-01,1,41,6.39,100,66.03,37.93,14.01,0.124,False
BGW-01,1,42,6.39,100,61.69,36.3,14.05,0.107,False
BGW-01,1,43,6.39,100,63.79,38.86,15.41,0.183,False
BGW-01,1,44,6.39,100,64.55,38.94,14.71,0.09,False
BGW-01,1,45,6.39,100,65.88,39.11,14.25,0.324,False
BGW-01,1,46,6.39,100,64.68,37.15,14.01,0.128,False
BGW-01,1,47,6.39,100,62.86,38.54,15.16,0.0,False
BGW-01,1,48,6.39,100,66.05,36.53,13.77,0.216,False
BGW-01,1,49,6.39,100,64.98,41.47,15.84,0.293,False
BGW-01,1,50,6.39,100,60.84,38.69,15.04,0.128,False
BGW-01,1,51,6.39,100,65.52,40.49,14.92,0.192,False
BGW-01,1,52,6.39,100,64.36,39.31,15.2,0.055,False
BGW-01,1,53,6.39,100,65.26,41.16,15.33,0.207,False
BGW-01,1,54,6.39,100,63.47,38.01,13.84,0.261,False
BGW-01,1,55,6.39,100,64.67,40.8,15.79,0.002,False
BGW-01,1,56,6.39,100,66.2,38.14,14.1,0.067,False
BGW-01,1,57,6.39,100,64.25,35.1,13.45,2.483,False
BGW-01,1,58,6.39,100,65.68,41.84,15.6,0.14,False
BGW-01,1,59,6.39,100,61.15,40.93,15.8,0.135,False
BGW-01,1,60,6.39,100,61.92,39.3,15.07,0.109,False
BGW-01,1,61,6.39,100,64.96,38.11,14.38,0.252,False
BGW-01,1,62,6.39,100,63.33,35.61,13.88,2.439,False
BGW-01,1,63,6.39,100,65.27,39.59,15.67,0.316,False
BGW-01,1,64,6.39,100,63.36,39.92,15.62,0.123,False
BGW-01,1,65,6.39,100,63.34,41.42,15.0,0.091,False
BGW-01,1,66,6.39,100,65.6,37.08,13.58,2.382,False
BGW-01,1,67,6.39,100,64.83,35.34,13.93,2.387,False
BGW-01,1,68,6.39,100,63.3,36.3,13.11,2.393,False
BGW-01,1,69,6.39,100,66.7,40.99,15.84,0.151,False
BGW-01,1,70,6.39,100,66.71,36.29,13.21,2.274,False
BGW-01,1,71,6.39,100,62.33,35.64,12.92,2.532,False
BGW-01,1,72,6.39,100,62.35,34.19,12.94,2.331,False
BGW-01,1,73,6.39,100,66.98,32.77,12.82,2.28,False
BGW-01,1,74,6.39,100,60.81,35.0,13.84,2.453,False
BGW-01,1,75,6.39,100,64.33,37.35,14.68,2.447,False
BGW-01,1,76,6.39,100,61.65,37.15,13.53,2.353,False
BGW-01,1,77,6.39,100,64.74,35.92,13.39,2.319,False
BGW-01,1,78,6.39,100,64.48,33.87,12.84,2.405,False
BGW-01,1,79,5.42,100,54.84,35.58,13.71,2.357,False
BGW-01,1,80,5.42,100,55.15,37.2,14.67,2.603,False
BGW-01,1,81,5.42,100,51.78,34.01,13.21,2.295,False
BGW-01,1,82,5.42,100,56.29,36.0,13.59,2.454,False
BGW-01,1,83,5.42,100,52.42,37.04,13.58,2.354,False
BGW-01,1,84,5.42,100,55.47,34.34,13.51,2.269,False
BGW-01,1,85,5.42,100,56.35,42.42,15.46,0.179,True
BGW-01,1,86,5.42,100,56.44,35.11,12.8,2.426,False
BGW-01,1,87,5.42,100,54.66,35.09,13.57,2.12,False
BGW-01,1,88,5.42,100,54.0,36.58,13.64,2.446,False
BGW-01,1,89,5.42,100,56.84,32.72,12.25,2.396,False
BGW-01,2,0,4.44,120,45.46,28.4,11.05,0.187,False
BGW-01,2,1,4.44,120,45.66,26.2,10.2,0.0,False
BGW-01,2,2,4.44,120,44.84,26.78,10.29,0.087,False
BGW-01,2,3,4.44,120,44.96,29.08,11.58,0.254,False
BGW-01,2,4,4.44,120,46.42,24.41,9.02,0.177,False
BGW-01,2,5,4.44,120,45.64,28.28,10.73,0.0,False
BGW-01,2,6,4.44,120,44.81,29.47,10.64,0.283,False
BGW-01,2,7,4.44,120,46.01,29.69,10.94,0.144,False
BGW-01,2,8,4.44,120,43.53,31.3,11.79,0.274,False
BGW-01,2,9,4.44,120,46.22,29.02,10.76,0.0,False
BGW-01,2,10,4.44,120,44.23,26.83,9.72,0.255,False
BGW-01,2,11,4.44,120,44.98,28.98,10.84,0.278,False
BGW-01,2,12,4.44,120,46.26,26.84,10.11,0.16,False
BGW-01,2,13,4.44,120,42.75,31.36,11.43,0.17,False
BGW-01,2,14,4.44,120,43.69,29.26,10.99,0.137,False
BGW-01,2,15,4.44,120,44.35,28.8,11.35,0.208,False
BGW-01,2,16,4.44,120,45.72,30.1,11.48,0.003,False
BGW-01,2,17,4.44,120,46.07,29.24,10.75,0.092,False
BGW-01,2,18,4.44,120,44.73,29.48,10.85,0.11,False
BGW-01,2,19,4.44,120,42.67,30.86,11.39,0.118,False
BGW-01,2,20,4.44,120,43.07,26.81,10.04,0.143,False
BGW-01,2,21,4.44,120,42.76,29.48,10.88,0.181,False
BGW-01,2,22,4.44,120,42.32,28.65,11.28,0.157,False
BGW-01,2,23,4.44,120,46.39,28.38,10.94,0.148,False
BGW-01,2,24,4.44,120,46.43,30.2,11.85,0.132,False
BGW-01,2,25,4.44,120,44.71,32.47,12.39,0.113,False
BGW-01,2,26,4.44,120,45.49,30.38,11.16,0.342,False
BGW-01,2,27,4.44,120,42.31,30.63,11.8,0.12,False
BGW-01,2,28,4.44,120,44.14,30.04,10.98,0.225,False
BGW-01,2,29,4.44,120,43.43,29.35,11.58,0.166,False
BGW-01,2,30,4.44,120,43.42,31.6,11.85,0.222,False
BGW-01,2,31,4.44,120,44.22,28.39,10.52,0.125,False
BGW-01,2,32,4.44,120,42.57,32.94,12.96,0.329,False
BGW-01,2,33,4.44,120,43.05,33.55,13.19,0.177,False
BGW-01,2,34,4.44,120,42.38,33.85,12.91,0.277,False
BGW-01,2,35,4.44,120,45.63,30.97,11.63,0.245,False
BGW-01,2,36,4.44,120,45.75,32.18,12.7,0.244,False
BGW-01,2,37,4.44,120,46.05,34.05,13.04,0.0,False
BGW-01,2,38,4.44,120,43.64,30.15,11.92,0.216,False
BGW-01,2,39,4.44,120,43.01,31.24,11.85,0.184,False
BGW-01,2,40,4.44,120,45.87,32.08,11.64,0.107,False
BGW-01,2,41,4.44,120,44.61,31.45,12.27,0.057,False
BGW-01,2,42,4.44,120,44.96,34.18,12.91,0.063,False
BGW-01,2,43,4.44,120,45.79,31.56,12.46,0.0,False
BGW-01,2,44,4.44,120,46.08,35.06,13.14,0.185,False
BGW-01,2,45,4.44,120,45.62,34.29,12.88,0.145,False
BGW-01,2,46,4.44,120,42.74,37.13,14.3,0.142,False
BGW-01,2,47,4.44,120,42.27,36.77,14.66,0.205,False
BGW-01,2,48,4.44,120,44.94,35.66,13.13,0.0,False
BGW-01,2,49,4.44,120,46.31,34.39,13.67,0.146,False
BGW-01,2,50,4.44,120,45.45,37.2,14.35,0.31,False
BGW-01,2,51,4.44,120,42.64,31.73,12.07,0.227,False
BGW-01,2,52,4.44,120,45.88,36.03,13.59,0.0,False
BGW-01,2,53,4.44,120,45.11,34.03,12.5,0.301,False
BGW-01,2,54,4.44,120,45.16,34.33,13.65,0.354,False
BGW-01,2,55,4.44,120,43.45,35.49,13.51,0.111,False
BGW-01,2,56,4.44,120,42.45,36.98,13.52,0.251,False
BGW-01,2,57,4.44,120,44.26,37.38,14.79,0.084,False
BGW-01,2,58,4.44,120,43.8,36.23,13.31,0.193,False
BGW-01,2,59,4.44,120,44.73,39.51,14.44,0.019,False
BGW-01,2,60,4.44,120,45.73,39.2,15.48,0.294,False
BGW-01,2,61,4.44,120,45.16,38.09,13.87,0.262,False
BGW-01,2,62,4.44,120,45.94,38.33,14.18,0.262,False
BGW-01,2,63,4.44,120,42.64,39.78,15.64,0.149,False
BGW-01,2,64,4.44,120,45.61,38.29,14.13,0.155,False
BGW-01,2,65,4.44,120,43.19,37.54,14.51,0.021,False
BGW-01,2,66,4.44,120,44.57,40.0,15.75,0.216,False
BGW-01,2,67,4.44,120,43.25,38.26,15.12,0.273,False
BGW-01,2,68,4.44,120,45.26,36.94,13.89,0.219,False
BGW-01,2,69,4.44,120,42.47,40.67,16.2,0.374,False
BGW-01,2,70,4.44,120,45.41,38.17,13.95,0.215,False
BGW-01,2,71,4.44,120,43.32,39.66,14.75,0.292,False
BGW-01,2,72,4.44,120,43.3,38.4,14.57,0.141,False
BGW-01,2,73,4.44,120,44.2,38.54,14.58,0.145,False
BGW-01,2,74,4.44,120,43.17,40.43,15.5,0.158,False
BGW-01,2,75,4.44,120,46.26,40.78,15.51,0.13,False
BGW-01,2,76,4.44,120,43.19,40.42,15.49,0.177,False
BGW-01,2,77,4.44,120,43.93,39.99,15.6,0.159,False
BGW-01,2,78,4.44,120,43.24,40.18,14.58,0.087,False
BGW-01,2,79,4.44,120,45.13,40.45,15.84,0.094,False
BGW-01,2,80,4.44,120,45.19,42.31,16.15,0.153,False
BGW-01,2,81,4.44,120,42.95,36.55,13.33,2.413,False
BGW-01,2,82,4.44,120,42.21,38.01,13.99,0.147,False
BGW-01,2,83,4.44,120,42.88,38.31,14.86,0.116,False
BGW-01,2,84,4.44,120,43.27,40.07,14.52,0.197,False
BGW-01,2,85,4.44,120,44.61,40.56,14.7,0.064,False
BGW-01,2,86,4.44,120,44.42,39.36,14.48,0.0,False
BGW-01,2,87,4.44,120,42.69,42.75,16.39,0.143,False
BGW-01,2,88,4.44,120,46.54,37.15,14.28,2.333,False
BGW-01,2,89,4.44,120,42.99,38.86,14.26,0.331,False
BGW-01,3,0,4.25,120,44.24,29.73,11.16,0.154,False
BGW-01,3,1,4.25,120,42.04,27.19,10.64,0.168,False
BGW-01,3,2,4.25,120,40.53,29.07,10.62,0.191,False
BGW-01,3,3,4.25,120,41.45,27.82,10.62,0.113,False
BGW-01,3,4,4.25,120,41.6,32.64,12.01,0.0,False
BGW-01,3,5,4.25,120,42.58,29.43,11.53,0.066,False
BGW-01,3,6,4.25,120,40.36,26.39,9.57,0.03,False
BGW-01,3,7,4.25,120,44.25,28.49,10.3,0.227,False
BGW-01,3,8,4.25,120,42.63,26.8,10.63,0.212,False
BGW-01,3,9,4.25,120,43.39,28.14,10.35,0.28,False
BGW-01,3,10,4.25,120,40.6,28.95,11.31,0.115,False
BGW-01,3,11,4.25,120,42.49,28.0,10.63,0.123,False
BGW-01,3,12,4.25,120,41.15,27.88,10.33,0.194,False
BGW-01,3,13,4.25,120,43.3,29.4,11.24,0.331,False
BGW-01,3,14,4.25,120,43.14,28.29,11.18,0.148,False
BGW-01,3,15,4.25,120,40.61,31.0,12.23,0.114,False
BGW-01,3,16,4.25,120,44.21,28.86,10.46,0.262,False
BGW-01,3,17,4.25,120,44.41,29.2,11.08,0.063,False
BGW-01,3,18,4.25,120,43.75,31.0,11.3,0.148,False
BGW-01,3,19,4.25,120,41.53,31.25,12.44,0.233,False
BGW-01,3,20,4.25,120,43.67,27.0,10.61,0.283,False
BGW-01,3,21,4.25,120,41.26,30.37,11.57,0.304,False
BGW-01,3,22,4.25,120,43.61,29.01,11.04,0.0,False
BGW-01,3,23,4.25,120,42.51,27.31,9.99,0.223,False
BGW-01,3,24,4.25,120,41.09,30.82,11.83,0.255,False
BGW-01,3,25,4.25,120,40.91,32.33,11.79,0.238,False
BGW-01,3,26,4.25,120,41.06,29.43,10.72,0.216,False
BGW-01,3,27,4.25,120,41.82,30.0,11.03,0.112,False
BGW-01,3,28,4.25,120,42.94,32.84,13.04,0.168,False
BGW-01,3,29,4.25,120,41.34,30.88,11.33,0.121,False
BGW-01,3,30,4.25,120,43.85,32.99,12.88,0.159,False
BGW-01,3,31,4.25,120,41.81,31.31,12.03,0.054,False
BGW-01,3,32,4.25,120,43.51,30.43,11.22,0.189,False
BGW-01,3,33,4.25,120,44.11,31.82,11.57,0.136,False
BGW-01,3,34,4.25,120,43.18,34.48,13.42,0.2,False
BGW-01,3,35,4.25,120,42.84,32.45,11.77,0.12,False
BGW-01,3,36,4.25,120,41.68,33.3,13.28,0.282,False
BGW-01,3,37,4.25,120,43.42,33.87,12.7,0.0,False
BGW-01,3,38,4.25,120,41.88,34.86,12.85,0.417,False
BGW-01,3,39,4.25,120,41.34,31.9,12.56,0.24,False
BGW-01,3,40,4.25,120,42.68,35.03,13.45,0.105,False
BGW-01,3,41,4.25,120,44.29,34.34,12.43,0.035,False
BGW-01,3,42,4.25,120,44.08,35.83,14.02,0.0,False
BGW-01,3,43,4.25,120,42.52,33.92,13.35,0.04,False
BGW-01,3,44,4.25,120,40.68,36.11,13.4,0.113,False
BGW-01,3,45,4.25,120,43.34,36.68,13.6,0.276,False
BGW-01,3,46,4.25,120,43.77,36.13,13.72,0.294,False
BGW-01,3,47,4.25,120,42.64,37.41,14.8,0.268,False
BGW-01,3,48,4.25,120,43.17,37.02,14.12,0.275,False
BGW-01,3,49,4.25,120,40.51,35.74,13.19,0.262,False
BGW-01,3,50,4.25,120,42.43,36.92,13.56,0.175,False
BGW-01,3,51,4.25,120,42.25,38.37,15.08,0.263,False
BGW-01,3,52,4.25,120,42.7,37.08,14.37,0.27,False
BGW-01,3,53,4.25,120,42.16,37.76,14.12,0.0,False
BGW-01,3,54,4.25,120,41.86,35.51,13.65,0.074,False
BGW-01,3,55,4.25,120,44.41,36.5,13.45,0.118,False
BGW-01,3,56,4.25,120,41.36,39.69,14.55,0.202,False
BGW-01,3,57,4.25,120,41.38,38.02,14.71,0.215,False
BGW-01,3,58,4.25,120,43.12,40.61,15.89,0.077,False
BGW-01,3,59,4.25,120,40.51,40.7,15.43,0.294,False
BGW-01,3,60,4.25,120,42.55,39.41,14.65,0.242,False
BGW-01,3,61,4.25,120,40.96,34.6,13.04,0.356,False
BGW-01,3,62,4.25,120,44.43,38.06,15.04,0.176,False
BGW-01,3,63,4.25,120,41.16,36.88,13.57,0.2,False
BGW-01,3,64,4.25,120,42.95,37.27,14.26,0.149,False
BGW-01,3,65,4.25,120,42.25,41.25,15.31,0.242,False
BGW-01,3,66,4.25,120,44.48,37.28,14.11,0.282,False
BGW-01,3,67,4.25,120,41.44,37.87,13.87,0.134,False
BGW-01,3,68,4.25,120,44.11,39.13,15.28,0.118,False
BGW-01,3,69,4.25,120,42.26,37.37,14.28,0.113,False
BGW-01,3,70,4.25,120,41.98,38.23,14.33,0.0,False
BGW-01,3,71,4.25,120,41.29,36.37,13.52,0.224,False
BGW-01,3,72,4.25,120,41.97,39.81,15.14,0.242,False
BGW-01,3,73,4.25,120,42.95,38.15,13.88,0.0,False
BGW-01,3,74,4.25,120,41.01,38.73,14.28,0.073,False
BGW-01,3,75,4.25,120,41.61,42.02,15.93,0.113,False
BGW-01,3,76,4.25,120,43.26,39.42,15.37,0.123,False
BGW-01,3,77,4.25,120,40.99,40.14,14.85,0.412,False
BGW-01,3,78,4.25,120,41.17,41.81,15.67,0.268,False
BGW-01,3,79,4.25,120,44.58,40.61,15.24,0.134,False
BGW-01,3,80,4.25,120,40.4,40.52,15.78,0.087,False
BGW-01,3,81,4.25,120,41.47,40.79,14.91,0.147,False
BGW-01,3,82,4.25,120,43.36,36.34,13.18,0.186,False
BGW-01,3,83,4.25,120,41.06,41.37,15.64,0.138,False
BGW-01,3,84,4.25,120,42.6,36.74,13.44,2.425,False
BGW-01,3,85,4.25,120,43.87,38.97,15.04,0.09,False
BGW-01,3,86,4.25,120,42.91,39.4,14.94,0.179,False
BGW-01,3,87,4.25,120,40.62,39.99,15.46,0.272,False
BGW-01,3,88,4.25,120,41.77,34.56,13.17,2.284,False
BGW-01,3,89,4.25,120,44.5,40.94,14.8,0.183,False
BGW-01,4,0,3.95,120,40.75,28.07,10.85,0.241,False
BGW-01,4,1,3.95,120,38.17,28.04,10.46,0.0,False
BGW-01,4,2,3.95,120,40.2,28.11,10.47,0.208,False
BGW-01,4,3,3.95,120,40.83,28.85,10.59,0.245,False
BGW-01,4,4,3.95,120,39.4,28.92,10.91,0.196,False
BGW-01,4,5,3.95,120,39.39,26.92,9.87,0.263,False
BGW-01,4,6,3.95,120,40.34,28.25,10.92,0.138,False
BGW-01,4,7,3.95,120,38.13,31.21,12.15,0.059,False
BGW-01,4,8,3.95,120,41.31,27.55,10.87,0.196,False
BGW-01,4,9,3.95,120,40.65,27.88,10.66,0.189,False
BGW-01,4,10,3.95,120,39.57,29.83,11.7,0.056,False
BGW-01,4,11,3.95,120,41.29,30.05,11.95,0.231,False
BGW-01,4,12,3.95,120,40.09,27.98,11.06,0.177,False
BGW-01,4,13,3.95,120,38.02,28.5,11.06,0.09,False
BGW-01,4,14,3.95,120,41.27,32.06,12.75,0.375,False
BGW-01,4,15,3.95,120,40.0,31.27,12.21,0.183,False
BGW-01,4,16,3.95,120,39.88,31.41,12.48,0.074,False
BGW-01,4,17,3.95,120,39.2,28.99,11.03,0.156,False
BGW-01,4,18,3.95,120,41.46,28.28,10.29,0.258,False
BGW-01,4,19,3.95,120,39.13,32.66,13.01,0.0,False
BGW-01,4,20,3.95,120,37.58,31.7,12.03,0.344,False
BGW-01,4,21,3.95,120,39.53,30.55,12.11,0.105,False
BGW-01,4,22,3.95,120,39.21,32.18,12.44,0.171,False
BGW-01,4,23,3.95,120,38.74,28.83,11.0,0.336,False
BGW-01,4,24,3.95,120,39.76,33.78,12.68,0.262,False
BGW-01,4,25,3.95,120,40.45,34.31,13.19,0.188,False
BGW-01,4,26,3.95,120,39.53,32.8,12.85,0.125,False
BGW-01,4,27,3.95,120,40.31,31.07,11.81,0.269,False
BGW-01,4,28,3.95,120,41.27,33.32,12.74,0.17,False
BGW-01,4,29,3.95,120,39.77,35.5,13.86,0.144,False
BGW-01,4,30,3.95,120,38.94,33.64,12.59,0.095,False
BGW-01,4,31,3.95,120,40.57,32.83,11.87,0.168,False
BGW-01,4,32,3.95,120,40.28,32.26,12.78,0.0,False
BGW-01,4,33,3.95,120,41.02,33.4,12.48,0.013,False
BGW-01,4,34,3.95,120,41.14,36.04,13.21,0.012,False
BGW-01,4,35,3.95,120,38.42,35.24,13.12,0.092,False
BGW-01,4,36,3.95,120,40.29,34.69,13.46,0.094,False
BGW-01,4,37,3.95,120,41.06,37.33,14.38,0.174,False
BGW-01,4,38,3.95,120,40.83,38.37,14.9,0.047,False
BGW-01,4,39,3.95,120,38.05,34.34,12.77,0.058,False
BGW-01,4,40,3.95,120,38.76,34.92,13.32,0.0,False
BGW-01,4,41,3.95,120,39.58,38.62,14.04,0.176,False
BGW-01,4,42,3.95,120,38.69,35.68,13.71,0.281,False
BGW-01,4,43,3.95,120,41.08,36.41,13.53,0.216,False
BGW-01,4,44,3.95,120,39.15,38.74,15.45,0.126,False
BGW-01,4,45,3.95,120,41.14,39.3,14.61,0.146,False
BGW-01,4,46,3.95,120,39.07,40.3,15.1,0.122,False
BGW-01,4,47,3.95,120,37.56,39.12,14.35,0.167,False
BGW-01,4,48,3.95,120,41.14,39.12,14.74,0.106,False
BGW-01,4,49,3.95,120,39.1,39.83,14.87,0.099,False
BGW-01,4,50,3.95,120,40.22,39.06,14.44,0.198,False
BGW-01,4,51,3.95,120,40.81,41.68,16.61,0.253,False
BGW-01,4,52,3.95,120,39.8,40.92,16.16,0.235,False
BGW-01,4,53,3.95,120,39.96,36.02,13.06,0.122,False
BGW-01,4,54,3.95,120,37.91,41.18,15.25,0.037,False
BGW-01,4,55,3.95,120,39.85,39.6,14.64,0.107,False
BGW-01,4,56,3.95,120,38.4,39.31,15.23,0.096,False
BGW-01,4,57,3.95,120,37.8,37.97,14.2,0.0,False
BGW-01,4,58,3.95,120,41.42,38.98,15.21,0.119,False
BGW-01,4,59,3.95,120,38.59,40.82,16.06,0.12,False
BGW-01,4,60,3.95,120,38.0,41.37,15.71,0.146,False
BGW-01,4,61,3.95,120,38.95,41.99,16.26,0.0,False
BGW-01,4,62,3.95,120,38.19,41.03,15.12,0.141,False
BGW-01,4,63,3.95,120,39.18,43.77,17.12,0.078,False
BGW-01,4,64,3.95,120,40.25,35.45,13.1,2.417,False
BGW-01,4,65,3.95,120,41.26,41.09,16.28,0.275,False
BGW-01,4,66,3.95,120,40.74,36.86,14.07,2.175,False
BGW-01,4,67,3.95,120,40.97,35.69,13.27,2.338,False
BGW-01,4,68,3.95,120,39.28,42.57,15.38,0.142,False
BGW-01,4,69,3.95,120,39.23,39.8,14.78,0.333,False
BGW-01,4,70,3.95,120,38.45,39.54,14.35,0.152,False
BGW-01,4,71,3.95,120,40.28,35.76,13.58,2.516,False
BGW-01,4,72,3.95,120,41.0,38.81,14.29,0.182,False
BGW-01,4,73,3.95,120,39.25,35.73,13.08,2.222,False
BGW-01,4,74,3.95,120,39.15,42.19,16.22,0.022,False
BGW-01,4,75,3.95,120,39.08,35.39,13.84,2.215,False
BGW-01,4,76,3.95,120,40.75,35.64,14.11,2.381,False
BGW-01,4,77,3.95,120,38.42,35.02,12.71,2.366,False
BGW-01,4,78,3.95,120,39.29,39.07,15.33,0.106,False
BGW-01,4,79,3.95,120,37.54,42.38,15.49,0.016,False
BGW-01,4,80,3.95,120,38.28,36.05,13.35,2.256,False
BGW-01,4,81,3.95,120,39.58,35.08,13.17,2.225,False
BGW-01,4,82,3.95,120,39.85,34.53,13.29,2.216,False
BGW-01,4,83,3.95,120,39.65,37.6,13.89,2.378,False
BGW-01,4,84,3.95,120,38.99,35.18,13.79,2.423,False
BGW-01,4,85,2.54,120,25.94,34.03,12.61,2.462,False
BGW-01,4,86,2.54,120,24.88,38.37,14.81,2.289,False
BGW-01,4,87,2.54,120,25.38,36.97,13.8,2.419,False
BGW-01,4,88,2.54,120,26.21,42.64,15.65,0.116,True
BGW-01,4,89,2.54,120,24.77,36.28,13.94,2.265,False
BGW-01,5,0,5.64,100,53.68,26.26,9.81,0.021,False
BGW-01,5,1,5.64,100,57.19,29.35,11.22,0.117,False
BGW-01,5,2,5.64,100,56.81,25.85,10.18,0.218,False
BGW-01,5,3,5.64,100,53.68,25.53,9.6,0.273,False
BGW-01,5,4,5.64,100,54.11,27.4,10.15,0.164,False
BGW-01,5,5,5.64,100,54.68,28.92,11.37,0.273,False
BGW-01,5,6,5.64,100,55.1,30.64,11.25,0.165,False
BGW-01,5,7,5.64,100,55.81,28.72,10.86,0.189,False
BGW-01,5,8,5.64,100,54.31,30.7,12.2,0.392,False
BGW-01,5,9,5.64,100,53.62,27.61,10.71,0.21,False
BGW-01,5,10,5.64,100,57.86,28.7,11.2,0.098,False
BGW-01,5,11,5.64,100,57.48,29.74,11.75,0.296,False
BGW-01,5,12,5.64,100,56.81,28.14,10.9,0.021,False
BGW-01,5,13,5.64,100,53.82,28.82,11.27,0.057,False
BGW-01,5,14,5.64,100,53.97,30.08,11.84,0.005,False
BGW-01,5,15,5.64,100,58.62,30.92,11.99,0.071,False
BGW-01,5,16,5.64,100,53.62,26.98,10.09,0.111,False
BGW-01,5,17,5.64,100,55.11,28.29,10.75,0.301,False
BGW-01,5,18,5.64,100,54.43,32.23,12.0,0.132,False
BGW-01,5,19,5.64,100,53.97,30.1,11.63,0.241,False
BGW-01,5,20,5.64,100,58.31,31.93,11.69,0.293,False
BGW-01,5,21,5.64,100,55.57,32.76,12.97,0.071,False
BGW-01,5,22,5.64,100,57.23,29.71,11.65,0.186,False
BGW-01,5,23,5.64,100,55.58,30.04,11.92,0.134,False
BGW-01,5,24,5.64,100,58.32,30.08,11.46,0.383,False
BGW-01,5,25,5.64,100,55.99,34.58,13.24,0.147,False
BGW-01,5,26,5.64,100,58.27,32.99,12.14,0.081,False
BGW-01,5,27,5.64,100,54.36,34.78,13.37,0.108,False
BGW-01,5,28,5.64,100,54.52,33.31,13.09,0.099,False
BGW-01,5,29,5.64,100,56.94,33.6,12.3,0.172,False
BGW-01,5,30,5.64,100,58.4,33.27,12.46,0.225,False
BGW-01,5,31,5.64,100,54.98,34.38,13.38,0.0,False
BGW-01,5,32,5.64,100,54.98,36.46,13.39,0.103,False
BGW-01,5,33,5.64,100,55.22,34.28,12.73,0.178,False
BGW-01,5,34,5.64,100,56.01,34.79,12.65,0.165,False
BGW-01,5,35,5.64,100,56.48,35.2,13.46,0.148,False
BGW-01,5,36,5.64,100,54.73,37.43,13.86,0.163,False
BGW-01,5,37,5.64,100,56.94,39.62,14.6,0.205,False
BGW-01,5,38,5.64,100,59.18,40.57,14.88,0.314,False
BGW-01,5,39,5.64,100,58.99,39.74,14.65,0.068,False
BGW-01,5,40,5.64,100,57.01,37.75,15.04,0.133,False
BGW-01,5,41,5.64,100,57.93,36.67,14.2,0.0,False
BGW-01,5,42,5.64,100,57.65,40.15,14.65,0.135,False
BGW-01,5,43,5.64,100,57.05,36.17,13.31,0.104,False
BGW-01,5,44,5.64,100,59.01,39.09,15.21,0.171,False
BGW-01,5,45,5.64,100,54.15,37.55,13.62,0.105,False
BGW-01,5,46,5.64,100,55.98,41.42,15.02,0.059,False
BGW-01,5,47,5.64,100,58.65,37.76,14.38,0.054,False
BGW-01,5,48,5.64,100,58.06,39.71,15.57,0.05,False
BGW-01,5,49,5.64,100,54.28,39.32,15.26,0.167,False
BGW-01,5,50,5.64,100,58.32,38.53,14.53,0.228,False
BGW-01,5,51,5.64,100,57.53,38.0,14.73,0.192,False
BGW-01,5,52,5.64,100,56.32,37.41,13.83,0.135,False
BGW-01,5,53,5.64,100,57.26,39.28,14.82,0.265,False
BGW-01,5,54,5.64,100,56.54,37.13,14.0,0.238,False
BGW-01,5,55,5.64,100,58.28,40.29,14.94,0.158,False
BGW-01,5,56,5.64,100,56.62,40.58,15.58,0.057,False
BGW-01,5,57,5.64,100,54.27,40.04,15.53,0.132,False
BGW-01,5,58,5.64,100,56.55,38.47,13.95,0.034,False
BGW-01,5,59,5.64,100,55.93,39.98,15.77,0.146,False
BGW-01,5,60,5.64,100,57.27,41.71,16.34,0.111,False
BGW-01,5,61,5.64,100,56.61,41.66,16.5,0.227,False
BGW-01,5,62,5.64,100,56.09,36.04,13.03,2.265,False
BGW-01,5,63,5.64,100,54.8,41.41,16.32,0.27,False
BGW-01,5,64,5.64,100,58.05,41.59,15.67,0.253,False
BGW-01,5,65,5.64,100,57.21,41.52,16.02,0.122,False
BGW-01,5,66,5.64,100,59.04,35.69,13.48,2.529,False
BGW-01,5,67,5.64,100,53.65,39.48,14.85,0.116,False
BGW-01,5,68,5.64,100,55.9,33.39,13.24,2.375,False
BGW-01,5,69,5.64,100,56.56,36.65,13.81,2.326,False
BGW-01,5,70,5.64,100,54.96,39.64,14.64,0.096,False
BGW-01,5,71,5.64,100,58.56,37.22,14.08,2.233,False
BGW-01,5,72,5.64,100,57.25,35.58,12.97,2.326,False
BGW-01,5,73,5.64,100,56.56,37.93,14.54,2.436,False
BGW-01,5,74,5.64,100,56.69,34.92,12.63,2.36,False
BGW-01,5,75,5.64,100,56.32,37.28,13.84,2.365,False
BGW-01,5,76,5.64,100,56.5,41.24,15.14,0.365,False
BGW-01,5,77,5.64,100,59.25,37.16,14.77,2.285,False
BGW-01,5,78,5.64,100,57.88,37.43,13.82,2.282,False
BGW-01,5,79,5.64,100,57.19,37.33,14.66,2.287,False
BGW-01,5,80,5.64,100,56.28,36.52,14.43,2.313,False
BGW-01,5,81,5.64,100,56.62,34.71,12.67,2.158,False
BGW-01,5,82,4.56,100,46.1,34.27,13.61,2.286,False
BGW-01,5,83,4.56,100,44.5,36.78,13.86,2.436,False
BGW-01,5,84,4.56,100,45.36,35.78,14.19,2.313,False
BGW-01,5,85,4.56,100,45.05,34.86,13.76,2.248,False
BGW-01,5,86,4.56,100,44.26,35.35,13.42,2.23,False
BGW-01,5,87,4.56,100,46.67,36.15,13.7,2.264,False
BGW-01,5,88,4.56,100,45.41,35.5,14.05,2.407,False
BGW-01,5,89,4.56,100,46.42,35.55,13.84,2.458,False
BGW-01,6,0,5.36,86,52.8,26.15,10.16,0.0,False
BGW-01,6,1,5.36,86,54.54,28.5,10.94,0.231,False
BGW-01,6,2,5.36,86,56.33,28.94,10.93,0.105,False
BGW-01,6,3,5.36,86,53.49,27.39,9.94,0.091,False
BGW-01,6,4,5.36,86,53.18,29.17,11.64,0.18,False
BGW-01,6,5,5.36,86,54.79,26.89,10.21,0.27,False
BGW-01,6,6,5.36,86,54.25,29.49,11.19,0.159,False
BGW-01,6,7,5.36,86,52.05,28.16,10.26,0.046,False
BGW-01,6,8,5.36,86,54.1,26.94,9.86,0.169,False
BGW-01,6,9,5.36,86,54.34,30.54,11.89,0.206,False
BGW-01,6,10,5.36,86,54.48,29.22,11.62,0.243,False
BGW-01,6,11,5.36,86,54.5,28.99,11.1,0.154,False
BGW-01,6,12,5.36,86,51.82,31.02,11.53,0.286,False
BGW-01,6,13,5.36,86,53.88,28.45,10.79,0.157,False
BGW-01,6,14,5.36,86,52.23,28.49,10.53,0.098,False
BGW-01,6,15,5.36,86,55.04,24.8,9.11,0.194,False
BGW-01,6,16,5.36,86,54.46,30.31,11.0,0.0,False
BGW-01,6,17,5.36,86,54.87,28.38,11.02,0.182,False
BGW-01,6,18,5.36,86,52.03,30.38,11.85,0.203,False
BGW-01,6,19,5.36,86,54.94,35.71,14.24,0.001,False
BGW-01,6,20,5.36,86,51.4,28.12,10.74,0.187,False
BGW-01,6,21,5.36,86,53.67,30.55,11.65,0.321,False
BGW-01,6,22,5.36,86,54.3,28.25,10.24,0.185,False
BGW-01,6,23,5.36,86,52.35,32.05,11.88,0.154,False
BGW-01,6,24,5.36,86,52.92,31.14,12.24,0.079,False
BGW-01,6,25,5.36,86,52.14,30.0,11.94,0.022,False
BGW-01,6,26,5.36,86,53.82,31.19,12.27,0.035,False
BGW-01,6,27,5.36,86,53.1,30.53,11.64,0.1,False
BGW-01,6,28,5.36,86,55.34,29.5,10.74,0.236,False
BGW-01,6,29,5.36,86,55.27,29.52,10.77,0.167,False
BGW-01,6,30,5.36,86,56.18,32.77,12.72,0.268,False
BGW-01,6,31,5.36,86,55.12,32.12,12.17,0.054,False
BGW-01,6,32,5.36,86,55.52,32.02,12.69,0.151,False
BGW-01,6,33,5.36,86,56.01,33.56,12.72,0.32,False
BGW-01,6,34,5.36,86,54.27,32.25,12.54,0.078,False
BGW-01,6,35,5.36,86,53.89,35.81,13.13,0.258,False
BGW-01,6,36,5.36,86,54.37,34.12,13.48,0.059,False
BGW-01,6,37,5.36,86,54.27,32.74,12.2,0.126,False
BGW-01,6,38,5.36,86,54.27,32.49,12.5,0.174,False
BGW-01,6,39,5.36,86,53.83,30.91,11.6,0.076,False
BGW-01,6,40,5.36,86,55.06,33.45,13.33,0.031,False
BGW-01,6,41,5.36,86,52.56,36.85,13.94,0.084,False
BGW-01,6,42,5.36,86,55.14,33.77,12.81,0.0,False
BGW-01,6,43,5.36,86,52.17,32.1,12.49,0.225,False
BGW-01,6,44,5.36,86,56.05,36.68,14.12,0.07,False
BGW-01,6,45,5.36,86,53.67,33.53,12.96,0.088,False
BGW-01,6,46,5.36,86,53.96,36.72,13.29,0.135,False
BGW-01,6,47,5.36,86,51.82,36.19,13.88,0.238,False
BGW-01,6,48,5.36,86,52.78,34.68,12.55,0.106,False
BGW-01,6,49,5.36,86,55.81,35.96,13.69,0.216,False
BGW-01,6,50,5.36,86,51.37,38.22,14.53,0.256,False
BGW-01,6,51,5.36,86,52.75,35.13,13.21,0.317,False
BGW-01,6,52,5.36,86,51.04,37.9,14.66,0.0,False
BGW-01,6,53,5.36,86,54.82,32.63,12.59,0.0,False
BGW-01,6,54,5.36,86,52.6,35.58,14.05,0.034,False
BGW-01,6,55,5.36,86,52.41,38.62,14.44,0.068,False
BGW-01,6,56,5.36,86,51.79,39.3,14.6,0.179,False
BGW-01,6,57,5.36,86,51.11,37.47,14.31,0.276,False
BGW-01,6,58,5.36,86,51.68,38.47,14.22,0.0,False
BGW-01,6,59,5.36,86,51.15,36.64,13.58,0.124,False
BGW-01,6,60,5.36,86,56.14,37.06,14.49,0.0,False
BGW-01,6,61,5.36,86,51.93,38.96,15.36,0.196,False
BGW-01,6,62,5.36,86,53.14,38.14,14.7,0.077,False
BGW-01,6,63,5.36,86,52.69,43.62,16.0,0.165,False
BGW-01,6,64,5.36,86,52.05,38.18,13.83,0.303,False
BGW-01,6,65,5.36,86,52.34,43.08,16.34,0.269,False
BGW-01,6,66,5.36,86,53.68,39.11,15.55,0.364,False
BGW-01,6,67,5.36,86,55.6,36.7,13.84,0.155,False
BGW-01,6,68,5.36,86,54.25,38.76,15.03,0.115,False
BGW-01,6,69,5.36,86,51.52,38.52,15.02,0.151,False
BGW-01,6,70,5.36,86,56.02,40.03,15.63,0.096,False
BGW-01,6,71,5.36,86,54.9,36.69,13.91,0.0,False
BGW-01,6,72,5.36,86,55.76,40.77,15.38,0.138,False
BGW-01,6,73,5.36,86,56.13,36.82,14.36,0.31,False
BGW-01,6,74,5.36,86,52.47,41.21,15.29,0.289,False
BGW-01,6,75,5.36,86,51.49,40.03,14.95,0.137,False
BGW-01,6,76,5.36,86,56.13,41.03,15.0,0.283,False
BGW-01,6,77,5.36,86,53.89,42.55,16.62,0.04,False
BGW-01,6,78,5.36,86,54.75,41.57,15.7,0.291,False
BGW-01,6,79,5.36,86,53.03,39.77,15.73,0.264,False
BGW-01,6,80,5.36,86,51.32,39.14,15.12,0.186,False
BGW-01,6,81,5.36,86,56.1,33.71,13.15,2.258,False
BGW-01,6,82,5.36,86,54.02,38.33,14.68,0.109,False
BGW-01,6,83,5.36,86,52.27,39.46,15.32,0.18,False
BGW-01,6,84,5.36,86,54.35,37.08,14.2,2.287,False
BGW-01,6,85,5.36,86,54.21,33.82,12.64,2.326,False
BGW-01,6,86,5.36,86,55.14,39.91,15.3,0.145,False
BGW-01,6,87,5.36,86,55.58,42.77,16.57,0.21,False
BGW-01,6,88,5.36,86,53.12,42.16,15.83,0.0,False
BGW-01,6,89,5.36,86,55.83,36.82,14.55,2.392,False
BGW-02,1,0,3.95,120,40.33,27.47,10.89,0.233,False
BGW-02,1,1,3.95,120,40.74,28.98,11.08,0.129,False
BGW-02,1,2,3.95,120,40.42,27.83,10.28,0.055,False
BGW-02,1,3,3.95,120,40.4,27.31,10.41,0.169,False
BGW-02,1,4,3.95,120,38.09,28.68,11.06,0.0,False
BGW-02,1,5,3.95,120,41.13,25.93,9.86,0.173,False
BGW-02,1,6,3.95,120,40.56,29.46,11.31,0.082,False
BGW-02,1,7,3.95,120,40.53,27.8,10.05,0.42,False
BGW-02,1,8,3.95,120,39.53,27.15,10.17,0.042,False
BGW-02,1,9,3.95,120,38.66,28.22,10.28,0.253,False
BGW-02,1,10,3.95,120,39.12,28.94,11.41,0.131,False
BGW-02,1,11,3.95,120,39.28,28.57,10.48,0.043,False
BGW-02,1,12,3.95,120,41.03,26.67,10.61,0.111,False
BGW-02,1,13,3.95,120,38.19,27.15,10.08,0.107,False
BGW-02,1,14,3.95,120,40.68,28.9,11.26,0.032,False
BGW-02,1,15,3.95,120,38.35,30.73,12.0,0.156,False
BGW-02,1,16,3.95,120,38.6,29.89,11.2,0.305,False
BGW-02,1,17,3.95,120,40.39,26.6,9.61,0.1,False
BGW-02,1,18,3.95,120,40.63,30.24,11.2,0.272,False
BGW-02,1,19,3.95,120,41.32,32.12,12.42,0.104,False
BGW-02,1,20,3.95,120,41.03,29.38,10.97,0.128,False
BGW-02,1,21,3.95,120,39.99,29.31,11.61,0.381,False
BGW-02,1,22,3.95,120,40.35,28.32,11.19,0.062,False
BGW-02,1,23,3.95,120,40.19,30.44,11.67,0.0,False
BGW-02,1,24,3.95,120,40.98,30.69,11.83,0.165,False
BGW-02,1,25,3.95,120,38.06,29.38,10.97,0.167,False
BGW-02,1,26,3.95,120,39.16,28.62,10.4,0.116,False
BGW-02,1,27,3.95,120,39.29,29.05,11.07,0.168,False
BGW-02,1,28,3.95,120,40.74,31.05,11.62,0.128,False
BGW-02,1,29,3.95,120,38.4,29.26,11.2,0.129,False
BGW-02,1,30,3.95,120,40.77,30.89,11.42,0.234,False
BGW-02,1,31,3.95,120,39.81,32.27,12.67,0.106,False
BGW-02,1,32,3.95,120,39.11,33.5,12.93,0.072,False
BGW-02,1,33,3.95,120,38.86,31.89,12.37,0.006,False
BGW-02,1,34,3.95,120,39.97,32.29,12.31,0.081,False
BGW-02,1,35,3.95,120,38.61,33.89,12.28,0.415,False
BGW-02,1,36,3.95,120,39.16,31.99,12.23,0.191,False
BGW-02,1,37,3.95,120,38.87,32.16,11.76,0.181,False
BGW-02,1,38,3.95,120,38.93,34.55,13.32,0.14,False
BGW-02,1,39,3.95,120,38.49,33.58,13.07,0.177,False
BGW-02,1,40,3.95,120,39.11,34.87,12.64,0.12,False
BGW-02,1,41,3.95,120,40.01,34.8,13.22,0.164,False
BGW-02,1,42,3.95,120,37.68,33.57,12.18,0.079,False
BGW-02,1,43,3.95,120,40.49,33.58,12.75,0.2,False
BGW-02,1,44,3.95,120,40.1,36.12,13.11,0.149,False
BGW-02,1,45,3.95,120,39.5,34.26,12.42,0.245,False
BGW-02,1,46,3.95,120,38.21,34.48,13.53,0.15,False
BGW-02,1,47,3.95,120,37.66,33.63,12.78,0.307,False
BGW-02,1,48,3.95,120,38.3,35.84,13.39,0.173,False
BGW-02,1,49,3.95,120,39.64,36.0,14.2,0.044,False
BGW-02,1,50,3.95,120,38.06,35.1,13.33,0.214,False
BGW-02,1,51,3.95,120,40.44,32.26,12.52,0.146,False
BGW-02,1,52,3.95,120,37.61,35.73,14.16,0.156,False
BGW-02,1,53,3.95,120,41.32,35.19,13.02,0.109,False
BGW-02,1,54,3.95,120,40.5,35.12,12.71,0.29,False
BGW-02,1,55,3.95,120,40.32,37.48,13.66,0.1,False
BGW-02,1,56,3.95,120,40.97,35.5,13.28,0.0,False
BGW-02,1,57,3.95,120,38.71,35.53,13.79,0.12,False
BGW-02,1,58,3.95,120,40.65,36.38,14.47,0.155,False
BGW-02,1,59,3.95,120,40.05,39.57,14.66,0.148,False
BGW-02,1,60,3.95,120,40.71,35.73,13.7,0.161,False
BGW-02,1,61,3.95,120,41.03,36.12,13.41,0.12,False
BGW-02,1,62,3.95,120,38.64,38.19,15.04,0.08,False
BGW-02,1,63,3.95,120,41.29,36.45,13.94,0.269,False
BGW-02,1,64,3.95,120,38.74,38.05,15.09,0.107,False
BGW-02,1,65,3.95,120,39.59,40.54,15.36,0.289,False
BGW-02,1,66,3.95,120,38.26,35.41,13.37,0.169,False
BGW-02,1,67,3.95,120,38.05,38.32,14.47,0.0,False
BGW-02,1,68,3.95,120,38.09,39.16,14.29,0.072,False
BGW-02,1,69,3.95,120,39.92,38.33,15.25,0.037,False
BGW-02,1,70,3.95,120,40.66,41.69,16.23,0.097,False
BGW-02,1,71,3.95,120,39.45,40.43,14.8,0.129,False
BGW-02,1,72,3.95,120,37.93,41.1,14.85,0.052,False
BGW-02,1,73,3.95,120,39.75,38.11,14.37,0.181,False
BGW-02,1,74,3.95,120,41.45,40.25,15.84,0.126,False
BGW-02,1,75,3.95,120,39.23,39.32,14.51,0.328,False
BGW-02,1,76,3.95,120,37.77,36.37,13.38,0.133,False
BGW-02,1,77,3.95,120,38.68,37.27,14.48,0.0,False
BGW-02,1,78,3.95,120,39.35,37.69,15.01,0.174,False
BGW-02,1,79,3.95,120,40.93,36.83,14.61,0.19,False
BGW-02,1,80,3.95,120,38.14,39.4,14.75,0.109,False
BGW-02,1,81,3.95,120,37.91,38.06,15.0,0.243,False
BGW-02,1,82,3.95,120,39.8,38.32,14.73,0.117,False
BGW-02,1,83,3.95,120,38.26,37.9,14.69,0.196,False
BGW-02,1,84,3.95,120,41.05,39.13,14.43,0.103,False
BGW-02,1,85,3.95,120,38.63,39.96,15.83,0.02,False
BGW-02,1,86,3.95,120,38.43,37.48,14.16,0.225,False
BGW-02,1,87,3.95,120,38.0,38.37,14.74,0.223,False
BGW-02,1,88,3.95,120,39.87,38.22,14.45,0.23,False
BGW-02,1,89,3.95,120,39.38,41.8,15.59,0.173,False
BGW-02,2,0,5.36,144,53.15,26.87,10.2,0.201,False
BGW-02,2,1,5.36,144,52.18,26.86,10.5,0.326,False
BGW-02,2,2,5.36,144,51.61,28.14,10.86,0.175,False
BGW-02,2,3,5.36,144,56.14,27.96,10.44,0.159,False
BGW-02,2,4,5.36,144,55.34,28.81,10.95,0.072,False
BGW-02,2,5,5.36,144,55.69,30.4,11.09,0.309,False
BGW-02,2,6,5.36,144,52.5,29.71,11.47,0.288,False
BGW-02,2,7,5.36,144,53.85,29.83,11.47,0.0,False
BGW-02,2,8,5.36,144,53.34,27.65,10.32,0.0,False
BGW-02,2,9,5.36,144,55.36,28.35,10.33,0.178,False
BGW-02,2,10,5.36,144,51.79,28.71,10.51,0.0,False
BGW-02,2,11,5.36,144,55.68,30.08,11.17,0.018,False
BGW-02,2,12,5.36,144,51.88,26.41,9.75,0.149,False
BGW-02,2,13,5.36,144,52.77,27.88,10.29,0.187,False
BGW-02,2,14,5.36,144,51.3,31.47,12.09,0.168,False
BGW-02,2,15,5.36,144,52.55,28.89,10.61,0.25,False
BGW-02,2,16,5.36,144,53.58,29.51,10.66,0.0,False
BGW-02,2,17,5.36,144,55.86,29.51,11.62,0.078,False
BGW-02,2,18,5.36,144,51.23,29.1,10.81,0.211,False
BGW-02,2,19,5.36,144,52.28,30.33,11.72,0.096,False
BGW-02,2,20,5.36,144,53.09,29.15,10.97,0.26,False
BGW-02,2,21,5.36,144,52.22,26.46,9.95,0.309,False
BGW-02,2,22,5.36,144,55.65,27.18,10.12,0.135,False
BGW-02,2,23,5.36,144,54.35,29.51,10.82,0.121,False
BGW-02,2,24,5.36,144,51.17,30.85,12.31,0.161,False
BGW-02,2,25,5.36,144,52.28,31.38,11.76,0.142,False
BGW-02,2,26,5.36,144,54.31,29.36,10.71,0.15,False
BGW-02,2,27,5.36,144,54.87,31.06,11.99,0.298,False
BGW-02,2,28,5.36,144,53.98,32.96,12.31,0.387,False
BGW-02,2,29,5.36,144,55.66,32.3,12.48,0.178,False
BGW-02,2,30,5.36,144,52.09,32.8,11.96,0.087,False
BGW-02,2,31,5.36,144,51.21,35.13,13.09,0.118,False
BGW-02,2,32,5.36,144,55.91,34.0,12.75,0.19,False
BGW-02,2,33,5.36,144,53.56,34.35,12.66,0.091,False
BGW-02,2,34,5.36,144,53.67,33.13,12.97,0.109,False
BGW-02,2,35,5.36,144,55.6,33.48,12.73,0.302,False
BGW-02,2,36,5.36,144,55.56,34.91,12.66,0.171,False
BGW-02,2,37,5.36,144,53.14,35.36,13.52,0.319,False
BGW-02,2,38,5.36,144,56.17,33.88,13.31,0.194,False
BGW-02,2,39,5.36,144,54.27,31.43,11.44,0.148,False
BGW-02,2,40,5.36,144,52.89,37.11,13.58,0.328,False
BGW-02,2,41,5.36,144,55.43,34.07,13.45,0.105,False
BGW-02,2,42,5.36,144,53.14,35.57,13.11,0.154,False
BGW-02,2,43,5.36,144,52.66,36.39,13.75,0.262,False
BGW-02,2,44,5.36,144,54.72,38.77,14.39,0.153,False
BGW-02,2,45,5.36,144,54.81,32.19,12.77,0.013,False
BGW-02,2,46,5.36,144,52.12,35.77,13.25,0.177,False
BGW-02,2,47,5.36,144,54.75,36.59,13.8,0.156,False
BGW-02,2,48,5.36,144,52.83,35.55,13.32,0.042,False
BGW-02,2,49,5.36,144,53.74,38.78,15.03,0.093,False
BGW-02,2,50,5.36,144,55.79,35.4,13.52,0.194,False
BGW-02,2,51,5.36,144,51.9,37.39,13.66,0.146,False
BGW-02,2,52,5.36,144,55.93,36.07,13.7,0.0,False
BGW-02,2,53,5.36,144,53.86,37.06,13.66,0.0,False
BGW-02,2,54,5.36,144,54.93,37.76,14.99,0.118,False
BGW-02,2,55,5.36,144,51.13,36.6,14.48,0.082,False
BGW-02,2,56,5.36,144,53.39,37.58,14.82,0.024,False
BGW-02,2,57,5.36,144,51.37,37.84,14.08,0.0,False
BGW-02,2,58,5.36,144,54.71,40.51,15.83,0.237,False
BGW-02,2,59,5.36,144,55.3,40.05,15.09,0.093,False
BGW-02,2,60,5.36,144,54.52,40.23,14.96,0.133,False
BGW-02,2,61,5.36,144,54.36,37.16,13.52,0.194,False
BGW-02,2,62,5.36,144,54.13,37.84,14.74,0.339,False
BGW-02,2,63,5.36,144,52.72,36.07,14.28,0.171,False
BGW-02,2,64,5.36,144,56.06,37.9,15.05,0.156,False
BGW-02,2,65,5.36,144,52.69,38.73,14.88,0.087,False
BGW-02,2,66,5.36,144,53.04,40.14,14.62,0.212,False
BGW-02,2,67,5.36,144,51.38,36.5,14.42,0.147,False
BGW-02,2,68,5.36,144,50.94,40.34,15.52,0.124,False
BGW-02,2,69,5.36,144,54.59,38.63,14.1,0.039,False
BGW-02,2,70,5.36,144,52.09,40.7,16.21,0.26,False
BGW-02,2,71,5.36,144,53.33,35.93,13.36,0.047,False
BGW-02,2,72,5.36,144,55.32,42.85,16.74,0.104,False
BGW-02,2,73,5.36,144,54.69,43.16,16.97,0.269,False
BGW-02,2,74,5.36,144,52.0,38.93,15.45,0.29,False
BGW-02,2,75,5.36,144,55.9,41.76,16.12,0.203,False
BGW-02,2,76,5.36,144,51.58,38.9,15.52,0.212,False
BGW-02,2,77,5.36,144,51.97,43.02,15.93,0.132,False
BGW-02,2,78,5.36,144,55.23,40.71,15.33,0.179,False
BGW-02,2,79,5.36,144,55.88,42.19,15.92,0.087,False
BGW-02,2,80,5.36,144,53.18,40.6,16.16,0.237,False
BGW-02,2,81,5.36,144,52.02,40.88,15.6,0.046,False
BGW-02,2,82,5.36,144,53.46,41.8,15.75,0.085,False
BGW-02,2,83,5.36,144,51.29,40.19,15.43,0.246,False
BGW-02,2,84,5.36,144,53.62,40.32,15.96,0.278,False
BGW-02,2,85,5.36,144,55.56,37.4,14.62,0.121,False
BGW-02,2,86,5.36,144,51.17,39.55,14.66,0.069,False
BGW-02,2,87,5.36,144,51.4,37.55,14.22,0.138,False
BGW-02,2,88,5.36,144,51.01,39.96,14.67,0.193,False
BGW-02,2,89,5.36,144,54.31,39.78,15.07,0.0,False
BGW-02,3,0,4.61,144,48.13,29.79,11.86,0.119,False
BGW-02,3,1,4.61,144,43.91,28.01,10.7,0.2,False
BGW-02,3,2,4.61,144,47.57,27.69,10.22,0.187,False
BGW-02,3,3,4.61,144,46.06,31.22,11.96,0.137,False
BGW-02,3,4,4.61,144,45.69,26.44,10.13,0.162,False
BGW-02,3,5,4.61,144,46.52,26.88,10.1,0.239,False
BGW-02,3,6,4.61,144,45.91,29.82,10.86,0.269,False
BGW-02,3,7,4.61,144,48.19,27.23,10.41,0.177,False
BGW-02,3,8,4.61,144,45.03,26.62,9.62,0.256,False
BGW-02,3,9,4.61,144,47.93,29.4,11.14,0.254,False
BGW-02,3,10,4.61,144,44.94,28.74,10.84,0.146,False
BGW-02,3,11,4.61,144,46.51,28.02,10.7,0.183,False
BGW-02,3,12,4.61,144,48.02,26.54,10.4,0.202,False
BGW-02,3,13,4.61,144,48.16,27.28,10.42,0.156,False
BGW-02,3,14,4.61,144,47.82,27.74,10.89,0.053,False
BGW-02,3,15,4.61,144,44.59,29.7,10.99,0.098,False
BGW-02,3,16,4.61,144,48.13,28.54,10.88,0.075,False
BGW-02,3,17,4.61,144,44.84,31.0,11.68,0.006,False
BGW-02,3,18,4.61,144,46.78,29.64,10.75,0.213,False
BGW-02,3,19,4.61,144,43.83,31.36,11.46,0.0,False
BGW-02,3,20,4.61,144,47.52,32.44,12.51,0.059,False
BGW-02,3,21,4.61,144,47.97,30.66,11.09,0.11,False
BGW-02,3,22,4.61,144,46.21,28.51,11.29,0.222,False
BGW-02,3,23,4.61,144,46.86,28.71,11.11,0.16,False
BGW-02,3,24,4.61,144,45.92,29.43,11.54,0.3,False
BGW-02,3,25,4.61,144,45.87,30.98,11.96,0.0,False
BGW-02,3,26,4.61,144,45.47,31.37,11.57,0.243,False
BGW-02,3,27,4.61,144,48.35,29.78,11.7,0.103,False
BGW-02,3,28,4.61,144,46.29,32.3,11.97,0.261,False
BGW-02,3,29,4.61,144,47.91,30.44,11.05,0.343,False
BGW-02,3,30,4.61,144,46.2,32.28,12.72,0.217,False
BGW-02,3,31,4.61,144,44.3,34.85,12.83,0.311,False
BGW-02,3,32,4.61,144,45.06,34.04,13.44,0.176,False
BGW-02,3,33,4.61,144,47.43,33.46,12.39,0.252,False
BGW-02,3,34,4.61,144,43.85,30.81,11.34,0.243,False
BGW-02,3,35,4.61,144,45.65,34.73,12.92,0.281,False
BGW-02,3,36,4.61,144,45.15,31.19,11.54,0.048,False
BGW-02,3,37,4.61,144,45.91,33.67,13.37,0.251,False
BGW-02,3,38,4.61,144,47.82,33.5,13.2,0.123,False
BGW-02,3,39,4.61,144,45.43,35.14,13.42,0.089,False
BGW-02,3,40,4.61,144,44.48,34.68,13.15,0.085,False
BGW-02,3,41,4.61,144,47.6,36.61,14.53,0.272,False
BGW-02,3,42,4.61,144,48.41,33.05,13.17,0.002,False
BGW-02,3,43,4.61,144,45.29,36.26,13.11,0.116,False
BGW-02,3,44,4.61,144,44.54,35.43,13.23,0.132,False
BGW-02,3,45,4.61,144,47.12,34.07,13.39,0.17,False
BGW-02,3,46,4.61,144,45.73,35.38,13.64,0.13,False
BGW-02,3,47,4.61,144,46.86,36.33,13.65,0.0,False
BGW-02,3,48,4.61,144,47.98,34.95,13.56,0.29,False
BGW-02,3,49,4.61,144,45.03,38.36,14.5,0.157,False
BGW-02,3,50,4.61,144,45.71,39.09,15.47,0.267,False
BGW-02,3,51,4.61,144,44.29,37.4,13.86,0.0,False
BGW-02,3,52,4.61,144,46.57,36.56,14.57,0.302,False
BGW-02,3,53,4.61,144,47.62,38.24,13.99,0.235,False
BGW-02,3,54,4.61,144,45.3,36.49,14.37,0.037,False
BGW-02,3,55,4.61,144,46.79,38.22,14.38,0.171,False
BGW-02,3,56,4.61,144,46.57,36.23,13.95,0.165,False
BGW-02,3,57,4.61,144,45.13,37.3,14.23,0.258,False
BGW-02,3,58,4.61,144,48.17,35.9,13.55,0.073,False
BGW-02,3,59,4.61,144,45.89,37.47,14.57,0.19,False
BGW-02,3,60,4.61,144,45.1,39.05,14.21,0.254,False
BGW-02,3,61,4.61,144,44.31,40.88,15.04,0.252,False
BGW-02,3,62,4.61,144,48.04,37.09,13.6,0.158,False
BGW-02,3,63,4.61,144,46.08,39.45,15.47,0.291,False
BGW-02,3,64,4.61,144,44.43,33.98,12.92,0.0,False
BGW-02,3,65,4.61,144,45.7,36.37,13.69,0.16,False
BGW-02,3,66,4.61,144,47.98,38.19,14.4,0.002,False
BGW-02,3,67,4.61,144,44.17,41.49,15.82,0.168,False
BGW-02,3,68,4.61,144,48.37,39.38,14.82,0.197,False
BGW-02,3,69,4.61,144,44.05,37.47,13.82,0.101,False
BGW-02,3,70,4.61,144,46.9,40.64,14.99,0.127,False
BGW-02,3,71,4.61,144,46.52,38.8,14.9,0.105,False
BGW-02,3,72,4.61,144,46.19,38.85,15.33,0.147,False
BGW-02,3,73,4.61,144,44.91,41.29,16.24,0.172,False
BGW-02,3,74,4.61,144,46.73,41.49,15.74,0.165,False
BGW-02,3,75,4.61,144,46.37,39.01,15.34,0.329,False
BGW-02,3,76,4.61,144,47.27,39.73,15.64,0.122,False
BGW-02,3,77,4.61,144,46.61,40.37,15.12,0.0,False
BGW-02,3,78,4.61,144,46.98,39.72,14.86,0.053,False
BGW-02,3,79,4.61,144,47.44,42.89,16.06,0.084,False
BGW-02,3,80,4.61,144,47.5,42.78,15.78,0.254,False
BGW-02,3,81,4.61,144,46.29,37.68,14.3,0.292,False
BGW-02,3,82,4.61,144,43.82,38.93,14.6,0.158,False
BGW-02,3,83,4.61,144,45.3,43.5,15.87,0.254,False
BGW-02,3,84,4.61,144,46.83,40.34,14.73,0.15,False
BGW-02,3,85,4.61,144,47.49,41.92,16.55,0.0,False
BGW-02,3,86,4.61,144,44.16,39.77,14.64,0.211,False
BGW-02,3,87,4.61,144,48.04,40.02,15.28,0.096,False
BGW-02,3,88,4.61,144,47.24,40.91,14.95,0.0,False
BGW-02,3,89,4.61,144,44.4,41.78,15.32,0.134,False
BGW-02,4,0,5.88,86,56.39,29.17,10.91,0.001,False
BGW-02,4,1,5.88,86,56.55,27.46,10.56,0.189,False
BGW-02,4,2,5.88,86,60.88,28.64,10.52,0.08,False
BGW-02,4,3,5.88,86,60.82,26.63,10.35,0.0,False
BGW-02,4,4,5.88,86,61.13,31.03,11.82,0.272,False
BGW-02,4,5,5.88,86,55.9,29.28,11.09,0.172,False
BGW-02,4,6,5.88,86,58.22,30.13,11.47,0.337,False
BGW-02,4,7,5.88,86,57.73,30.42,11.22,0.112,False
BGW-02,4,8,5.88,86,59.31,32.07,12.08,0.108,False
BGW-02,4,9,5.88,86,61.1,27.56,10.07,0.155,False
BGW-02,4,10,5.88,86,57.63,30.41,11.11,0.085,False
BGW-02,4,11,5.88,86,55.99,32.19,12.14,0.033,False
BGW-02,4,12,5.88,86,56.33,29.36,11.67,0.066,False
BGW-02,4,13,5.88,86,56.63,29.76,11.7,0.197,False
BGW-02,4,14,5.88,86,60.79,31.07,12.27,0.0,False
BGW-02,4,15,5.88,86,59.96,30.8,12.18,0.115,False
BGW-02,4,16,5.88,86,59.13,31.15,11.3,0.123,False
BGW-02,4,17,5.88,86,56.46,31.34,12.17,0.013,False
BGW-02,4,18,5.88,86,58.14,35.3,13.03,0.0,False
BGW-02,4,19,5.88,86,56.42,31.47,12.26,0.0,False
BGW-02,4,20,5.88,86,55.95,32.38,11.78,0.0,False
BGW-02,4,21,5.88,86,55.94,31.21,11.97,0.147,False
BGW-02,4,22,5.88,86,60.37,31.96,12.68,0.142,False
BGW-02,4,23,5.88,86,59.62,31.81,12.0,0.286,False
BGW-02,4,24,5.88,86,60.48,32.5,12.65,0.165,False
BGW-02,4,25,5.88,86,59.05,35.12,12.82,0.163,False
BGW-02,4,26,5.88,86,56.03,35.99,13.8,0.188,False
BGW-02,4,27,5.88,86,60.76,34.16,13.38,0.344,False
BGW-02,4,28,5.88,86,58.89,35.84,13.25,0.172,False
BGW-02,4,29,5.88,86,57.21,35.29,14.05,0.148,False
BGW-02,4,30,5.88,86,58.11,37.66,14.61,0.247,False
BGW-02,4,31,5.88,86,56.85,37.46,14.65,0.298,False
BGW-02,4,32,5.88,86,59.22,37.04,14.39,0.105,False
BGW-02,4,33,5.88,86,61.67,39.18,15.12,0.229,False
BGW-02,4,34,5.88,86,60.21,37.89,14.39,0.086,False
BGW-02,4,35,5.88,86,57.63,39.18,14.22,0.149,False
BGW-02,4,36,5.88,86,60.03,37.64,14.85,0.307,False
BGW-02,4,37,5.88,86,57.55,39.99,15.54,0.277,False
BGW-02,4,38,5.88,86,56.06,35.9,14.12,0.249,False
BGW-02,4,39,5.88,86,59.87,37.39,14.12,0.204,False
BGW-02,4,40,5.88,86,59.98,38.98,15.41,0.26,False
BGW-02,4,41,5.88,86,60.23,39.34,14.49,0.084,False
BGW-02,4,42,5.88,86,58.51,39.69,14.57,0.106,False
BGW-02,4,43,5.88,86,58.6,40.84,16.15,0.264,False
BGW-02,4,44,5.88,86,59.79,39.9,14.89,0.0,False
BGW-02,4,45,5.88,86,59.37,38.63,15.18,0.389,False
BGW-02,4,46,5.88,86,57.19,40.2,15.35,0.188,False
BGW-02,4,47,5.88,86,55.88,38.59,14.97,0.092,False
BGW-02,4,48,5.88,86,58.75,38.61,14.05,0.135,False
BGW-02,4,49,5.88,86,56.89,39.13,15.12,0.031,False
BGW-02,4,50,5.88,86,60.19,37.77,14.95,0.168,False
BGW-02,4,51,5.88,86,58.38,39.96,15.03,0.235,False
BGW-02,4,52,5.88,86,58.46,39.67,14.52,0.0,False
BGW-02,4,53,5.88,86,57.31,39.08,15.14,0.0,False
BGW-02,4,54,5.88,86,60.09,41.41,16.05,0.214,False
BGW-02,4,55,5.88,86,55.88,32.64,12.83,2.187,False
BGW-02,4,56,5.88,86,60.17,42.43,15.59,0.129,False
BGW-02,4,57,5.88,86,58.15,42.25,15.57,0.177,False
BGW-02,4,58,5.88,86,59.97,41.68,15.68,0.096,False
BGW-02,4,59,5.88,86,56.97,42.05,15.77,0.191,False
BGW-02,4,60,5.88,86,61.34,39.99,15.87,0.103,False
BGW-02,4,61,5.88,86,57.69,41.07,16.19,0.065,False
BGW-02,4,62,5.88,86,58.4,35.29,13.16,2.28,False
BGW-02,4,63,5.88,86,58.14,44.29,16.17,0.23,False
BGW-02,4,64,5.88,86,56.15,41.14,15.75,0.288,False
BGW-02,4,65,5.88,86,58.52,42.62,16.59,0.144,False
BGW-02,4,66,5.88,86,61.63,41.17,16.06,0.0,False
BGW-02,4,67,5.88,86,58.78,41.77,16.51,0.154,False
BGW-02,4,68,5.88,86,58.68,40.94,15.06,0.072,False
BGW-02,4,69,5.88,86,61.47,40.71,16.03,0.153,False
BGW-02,4,70,5.88,86,61.16,41.84,16.17,0.165,False
BGW-02,4,71,5.88,86,57.67,40.03,15.42,0.102,False
BGW-02,4,72,5.88,86,59.63,33.95,12.69,2.57,False
BGW-02,4,73,5.88,86,60.81,35.74,13.66,2.436,False
BGW-02,4,74,5.88,86,56.96,38.34,14.66,0.12,False
BGW-02,4,75,5.88,86,60.92,42.96,17.13,0.153,False
BGW-02,4,76,5.88,86,60.8,37.24,14.37,2.498,False
BGW-02,4,77,5.88,86,56.08,42.27,16.8,0.242,False
BGW-02,4,78,5.88,86,60.93,35.76,13.11,2.288,False
BGW-02,4,79,5.88,86,61.24,42.4,16.89,0.183,False
BGW-02,4,80,5.88,86,56.46,42.74,16.03,0.067,False
BGW-02,4,81,5.88,86,56.84,33.21,12.97,2.27,False
BGW-02,4,82,5.88,86,57.57,41.32,16.14,0.039,False
BGW-02,4,83,5.88,86,59.52,41.31,15.69,0.145,False
BGW-02,4,84,5.88,86,59.58,41.44,16.47,0.15,False
BGW-02,4,85,5.88,86,57.03,37.46,14.55,2.228,False
BGW-02,4,86,5.88,86,58.67,41.78,15.92,0.245,False
BGW-02,4,87,5.88,86,60.33,42.94,15.76,0.0,False
BGW-02,4,88,5.88,86,61.49,43.03,15.76,0.138,False
BGW-02,4,89,5.88,86,60.66,37.48,14.87,2.343,False
BGW-02,5,0,4.03,100,38.36,29.26,10.8,0.108,False
BGW-02,5,1,4.03,100,39.11,25.64,9.33,0.203,False
BGW-02,5,2,4.03,100,41.03,28.3,10.81,0.012,False
BGW-02,5,3,4.03,100,42.27,29.72,11.47,0.244,False
BGW-02,5,4,4.03,100,39.52,25.39,9.34,0.203,False
BGW-02,5,5,4.03,100,42.18,29.42,11.17,0.232,False
BGW-02,5,6,4.03,100,41.34,32.51,11.85,0.152,False
BGW-02,5,7,4.03,100,40.9,30.58,11.54,0.117,False
BGW-02,5,8,4.03,100,40.82,29.85,11.31,0.063,False
BGW-02,5,9,4.03,100,39.23,29.25,10.59,0.225,False
BGW-02,5,10,4.03,100,38.47,31.71,11.84,0.0,False
BGW-02,5,11,4.03,100,41.69,29.41,11.15,0.187,False
BGW-02,5,12,4.03,100,42.29,30.03,11.24,0.088,False
BGW-02,5,13,4.03,100,41.61,27.1,9.92,0.186,False
BGW-02,5,14,4.03,100,42.24,31.59,11.65,0.062,False
BGW-02,5,15,4.03,100,41.39,31.73,11.6,0.074,False
BGW-02,5,16,4.03,100,38.85,31.51,12.12,0.223,False
BGW-02,5,17,4.03,100,39.99,29.95,11.78,0.173,False
BGW-02,5,18,4.03,100,41.03,32.26,11.85,0.067,False
BGW-02,5,19,4.03,100,41.37,32.51,12.2,0.012,False
BGW-02,5,20,4.03,100,39.82,30.07,11.57,0.077,False
BGW-02,5,21,4.03,100,40.75,31.97,11.6,0.245,False
BGW-02,5,22,4.03,100,39.45,31.61,11.66,0.13,False
BGW-02,5,23,4.03,100,39.47,32.25,11.73,0.208,False
BGW-02,5,24,4.03,100,38.59,32.71,12.49,0.332,False
BGW-02,5,25,4.03,100,39.61,31.48,11.64,0.189,False
BGW-02,5,26,4.03,100,38.45,31.64,11.66,0.28,False
BGW-02,5,27,4.03,100,39.79,33.52,13.34,0.059,False
BGW-02,5,28,4.03,100,40.36,34.16,13.6,0.15,False
BGW-02,5,29,4.03,100,41.34,31.85,11.73,0.23,False
BGW-02,5,30,4.03,100,38.95,35.85,13.55,0.185,False
BGW-02,5,31,4.03,100,39.79,33.15,12.24,0.169,False
BGW-02,5,32,4.03,100,42.14,36.91,14.44,0.147,False
BGW-02,5,33,4.03,100,40.82,33.55,13.21,0.301,False
BGW-02,5,34,4.03,100,41.29,35.29,13.11,0.052,False
BGW-02,5,35,4.03,100,38.64,34.84,13.19,0.133,False
BGW-02,5,36,4.03,100,38.36,35.76,13.48,0.226,False
BGW-02,5,37,4.03,100,40.53,32.68,12.29,0.0,False
BGW-02,5,38,4.03,100,42.31,37.33,14.05,0.145,False
BGW-02,5,39,4.03,100,40.41,35.53,12.86,0.219,False
BGW-02,5,40,4.03,100,39.73,35.64,13.08,0.303,False
BGW-02,5,41,4.03,100,39.61,34.93,13.89,0.107,False
BGW-02,5,42,4.03,100,39.37,34.85,13.81,0.054,False
BGW-02,5,43,4.03,100,41.34,38.2,13.83,0.26,False
BGW-02,5,44,4.03,100,41.49,39.17,14.56,0.246,False
BGW-02,5,45,4.03,100,40.13,36.2,13.28,0.192,False
BGW-02,5,46,4.03,100,40.58,39.68,14.53,0.185,False
BGW-02,5,47,4.03,100,40.31,39.23,14.27,0.234,False
BGW-02,5,48,4.03,100,42.15,37.37,14.75,0.033,False
BGW-02,5,49,4.03,100,42.26,40.48,15.44,0.307,False
BGW-02,5,50,4.03,100,41.17,40.88,14.79,0.0,False
BGW-02,5,51,4.03,100,38.62,40.59,14.74,0.194,False
BGW-02,5,52,4.03,100,41.13,39.49,15.55,0.198,False
BGW-02,5,53,4.03,100,39.51,39.67,15.16,0.046,False
BGW-02,5,54,4.03,100,42.34,38.11,14.58,0.278,False
BGW-02,5,55,4.03,100,41.13,42.07,16.41,0.231,False
BGW-02,5,56,4.03,100,39.69,43.58,16.59,0.129,False
BGW-02,5,57,4.03,100,41.6,41.45,15.81,0.402,False
BGW-02,5,58,4.03,100,38.62,40.36,15.47,0.16,False
BGW-02,5,59,4.03,100,41.81,41.98,16.24,0.202,False
BGW-02,5,60,4.03,100,42.24,37.61,14.2,0.058,False
BGW-02,5,61,4.03,100,38.87,42.1,15.77,0.252,False
BGW-02,5,62,4.03,100,39.4,39.35,14.28,0.223,False
BGW-02,5,63,4.03,100,41.02,42.17,16.41,0.111,False
BGW-02,5,64,4.03,100,42.15,42.35,15.62,0.085,False
BGW-02,5,65,4.03,100,38.5,40.99,15.28,0.086,False
BGW-02,5,66,4.03,100,38.71,41.69,15.6,0.332,False
BGW-02,5,67,4.03,100,40.13,41.65,16.57,0.0,False
BGW-02,5,68,4.03,100,41.56,40.05,14.76,0.0,False
BGW-02,5,69,4.03,100,38.8,40.63,16.15,0.224,False
BGW-02,5,70,4.03,100,41.26,42.55,16.89,0.271,False
BGW-02,5,71,4.03,100,41.57,40.59,15.41,0.353,False
BGW-02,5,72,4.03,100,41.33,42.1,15.72,0.244,False
BGW-02,5,73,4.03,100,40.42,40.02,14.59,0.103,False
BGW-02,5,74,4.03,100,40.99,43.73,15.95,0.1,False
BGW-02,5,75,4.03,100,41.01,37.15,14.08,2.132,False
BGW-02,5,76,4.03,100,38.98,40.51,15.66,0.071,False
BGW-02,5,77,4.03,100,42.14,38.14,15.14,0.144,False
BGW-02,5,78,4.03,100,39.69,41.1,16.38,0.0,False
BGW-02,5,79,4.03,100,39.52,36.34,14.3,2.309,False
BGW-02,5,80,4.03,100,38.96,42.87,16.25,0.146,False
BGW-02,5,81,4.03,100,38.95,42.9,16.89,0.17,False
BGW-02,5,82,4.03,100,38.57,40.3,14.95,0.085,False
BGW-02,5,83,4.03,100,40.61,41.21,15.84,0.255,False
BGW-02,5,84,4.03,100,41.25,40.67,15.79,0.263,False
BGW-02,5,85,4.03,100,39.87,38.3,14.48,2.277,False
BGW-02,5,86,4.03,100,42.24,42.77,16.75,0.0,False
BGW-02,5,87,4.03,100,38.79,35.07,12.86,2.536,False
BGW-02,5,88,4.03,100,41.46,41.04,15.5,0.148,False
BGW-02,5,89,4.03,100,38.6,34.31,12.41,2.447,False
BGW-03,1,0,5.28,100,53.29,28.28,10.39,0.136,False
BGW-03,1,1,5.28,100,50.58,25.89,9.95,0.453,False
BGW-03,1,2,5.28,100,53.07,28.76,10.61,0.267,False
BGW-03,1,3,5.28,100,53.76,28.78,11.29,0.107,False
BGW-03,1,4,5.28,100,54.09,28.61,11.17,0.151,False
BGW-03,1,5,5.28,100,51.66,29.93,11.63,0.029,False
BGW-03,1,6,5.28,100,51.44,27.06,10.24,0.165,False
BGW-03,1,7,5.28,100,51.81,30.48,11.76,0.27,False
BGW-03,1,8,5.28,100,51.78,28.75,10.6,0.294,False
BGW-03,1,9,5.28,100,54.67,30.81,11.46,0.211,False
BGW-03,1,10,5.28,100,50.15,29.69,11.68,0.332,False
BGW-03,1,11,5.28,100,53.25,30.8,11.44,0.092,False
BGW-03,1,12,5.28,100,53.52,31.85,12.17,0.189,False
BGW-03,1,13,5.28,100,53.46,26.7,10.44,0.281,False
BGW-03,1,14,5.28,100,52.08,32.23,12.84,0.116,False
BGW-03,1,15,5.28,100,51.1,31.29,11.87,0.152,False
BGW-03,1,16,5.28,100,51.62,33.0,12.06,0.192,False
BGW-03,1,17,5.28,100,54.68,29.42,11.61,0.031,False
BGW-03,1,18,5.28,100,52.05,32.43,12.12,0.101,False
BGW-03,1,19,5.28,100,54.79,30.69,12.21,0.25,False
BGW-03,1,20,5.28,100,52.3,35.25,13.42,0.14,False
BGW-03,1,21,5.28,100,55.12,31.86,12.32,0.103,False
BGW-03,1,22,5.28,100,52.37,33.75,12.84,0.128,False
BGW-03,1,23,5.28,100,50.62,34.36,13.07,0.035,False
BGW-03,1,24,5.28,100,52.12,34.85,13.23,0.206,False
BGW-03,1,25,5.28,100,55.21,34.59,13.69,0.059,False
BGW-03,1,26,5.28,100,54.74,35.08,13.31,0.221,False
BGW-03,1,27,5.28,100,55.05,36.75,13.46,0.192,False
BGW-03,1,28,5.28,100,52.75,35.82,13.35,0.124,False
BGW-03,1,29,5.28,100,50.29,36.05,13.19,0.024,False
BGW-03,1,30,5.28,100,51.08,35.66,12.88,0.115,False
BGW-03,1,31,5.28,100,55.4,37.81,14.24,0.133,False
BGW-03,1,32,5.28,100,55.21,37.52,13.59,0.214,False
BGW-03,1,33,5.28,100,52.49,37.83,14.86,0.252,False
BGW-03,1,34,5.28,100,51.53,36.26,13.41,0.199,False
BGW-03,1,35,5.28,100,51.9,38.67,14.14,0.089,False
BGW-03,1,36,5.28,100,52.88,39.38,14.63,0.091,False
BGW-03,1,37,5.28,100,53.61,38.25,14.82,0.14,False
BGW-03,1,38,5.28,100,51.09,39.17,14.26,0.0,False
BGW-03,1,39,5.28,100,53.54,39.36,15.65,0.0,False
BGW-03,1,40,5.28,100,54.66,39.6,14.73,0.243,False
BGW-03,1,41,5.28,100,52.88,40.64,14.83,0.028,False
BGW-03,1,42,5.28,100,53.78,38.99,15.34,0.0,False
BGW-03,1,43,5.28,100,55.22,39.86,14.83,0.077,False
BGW-03,1,44,5.28,100,51.16,40.0,15.77,0.0,False
BGW-03,1,45,5.28,100,54.75,41.0,16.19,0.102,False
BGW-03,1,46,5.28,100,53.89,40.83,15.41,0.189,False
BGW-03,1,47,5.28,100,54.64,40.21,14.69,0.178,False
BGW-03,1,48,5.28,100,53.34,38.33,15.27,0.089,False
BGW-03,1,49,5.28,100,55.38,40.33,14.93,0.208,False
BGW-03,1,50,5.28,100,51.15,40.48,15.76,0.15,False
BGW-03,1,51,5.28,100,50.71,40.19,15.28,0.126,False
BGW-03,1,52,5.28,100,51.64,40.7,15.55,0.066,False
BGW-03,1,53,5.28,100,53.11,40.85,14.85,0.25,False
BGW-03,1,54,5.28,100,50.37,39.75,15.54,0.267,False
BGW-03,1,55,5.28,100,52.96,41.33,16.44,0.311,False
BGW-03,1,56,5.28,100,55.38,40.38,15.72,0.161,False
BGW-03,1,57,5.28,100,50.67,40.96,15.38,0.225,False
BGW-03,1,58,5.28,100,52.46,43.67,16.05,0.079,False
BGW-03,1,59,5.28,100,52.83,36.93,13.88,2.391,False
BGW-03,1,60,5.28,100,55.29,40.75,16.0,0.11,False
BGW-03,1,61,5.28,100,53.01,37.3,13.66,0.099,False
BGW-03,1,62,5.28,100,53.07,38.76,14.96,0.1,False
BGW-03,1,63,5.28,100,51.36,41.07,15.21,0.187,False
BGW-03,1,64,5.28,100,51.74,35.06,13.78,2.521,False
BGW-03,1,65,5.28,100,50.71,42.27,16.28,0.274,False
BGW-03,1,66,5.28,100,51.18,40.15,14.52,0.044,False
BGW-03,1,67,5.28,100,52.36,34.93,13.77,2.244,False
BGW-03,1,68,5.28,100,50.39,42.22,15.9,0.137,False
BGW-03,1,69,5.28,100,55.26,42.74,16.72,0.211,False
BGW-03,1,70,5.28,100,53.05,40.97,15.2,0.111,False
BGW-03,1,71,5.28,100,54.93,41.1,15.84,0.17,False
BGW-03,1,72,5.28,100,52.91,41.16,16.3,0.3,False
BGW-03,1,73,5.28,100,50.41,36.46,14.48,2.526,False
BGW-03,1,74,5.28,100,50.54,43.12,16.68,0.184,False
BGW-03,1,75,5.28,100,52.07,40.58,16.15,0.14,False
BGW-03,1,76,5.28,100,53.21,41.69,16.35,0.345,False
BGW-03,1,77,5.28,100,53.03,42.55,16.39,0.158,False
BGW-03,1,78,5.28,100,50.14,38.73,14.84,0.262,False
BGW-03,1,79,5.28,100,53.88,41.65,16.13,0.136,False
BGW-03,1,80,5.28,100,51.16,35.26,13.09,2.37,False
BGW-03,1,81,5.28,100,52.33,39.68,14.73,0.083,False
BGW-03,1,82,5.28,100,53.19,36.35,13.35,2.511,False
BGW-03,1,83,5.28,100,55.38,39.83,14.67,0.128,False
BGW-03,1,84,5.28,100,53.44,33.52,12.74,2.375,False
BGW-03,1,85,5.28,100,53.54,41.83,15.17,0.194,False
BGW-03,1,86,5.28,100,54.97,40.3,15.4,0.304,False
BGW-03,1,87,5.28,100,55.18,37.45,14.12,2.391,False
BGW-03,1,88,5.28,100,50.86,41.48,15.68,0.123,False
BGW-03,1,89,5.28,100,55.39,34.71,12.96,2.286,False
BGW-03,2,0,6.21,120,61.12,27.86,10.52,0.172,False
BGW-03,2,1,6.21,120,65.06,30.2,11.64,0.139,False
BGW-03,2,2,6.21,120,61.41,26.32,10.25,0.081,False
BGW-03,2,3,6.21,120,63.0,26.87,10.26,0.184,False
BGW-03,2,4,6.21,120,60.14,30.17,11.37,0.203,False
BGW-03,2,5,6.21,120,59.26,28.54,10.84,0.233,False
BGW-03,2,6,6.21,120,61.9,28.34,10.51,0.148,False
BGW-03,2,7,6.21,120,59.92,29.41,11.54,0.152,False
BGW-03,2,8,6.21,120,59.58,31.05,11.26,0.12,False
BGW-03,2,9,6.21,120,62.21,27.62,10.09,0.0,False
BGW-03,2,10,6.21,120,59.32,30.26,11.04,0.25,False
BGW-03,2,11,6.21,120,62.77,30.29,11.35,0.107,False
BGW-03,2,12,6.21,120,61.73,32.64,12.18,0.319,False
BGW-03,2,13,6.21,120,64.28,32.37,12.74,0.142,False
BGW-03,2,14,6.21,120,64.14,28.69,10.82,0.28,False
BGW-03,2,15,6.21,120,62.7,29.7,11.32,0.308,False
BGW-03,2,16,6.21,120,60.43,30.27,11.92,0.139,False
BGW-03,2,17,6.21,120,59.03,33.48,13.01,0.176,False
BGW-03,2,18,6.21,120,62.23,31.26,11.67,0.099,False
BGW-03,2,19,6.21,120,63.02,32.21,12.12,0.098,False
BGW-03,2,20,6.21,120,59.34,32.49,11.8,0.191,False
BGW-03,2,21,6.21,120,59.44,32.94,12.95,0.116,False
BGW-03,2,22,6.21,120,62.34,33.25,13.2,0.03,False
BGW-03,2,23,6.21,120,64.31,33.62,12.78,0.159,False
BGW-03,2,24,6.21,120,63.72,32.94,12.11,0.103,False
BGW-03,2,25,6.21,120,60.79,34.68,13.48,0.193,False
BGW-03,2,26,6.21,120,59.45,32.86,12.74,0.083,False
BGW-03,2,27,6.21,120,59.31,36.71,13.45,0.15,False
BGW-03,2,28,6.21,120,63.25,32.95,12.81,0.13,False
BGW-03,2,29,6.21,120,60.96,35.29,13.21,0.13,False
BGW-03,2,30,6.21,120,59.98,37.04,13.77,0.11,False
BGW-03,2,31,6.21,120,63.43,38.86,14.19,0.222,False
BGW-03,2,32,6.21,120,63.24,35.55,12.86,0.2,False
BGW-03,2,33,6.21,120,64.2,36.01,13.9,0.277,False
BGW-03,2,34,6.21,120,64.35,35.43,13.36,0.137,False
BGW-03,2,35,6.21,120,60.29,37.38,14.48,0.204,False
BGW-03,2,36,6.21,120,62.83,36.76,14.37,0.11,False
BGW-03,2,37,6.21,120,63.58,35.57,12.97,0.133,False
BGW-03,2,38,6.21,120,63.89,38.71,14.18,0.242,False
BGW-03,2,39,6.21,120,63.75,41.64,16.14,0.128,False
BGW-03,2,40,6.21,120,64.73,36.13,14.13,0.194,False
BGW-03,2,41,6.21,120,60.76,39.75,15.31,0.09,False
BGW-03,2,42,6.21,120,63.18,38.49,15.35,0.094,False
BGW-03,2,43,6.21,120,63.26,37.11,14.45,0.045,False
BGW-03,2,44,6.21,120,64.02,40.36,14.86,0.056,False
BGW-03,2,45,6.21,120,59.59,39.15,14.84,0.039,False
BGW-03,2,46,6.21,120,61.43,38.8,14.13,0.053,False
BGW-03,2,47,6.21,120,63.28,39.04,14.14,0.144,False
BGW-03,2,48,6.21,120,61.28,40.16,15.87,0.226,False
BGW-03,2,49,6.21,120,63.4,40.37,14.87,0.139,False
BGW-03,2,50,6.21,120,62.14,36.3,14.41,0.107,False
BGW-03,2,51,6.21,120,62.17,40.89,14.89,0.365,False
BGW-03,2,52,6.21,120,59.32,39.32,14.46,0.202,False
BGW-03,2,53,6.21,120,59.62,40.34,14.86,0.135,False
BGW-03,2,54,6.21,120,64.63,40.48,15.28,0.13,False
BGW-03,2,55,6.21,120,64.03,43.53,16.31,0.215,False
BGW-03,2,56,6.21,120,63.43,39.09,14.9,0.189,False
BGW-03,2,57,6.21,120,60.56,41.35,15.91,0.196,False
BGW-03,2,58,6.21,120,59.99,41.46,16.49,0.211,False
BGW-03,2,59,6.21,120,61.58,39.14,14.55,0.287,False
BGW-03,2,60,6.21,120,61.71,42.6,16.81,0.163,False
BGW-03,2,61,6.21,120,61.19,39.88,14.85,0.098,False
BGW-03,2,62,6.21,120,59.5,42.02,15.71,0.158,False
BGW-03,2,63,6.21,120,62.07,41.76,15.59,0.146,False
BGW-03,2,64,6.21,120,59.87,42.05,16.25,0.22,False
BGW-03,2,65,6.21,120,60.44,41.91,16.08,0.45,False
BGW-03,2,66,6.21,120,60.85,39.84,15.62,0.082,False
BGW-03,2,67,6.21,120,64.69,41.13,15.91,0.073,False
BGW-03,2,68,6.21,120,61.57,42.79,15.7,0.123,False
BGW-03,2,69,6.21,120,61.84,42.72,16.51,0.293,False
BGW-03,2,70,6.21,120,60.39,40.38,15.21,0.0,False
BGW-03,2,71,6.21,120,64.42,43.22,15.61,0.254,False
BGW-03,2,72,6.21,120,63.29,43.17,17.09,0.158,False
BGW-03,2,73,6.21,120,60.24,41.5,15.33,0.083,False
BGW-03,2,74,6.21,120,59.1,40.26,14.82,0.17,False
BGW-03,2,75,6.21,120,63.12,43.99,16.27,0.316,False
BGW-03,2,76,6.21,120,63.06,41.78,15.73,0.181,False
BGW-03,2,77,6.21,120,59.13,42.18,15.33,0.104,False
BGW-03,2,78,6.21,120,63.47,43.35,16.72,0.241,False
BGW-03,2,79,6.21,120,60.12,43.55,16.24,0.225,False
BGW-03,2,80,6.21,120,59.52,39.31,15.68,0.071,False
BGW-03,2,81,6.21,120,62.2,43.86,17.3,0.204,False
BGW-03,2,82,6.21,120,61.73,41.23,14.9,0.137,False
BGW-03,2,83,6.21,120,59.23,35.74,14.04,2.286,False
BGW-03,2,84,6.21,120,59.71,41.85,16.32,0.194,False
BGW-03,2,85,6.21,120,60.56,41.57,15.17,0.115,False
BGW-03,2,86,6.21,120,60.73,42.16,16.5,0.093,False
BGW-03,2,87,6.21,120,62.3,35.06,13.2,2.248,False
BGW-03,2,88,6.21,120,59.77,41.31,16.3,0.233,False
BGW-03,2,89,6.21,120,62.31,41.11,15.99,0.085,False
BGW-03,3,0,4.26,144,40.99,28.45,11.33,0.07,False
BGW-03,3,1,4.26,144,42.15,29.2,11.4,0.088,False
BGW-03,3,2,4.26,144,40.59,28.1,10.47,0.061,False
BGW-03,3,3,4.26,144,42.8,26.8,10.4,0.114,False
BGW-03,3,4,4.26,144,44.35,27.82,10.94,0.126,False
BGW-03,3,5,4.26,144,41.76,30.06,11.82,0.322,False
BGW-03,3,6,4.26,144,43.57,32.09,12.72,0.13,False
BGW-03,3,7,4.26,144,42.33,28.25,10.35,0.245,False
BGW-03,3,8,4.26,144,42.98,31.24,11.61,0.276,False
BGW-03,3,9,4.26,144,41.13,28.53,10.77,0.036,False
BGW-03,3,10,4.26,144,41.74,29.08,11.08,0.296,False
BGW-03,3,11,4.26,144,41.54,29.24,11.22,0.086,False
BGW-03,3,12,4.26,144,40.94,29.87,11.15,0.224,False
BGW-03,3,13,4.26,144,41.95,28.25,10.82,0.0,False
BGW-03,3,14,4.26,144,42.75,31.55,11.95,0.063,False
BGW-03,3,15,4.26,144,44.65,31.38,12.28,0.233,False
BGW-03,3,16,4.26,144,42.42,32.18,12.31,0.189,False
BGW-03,3,17,4.26,144,41.2,32.37,12.14,0.237,False
BGW-03,3,18,4.26,144,42.87,29.28,11.27,0.069,False
BGW-03,3,19,4.26,144,42.62,33.75,12.19,0.263,False
BGW-03,3,20,4.26,144,43.94,32.61,12.45,0.296,False
BGW-03,3,21,4.26,144,41.93,29.3,10.58,0.059,False
BGW-03,3,22,4.26,144,42.5,33.02,12.39,0.0,False
BGW-03,3,23,4.26,144,40.81,36.21,13.98,0.137,False
BGW-03,3,24,4.26,144,44.01,34.8,13.59,0.154,False
BGW-03,3,25,4.26,144,42.01,33.1,12.27,0.002,False
BGW-03,3,26,4.26,144,42.77,36.75,14.38,0.166,False
BGW-03,3,27,4.26,144,44.17,34.28,12.47,0.298,False
BGW-03,3,28,4.26,144,42.76,36.14,14.16,0.1,False
BGW-03,3,29,4.26,144,43.46,35.81,13.73,0.217,False
BGW-03,3,30,4.26,144,42.52,37.01,14.65,0.071,False
BGW-03,3,31,4.26,144,41.43,36.22,14.04,0.177,False
BGW-03,3,32,4.26,144,44.21,36.41,13.92,0.108,False
BGW-03,3,33,4.26,144,40.7,39.44,15.42,0.095,False
BGW-03,3,34,4.26,144,43.11,35.32,12.87,0.268,False
BGW-03,3,35,4.26,144,42.7,40.52,15.98,0.162,False
BGW-03,3,36,4.26,144,43.08,36.37,13.73,0.056,False
BGW-03,3,37,4.26,144,43.31,37.65,14.13,0.22,False
BGW-03,3,38,4.26,144,44.65,39.18,14.2,0.079,False
BGW-03,3,39,4.26,144,41.62,39.93,14.8,0.232,False
BGW-03,3,40,4.26,144,42.94,39.29,14.92,0.21,False
BGW-03,3,41,4.26,144,42.59,39.32,15.61,0.142,False
BGW-03,3,42,4.26,144,43.61,38.6,14.87,0.094,False
BGW-03,3,43,4.26,144,44.2,40.45,16.07,0.073,False
BGW-03,3,44,4.26,144,42.56,36.94,13.35,0.036,False
BGW-03,3,45,4.26,144,44.13,40.52,15.63,0.219,False
BGW-03,3,46,4.26,144,43.52,42.81,16.79,0.118,False
BGW-03,3,47,4.26,144,43.63,40.17,15.87,0.133,False
BGW-03,3,48,4.26,144,44.56,40.6,14.81,0.272,False
BGW-03,3,49,4.26,144,43.52,42.13,16.4,0.321,False
BGW-03,3,50,4.26,144,43.49,41.74,15.95,0.022,False
BGW-03,3,51,4.26,144,41.18,40.45,15.3,0.123,False
BGW-03,3,52,4.26,144,41.95,41.8,15.8,0.083,False
BGW-03,3,53,4.26,144,43.78,38.0,14.13,0.01,False
BGW-03,3,54,4.26,144,41.85,41.46,15.05,0.175,False
BGW-03,3,55,4.26,144,44.3,42.42,16.08,0.25,False
BGW-03,3,56,4.26,144,42.57,40.02,14.69,0.158,False
BGW-03,3,57,4.26,144,42.89,39.35,14.94,0.308,False
BGW-03,3,58,4.26,144,42.74,40.0,15.31,0.135,False
BGW-03,3,59,4.26,144,41.79,40.15,16.0,0.15,False
BGW-03,3,60,4.26,144,43.13,43.12,16.67,0.258,False
BGW-03,3,61,4.26,144,42.38,37.53,13.91,2.271,False
BGW-03,3,62,4.26,144,41.61,44.19,16.13,0.109,False
BGW-03,3,63,4.26,144,42.73,43.75,16.43,0.203,False
BGW-03,3,64,4.26,144,42.53,40.93,15.41,0.207,False
BGW-03,3,65,4.26,144,40.63,41.91,16.43,0.095,False
BGW-03,3,66,4.26,144,42.14,39.5,14.9,0.376,False
BGW-03,3,67,4.26,144,43.11,39.76,15.64,0.081,False
BGW-03,3,68,4.26,144,41.93,41.41,15.87,0.092,False
BGW-03,3,69,4.26,144,43.64,41.59,15.35,0.0,False
BGW-03,3,70,4.26,144,43.33,38.58,14.64,0.219,False
BGW-03,3,71,4.26,144,43.57,40.81,15.76,0.064,False
BGW-03,3,72,4.26,144,44.48,38.15,14.88,0.264,False
BGW-03,3,73,4.26,144,41.05,41.98,15.33,0.067,False
BGW-03,3,74,4.26,144,44.03,42.41,16.21,0.146,False
BGW-03,3,75,4.26,144,43.73,43.38,16.19,0.298,False
BGW-03,3,76,4.26,144,44.31,39.84,15.75,0.194,False
BGW-03,3,77,4.26,144,42.26,44.58,17.78,0.141,False
BGW-03,3,78,4.26,144,44.1,36.4,13.49,2.504,False
BGW-03,3,79,4.26,144,42.68,41.63,16.6,0.181,False
BGW-03,3,80,4.26,144,42.44,43.36,15.65,0.085,False
BGW-03,3,81,4.26,144,43.29,35.18,12.96,2.334,False
BGW-03,3,82,4.26,144,42.57,42.75,16.35,0.311,False
BGW-03,3,83,4.26,144,40.72,37.54,14.09,2.371,False
BGW-03,3,84,4.26,144,42.37,36.73,14.03,2.378,False
BGW-03,3,85,4.26,144,41.09,39.63,14.61,0.203,False
BGW-03,3,86,4.26,144,42.43,43.8,17.25,0.271,False
BGW-03,3,87,4.26,144,43.51,36.3,14.22,2.333,False
BGW-03,3,88,4.26,144,41.51,35.23,13.37,2.592,False
BGW-03,3,89,4.26,144,40.68,40.81,15.03,0.131,False
BGW-03,4,0,4.44,120,43.07,28.14,10.32,0.166,False
BGW-03,4,1,4.44,120,42.53,28.22,10.23,0.293,False
BGW-03,4,2,4.44,120,45.1,28.52,11.02,0.2,False
BGW-03,4,3,4.44,120,46.55,28.9,10.52,0.033,False
BGW-03,4,4,4.44,120,44.8,26.51,9.98,0.232,False
BGW-03,4,5,4.44,120,45.98,29.64,11.01,0.048,False
BGW-03,4,6,4.44,120,45.6,26.12,9.92,0.292,False
BGW-03,4,7,4.44,120,45.39,30.62,11.41,0.077,False
BGW-03,4,8,4.44,120,43.6,26.17,10.44,0.053,False
BGW-03,4,9,4.44,120,46.08,28.12,10.22,0.091,False
BGW-03,4,10,4.44,120,43.43,31.41,12.27,0.008,False
BGW-03,4,11,4.44,120,42.41,32.83,12.18,0.161,False
BGW-03,4,12,4.44,120,45.68,30.64,11.08,0.003,False
BGW-03,4,13,4.44,120,43.66,29.77,11.69,0.356,False
BGW-03,4,14,4.44,120,44.32,32.21,12.66,0.191,False
BGW-03,4,15,4.44,120,46.41,32.44,12.68,0.289,False
BGW-03,4,16,4.44,120,45.65,32.65,11.85,0.161,False
BGW-03,4,17,4.44,120,42.73,29.93,10.86,0.076,False
BGW-03,4,18,4.44,120,44.46,32.51,12.04,0.179,False
BGW-03,4,19,4.44,120,42.3,32.29,12.26,0.168,False
BGW-03,4,20,4.44,120,45.15,35.38,12.88,0.053,False
BGW-03,4,21,4.44,120,44.72,35.4,13.87,0.172,False
BGW-03,4,22,4.44,120,45.04,34.36,13.13,0.173,False
BGW-03,4,23,4.44,120,46.17,32.82,12.83,0.0,False
BGW-03,4,24,4.44,120,42.44,37.56,14.45,0.146,False
BGW-03,4,25,4.44,120,45.92,35.48,13.59,0.165,False
BGW-03,4,26,4.44,120,44.91,35.25,13.98,0.153,False
BGW-03,4,27,4.44,120,43.3,36.23,14.44,0.006,False
BGW-03,4,28,4.44,120,43.61,33.88,12.82,0.182,False
BGW-03,4,29,4.44,120,44.34,34.98,13.92,0.084,False
BGW-03,4,30,4.44,120,45.1,35.81,14.28,0.053,False
BGW-03,4,31,4.44,120,45.6,36.7,13.43,0.059,False
BGW-03,4,32,4.44,120,45.52,40.59,14.66,0.355,False
BGW-03,4,33,4.44,120,44.81,37.47,14.95,0.068,False
BGW-03,4,34,4.44,120,45.51,38.58,14.02,0.014,False
BGW-03,4,35,4.44,120,45.07,34.34,12.56,0.297,False
BGW-03,4,36,4.44,120,44.25,37.09,14.56,0.197,False
BGW-03,4,37,4.44,120,45.35,40.3,15.44,0.078,False
BGW-03,4,38,4.44,120,43.61,39.55,14.93,0.127,False
BGW-03,4,39,4.44,120,42.27,38.84,14.45,0.181,False
BGW-03,4,40,4.44,120,45.91,40.98,15.31,0.204,False
BGW-03,4,41,4.44,120,43.68,40.27,14.95,0.066,False
BGW-03,4,42,4.44,120,42.91,38.22,13.99,0.044,False
BGW-03,4,43,4.44,120,46.36,38.75,15.16,0.235,False
BGW-03,4,44,4.44,120,42.4,41.22,16.14,0.139,False
BGW-03,4,45,4.44,120,44.09,41.11,14.99,0.215,False
BGW-03,4,46,4.44,120,43.06,40.66,14.96,0.426,False
BGW-03,4,47,4.44,120,46.01,40.53,15.79,0.113,False
BGW-03,4,48,4.44,120,45.82,40.72,14.89,0.146,False
BGW-03,4,49,4.44,120,46.35,41.03,14.93,0.113,False
BGW-03,4,50,4.44,120,43.08,38.39,14.42,0.198,False
BGW-03,4,51,4.44,120,43.37,37.61,14.28,0.062,False
BGW-03,4,52,4.44,120,46.44,42.54,15.62,0.068,False
BGW-03,4,53,4.44,120,44.03,40.56,15.62,0.096,False
BGW-03,4,54,4.44,120,45.48,43.04,17.06,0.136,False
BGW-03,4,55,4.44,120,44.82,41.18,15.21,0.046,False
BGW-03,4,56,4.44,120,45.39,42.2,15.39,0.022,False
BGW-03,4,57,4.44,120,43.13,41.3,15.38,0.166,False
BGW-03,4,58,4.44,120,44.81,43.71,17.37,0.007,False
BGW-03,4,59,4.44,120,42.65,40.71,16.21,0.249,False
BGW-03,4,60,4.44,120,44.78,39.42,15.45,0.154,False
BGW-03,4,61,4.44,120,45.54,42.19,16.77,0.201,False
BGW-03,4,62,4.44,120,45.92,35.47,12.86,2.346,False
BGW-03,4,63,4.44,120,44.64,43.47,16.2,0.174,False
BGW-03,4,64,4.44,120,44.43,41.19,15.3,0.0,False
BGW-03,4,65,4.44,120,43.92,41.32,16.43,0.0,False
BGW-03,4,66,4.44,120,45.02,42.28,16.39,0.189,False
BGW-03,4,67,4.44,120,45.17,44.12,17.13,0.168,False
BGW-03,4,68,4.44,120,43.1,42.73,16.9,0.335,False
BGW-03,4,69,4.44,120,46.16,40.99,14.95,0.191,False
BGW-03,4,70,4.44,120,43.71,35.17,13.83,2.341,False
BGW-03,4,71,4.44,120,42.85,39.36,14.91,0.0,False
BGW-03,4,72,4.44,120,43.4,40.14,15.18,0.179,False
BGW-03,4,73,4.44,120,44.54,38.48,14.04,0.148,False
BGW-03,4,74,4.44,120,46.17,41.5,16.5,0.176,False
BGW-03,4,75,4.44,120,44.76,41.35,14.98,0.117,False
BGW-03,4,76,4.44,120,43.3,37.8,15.06,2.252,False
BGW-03,4,77,4.44,120,44.1,39.72,15.58,0.183,False
BGW-03,4,78,4.44,120,43.1,37.49,14.69,0.213,False
BGW-03,4,79,4.44,120,44.08,41.59,15.71,0.028,False
BGW-03,4,80,4.44,120,43.42,40.83,14.96,0.248,False
BGW-03,4,81,4.44,120,42.48,41.92,16.67,0.113,False
BGW-03,4,82,4.44,120,45.52,44.25,17.01,0.263,False
BGW-03,4,83,4.44,120,42.63,35.18,13.35,2.332,False
BGW-03,4,84,4.44,120,45.12,37.36,13.95,2.316,False
BGW-03,4,85,4.44,120,43.51,36.59,14.33,2.234,False
BGW-03,4,86,4.44,120,45.28,40.23,14.98,0.178,False
BGW-03,4,87,4.44,120,43.37,35.17,13.08,2.629,False
BGW-03,4,88,4.44,120,43.41,40.81,15.9,0.056,False
BGW-03,4,89,4.44,120,42.38,36.42,13.51,2.284,False
BGW-03,5,0,4.46,144,46.15,28.73,10.78,0.137,False
BGW-03,5,1,4.46,144,46.34,28.55,10.76,0.3,False
BGW-03,5,2,4.46,144,46.42,27.29,10.29,0.0,False
BGW-03,5,3,4.46,144,46.73,29.17,10.86,0.383,False
BGW-03,5,4,4.46,144,44.52,30.41,11.24,0.275,False
BGW-03,5,5,4.46,144,43.76,27.66,10.22,0.0,False
BGW-03,5,6,4.46,144,43.88,27.03,10.03,0.14,False
BGW-03,5,7,4.46,144,43.21,28.87,11.04,0.082,False
BGW-03,5,8,4.46,144,42.59,31.29,12.1,0.149,False
BGW-03,5,9,4.46,144,42.99,26.73,9.97,0.314,False
BGW-03,5,10,4.46,144,45.52,26.53,10.04,0.136,False
BGW-03,5,11,4.46,144,43.83,29.38,11.71,0.272,False
BGW-03,5,12,4.46,144,44.64,32.07,12.45,0.277,False
BGW-03,5,13,4.46,144,42.79,29.09,11.22,0.228,False
BGW-03,5,14,4.46,144,46.59,33.05,12.27,0.138,False
BGW-03,5,15,4.46,144,44.07,28.52,10.9,0.12,False
BGW-03,5,16,4.46,144,44.58,30.92,12.17,0.183,False
BGW-03,5,17,4.46,144,46.04,31.5,12.54,0.152,False
BGW-03,5,18,4.46,144,45.54,29.96,11.82,0.284,False
BGW-03,5,19,4.46,144,43.93,30.38,12.01,0.287,False
BGW-03,5,20,4.46,144,46.23,34.62,13.5,0.221,False
BGW-03,5,21,4.46,144,46.35,31.47,12.04,0.35,False
BGW-03,5,22,4.46,144,46.11,33.61,12.71,0.438,False
BGW-03,5,23,4.46,144,46.13,33.58,13.22,0.19,False
BGW-03,5,24,4.46,144,44.77,33.55,12.9,0.081,False
BGW-03,5,25,4.46,144,44.86,32.18,11.72,0.188,False
BGW-03,5,26,4.46,144,45.43,37.27,13.6,0.143,False
BGW-03,5,27,4.46,144,43.87,36.77,14.48,0.013,False
BGW-03,5,28,4.46,144,46.58,32.57,12.71,0.206,False
BGW-03,5,29,4.46,144,44.38,33.87,12.33,0.162,False
BGW-03,5,30,4.46,144,46.75,32.25,11.74,0.257,False
BGW-03,5,31,4.46,144,42.38,37.5,14.36,0.077,False
BGW-03,5,32,4.46,144,45.26,36.62,13.87,0.297,False
BGW-03,5,33,4.46,144,46.71,36.81,13.93,0.129,False
BGW-03,5,34,4.46,144,45.79,38.24,15.0,0.238,False
BGW-03,5,35,4.46,144,44.47,37.63,15.01,0.261,False
BGW-03,5,36,4.46,144,43.59,39.3,14.79,0.098,False
BGW-03,5,37,4.46,144,46.44,36.27,14.09,0.223,False
BGW-03,5,38,4.46,144,43.15,38.46,14.21,0.112,False
BGW-03,5,39,4.46,144,43.8,40.77,14.84,0.076,False
BGW-03,5,40,4.46,144,44.21,36.98,13.84,0.192,False
BGW-03,5,41,4.46,144,42.91,38.73,14.03,0.15,False
BGW-03,5,42,4.46,144,46.06,41.54,15.98,0.219,False
BGW-03,5,43,4.46,144,43.52,43.78,17.05,0.186,False
BGW-03,5,44,4.46,144,46.24,38.6,15.34,0.214,False
BGW-03,5,45,4.46,144,42.51,39.03,15.57,0.154,False
BGW-03,5,46,4.46,144,43.01,36.27,14.32,0.088,False
BGW-03,5,47,4.46,144,44.36,42.14,15.66,0.068,False
BGW-03,5,48,4.46,144,45.28,39.42,15.39,0.159,False
BGW-03,5,49,4.46,144,46.19,40.59,16.02,0.036,False
BGW-03,5,50,4.46,144,45.63,39.2,15.35,0.256,False
BGW-03,5,51,4.46,144,43.15,39.42,15.65,0.176,False
BGW-03,5,52,4.46,144,44.58,40.26,15.4,0.018,False
BGW-03,5,53,4.46,144,45.75,40.97,15.06,0.171,False
BGW-03,5,54,4.46,144,44.48,39.87,15.16,0.174,False
BGW-03,5,55,4.46,144,43.28,39.03,14.9,0.137,False
BGW-03,5,56,4.46,144,45.57,39.57,15.11,0.155,False
BGW-03,5,57,4.46,144,43.47,39.84,15.28,0.191,False
BGW-03,5,58,4.46,144,44.73,41.12,16.09,0.17,False
BGW-03,5,59,4.46,144,44.1,43.48,17.02,0.283,False
BGW-03,5,60,4.46,144,42.63,41.48,16.16,0.231,False
BGW-03,5,61,4.46,144,43.21,42.57,16.32,0.19,False
BGW-03,5,62,4.46,144,42.74,42.31,16.76,0.193,False
BGW-03,5,63,4.46,144,43.15,41.66,15.24,0.107,False
BGW-03,5,64,4.46,144,42.37,39.39,15.01,0.107,False
BGW-03,5,65,4.46,144,43.48,42.68,16.72,0.182,False
BGW-03,5,66,4.46,144,44.62,44.08,16.21,0.189,False
BGW-03,5,67,4.46,144,45.36,45.31,17.93,0.016,False
BGW-03,5,68,4.46,144,43.43,34.74,13.86,2.509,False
BGW-03,5,69,4.46,144,44.18,33.82,13.34,2.413,False
BGW-03,5,70,4.46,144,45.33,43.08,16.72,0.153,False
BGW-03,5,71,4.46,144,43.5,37.13,14.22,2.402,False
BGW-03,5,72,4.46,144,46.08,43.21,16.85,0.114,False
BGW-03,5,73,4.46,144,45.02,40.34,15.57,0.114,False
BGW-03,5,74,4.46,144,46.0,40.61,15.04,0.044,False
BGW-03,5,75,4.46,144,44.4,34.58,12.55,2.461,False
BGW-03,5,76,4.46,144,43.92,42.49,16.9,0.223,False
BGW-03,5,77,4.46,144,43.97,40.55,15.25,0.078,False
BGW-03,5,78,4.46,144,45.83,41.31,15.18,0.333,False
BGW-03,5,79,4.46,144,46.58,42.74,15.44,0.309,False
BGW-03,5,80,4.46,144,45.3,33.32,12.84,2.218,False
BGW-03,5,81,4.46,144,43.04,35.7,14.06,2.388,False
BGW-03,5,82,4.46,144,43.65,40.5,14.65,0.139,False
BGW-03,5,83,4.46,144,45.55,41.0,15.56,0.243,False
BGW-03,5,84,4.46,144,46.62,41.08,15.89,0.106,False
BGW-03,5,85,4.46,144,46.33,34.04,12.69,2.576,False
BGW-03,5,86,4.46,144,44.03,42.46,16.51,0.032,False
BGW-03,5,87,4.46,144,44.51,41.03,14.82,0.19,False
BGW-03,5,88,4.46,144,44.59,40.71,16.17,0.165,False
BGW-03,5,89,4.46,144,45.91,42.39,16.64,0.0,False
BGW-04,1,0,4.04,120,42.11,28.54,10.41,0.123,False
BGW-04,1,1,4.04,120,41.0,27.95,10.19,0.14,False
BGW-04,1,2,4.04,120,41.02,32.1,11.98,0.354,False
BGW-04,1,3,4.04,120,39.14,27.47,10.43,0.171,False
BGW-04,1,4,4.04,120,41.44,32.66,12.23,0.079,False
BGW-04,1,5,4.04,120,39.99,27.87,10.38,0.281,False
BGW-04,1,6,4.04,120,38.94,29.11,10.81,0.282,False
BGW-04,1,7,4.04,120,39.9,29.26,11.62,0.0,False
BGW-04,1,8,4.04,120,39.12,28.13,11.21,0.177,False
BGW-04,1,9,4.04,120,38.79,28.46,11.25,0.235,False
BGW-04,1,10,4.04,120,41.42,28.61,10.45,0.228,False
BGW-04,1,11,4.04,120,38.4,28.95,10.54,0.069,False
BGW-04,1,12,4.04,120,40.23,30.36,11.99,0.205,False
BGW-04,1,13,4.04,120,42.4,30.64,11.25,0.088,False
BGW-04,1,14,4.04,120,41.5,29.72,11.37,0.272,False
BGW-04,1,15,4.04,120,38.64,26.72,10.13,0.195,False
BGW-04,1,16,4.04,120,39.26,30.97,11.3,0.138,False
BGW-04,1,17,4.04,120,40.09,32.16,11.89,0.132,False
BGW-04,1,18,4.04,120,39.16,34.86,12.64,0.226,False
BGW-04,1,19,4.04,120,41.48,32.42,12.08,0.0,False
BGW-04,1,20,4.04,120,39.71,33.23,12.72,0.223,False
BGW-04,1,21,4.04,120,40.76,32.92,12.31,0.037,False
BGW-04,1,22,4.04,120,38.74,31.99,12.31,0.212,False
BGW-04,1,23,4.04,120,38.48,32.52,12.86,0.034,False
BGW-04,1,24,4.04,120,39.08,34.43,13.16,0.115,False
BGW-04,1,25,4.04,120,42.36,34.07,13.17,0.123,False
BGW-04,1,26,4.04,120,39.22,32.49,12.8,0.288,False
BGW-04,1,27,4.04,120,39.1,35.71,12.95,0.08,False
BGW-04,1,28,4.04,120,40.31,36.44,13.2,0.208,False
BGW-04,1,29,4.04,120,39.27,33.2,12.01,0.089,False
BGW-04,1,30,4.04,120,39.49,37.24,13.95,0.372,False
BGW-04,1,31,4.04,120,41.3,35.09,12.82,0.063,False
BGW-04,1,32,4.04,120,41.38,34.99,13.81,0.15,False
BGW-04,1,33,4.04,120,41.18,38.68,14.53,0.183,False
BGW-04,1,34,4.04,120,39.69,36.35,14.0,0.203,False
BGW-04,1,35,4.04,120,41.31,39.06,14.6,0.143,False
BGW-04,1,36,4.04,120,39.49,38.37,14.57,0.306,False
BGW-04,1,37,4.04,120,39.82,38.12,14.88,0.125,False
BGW-04,1,38,4.04,120,40.61,38.5,14.76,0.139,False
BGW-04,1,39,4.04,120,38.61,37.06,14.76,0.0,False
BGW-04,1,40,4.04,120,41.37,37.71,14.99,0.114,False
BGW-04,1,41,4.04,120,41.48,36.63,13.54,0.042,False
BGW-04,1,42,4.04,120,42.39,39.07,14.57,0.296,False
BGW-04,1,43,4.04,120,40.54,38.18,14.78,0.303,False
BGW-04,1,44,4.04,120,39.33,41.07,15.52,0.114,False
BGW-04,1,45,4.04,120,39.87,39.88,15.54,0.067,False
BGW-04,1,46,4.04,120,41.97,38.78,14.38,0.068,False
BGW-04,1,47,4.04,120,41.69,41.12,15.14,0.098,False
BGW-04,1,48,4.04,120,39.82,39.23,14.91,0.227,False
BGW-04,1,49,4.04,120,39.96,39.93,15.28,0.234,False
BGW-04,1,50,4.04,120,40.93,40.05,14.86,0.155,False
BGW-04,1,51,4.04,120,40.29,42.33,15.75,0.0,False
BGW-04,1,52,4.04,120,42.25,40.87,15.22,0.181,False
BGW-04,1,53,4.04,120,41.86,40.43,15.09,0.122,False
BGW-04,1,54,4.04,120,41.26,38.78,15.46,0.148,False
BGW-04,1,55,4.04,120,40.35,40.36,15.52,0.042,False
BGW-04,1,56,4.04,120,41.0,41.6,16.5,0.123,False
BGW-04,1,57,4.04,120,40.71,39.53,14.59,0.072,False
BGW-04,1,58,4.04,120,40.95,40.6,15.15,0.153,False
BGW-04,1,59,4.04,120,40.95,36.69,13.82,2.412,False
BGW-04,1,60,4.04,120,42.01,37.16,13.87,2.255,False
BGW-04,1,61,4.04,120,38.74,40.51,14.91,0.299,False
BGW-04,1,62,4.04,120,39.17,33.58,12.13,2.416,False
BGW-04,1,63,4.04,120,40.88,43.72,16.63,0.04,False
BGW-04,1,64,4.04,120,40.27,34.97,12.78,2.449,False
BGW-04,1,65,4.04,120,40.44,35.73,13.28,2.457,False
BGW-04,1,66,4.04,120,39.24,41.41,15.46,0.075,False
BGW-04,1,67,4.04,120,42.02,33.39,12.59,2.403,False
BGW-04,1,68,4.04,120,39.67,35.54,13.29,2.452,False
BGW-04,1,69,4.04,120,39.58,34.74,12.66,2.326,False
BGW-04,1,70,4.04,120,41.56,35.5,12.99,2.441,False
BGW-04,1,71,4.04,120,40.73,39.87,15.03,0.204,False
BGW-04,1,72,4.04,120,41.0,32.92,12.49,2.323,False
BGW-04,1,73,4.04,120,41.11,35.82,14.21,2.58,False
BGW-04,1,74,4.04,120,42.26,41.51,15.28,0.192,False
BGW-04,1,75,4.04,120,39.46,35.48,13.19,2.295,False
BGW-04,1,76,4.04,120,39.5,36.22,14.03,2.434,False
BGW-04,1,77,4.04,120,39.96,40.75,15.02,0.224,False
BGW-04,1,78,4.04,120,40.86,33.76,13.35,2.163,False
BGW-04,1,79,4.04,120,38.44,36.93,14.49,2.402,False
BGW-04,1,80,4.04,120,40.22,36.27,14.43,2.447,False
BGW-04,1,81,4.04,120,38.83,37.16,14.58,2.504,False
BGW-04,1,82,4.04,120,41.72,38.12,14.59,2.36,False
BGW-04,1,83,4.04,120,39.6,34.0,13.01,2.404,False
BGW-04,1,84,4.04,120,40.72,34.46,12.69,2.218,False
BGW-04,1,85,4.04,120,39.87,34.97,13.19,2.439,False
BGW-04,1,86,4.04,120,41.04,35.77,13.37,2.262,False
BGW-04,1,87,4.04,120,40.5,40.22,15.53,0.417,False
BGW-04,1,88,4.04,120,41.15,36.78,13.61,2.444,False
BGW-04,1,89,4.04,120,39.32,36.88,13.82,2.334,False
BGW-04,2,0,4.25,144,44.49,29.93,11.21,0.184,False
BGW-04,2,1,4.25,144,42.96,27.52,10.0,0.175,False
BGW-04,2,2,4.25,144,41.5,27.06,10.03,0.294,False
BGW-04,2,3,4.25,144,41.64,31.23,11.65,0.0,False
BGW-04,2,4,4.25,144,41.56,29.77,11.52,0.115,False
BGW-04,2,5,4.25,144,43.36,29.72,11.73,0.121,False
BGW-04,2,6,4.25,144,44.53,28.32,11.25,0.143,False
BGW-04,2,7,4.25,144,41.76,28.26,10.53,0.256,False
BGW-04,2,8,4.25,144,43.25,32.95,12.74,0.043,False
BGW-04,2,9,4.25,144,41.1,31.15,11.57,0.139,False
BGW-04,2,10,4.25,144,42.22,29.14,11.51,0.224,False
BGW-04,2,11,4.25,144,42.49,33.03,12.77,0.202,False
BGW-04,2,12,4.25,144,44.48,28.46,10.75,0.059,False
BGW-04,2,13,4.25,144,41.57,29.32,10.96,0.121,False
BGW-04,2,14,4.25,144,44.43,31.46,11.82,0.287,False
BGW-04,2,15,4.25,144,42.67,32.0,11.66,0.268,False
BGW-04,2,16,4.25,144,44.39,30.07,11.46,0.144,False
BGW-04,2,17,4.25,144,41.43,31.91,11.58,0.322,False
BGW-04,2,18,4.25,144,41.91,31.01,11.76,0.08,False
BGW-04,2,19,4.25,144,44.52,32.84,13.07,0.065,False
BGW-04,2,20,4.25,144,41.77,34.34,13.29,0.267,False
BGW-04,2,21,4.25,144,43.38,33.74,12.46,0.079,False
BGW-04,2,22,4.25,144,41.71,32.64,12.61,0.043,False
BGW-04,2,23,4.25,144,43.22,33.13,12.42,0.058,False
BGW-04,2,24,4.25,144,40.52,33.79,13.07,0.126,False
BGW-04,2,25,4.25,144,41.18,36.4,13.24,0.0,False
BGW-04,2,26,4.25,144,44.39,36.44,14.0,0.105,False
BGW-04,2,27,4.25,144,42.39,37.36,14.67,0.254,False
BGW-04,2,28,4.25,144,44.48,36.73,13.79,0.233,False
BGW-04,2,29,4.25,144,43.07,35.94,12.99,0.097,False
BGW-04,2,30,4.25,144,43.35,35.36,13.77,0.189,False
BGW-04,2,31,4.25,144,44.45,38.29,13.91,0.251,False
BGW-04,2,32,4.25,144,43.65,38.48,14.93,0.069,False
BGW-04,2,33,4.25,144,40.76,35.08,13.5,0.22,False
BGW-04,2,34,4.25,144,40.99,36.31,13.13,0.259,False
BGW-04,2,35,4.25,144,40.53,37.31,13.8,0.031,False
BGW-04,2,36,4.25,144,40.41,38.87,15.26,0.181,False
BGW-04,2,37,4.25,144,40.82,37.17,13.73,0.123,False
BGW-04,2,38,4.25,144,40.97,38.15,13.81,0.118,False
BGW-04,2,39,4.25,144,42.63,42.44,16.04,0.0,False
BGW-04,2,40,4.25,144,40.74,39.64,14.32,0.007,False
BGW-04,2,41,4.25,144,42.85,41.57,16.35,0.0,False
BGW-04,2,42,4.25,144,40.69,40.37,15.76,0.17,False
BGW-04,2,43,4.25,144,40.71,36.65,13.41,0.124,False
BGW-04,2,44,4.25,144,41.01,39.71,14.98,0.173,False
BGW-04,2,45,4.25,144,44.07,41.65,16.33,0.0,False
BGW-04,2,46,4.25,144,42.01,39.61,14.7,0.004,False
BGW-04,2,47,4.25,144,42.55,41.64,15.12,0.038,False
BGW-04,2,48,4.25,144,41.62,34.39,13.2,2.196,False
BGW-04,2,49,4.25,144,44.27,41.71,15.2,0.125,False
BGW-04,2,50,4.25,144,43.95,33.57,13.37,2.423,False
BGW-04,2,51,4.25,144,43.6,41.03,15.04,0.077,False
BGW-04,2,52,4.25,144,43.06,42.51,15.78,0.086,False
BGW-04,2,53,4.25,144,43.4,37.01,13.57,2.281,False
BGW-04,2,54,4.25,144,43.42,40.15,15.75,0.215,False
BGW-04,2,55,4.25,144,42.89,40.24,16.05,0.145,False
BGW-04,2,56,4.25,144,41.21,42.47,15.44,0.297,False
BGW-04,2,57,4.25,144,41.94,40.28,15.8,0.0,False
BGW-04,2,58,4.25,144,40.46,40.55,15.49,0.066,False
BGW-04,2,59,4.25,144,44.54,43.38,16.41,0.18,False
BGW-04,2,60,4.25,144,44.0,35.21,13.76,2.244,False
BGW-04,2,61,4.25,144,41.78,35.63,13.34,2.335,False
BGW-04,2,62,4.25,144,42.7,40.54,15.66,0.273,False
BGW-04,2,63,4.25,144,44.47,37.39,13.69,2.345,False
BGW-04,2,64,4.25,144,42.45,41.67,16.56,0.21,False
BGW-04,2,65,4.25,144,42.02,33.25,12.73,2.367,False
BGW-04,2,66,4.25,144,44.22,33.86,12.7,2.341,False
BGW-04,2,67,4.25,144,41.95,38.82,15.25,0.066,False
BGW-04,2,68,4.25,144,43.47,35.75,13.76,2.4,False
BGW-04,2,69,4.25,144,44.05,36.01,13.35,2.241,False
BGW-04,2,70,4.25,144,41.39,41.77,16.65,0.145,False
BGW-04,2,71,4.25,144,43.16,35.35,13.6,2.382,False
BGW-04,2,72,4.25,144,43.99,36.08,14.12,2.45,False
BGW-04,2,73,4.25,144,40.45,33.37,12.67,2.306,False
BGW-04,2,74,4.25,144,41.37,37.32,14.06,2.292,False
BGW-04,2,75,4.25,144,43.75,35.03,13.08,2.352,False
BGW-04,2,76,3.24,144,33.34,36.55,13.89,2.577,False
BGW-04,2,77,3.24,144,31.47,35.45,13.16,2.321,False
BGW-04,2,78,3.24,144,33.78,36.5,14.17,2.275,False
BGW-04,2,79,3.24,144,32.85,39.83,15.75,0.0,True
BGW-04,2,80,3.24,144,33.66,35.22,13.08,2.401,False
BGW-04,2,81,3.24,144,33.75,39.87,15.45,0.243,True
BGW-04,2,82,3.24,144,31.32,37.19,13.54,2.314,False
BGW-04,2,83,3.24,144,32.06,43.05,16.08,0.165,True
BGW-04,2,84,3.24,144,32.84,35.22,13.42,2.362,False
BGW-04,2,85,3.24,144,31.18,34.54,13.25,2.308,False
BGW-04,2,86,3.24,144,33.15,36.2,13.3,2.506,False
BGW-04,2,87,3.24,144,33.62,35.82,13.23,2.414,False
BGW-04,2,88,3.24,144,32.18,35.56,12.87,2.471,False
BGW-04,2,89,3.24,144,30.8,36.34,13.44,2.286,False
BGW-04,3,0,6.2,144,61.69,29.76,10.98,0.082,False
BGW-04,3,1,6.2,144,61.5,28.57,10.73,0.076,False
BGW-04,3,2,6.2,144,59.17,25.72,9.47,0.216,False
BGW-04,3,3,6.2,144,61.76,28.79,10.68,0.085,False
BGW-04,3,4,6.2,144,60.27,26.22,10.3,0.048,False
BGW-04,3,5,6.2,144,60.42,27.92,10.22,0.294,False
BGW-04,3,6,6.2,144,59.46,30.22,11.21,0.082,False
BGW-04,3,7,6.2,144,61.12,29.43,10.99,0.258,False
BGW-04,3,8,6.2,144,63.5,29.18,11.39,0.185,False
BGW-04,3,9,6.2,144,60.32,27.32,10.86,0.046,False
BGW-04,3,10,6.2,144,61.04,30.14,10.94,0.194,False
BGW-04,3,11,6.2,144,63.21,29.33,11.06,0.273,False
BGW-04,3,12,6.2,144,62.54,29.48,11.69,0.227,False
BGW-04,3,13,6.2,144,64.66,29.32,11.59,0.0,False
BGW-04,3,14,6.2,144,64.21,28.39,10.91,0.136,False
BGW-04,3,15,6.2,144,60.66,31.83,12.09,0.106,False
BGW-04,3,16,6.2,144,59.44,30.59,11.8,0.198,False
BGW-04,3,17,6.2,144,65.05,29.5,11.46,0.316,False
BGW-04,3,18,6.2,144,59.65,30.59,11.45,0.185,False
BGW-04,3,19,6.2,144,64.07,30.28,11.08,0.0,False
BGW-04,3,20,6.2,144,59.06,30.88,11.71,0.065,False
BGW-04,3,21,6.2,144,62.06,30.17,11.99,0.116,False
BGW-04,3,22,6.2,144,58.93,31.63,12.52,0.177,False
BGW-04,3,23,6.2,144,63.28,30.05,11.1,0.076,False
BGW-04,3,24,6.2,144,61.63,32.17,12.62,0.115,False
BGW-04,3,25,6.2,144,62.65,28.53,10.99,0.308,False
BGW-04,3,26,6.2,144,63.01,32.77,12.97,0.021,False
BGW-04,3,27,6.2,144,60.28,31.02,12.23,0.164,False
BGW-04,3,28,6.2,144,64.96,32.4,11.83,0.161,False
BGW-04,3,29,6.2,144,62.76,32.81,12.89,0.025,False
BGW-04,3,30,6.2,144,65.0,35.96,13.03,0.171,False
BGW-04,3,31,6.2,144,59.24,35.78,13.92,0.0,False
BGW-04,3,32,6.2,144,60.5,29.56,11.09,0.396,False
BGW-04,3,33,6.2,144,64.19,32.75,11.9,0.134,False
BGW-04,3,34,6.2,144,62.96,33.0,11.95,0.119,False
BGW-04,3,35,6.2,144,64.29,35.89,13.83,0.09,False
BGW-04,3,36,6.2,144,64.24,36.0,13.88,0.145,False
BGW-04,3,37,6.2,144,62.34,37.85,14.57,0.111,False
BGW-04,3,38,6.2,144,64.32,35.28,13.74,0.141,False
BGW-04,3,39,6.2,144,63.14,35.46,13.38,0.324,False
BGW-04,3,40,6.2,144,59.21,32.69,12.49,0.211,False
BGW-04,3,41,6.2,144,62.04,37.24,14.3,0.238,False
BGW-04,3,42,6.2,144,62.08,38.74,15.42,0.122,False
BGW-04,3,43,6.2,144,64.68,37.57,14.7,0.147,False
BGW-04,3,44,6.2,144,63.33,36.23,14.12,0.295,False
BGW-04,3,45,6.2,144,62.73,38.39,14.43,0.032,False
BGW-04,3,46,6.2,144,64.51,38.79,14.69,0.144,False
BGW-04,3,47,6.2,144,64.73,34.51,13.22,0.164,False
BGW-04,3,48,6.2,144,61.69,38.75,14.36,0.099,False
BGW-04,3,49,6.2,144,59.32,37.07,14.41,0.192,False
BGW-04,3,50,6.2,144,59.97,38.13,14.61,0.191,False
BGW-04,3,51,6.2,144,62.62,37.98,15.05,0.182,False
BGW-04,3,52,6.2,144,64.35,38.52,14.7,0.211,False
BGW-04,3,53,6.2,144,62.05,37.32,14.52,0.118,False
BGW-04,3,54,6.2,144,59.0,39.73,14.57,0.0,False
BGW-04,3,55,6.2,144,65.04,38.0,14.37,0.258,False
BGW-04,3,56,6.2,144,59.43,38.73,15.13,0.082,False
BGW-04,3,57,6.2,144,59.95,38.01,14.38,0.203,False
BGW-04,3,58,6.2,144,65.1,37.62,14.86,0.215,False
BGW-04,3,59,6.2,144,58.94,40.94,15.28,0.095,False
BGW-04,3,60,6.2,144,63.26,37.61,14.79,0.211,False
BGW-04,3,61,6.2,144,63.14,38.08,14.05,0.21,False
BGW-04,3,62,6.2,144,62.63,41.09,15.56,0.176,False
BGW-04,3,63,6.2,144,64.0,40.42,14.82,0.0,False
BGW-04,3,64,6.2,144,62.66,41.4,16.35,0.276,False
BGW-04,3,65,6.2,144,65.02,38.61,14.35,0.031,False
BGW-04,3,66,6.2,144,59.17,36.33,14.05,2.429,False
BGW-04,3,67,6.2,144,60.09,38.67,15.01,0.441,False
BGW-04,3,68,6.2,144,62.64,39.8,15.3,0.074,False
BGW-04,3,69,6.2,144,59.13,36.82,14.69,0.252,False
BGW-04,3,70,6.2,144,61.92,39.62,14.38,0.231,False
BGW-04,3,71,6.2,144,64.88,40.7,15.68,0.06,False
BGW-04,3,72,6.2,144,61.7,35.75,13.87,2.404,False
BGW-04,3,73,6.2,144,59.39,38.66,14.28,0.19,False
BGW-04,3,74,6.2,144,62.32,38.83,15.07,0.194,False
BGW-04,3,75,6.2,144,60.41,42.0,15.49,0.178,False
BGW-04,3,76,6.2,144,58.98,42.71,15.5,0.067,False
BGW-04,3,77,6.2,144,61.9,41.22,16.45,0.298,False
BGW-04,3,78,6.2,144,59.54,42.69,16.36,0.097,False
BGW-04,3,79,6.2,144,62.12,36.68,13.75,2.317,False
BGW-04,3,80,6.2,144,63.0,33.16,12.65,2.534,False
BGW-04,3,81,6.2,144,63.3,39.68,15.36,0.335,False
BGW-04,3,82,6.2,144,61.56,37.51,14.07,2.429,False
BGW-04,3,83,6.2,144,64.33,35.67,13.5,2.372,False
BGW-04,3,84,6.2,144,60.3,40.44,15.8,0.218,False
BGW-04,3,85,6.2,144,59.93,44.4,17.32,0.035,False
BGW-04,3,86,6.2,144,59.89,39.94,15.78,0.086,False
BGW-04,3,87,6.2,144,64.1,40.37,15.34,0.192,False
BGW-04,3,88,6.2,144,60.92,39.31,14.84,0.223,False
BGW-04,3,89,6.2,144,58.95,42.3,16.48,0.139,False
BGW-04,4,0,5.35,120,55.16,28.55,10.97,0.003,False
BGW-04,4,1,5.35,120,55.43,26.15,10.24,0.196,False
BGW-04,4,2,5.35,120,52.42,31.0,11.85,0.27,False
BGW-04,4,3,5.35,120,51.22,26.93,10.71,0.156,False
BGW-04,4,4,5.35,120,52.38,29.03,11.52,0.137,False
BGW-04,4,5,5.35,120,50.9,28.67,10.48,0.171,False
BGW-04,4,6,5.35,120,51.86,27.79,10.97,0.035,False
BGW-04,4,7,5.35,120,53.08,29.53,11.61,0.279,False
BGW-04,4,8,5.35,120,55.38,28.22,10.37,0.0,False
BGW-04,4,9,5.35,120,52.29,28.2,10.72,0.201,False
BGW-04,4,10,5.35,120,55.17,29.4,11.25,0.002,False
BGW-04,4,11,5.35,120,53.98,29.44,11.27,0.196,False
BGW-04,4,12,5.35,120,55.33,29.32,10.96,0.102,False
BGW-04,4,13,5.35,120,54.18,27.73,10.58,0.358,False
BGW-04,4,14,5.35,120,50.83,31.82,12.56,0.181,False
BGW-04,4,15,5.35,120,52.55,26.37,10.16,0.272,False
BGW-04,4,16,5.35,120,50.89,29.53,11.57,0.181,False
BGW-04,4,17,5.35,120,55.12,30.53,11.67,0.203,False
BGW-04,4,18,5.35,120,55.56,29.61,10.78,0.0,False
BGW-04,4,19,5.35,120,55.97,32.26,12.06,0.054,False
BGW-04,4,20,5.35,120,55.39,32.22,12.16,0.238,False
BGW-04,4,21,5.35,120,55.11,30.93,11.87,0.289,False
BGW-04,4,22,5.35,120,55.18,34.97,13.44,0.268,False
BGW-04,4,23,5.35,120,54.13,32.36,12.14,0.161,False
BGW-04,4,24,5.35,120,51.31,31.08,12.32,0.158,False
BGW-04,4,25,5.35,120,53.16,32.33,12.34,0.11,False
BGW-04,4,26,5.35,120,51.11,32.77,12.98,0.123,False
BGW-04,4,27,5.35,120,56.06,34.87,12.69,0.225,False
BGW-04,4,28,5.35,120,52.0,32.41,12.5,0.143,False
BGW-04,4,29,5.35,120,53.15,36.03,14.23,0.238,False
BGW-04,4,30,5.35,120,51.01,33.24,13.22,0.082,False
BGW-04,4,31,5.35,120,54.69,34.05,12.66,0.268,False
BGW-04,4,32,5.35,120,52.18,34.03,13.19,0.076,False
BGW-04,4,33,5.35,120,53.87,33.14,12.49,0.131,False
BGW-04,4,34,5.35,120,55.22,32.3,11.73,0.236,False
BGW-04,4,35,5.35,120,55.72,35.96,14.04,0.0,False
BGW-04,4,36,5.35,120,55.88,33.36,13.31,0.058,False
BGW-04,4,37,5.35,120,52.3,33.23,12.01,0.064,False
BGW-04,4,38,5.35,120,53.93,33.3,12.7,0.104,False
BGW-04,4,39,5.35,120,54.25,36.82,13.96,0.23,False
BGW-04,4,40,5.35,120,55.65,35.79,13.37,0.099,False
BGW-04,4,41,5.35,120,54.37,35.03,13.22,0.2,False
BGW-04,4,42,5.35,120,52.83,37.87,14.95,0.123,False
BGW-04,4,43,5.35,120,52.96,35.53,13.04,0.222,False
BGW-04,4,44,5.35,120,50.9,37.21,14.49,0.233,False
BGW-04,4,45,5.35,120,55.34,38.64,14.17,0.199,False
BGW-04,4,46,5.35,120,53.55,38.61,15.27,0.305,False
BGW-04,4,47,5.35,120,55.9,38.87,15.22,0.058,False
BGW-04,4,48,5.35,120,52.41,39.81,15.23,0.145,False
BGW-04,4,49,5.35,120,53.17,38.0,14.9,0.169,False
BGW-04,4,50,5.35,120,55.62,38.09,13.96,0.25,False
BGW-04,4,51,5.35,120,53.71,39.79,15.48,0.0,False
BGW-04,4,52,5.35,120,56.04,38.68,14.54,0.0,False
BGW-04,4,53,5.35,120,52.74,37.95,14.24,0.196,False
BGW-04,4,54,5.35,120,51.54,36.62,13.66,0.265,False
BGW-04,4,55,5.35,120,53.35,40.04,15.84,0.119,False
BGW-04,4,56,5.35,120,52.31,42.05,16.67,0.063,False
BGW-04,4,57,5.35,120,51.14,40.0,15.78,0.241,False
BGW-04,4,58,5.35,120,54.3,39.6,14.59,0.022,False
BGW-04,4,59,5.35,120,51.76,38.84,15.4,0.118,False
BGW-04,4,60,5.35,120,52.25,41.07,14.95,0.139,False
BGW-04,4,61,5.35,120,54.79,38.77,14.14,0.276,False
BGW-04,4,62,5.35,120,53.01,35.66,14.2,2.304,False
BGW-04,4,63,5.35,120,54.41,40.91,15.92,0.178,False
BGW-04,4,64,5.35,120,55.93,40.27,14.56,0.041,False
BGW-04,4,65,5.35,120,50.85,40.94,16.02,0.215,False
BGW-04,4,66,5.35,120,52.84,38.85,14.79,0.194,False
BGW-04,4,67,5.35,120,52.42,37.25,13.74,2.416,False
BGW-04,4,68,5.35,120,54.75,38.46,14.61,0.073,False
BGW-04,4,69,5.35,120,52.26,40.76,14.94,0.315,False
BGW-04,4,70,5.35,120,54.38,41.16,14.92,0.258,False
BGW-04,4,71,5.35,120,51.52,42.09,15.29,0.211,False
BGW-04,4,72,5.35,120,52.85,36.09,14.21,2.327,False
BGW-04,4,73,5.35,120,53.61,41.89,16.4,0.203,False
BGW-04,4,74,5.35,120,52.66,38.45,13.94,0.166,False
BGW-04,4,75,5.35,120,54.93,33.71,13.05,2.183,False
BGW-04,4,76,5.35,120,54.99,35.74,13.19,2.215,False
BGW-04,4,77,5.35,120,52.5,41.01,16.15,0.116,False
BGW-04,4,78,5.35,120,55.97,40.38,15.39,0.249,False
BGW-04,4,79,5.35,120,53.57,38.46,15.15,0.067,False
BGW-04,4,80,5.35,120,52.48,42.43,15.38,0.199,False
BGW-04,4,81,5.35,120,54.44,36.16,13.41,2.38,False
BGW-04,4,82,5.35,120,54.79,34.73,13.46,2.32,False
BGW-04,4,83,5.35,120,52.48,41.75,16.43,0.227,False
BGW-04,4,84,5.35,120,55.85,36.94,14.42,0.143,False
BGW-04,4,85,5.35,120,51.33,35.25,13.79,2.241,False
BGW-04,4,86,5.35,120,54.88,35.5,13.81,2.323,False
BGW-04,4,87,5.35,120,54.45,33.53,12.78,2.29,False
BGW-04,4,88,5.35,120,53.87,35.02,13.88,2.511,False
BGW-04,4,89,5.35,120,54.03,36.48,14.48,2.33,False
BGW-05,1,0,4.05,120,41.85,29.49,11.48,0.144,False
BGW-05,1,1,4.05,120,42.32,28.19,10.56,0.0,False
BGW-05,1,2,4.05,120,40.03,26.8,9.68,0.246,False
BGW-05,1,3,4.05,120,42.2,29.93,10.89,0.092,False
BGW-05,1,4,4.05,120,40.0,29.8,11.53,0.194,False
BGW-05,1,5,4.05,120,41.23,27.76,10.6,0.141,False
BGW-05,1,6,4.05,120,40.08,29.89,11.77,0.066,False
BGW-05,1,7,4.05,120,39.62,27.84,10.22,0.056,False
BGW-05,1,8,4.05,120,39.99,28.06,10.58,0.053,False
BGW-05,1,9,4.05,120,38.73,27.66,10.44,0.202,False
BGW-05,1,10,4.05,120,41.57,29.04,11.24,0.214,False
BGW-05,1,11,4.05,120,41.3,28.95,11.5,0.146,False
BGW-05,1,12,4.05,120,39.71,30.55,11.77,0.095,False
BGW-05,1,13,4.05,120,40.89,29.91,11.11,0.15,False
BGW-05,1,14,4.05,120,41.66,28.68,10.47,0.181,False
BGW-05,1,15,4.05,120,40.2,30.91,11.56,0.16,False
BGW-05,1,16,4.05,120,41.5,29.6,11.14,0.171,False
BGW-05,1,17,4.05,120,42.36,28.16,10.78,0.257,False
BGW-05,1,18,4.05,120,42.13,31.04,12.35,0.13,False
BGW-05,1,19,4.05,120,42.29,29.32,10.93,0.044,False
BGW-05,1,20,4.05,120,39.37,32.87,12.82,0.14,False
BGW-05,1,21,4.05,120,42.51,30.7,12.07,0.082,False
BGW-05,1,22,4.05,120,38.66,29.99,11.4,0.237,False
BGW-05,1,23,4.05,120,40.41,31.64,11.63,0.239,False
BGW-05,1,24,4.05,120,42.25,34.28,13.34,0.027,False
BGW-05,1,25,4.05,120,39.36,31.69,11.86,0.024,False
BGW-05,1,26,4.05,120,40.22,31.92,11.63,0.186,False
BGW-05,1,27,4.05,120,40.5,33.75,13.37,0.46,False
BGW-05,1,28,4.05,120,38.91,34.01,12.74,0.181,False
BGW-05,1,29,4.05,120,39.02,34.85,13.63,0.125,False
BGW-05,1,30,4.05,120,40.11,33.59,12.57,0.117,False
BGW-05,1,31,4.05,120,38.92,36.55,13.75,0.163,False
BGW-05,1,32,4.05,120,40.64,32.92,12.08,0.239,False
BGW-05,1,33,4.05,120,41.72,32.63,11.93,0.207,False
BGW-05,1,34,4.05,120,40.7,34.01,12.63,0.105,False
BGW-05,1,35,4.05,120,41.44,34.97,13.09,0.057,False
BGW-05,1,36,4.05,120,40.5,34.32,12.86,0.029,False
BGW-05,1,37,4.05,120,40.66,33.85,13.23,0.138,False
BGW-05,1,38,4.05,120,42.38,35.58,13.93,0.0,False
BGW-05,1,39,4.05,120,41.99,38.82,14.76,0.231,False
BGW-05,1,40,4.05,120,39.83,38.04,14.84,0.135,False
BGW-05,1,41,4.05,120,39.38,31.44,11.91,0.143,False
BGW-05,1,42,4.05,120,39.72,38.26,14.34,0.199,False
BGW-05,1,43,4.05,120,41.09,39.72,14.95,0.0,False
BGW-05,1,44,4.05,120,39.32,37.43,14.24,0.118,False
BGW-05,1,45,4.05,120,38.86,38.97,14.46,0.169,False
BGW-05,1,46,4.05,120,39.49,38.43,14.02,0.128,False
BGW-05,1,47,4.05,120,40.72,36.39,14.47,0.178,False
BGW-05,1,48,4.05,120,39.76,37.34,14.66,0.007,False
BGW-05,1,49,4.05,120,38.82,38.72,14.37,0.291,False
BGW-05,1,50,4.05,120,41.65,37.4,14.18,0.308,False
BGW-05,1,51,4.05,120,40.58,38.52,14.04,0.106,False
BGW-05,1,52,4.05,120,39.02,37.04,13.98,0.114,False
BGW-05,1,53,4.05,120,41.55,36.73,14.19,0.157,False
BGW-05,1,54,4.05,120,39.64,36.84,14.47,0.0,False
BGW-05,1,55,4.05,120,40.69,42.29,16.19,0.083,False
BGW-05,1,56,4.05,120,39.82,38.25,15.1,0.142,False
BGW-05,1,57,4.05,120,39.76,37.8,14.05,0.142,False
BGW-05,1,58,4.05,120,41.98,37.65,14.27,0.136,False
BGW-05,1,59,4.05,120,38.8,39.09,15.24,0.331,False
BGW-05,1,60,4.05,120,40.56,39.82,15.11,0.123,False
BGW-05,1,61,4.05,120,40.5,42.7,16.19,0.24,False
BGW-05,1,62,4.05,120,39.59,40.32,14.67,0.302,False
BGW-05,1,63,4.05,120,42.44,39.33,15.08,0.067,False
BGW-05,1,64,4.05,120,42.1,40.59,15.68,0.036,False
BGW-05,1,65,4.05,120,38.7,40.3,15.7,0.064,False
BGW-05,1,66,4.05,120,41.96,34.09,12.49,2.174,False
BGW-05,1,67,4.05,120,42.24,37.05,14.22,0.191,False
BGW-05,1,68,4.05,120,41.43,42.15,16.21,0.29,False
BGW-05,1,69,4.05,120,38.83,40.61,16.02,0.01,False
BGW-05,1,70,4.05,120,39.53,37.76,14.17,0.203,False
BGW-05,1,71,4.05,120,39.28,37.88,13.71,0.361,False
BGW-05,1,72,4.05,120,41.83,42.19,16.13,0.149,False
BGW-05,1,73,4.05,120,40.92,40.7,16.11,0.247,False
BGW-05,1,74,4.05,120,41.5,35.02,12.83,2.286,False
BGW-05,1,75,4.05,120,41.69,39.03,15.36,0.283,False
BGW-05,1,76,4.05,120,40.32,36.77,14.38,2.314,False
BGW-05,1,77,4.05,120,40.28,42.13,15.51,0.019,False
BGW-05,1,78,4.05,120,38.49,34.17,12.7,2.278,False
BGW-05,1,79,4.05,120,39.82,41.43,15.44,0.165,False
BGW-05,1,80,4.05,120,40.24,34.56,13.5,2.32,False
BGW-05,1,81,4.05,120,40.8,34.7,12.77,2.191,False
BGW-05,1,82,4.05,120,42.32,39.58,14.53,0.055,False
BGW-05,1,83,4.05,120,39.66,34.86,13.71,2.309,False
BGW-05,1,84,4.05,120,42.45,36.17,14.4,2.383,False
BGW-05,1,85,4.05,120,40.18,35.68,13.92,2.352,False
BGW-05,1,86,4.05,120,40.43,34.63,13.09,2.652,False
BGW-05,1,87,4.05,120,40.67,35.15,12.86,2.346,False
BGW-05,1,88,4.05,120,40.83,41.54,15.69,0.295,False
BGW-05,1,89,4.05,120,41.02,33.73,13.37,2.301,False
BGW-05,2,0,4.48,144,46.1,30.39,11.98,0.295,False
BGW-05,2,1,4.48,144,46.48,29.42,11.15,0.035,False
BGW-05,2,2,4.48,144,45.45,27.91,10.15,0.201,False
BGW-05,2,3,4.48,144,46.35,29.73,11.14,0.447,False
BGW-05,2,4,4.48,144,42.91,28.44,10.8,0.35,False
BGW-05,2,5,4.48,144,46.58,28.51,10.97,0.273,False
BGW-05,2,6,4.48,144,44.63,27.9,10.73,0.266,False
BGW-05,2,7,4.48,144,43.52,29.44,11.54,0.222,False
BGW-05,2,8,4.48,144,45.8,27.56,10.41,0.053,False
BGW-05,2,9,4.48,144,44.97,30.02,11.65,0.118,False
BGW-05,2,10,4.48,144,45.09,31.39,11.91,0.203,False
BGW-05,2,11,4.48,144,43.4,29.25,11.1,0.0,False
BGW-05,2,12,4.48,144,43.6,32.14,12.33,0.22,False
BGW-05,2,13,4.48,144,45.61,30.87,11.65,0.0,False
BGW-05,2,14,4.48,144,43.37,33.91,12.73,0.349,False
BGW-05,2,15,4.48,144,44.96,31.04,12.17,0.103,False
BGW-05,2,16,4.48,144,46.71,30.51,11.18,0.269,False
BGW-05,2,17,4.48,144,45.53,30.56,11.05,0.194,False
BGW-05,2,18,4.48,144,46.86,30.58,11.92,0.326,False
BGW-05,2,19,4.48,144,46.27,29.69,11.21,0.268,False
BGW-05,2,20,4.48,144,42.74,30.08,11.51,0.153,False
BGW-05,2,21,4.48,144,45.9,30.22,11.91,0.042,False
BGW-05,2,22,4.48,144,45.8,31.97,12.37,0.134,False
BGW-05,2,23,4.48,144,43.16,32.11,11.99,0.17,False
BGW-05,2,24,4.48,144,46.88,34.37,13.41,0.215,False
BGW-05,2,25,4.48,144,44.29,33.56,12.65,0.305,False
BGW-05,2,26,4.48,144,43.71,36.0,14.24,0.256,False
BGW-05,2,27,4.48,144,42.71,35.54,13.66,0.155,False
BGW-05,2,28,4.48,144,45.77,33.61,13.01,0.2,False
BGW-05,2,29,4.48,144,46.26,36.0,13.6,0.357,False
BGW-05,2,30,4.48,144,43.02,34.74,13.25,0.179,False
BGW-05,2,31,4.48,144,43.18,36.71,13.47,0.192,False
BGW-05,2,32,4.48,144,46.22,38.08,14.23,0.117,False
BGW-05,2,33,4.48,144,43.75,36.38,14.38,0.0,False
BGW-05,2,34,4.48,144,43.33,33.6,13.38,0.189,False
BGW-05,2,35,4.48,144,45.64,37.94,14.4,0.175,False
BGW-05,2,36,4.48,144,44.47,36.33,13.53,0.251,False
BGW-05,2,37,4.48,144,44.11,36.83,14.43,0.024,False
BGW-05,2,38,4.48,144,46.1,39.24,15.58,0.281,False
BGW-05,2,39,4.48,144,43.67,39.51,14.47,0.163,False
BGW-05,2,40,4.48,144,43.77,35.85,13.67,0.31,False
BGW-05,2,41,4.48,144,44.1,37.12,14.66,0.237,False
BGW-05,2,42,4.48,144,43.76,39.28,15.3,0.173,False
BGW-05,2,43,4.48,144,45.03,39.95,15.04,0.214,False
BGW-05,2,44,4.48,144,43.69,40.25,14.59,0.291,False
BGW-05,2,45,4.48,144,43.89,39.66,15.07,0.221,False
BGW-05,2,46,4.48,144,44.7,38.86,14.21,0.09,False
BGW-05,2,47,4.48,144,44.14,39.74,14.36,0.19,False
BGW-05,2,48,4.48,144,43.13,39.78,15.03,0.267,False
BGW-05,2,49,4.48,144,43.92,40.45,14.92,0.169,False
BGW-05,2,50,4.48,144,45.97,40.83,14.83,0.133,False
BGW-05,2,51,4.48,144,46.14,38.67,14.82,0.216,False
BGW-05,2,52,4.48,144,44.79,42.13,15.83,0.284,False
BGW-05,2,53,4.48,144,43.27,38.88,15.09,0.208,False
BGW-05,2,54,4.48,144,46.12,43.41,16.24,0.067,False
BGW-05,2,55,4.48,144,44.79,40.47,15.33,0.154,False
BGW-05,2,56,4.48,144,42.82,40.41,15.26,0.118,False
BGW-05,2,57,4.48,144,42.69,40.97,15.58,0.37,False
BGW-05,2,58,4.48,144,44.92,40.57,15.03,0.269,False
BGW-05,2,59,4.48,144,46.63,40.44,15.52,0.184,False
BGW-05,2,60,4.48,144,44.3,42.76,16.57,0.011,False
BGW-05,2,61,4.48,144,44.55,35.11,13.54,2.329,False
BGW-05,2,62,4.48,144,45.37,34.52,12.52,2.492,False
BGW-05,2,63,4.48,144,43.69,41.67,15.09,0.0,False
BGW-05,2,64,4.48,144,44.03,40.42,14.92,0.209,False
BGW-05,2,65,4.48,144,43.31,39.03,15.02,0.246,False
BGW-05,2,66,4.48,144,46.1,40.99,15.65,0.264,False
BGW-05,2,67,4.48,144,45.58,34.92,12.75,2.412,False
BGW-05,2,68,4.48,144,42.98,36.92,13.98,0.171,False
BGW-05,2,69,4.48,144,44.51,35.6,13.2,2.415,False
BGW-05,2,70,4.48,144,42.98,35.74,14.16,2.251,False
BGW-05,2,71,4.48,144,43.31,35.57,13.39,2.373,False
BGW-05,2,72,4.48,144,46.2,35.82,12.94,2.363,False
BGW-05,2,73,4.48,144,43.42,36.13,13.98,2.412,False
BGW-05,2,74,4.48,144,42.63,42.21,16.49,0.2,False
BGW-05,2,75,4.48,144,45.92,34.57,12.76,2.253,False
BGW-05,2,76,4.48,144,44.92,37.04,14.04,2.538,False
BGW-05,2,77,4.48,144,45.06,34.9,13.64,2.408,False
BGW-05,2,78,4.48,144,46.74,36.43,13.41,2.225,False
BGW-05,2,79,4.48,144,45.81,41.69,16.12,0.234,False
BGW-05,2,80,4.48,144,44.6,35.92,14.25,2.218,False
BGW-05,2,81,4.48,144,43.66,32.96,12.84,2.257,False
BGW-05,2,82,4.48,144,44.91,35.45,13.42,2.572,False
BGW-05,2,83,4.48,144,46.57,34.38,13.27,2.21,False
BGW-05,2,84,4.48,144,46.86,39.53,14.83,0.155,False
BGW-05,2,85,4.48,144,45.96,41.82,16.02,0.063,False
BGW-05,2,86,4.48,144,45.23,36.7,13.26,2.354,False
BGW-05,2,87,4.48,144,44.56,36.65,14.4,2.3,False
BGW-05,2,88,4.48,144,44.1,35.66,13.15,2.275,False
BGW-05,2,89,4.48,144,43.48,35.97,13.36,2.228,False
BGW-05,3,0,4.97,100,48.88,29.37,11.27,0.0,False
BGW-05,3,1,4.97,100,51.96,27.15,10.8,0.064,False
BGW-05,3,2,4.97,100,47.65,29.85,10.81,0.108,False
BGW-05,3,3,4.97,100,49.5,28.21,10.28,0.275,False
BGW-05,3,4,4.97,100,47.28,28.16,10.89,0.071,False
BGW-05,3,5,4.97,100,49.71,30.49,11.06,0.0,False
BGW-05,3,6,4.97,100,47.36,29.39,11.6,0.021,False
BGW-05,3,7,4.97,100,50.72,29.2,11.35,0.183,False
BGW-05,3,8,4.97,100,48.12,27.31,10.72,0.251,False
BGW-05,3,9,4.97,100,51.6,29.32,10.98,0.271,False
BGW-05,3,10,4.97,100,49.71,29.31,11.51,0.19,False
BGW-05,3,11,4.97,100,47.62,29.97,11.42,0.227,False
BGW-05,3,12,4.97,100,48.7,31.09,12.27,0.07,False
BGW-05,3,13,4.97,100,50.65,29.37,10.86,0.174,False
BGW-05,3,14,4.97,100,49.89,32.21,12.02,0.0,False
BGW-05,3,15,4.97,100,48.02,31.26,12.01,0.057,False
BGW-05,3,16,4.97,100,50.28,30.2,11.57,0.299,False
BGW-05,3,17,4.97,100,49.45,32.45,12.01,0.123,False
BGW-05,3,18,4.97,100,47.99,30.3,11.62,0.21,False
BGW-05,3,19,4.97,100,50.62,30.54,11.6,0.141,False
BGW-05,3,20,4.97,100,49.89,34.25,13.01,0.0,False
BGW-05,3,21,4.97,100,47.36,32.4,12.42,0.208,False
BGW-05,3,22,4.97,100,48.51,31.6,11.75,0.271,False
BGW-05,3,23,4.97,100,51.33,35.01,13.49,0.209,False
BGW-05,3,24,4.97,100,51.84,33.56,12.71,0.12,False
BGW-05,3,25,4.97,100,48.91,32.28,12.25,0.245,False
BGW-05,3,26,4.97,100,48.2,35.24,13.56,0.171,False
BGW-05,3,27,4.97,100,47.89,33.97,13.41,0.176,False
BGW-05,3,28,4.97,100,50.04,34.16,12.47,0.201,False
BGW-05,3,29,4.97,100,50.7,33.23,12.24,0.006,False
BGW-05,3,30,4.97,100,48.67,34.61,13.71,0.253,False
BGW-05,3,31,4.97,100,50.77,34.88,13.78,0.29,False
BGW-05,3,32,4.97,100,48.19,36.46,13.51,0.22,False
BGW-05,3,33,4.97,100,51.74,35.0,12.7,0.003,False
BGW-05,3,34,4.97,100,49.82,34.35,13.49,0.0,False
BGW-05,3,35,4.97,100,51.47,34.59,12.87,0.256,False
BGW-05,3,36,4.97,100,52.15,37.13,14.46,0.018,False
BGW-05,3,37,4.97,100,50.34,36.02,13.79,0.15,False
BGW-05,3,38,4.97,100,47.66,39.37,15.48,0.255,False
BGW-05,3,39,4.97,100,51.12,36.07,13.61,0.093,False
BGW-05,3,40,4.97,100,50.98,36.68,13.5,0.155,False
BGW-05,3,41,4.97,100,51.26,36.84,13.87,0.131,False
BGW-05,3,42,4.97,100,50.68,36.83,13.95,0.168,False
BGW-05,3,43,4.97,100,49.18,38.28,14.77,0.172,False
BGW-05,3,44,4.97,100,50.87,36.46,13.47,0.254,False
BGW-05,3,45,4.97,100,50.21,36.98,13.91,0.0,False
BGW-05,3,46,4.97,100,51.44,35.82,13.94,0.16,False
BGW-05,3,47,4.97,100,48.83,39.68,14.93,0.157,False
BGW-05,3,48,4.97,100,47.26,38.39,14.4,0.207,False
BGW-05,3,49,4.97,100,50.33,39.95,15.07,0.0,False
BGW-05,3,50,4.97,100,50.13,38.36,14.62,0.2,False
BGW-05,3,51,4.97,100,51.13,40.8,15.17,0.104,False
BGW-05,3,52,4.97,100,51.13,37.42,13.73,0.049,False
BGW-05,3,53,4.97,100,49.12,39.3,15.48,0.105,False
BGW-05,3,54,4.97,100,50.22,38.39,14.11,0.175,False
BGW-05,3,55,4.97,100,49.61,40.03,15.26,0.361,False
BGW-05,3,56,4.97,100,51.87,38.15,14.67,0.238,False
BGW-05,3,57,4.97,100,48.92,41.24,15.69,0.117,False
BGW-05,3,58,4.97,100,51.98,31.33,12.5,2.478,False
BGW-05,3,59,4.97,100,49.17,40.35,15.55,0.056,False
BGW-05,3,60,4.97,100,48.95,37.32,13.8,2.378,False
BGW-05,3,61,4.97,100,48.15,39.83,14.57,0.109,False
BGW-05,3,62,4.97,100,47.74,40.83,15.78,0.25,False
BGW-05,3,63,4.97,100,51.84,41.91,16.24,0.109,False
BGW-05,3,64,4.97,100,50.12,38.54,14.61,0.179,False
BGW-05,3,65,4.97,100,48.54,40.96,15.87,0.211,False
BGW-05,3,66,4.97,100,48.82,38.9,15.17,0.282,False
BGW-05,3,67,4.97,100,48.35,38.75,14.04,0.176,False
BGW-05,3,68,4.97,100,50.95,35.48,13.08,2.379,False
BGW-05,3,69,4.97,100,49.63,41.42,16.03,0.302,False
BGW-05,3,70,4.97,100,47.38,40.28,15.21,0.101,False
BGW-05,3,71,4.97,100,51.62,42.17,16.43,0.271,False
BGW-05,3,72,4.97,100,51.89,40.96,15.3,0.0,False
BGW-05,3,73,4.97,100,51.27,37.99,14.39,0.016,False
BGW-05,3,74,4.97,100,47.23,36.32,14.06,2.179,False
BGW-05,3,75,4.97,100,51.54,38.96,14.91,0.154,False
BGW-05,3,76,4.97,100,48.07,34.26,13.05,2.348,False
BGW-05,3,77,4.97,100,50.44,40.02,14.93,0.173,False
BGW-05,3,78,4.97,100,48.38,35.29,13.54,2.253,False
BGW-05,3,79,4.97,100,49.83,42.59,16.96,0.095,False
BGW-05,3,80,4.97,100,50.15,35.57,13.41,2.259,False
BGW-05,3,81,4.97,100,48.85,41.3,15.4,0.0,False
BGW-05,3,82,4.97,100,52.15,36.67,14.37,2.432,False
BGW-05,3,83,4.97,100,48.8,36.01,13.53,2.613,False
BGW-05,3,84,4.97,100,47.39,35.32,13.2,2.311,False
BGW-05,3,85,4.97,100,47.45,34.98,13.86,2.427,False
BGW-05,3,86,4.97,100,51.33,39.63,15.77,0.22,False
BGW-05,3,87,4.97,100,51.46,40.29,15.46,0.058,False
BGW-05,3,88,4.97,100,50.21,35.22,12.92,2.231,False
BGW-05,3,89,4.97,100,51.63,36.27,13.86,2.246,False
BGW-05,4,0,5.59,86,55.1,30.03,11.05,0.0,False
BGW-05,4,1,5.59,86,54.48,29.63,11.38,0.159,False
BGW-05,4,2,5.59,86,56.05,26.31,9.56,0.076,False
BGW-05,4,3,5.59,86,58.63,31.27,12.11,0.199,False
BGW-05,4,4,5.59,86,56.08,25.99,9.95,0.13,False
BGW-05,4,5,5.59,86,53.22,28.23,11.07,0.232,False
BGW-05,4,6,5.59,86,56.18,30.12,11.29,0.032,False
BGW-05,4,7,5.59,86,57.01,29.76,11.61,0.274,False
BGW-05,4,8,5.59,86,55.82,27.57,10.48,0.048,False
BGW-05,4,9,5.59,86,54.81,29.55,10.92,0.156,False
BGW-05,4,10,5.59,86,56.54,28.7,11.06,0.112,False
BGW-05,4,11,5.59,86,54.33,28.94,11.29,0.129,False
BGW-05,4,12,5.59,86,57.02,27.26,10.28,0.146,False
BGW-05,4,13,5.59,86,56.13,30.55,11.05,0.137,False
BGW-05,4,14,5.59,86,55.21,30.69,11.88,0.0,False
BGW-05,4,15,5.59,86,55.04,26.21,9.76,0.164,False
BGW-05,4,16,5.59,86,54.99,30.53,11.52,0.212,False
BGW-05,4,17,5.59,86,54.84,31.34,12.37,0.186,False
BGW-05,4,18,5.59,86,56.94,30.31,11.84,0.202,False
BGW-05,4,19,5.59,86,55.54,33.59,12.82,0.303,False
BGW-05,4,20,5.59,86,54.54,33.01,12.44,0.061,False
BGW-05,4,21,5.59,86,56.61,29.91,11.17,0.0,False
BGW-05,4,22,5.59,86,54.38,31.95,12.24,0.153,False
BGW-05,4,23,5.59,86,55.15,31.82,12.21,0.156,False
BGW-05,4,24,5.59,86,53.42,31.01,11.82,0.096,False
BGW-05,4,25,5.59,86,53.27,30.93,11.25,0.0,False
BGW-05,4,26,5.59,86,56.71,32.54,11.94,0.28,False
BGW-05,4,27,5.59,86,54.13,30.62,11.32,0.235,False
BGW-05,4,28,5.59,86,58.11,32.86,13.05,0.018,False
BGW-05,4,29,5.59,86,58.65,30.28,11.86,0.147,False
BGW-05,4,30,5.59,86,54.41,33.55,13.25,0.232,False
BGW-05,4,31,5.59,86,58.09,34.72,12.84,0.303,False
BGW-05,4,32,5.59,86,57.66,32.54,12.81,0.042,False
BGW-05,4,33,5.59,86,54.5,34.89,12.66,0.15,False
BGW-05,4,34,5.59,86,55.12,35.3,13.24,0.205,False
BGW-05,4,35,5.59,86,54.41,35.57,13.37,0.307,False
BGW-05,4,36,5.59,86,55.4,33.76,13.44,0.15,False
BGW-05,4,37,5.59,86,55.93,36.39,14.41,0.198,False
BGW-05,4,38,5.59,86,58.06,34.72,13.68,0.017,False
BGW-05,4,39,5.59,86,57.57,31.12,11.87,0.141,False
BGW-05,4,40,5.59,86,53.15,31.26,12.41,0.108,False
BGW-05,4,41,5.59,86,55.5,36.02,13.22,0.147,False
BGW-05,4,42,5.59,86,55.18,35.33,13.64,0.0,False
BGW-05,4,43,5.59,86,56.17,34.12,13.56,0.077,False
BGW-05,4,44,5.59,86,57.19,35.74,12.96,0.427,False
BGW-05,4,45,5.59,86,57.98,34.95,13.31,0.2,False
BGW-05,4,46,5.59,86,54.82,37.01,14.76,0.201,False
BGW-05,4,47,5.59,86,54.38,33.63,12.19,0.056,False
BGW-05,4,48,5.59,86,54.06,36.86,14.33,0.0,False
BGW-05,4,49,5.59,86,58.47,34.4,13.57,0.165,False
BGW-05,4,50,5.59,86,57.59,38.77,14.26,0.287,False
BGW-05,4,51,5.59,86,53.18,37.47,13.77,0.049,False
BGW-05,4,52,5.59,86,56.21,36.16,13.22,0.0,False
BGW-05,4,53,5.59,86,55.35,37.54,14.93,0.075,False
BGW-05,4,54,5.59,86,53.68,36.42,14.28,0.159,False
BGW-05,4,55,5.59,86,56.18,39.94,15.71,0.072,False
BGW-05,4,56,5.59,86,55.6,36.09,14.18,0.094,False
BGW-05,4,57,5.59,86,54.53,39.21,14.38,0.274,False
BGW-05,4,58,5.59,86,53.24,40.91,16.24,0.242,False
BGW-05,4,59,5.59,86,56.3,40.47,15.78,0.176,False
BGW-05,4,60,5.59,86,56.48,36.65,13.54,0.218,False
BGW-05,4,61,5.59,86,55.31,38.01,14.49,0.17,False
BGW-05,4,62,5.59,86,55.65,41.62,16.3,0.236,False
BGW-05,4,63,5.59,86,53.16,38.61,14.64,0.279,False
BGW-05,4,64,5.59,86,55.89,38.7,14.31,0.045,False
BGW-05,4,65,5.59,86,54.6,38.08,14.04,0.076,False
BGW-05,4,66,5.59,86,56.54,37.75,13.74,0.032,False
BGW-05,4,67,5.59,86,53.82,38.73,14.48,0.157,False
BGW-05,4,68,5.59,86,56.11,37.23,14.72,0.204,False
BGW-05,4,69,5.59,86,54.16,38.61,15.02,0.23,False
BGW-05,4,70,5.59,86,57.56,39.29,15.31,0.077,False
BGW-05,4,71,5.59,86,57.74,41.09,15.88,0.44,False
BGW-05,4,72,5.59,86,57.49,41.2,15.16,0.17,False
BGW-05,4,73,5.59,86,55.93,40.93,15.84,0.23,False
BGW-05,4,74,5.59,86,54.94,39.45,14.5,0.168,False
BGW-05,4,75,5.59,86,55.66,33.03,12.18,2.459,False
BGW-05,4,76,5.59,86,54.48,40.44,15.25,0.132,False
BGW-05,4,77,5.59,86,54.75,32.59,12.45,2.334,False
BGW-05,4,78,5.59,86,57.35,34.03,12.95,2.385,False
BGW-05,4,79,5.59,86,54.92,40.61,15.42,0.232,False
BGW-05,4,80,5.59,86,54.25,33.21,12.18,2.459,False
BGW-05,4,81,5.59,86,58.35,39.82,15.39,0.153,False
BGW-05,4,82,5.59,86,57.17,33.38,13.12,2.159,False
BGW-05,4,83,5.59,86,55.88,38.41,15.24,0.291,False
BGW-05,4,84,5.59,86,58.3,37.93,14.6,2.269,False
BGW-05,4,85,5.59,86,53.45,34.67,12.61,2.388,False
BGW-05,4,86,5.59,86,53.36,38.76,14.59,0.128,False
BGW-05,4,87,5.59,86,54.52,40.12,15.16,0.269,False
BGW-05,4,88,5.59,86,57.7,35.04,13.8,2.354,False
BGW-05,4,89,5.59,86,55.54,39.18,15.31,0.127,False
BGW-06,1,0,4.63,144,46.86,27.22,10.56,0.044,False
BGW-06,1,1,4.63,144,45.1,28.18,10.46,0.252,False
BGW-06,1,2,4.63,144,48.09,27.75,10.3,0.113,False
BGW-06,1,3,4.63,144,48.31,29.64,11.66,0.288,False
BGW-06,1,4,4.63,144,44.54,26.51,10.46,0.27,False
BGW-06,1,5,4.63,144,48.2,27.21,10.7,0.112,False
BGW-06,1,6,4.63,144,45.69,27.96,10.3,0.098,False
BGW-06,1,7,4.63,144,46.35,26.97,10.24,0.148,False
BGW-06,1,8,4.63,144,47.76,29.63,11.01,0.078,False
BGW-06,1,9,4.63,144,45.25,28.46,10.45,0.101,False
BGW-06,1,10,4.63,144,48.5,26.13,9.68,0.0,False
BGW-06,1,11,4.63,144,47.02,27.8,10.55,0.044,False
BGW-06,1,12,4.63,144,44.21,29.99,11.93,0.002,False
BGW-06,1,13,4.63,144,45.05,29.36,10.77,0.105,False
BGW-06,1,14,4.63,144,48.27,28.85,10.87,0.259,False
BGW-06,1,15,4.63,144,48.33,29.33,11.44,0.169,False
BGW-06,1,16,4.63,144,45.65,27.57,10.09,0.035,False
BGW-06,1,17,4.63,144,47.11,29.54,11.51,0.339,False
BGW-06,1,18,4.63,144,47.58,31.58,12.37,0.188,False
BGW-06,1,19,4.63,144,47.15,29.12,11.54,0.082,False
BGW-06,1,20,4.63,144,47.03,30.41,11.45,0.192,False
BGW-06,1,21,4.63,144,47.17,31.78,11.59,0.162,False
BGW-06,1,22,4.63,144,47.71,30.04,11.21,0.064,False
BGW-06,1,23,4.63,144,46.46,30.24,12.05,0.309,False
BGW-06,1,24,4.63,144,46.73,31.43,11.7,0.177,False
BGW-06,1,25,4.63,144,45.0,30.08,11.41,0.134,False
BGW-06,1,26,4.63,144,45.36,32.22,12.81,0.01,False
BGW-06,1,27,4.63,144,47.18,29.92,11.35,0.078,False
BGW-06,1,28,4.63,144,46.81,30.49,11.6,0.083,False
BGW-06,1,29,4.63,144,46.02,30.24,11.97,0.204,False
BGW-06,1,30,4.63,144,44.69,30.2,11.68,0.163,False
BGW-06,1,31,4.63,144,47.73,31.72,11.63,0.315,False
BGW-06,1,32,4.63,144,44.97,29.46,11.33,0.166,False
BGW-06,1,33,4.63,144,46.52,30.76,11.7,0.069,False
BGW-06,1,34,4.63,144,46.86,29.36,10.67,0.198,False
BGW-06,1,35,4.63,144,44.94,31.83,12.42,0.202,False
BGW-06,1,36,4.63,144,46.53,34.73,12.92,0.183,False
BGW-06,1,37,4.63,144,45.81,29.38,11.66,0.136,False
BGW-06,1,38,4.63,144,47.75,31.38,12.49,0.187,False
BGW-06,1,39,4.63,144,47.17,31.63,11.53,0.167,False
BGW-06,1,40,4.63,144,45.61,29.13,10.64,0.107,False
BGW-06,1,41,4.63,144,44.6,33.13,13.2,0.077,False
BGW-06,1,42,4.63,144,46.22,33.95,13.15,0.06,False
BGW-06,1,43,4.63,144,46.13,34.01,13.27,0.188,False
BGW-06,1,44,4.63,144,46.61,32.18,12.06,0.063,False
BGW-06,1,45,4.63,144,44.26,32.46,12.68,0.119,False
BGW-06,1,46,4.63,144,44.65,34.92,13.38,0.211,False
BGW-06,1,47,4.63,144,47.02,34.34,13.24,0.166,False
BGW-06,1,48,4.63,144,46.2,36.04,13.8,0.128,False
BGW-06,1,49,4.63,144,44.62,34.72,13.54,0.079,False
BGW-06,1,50,4.63,144,48.0,34.58,12.78,0.17,False
BGW-06,1,51,4.63,144,47.31,33.21,12.75,0.18,False
BGW-06,1,52,4.63,144,47.24,33.72,13.39,0.105,False
BGW-06,1,53,4.63,144,46.82,32.68,12.13,0.0,False
BGW-06,1,54,4.63,144,47.29,33.58,12.61,0.256,False
BGW-06,1,55,4.63,144,47.52,37.47,13.94,0.0,False
BGW-06,1,56,4.63,144,47.91,33.36,12.58,0.002,False
BGW-06,1,57,4.63,144,46.21,37.3,13.69,0.141,False
BGW-06,1,58,4.63,144,47.34,35.74,12.91,0.164,False
BGW-06,1,59,4.63,144,48.17,39.56,15.26,0.234,False
BGW-06,1,60,4.63,144,44.72,36.36,14.0,0.241,False
BGW-06,1,61,4.63,144,46.09,34.03,12.4,0.106,False
BGW-06,1,62,4.63,144,44.99,38.04,14.78,0.168,False
BGW-06,1,63,4.63,144,47.58,34.47,13.51,0.103,False
BGW-06,1,64,4.63,144,44.38,38.06,14.24,0.051,False
BGW-06,1,65,4.63,144,46.31,38.35,15.23,0.114,False
BGW-06,1,66,4.63,144,48.35,39.16,14.17,0.189,False
BGW-06,1,67,4.63,144,46.78,35.52,12.95,0.127,False
BGW-06,1,68,4.63,144,48.6,35.08,12.79,0.031,False
BGW-06,1,69,4.63,144,45.8,36.58,14.4,0.189,False
BGW-06,1,70,4.63,144,47.78,35.66,13.94,0.096,False
BGW-06,1,71,4.63,144,44.63,39.0,15.06,0.111,False
BGW-06,1,72,4.63,144,44.55,36.28,14.35,0.138,False
BGW-06,1,73,4.63,144,47.48,39.59,14.4,0.15,False
BGW-06,1,74,4.63,144,46.19,38.33,14.78,0.292,False
BGW-06,1,75,4.63,144,44.98,35.68,13.87,0.19,False
BGW-06,1,76,4.63,144,44.87,36.66,13.61,0.0,False
BGW-06,1,77,4.63,144,47.89,38.37,13.87,0.216,False
BGW-06,1,78,4.63,144,46.57,40.81,15.51,0.069,False
BGW-06,1,79,4.63,144,48.6,40.85,15.33,0.105,False
BGW-06,1,80,4.63,144,47.24,38.16,15.1,0.215,False
BGW-06,1,81,4.63,144,48.27,42.44,16.45,0.225,False
BGW-06,1,82,4.63,144,45.59,37.82,14.35,0.237,False
BGW-06,1,83,4.63,144,47.02,37.86,14.08,0.18,False
BGW-06,1,84,4.63,144,47.82,43.37,15.99,0.205,False
BGW-06,1,85,4.63,144,44.3,42.69,16.75,0.196,False
BGW-06,1,86,4.63,144,46.33,42.8,15.84,0.099,False
BGW-06,1,87,4.63,144,47.23,39.1,14.57,0.176,False
BGW-06,1,88,4.63,144,46.23,41.3,15.02,0.135,False
BGW-06,1,89,4.63,144,44.64,42.19,15.28,0.372,False
BGW-06,2,0,3.6,120,37.41,29.65,11.11,0.235,False
BGW-06,2,1,3.6,120,37.07,27.5,10.45,0.176,False
BGW-06,2,2,3.6,120,36.16,25.6,10.18,0.0,False
BGW-06,2,3,3.6,120,36.95,28.04,10.72,0.174,False
BGW-06,2,4,3.6,120,36.89,29.66,11.18,0.204,False
BGW-06,2,5,3.6,120,37.53,26.71,9.66,0.171,False
BGW-06,2,6,3.6,120,36.31,29.02,11.44,0.019,False
BGW-06,2,7,3.6,120,36.03,26.69,10.6,0.212,False
BGW-06,2,8,3.6,120,36.49,28.51,10.98,0.121,False
BGW-06,2,9,3.6,120,36.68,28.44,10.9,0.123,False
BGW-06,2,10,3.6,120,34.82,27.07,10.11,0.0,False
BGW-06,2,11,3.6,120,35.78,26.83,10.0,0.208,False
BGW-06,2,12,3.6,120,36.02,27.0,10.12,0.197,False
BGW-06,2,13,3.6,120,34.65,29.55,11.79,0.234,False
BGW-06,2,14,3.6,120,36.35,29.83,11.2,0.115,False
BGW-06,2,15,3.6,120,35.2,26.71,10.59,0.209,False
BGW-06,2,16,3.6,120,35.38,29.33,11.3,0.015,False
BGW-06,2,17,3.6,120,36.7,29.11,10.57,0.248,False
BGW-06,2,18,3.6,120,35.19,28.15,11.16,0.218,False
BGW-06,2,19,3.6,120,35.46,29.87,11.19,0.046,False
BGW-06,2,20,3.6,120,35.69,29.4,10.83,0.195,False
BGW-06,2,21,3.6,120,34.87,26.17,9.51,0.158,False
BGW-06,2,22,3.6,120,34.27,31.95,12.35,0.24,False
BGW-06,2,23,3.6,120,35.3,32.46,11.76,0.304,False
BGW-06,2,24,3.6,120,37.78,32.03,12.29,0.151,False
BGW-06,2,25,3.6,120,35.58,28.6,10.51,0.277,False
BGW-06,2,26,3.6,120,36.83,35.87,14.09,0.042,False
BGW-06,2,27,3.6,120,37.2,30.63,12.0,0.08,False
BGW-06,2,28,3.6,120,35.74,35.01,13.8,0.151,False
BGW-06,2,29,3.6,120,37.08,30.54,11.95,0.16,False
BGW-06,2,30,3.6,120,36.0,31.85,12.46,0.231,False
BGW-06,2,31,3.6,120,37.38,31.86,12.62,0.149,False
BGW-06,2,32,3.6,120,35.12,31.59,12.26,0.377,False
BGW-06,2,33,3.6,120,36.32,32.33,12.69,0.002,False
BGW-06,2,34,3.6,120,35.15,32.73,12.92,0.189,False
BGW-06,2,35,3.6,120,34.35,37.37,13.57,0.185,False
BGW-06,2,36,3.6,120,36.62,34.61,13.59,0.128,False
BGW-06,2,37,3.6,120,36.51,33.13,13.18,0.006,False
BGW-06,2,38,3.6,120,35.99,35.94,13.59,0.09,False
BGW-06,2,39,3.6,120,36.76,32.78,13.07,0.066,False
BGW-06,2,40,3.6,120,34.35,35.75,13.67,0.015,False
BGW-06,2,41,3.6,120,36.5,34.29,13.4,0.05,False
BGW-06,2,42,3.6,120,36.42,35.41,13.07,0.06,False
BGW-06,2,43,3.6,120,36.96,36.16,13.56,0.284,False
BGW-06,2,44,3.6,120,34.9,37.65,14.05,0.319,False
BGW-06,2,45,3.6,120,36.39,37.17,14.17,0.057,False
BGW-06,2,46,3.6,120,34.29,35.9,14.05,0.111,False
BGW-06,2,47,3.6,120,36.82,35.8,13.94,0.163,False
BGW-06,2,48,3.6,120,36.58,36.9,13.48,0.114,False
BGW-06,2,49,3.6,120,36.15,37.0,13.75,0.089,False
BGW-06,2,50,3.6,120,35.51,34.94,13.2,0.04,False
BGW-06,2,51,3.6,120,36.81,37.01,13.94,0.141,False
BGW-06,2,52,3.6,120,34.52,38.69,14.85,0.328,False
BGW-06,2,53,3.6,120,35.41,38.06,15.0,0.209,False
BGW-06,2,54,3.6,120,35.37,36.81,14.23,0.125,False
BGW-06,2,55,3.6,120,35.06,37.31,13.48,0.224,False
BGW-06,2,56,3.6,120,36.23,37.51,14.32,0.03,False
BGW-06,2,57,3.6,120,34.61,38.9,14.86,0.148,False
BGW-06,2,58,3.6,120,37.36,37.6,14.84,0.188,False
BGW-06,2,59,3.6,120,35.71,42.24,16.11,0.031,False
BGW-06,2,60,3.6,120,37.04,37.88,14.98,0.174,False
BGW-06,2,61,3.6,120,36.04,38.13,14.38,0.142,False
BGW-06,2,62,3.6,120,35.83,40.49,16.12,0.157,False
BGW-06,2,63,3.6,120,35.61,37.5,14.75,0.14,False
BGW-06,2,64,3.6,120,35.74,37.86,14.67,0.079,False
BGW-06,2,65,3.6,120,35.22,40.64,15.94,0.127,False
BGW-06,2,66,3.6,120,36.55,38.57,14.02,0.081,False
BGW-06,2,67,3.6,120,35.5,40.76,16.19,0.088,False
BGW-06,2,68,3.6,120,34.99,38.34,14.03,0.121,False
BGW-06,2,69,3.6,120,34.95,38.89,15.35,0.101,False
BGW-06,2,70,3.6,120,37.74,38.35,13.95,0.003,False
BGW-06,2,71,3.6,120,36.96,40.1,15.18,0.237,False
BGW-06,2,72,3.6,120,34.5,40.41,15.55,0.153,False
BGW-06,2,73,3.6,120,36.41,39.4,14.5,0.066,False
BGW-06,2,74,3.6,120,35.41,38.49,14.17,0.189,False
BGW-06,2,75,3.6,120,36.89,39.57,14.44,0.084,False
BGW-06,2,76,3.6,120,35.28,39.95,15.27,0.212,False
BGW-06,2,77,3.6,120,34.69,37.43,13.56,0.128,False
BGW-06,2,78,3.6,120,36.09,41.9,15.3,0.0,False
BGW-06,2,79,3.6,120,34.76,42.4,16.43,0.337,False
BGW-06,2,80,3.6,120,36.8,34.35,13.64,2.349,False
BGW-06,2,81,3.6,120,36.36,40.34,15.29,0.199,False
BGW-06,2,82,3.6,120,34.64,44.13,17.25,0.496,False
BGW-06,2,83,3.6,120,34.97,39.85,14.9,0.0,False
BGW-06,2,84,3.6,120,36.05,40.57,15.85,0.316,False
BGW-06,2,85,3.6,120,37.31,38.82,15.02,0.15,False
BGW-06,2,86,3.6,120,35.23,40.83,15.0,0.072,False
BGW-06,2,87,3.6,120,35.53,35.72,13.7,2.272,False
BGW-06,2,88,3.6,120,35.22,40.87,15.83,0.124,False
BGW-06,2,89,3.6,120,35.27,42.05,15.29,0.106,False
BGW-06,3,0,4.05,144,39.55,29.49,11.01,0.302,False
BGW-06,3,1,4.05,144,38.46,28.06,10.49,0.138,False
BGW-06,3,2,4.05,144,40.16,24.94,9.58,0.109,False
BGW-06,3,3,4.05,144,39.77,28.89,11.43,0.224,False
BGW-06,3,4,4.05,144,41.98,25.66,9.81,0.101,False
BGW-06,3,5,4.05,144,41.97,29.69,11.59,0.061,False
BGW-06,3,6,4.05,144,39.19,29.06,11.54,0.168,False
BGW-06,3,7,4.05,144,41.38,27.16,9.84,0.24,False
BGW-06,3,8,4.05,144,38.54,29.18,10.82,0.118,False
BGW-06,3,9,4.05,144,42.03,27.93,10.51,0.01,False
BGW-06,3,10,4.05,144,41.6,27.97,10.79,0.197,False
BGW-06,3,11,4.05,144,39.06,27.66,10.73,0.031,False
BGW-06,3,12,4.05,144,42.18,27.54,10.98,0.149,False
BGW-06,3,13,4.05,144,42.37,27.81,10.72,0.121,False
BGW-06,3,14,4.05,144,40.57,28.55,10.57,0.294,False
BGW-06,3,15,4.05,144,41.59,28.49,10.75,0.057,False
BGW-06,3,16,4.05,144,40.54,30.72,12.01,0.045,False
BGW-06,3,17,4.05,144,40.63,30.58,11.38,0.11,False
BGW-06,3,18,4.05,144,39.23,31.93,11.93,0.142,False
BGW-06,3,19,4.05,144,39.54,30.18,11.77,0.109,False
BGW-06,3,20,4.05,144,40.72,27.94,10.93,0.123,False
BGW-06,3,21,4.05,144,41.69,30.75,11.96,0.332,False
BGW-06,3,22,4.05,144,41.82,28.87,10.96,0.0,False
BGW-06,3,23,4.05,144,38.47,29.51,11.74,0.235,False
BGW-06,3,24,4.05,144,38.56,34.09,12.41,0.145,False
BGW-06,3,25,4.05,144,40.08,29.35,11.27,0.178,False
BGW-06,3,26,4.05,144,41.83,31.96,12.47,0.186,False
BGW-06,3,27,4.05,144,42.25,29.42,10.79,0.252,False
BGW-06,3,28,4.05,144,42.47,29.13,10.54,0.222,False
BGW-06,3,29,4.05,144,40.52,26.34,9.6,0.093,False
BGW-06,3,30,4.05,144,42.07,31.16,11.62,0.0,False
BGW-06,3,31,4.05,144,40.09,31.48,12.2,0.196,False
BGW-06,3,32,4.05,144,40.45,33.25,12.03,0.157,False
BGW-06,3,33,4.05,144,40.59,31.24,11.42,0.238,False
BGW-06,3,34,4.05,144,40.0,33.29,12.73,0.059,False
BGW-06,3,35,4.05,144,42.38,32.94,12.94,0.195,False
BGW-06,3,36,4.05,144,42.31,35.19,13.43,0.272,False
BGW-06,3,37,4.05,144,40.09,34.9,12.64,0.339,False
BGW-06,3,38,4.05,144,39.26,34.88,12.84,0.275,False
BGW-06,3,39,4.05,144,40.47,31.47,12.46,0.102,False
BGW-06,3,40,4.05,144,40.8,31.0,12.15,0.092,False
BGW-06,3,41,4.05,144,40.13,34.92,12.89,0.173,False
BGW-06,3,42,4.05,144,39.63,32.65,12.39,0.137,False
BGW-06,3,43,4.05,144,38.99,34.21,13.07,0.309,False
BGW-06,3,44,4.05,144,39.87,34.16,12.94,0.403,False
BGW-06,3,45,4.05,144,40.33,34.83,13.03,0.024,False
BGW-06,3,46,4.05,144,39.6,36.8,13.44,0.247,False
BGW-06,3,47,4.05,144,39.28,37.0,13.54,0.117,False
BGW-06,3,48,4.05,144,38.99,31.25,12.3,0.143,False
BGW-06,3,49,4.05,144,39.92,37.17,13.74,0.128,False
BGW-06,3,50,4.05,144,42.09,35.82,13.83,0.286,False
BGW-06,3,51,4.05,144,40.24,36.06,14.01,0.193,False
BGW-06,3,52,4.05,144,40.38,37.14,13.63,0.145,False
BGW-06,3,53,4.05,144,38.76,39.07,15.54,0.097,False
BGW-06,3,54,4.05,144,42.44,37.34,14.89,0.236,False
BGW-06,3,55,4.05,144,42.24,36.57,13.55,0.177,False
BGW-06,3,56,4.05,144,40.41,36.89,13.93,0.0,False
BGW-06,3,57,4.05,144,38.56,37.17,13.77,0.104,False
BGW-06,3,58,4.05,144,41.15,38.28,13.83,0.018,False
BGW-06,3,59,4.05,144,41.19,36.72,14.09,0.169,False
BGW-06,3,60,4.05,144,39.04,37.71,14.53,0.354,False
BGW-06,3,61,4.05,144,40.67,35.74,13.37,0.0,False
BGW-06,3,62,4.05,144,40.82,37.45,13.54,0.175,False
BGW-06,3,63,4.05,144,41.56,36.4,13.9,0.074,False
BGW-06,3,64,4.05,144,39.43,38.75,15.46,0.184,False
BGW-06,3,65,4.05,144,39.11,37.55,13.85,0.054,False
BGW-06,3,66,4.05,144,41.29,39.45,15.5,0.169,False
BGW-06,3,67,4.05,144,41.98,39.07,14.33,0.115,False
BGW-06,3,68,4.05,144,41.37,36.01,13.66,0.087,False
BGW-06,3,69,4.05,144,40.35,40.37,15.74,0.185,False
BGW-06,3,70,4.05,144,42.05,39.8,15.29,0.216,False
BGW-06,3,71,4.05,144,39.76,39.16,14.73,0.265,False
BGW-06,3,72,4.05,144,42.48,38.11,14.07,0.312,False
BGW-06,3,73,4.05,144,40.12,41.39,16.51,0.152,False
BGW-06,3,74,4.05,144,41.0,39.22,14.48,0.24,False
BGW-06,3,75,4.05,144,38.89,38.1,14.31,0.119,False
BGW-06,3,76,4.05,144,39.06,41.15,14.98,0.022,False
BGW-06,3,77,4.05,144,38.65,39.98,14.89,0.063,False
BGW-06,3,78,4.05,144,38.85,40.22,15.93,0.039,False
BGW-06,3,79,4.05,144,40.11,43.53,16.05,0.087,False
BGW-06,3,80,4.05,144,41.2,38.55,14.29,0.196,False
BGW-06,3,81,4.05,144,39.74,39.32,15.65,0.168,False
BGW-06,3,82,4.05,144,40.14,37.49,14.04,0.181,False
BGW-06,3,83,4.05,144,38.9,39.56,14.93,0.21,False
BGW-06,3,84,4.05,144,41.54,41.27,16.39,0.287,False
BGW-06,3,85,4.05,144,40.82,39.84,15.4,0.168,False
BGW-06,3,86,4.05,144,41.46,42.26,16.34,0.168,False
BGW-06,3,87,4.05,144,38.66,35.92,14.22,2.495,False
BGW-06,3,88,4.05,144,41.75,35.2,13.05,2.321,False
BGW-06,3,89,4.05,144,39.1,38.81,15.31,0.075,False
BGW-06,4,0,3.96,120,38.54,28.61,11.16,0.332,False
BGW-06,4,1,3.96,120,40.92,26.11,9.87,0.224,False
BGW-06,4,2,3.96,120,41.51,30.9,11.51,0.082,False
BGW-06,4,3,3.96,120,40.28,26.31,9.8,0.16,False
BGW-06,4,4,3.96,120,38.61,25.23,9.46,0.201,False
BGW-06,4,5,3.96,120,38.24,26.16,9.62,0.23,False
BGW-06,4,6,3.96,120,39.58,27.29,10.39,0.007,False
BGW-06,4,7,3.96,120,37.8,26.0,10.1,0.179,False
BGW-06,4,8,3.96,120,38.5,28.45,11.08,0.453,False
BGW-06,4,9,3.96,120,40.23,31.31,11.63,0.048,False
BGW-06,4,10,3.96,120,41.22,28.18,11.11,0.191,False
BGW-06,4,11,3.96,120,38.92,28.79,10.96,0.0,False
BGW-06,4,12,3.96,120,38.34,26.68,9.76,0.242,False
BGW-06,4,13,3.96,120,40.33,28.33,10.39,0.181,False
BGW-06,4,14,3.96,120,40.85,30.68,11.36,0.088,False
BGW-06,4,15,3.96,120,39.88,30.3,11.02,0.176,False
BGW-06,4,16,3.96,120,39.66,30.45,11.94,0.295,False
BGW-06,4,17,3.96,120,41.38,29.16,11.26,0.0,False
BGW-06,4,18,3.96,120,40.9,30.43,11.1,0.116,False
BGW-06,4,19,3.96,120,38.17,30.0,11.32,0.123,False
BGW-06,4,20,3.96,120,37.74,28.68,11.35,0.083,False
BGW-06,4,21,3.96,120,38.54,30.77,11.13,0.096,False
BGW-06,4,22,3.96,120,40.01,30.05,11.6,0.064,False
BGW-06,4,23,3.96,120,39.56,30.48,12.15,0.017,False
BGW-06,4,24,3.96,120,37.68,31.96,11.77,0.0,False
BGW-06,4,25,3.96,120,39.52,30.51,11.54,0.0,False
BGW-06,4,26,3.96,120,38.42,30.24,11.6,0.171,False
BGW-06,4,27,3.96,120,39.59,30.8,11.25,0.142,False
BGW-06,4,28,3.96,120,40.29,33.99,13.27,0.0,False
BGW-06,4,29,3.96,120,39.25,30.66,11.33,0.144,False
BGW-06,4,30,3.96,120,39.22,34.34,12.44,0.141,False
BGW-06,4,31,3.96,120,41.39,30.61,11.27,0.189,False
BGW-06,4,32,3.96,120,39.52,32.25,11.9,0.115,False
BGW-06,4,33,3.96,120,39.63,33.76,13.45,0.156,False
BGW-06,4,34,3.96,120,39.74,31.96,12.63,0.137,False
BGW-06,4,35,3.96,120,39.51,35.25,13.33,0.124,False
BGW-06,4,36,3.96,120,39.88,35.2,13.88,0.148,False
BGW-06,4,37,3.96,120,41.37,32.84,12.14,0.087,False
BGW-06,4,38,3.96,120,40.34,35.05,13.3,0.183,False
BGW-06,4,39,3.96,120,37.72,33.09,12.57,0.296,False
BGW-06,4,40,3.96,120,39.56,35.51,13.42,0.0,False
BGW-06,4,41,3.96,120,37.77,33.86,13.5,0.123,False
BGW-06,4,42,3.96,120,39.65,34.12,12.58,0.242,False
BGW-06,4,43,3.96,120,40.92,36.24,14.37,0.333,False
BGW-06,4,44,3.96,120,38.67,35.25,13.4,0.364,False
BGW-06,4,45,3.96,120,40.12,35.97,13.57,0.198,False
BGW-06,4,46,3.96,120,40.89,34.65,13.35,0.062,False
BGW-06,4,47,3.96,120,40.86,35.95,13.88,0.135,False
BGW-06,4,48,3.96,120,38.57,39.3,14.69,0.275,False
BGW-06,4,49,3.96,120,37.92,34.78,12.59,0.092,False
BGW-06,4,50,3.96,120,40.47,36.28,14.18,0.377,False
BGW-06,4,51,3.96,120,40.88,39.61,14.87,0.056,False
BGW-06,4,52,3.96,120,37.72,38.48,14.99,0.197,False
BGW-06,4,53,3.96,120,40.74,39.07,14.84,0.086,False
BGW-06,4,54,3.96,120,41.42,39.0,14.76,0.205,False
BGW-06,4,55,3.96,120,41.32,40.08,14.67,0.252,False
BGW-06,4,56,3.96,120,38.48,40.75,15.15,0.189,False
BGW-06,4,57,3.96,120,40.25,38.07,14.07,0.182,False
BGW-06,4,58,3.96,120,39.68,37.93,14.11,0.0,False
BGW-06,4,59,3.96,120,37.97,37.82,14.08,0.392,False
BGW-06,4,60,3.96,120,39.95,37.39,14.41,0.029,False
BGW-06,4,61,3.96,120,40.47,37.77,15.0,0.309,False
BGW-06,4,62,3.96,120,38.45,39.41,15.26,0.282,False
BGW-06,4,63,3.96,120,38.51,39.22,15.17,0.03,False
BGW-06,4,64,3.96,120,40.44,38.73,14.22,0.196,False
BGW-06,4,65,3.96,120,40.73,37.46,13.88,0.249,False
BGW-06,4,66,3.96,120,38.65,39.93,15.77,0.137,False
BGW-06,4,67,3.96,120,39.37,39.92,14.96,0.05,False
BGW-06,4,68,3.96,120,38.85,40.06,14.76,0.043,False
BGW-06,4,69,3.96,120,40.83,40.45,15.17,0.083,False
BGW-06,4,70,3.96,120,39.54,41.13,15.36,0.111,False
BGW-06,4,71,3.96,120,38.59,42.29,15.38,0.0,False
BGW-06,4,72,3.96,120,38.23,38.46,14.27,0.062,False
BGW-06,4,73,3.96,120,37.63,39.65,14.81,0.099,False
BGW-06,4,74,3.96,120,39.37,41.07,15.48,0.105,False
BGW-06,4,75,3.96,120,41.05,40.05,15.06,0.089,False
BGW-06,4,76,3.96,120,40.05,40.38,15.87,0.197,False
BGW-06,4,77,3.96,120,39.14,39.75,14.72,0.067,False
BGW-06,4,78,3.96,120,38.86,39.74,15.48,0.056,False
BGW-06,4,79,3.96,120,39.8,39.21,14.89,0.256,False
BGW-06,4,80,3.96,120,37.88,38.65,15.06,0.1,False
BGW-06,4,81,3.96,120,41.24,37.74,14.52,0.106,False
BGW-06,4,82,3.96,120,38.68,40.37,15.13,0.289,False
BGW-06,4,83,3.96,120,39.34,42.36,15.77,0.096,False
BGW-06,4,84,3.96,120,40.64,42.38,15.7,0.0,False
BGW-06,4,85,3.96,120,38.44,41.01,15.01,0.193,False
BGW-06,4,86,3.96,120,38.59,38.33,14.47,0.1,False
BGW-06,4,87,3.96,120,38.85,42.15,16.56,0.112,False
BGW-06,4,88,3.96,120,40.03,41.65,15.88,0.166,False
BGW-06,4,89,3.96,120,40.25,35.08,12.69,2.233,False
BGW-06,5,0,4.51,86,46.46,29.4,11.38,0.066,False
BGW-06,5,1,4.51,86,45.29,27.19,10.5,0.098,False
BGW-06,5,2,4.51,86,45.53,30.37,10.97,0.148,False
BGW-06,5,3,4.51,86,46.15,28.69,10.85,0.259,False
BGW-06,5,4,4.51,86,43.54,27.9,10.17,0.118,False
BGW-06,5,5,4.51,86,43.62,30.13,11.52,0.143,False
BGW-06,5,6,4.51,86,43.15,32.1,11.65,0.106,False
BGW-06,5,7,4.51,86,44.31,27.37,10.52,0.258,False
BGW-06,5,8,4.51,86,47.24,29.19,11.55,0.084,False
BGW-06,5,9,4.51,86,45.39,28.68,10.56,0.215,False
BGW-06,5,10,4.51,86,44.46,28.27,10.5,0.05,False
BGW-06,5,11,4.51,86,45.06,29.09,10.63,0.24,False
BGW-06,5,12,4.51,86,46.76,31.35,11.45,0.182,False
BGW-06,5,13,4.51,86,43.42,30.78,11.39,0.132,False
BGW-06,5,14,4.51,86,46.96,30.24,11.15,0.154,False
BGW-06,5,15,4.51,86,44.4,31.0,11.75,0.087,False
BGW-06,5,16,4.51,86,47.08,29.92,11.82,0.064,False
BGW-06,5,17,4.51,86,44.54,34.69,12.85,0.047,False
BGW-06,5,18,4.51,86,45.94,30.59,11.79,0.066,False
BGW-06,5,19,4.51,86,44.21,30.74,12.11,0.024,False
BGW-06,5,20,4.51,86,46.28,33.25,12.18,0.174,False
BGW-06,5,21,4.51,86,44.45,28.5,11.18,0.178,False
BGW-06,5,22,4.51,86,44.51,30.79,11.43,0.082,False
BGW-06,5,23,4.51,86,42.85,31.21,11.61,0.015,False
BGW-06,5,24,4.51,86,42.9,31.2,12.19,0.0,False
BGW-06,5,25,4.51,86,46.82,33.36,12.77,0.402,False
BGW-06,5,26,4.51,86,45.74,31.42,11.75,0.0,False
BGW-06,5,27,4.51,86,44.62,37.64,14.06,0.068,False
BGW-06,5,28,4.51,86,46.14,34.76,13.16,0.274,False
BGW-06,5,29,4.51,86,47.19,32.89,11.93,0.0,False
BGW-06,5,30,4.51,86,43.25,35.34,13.74,0.14,False
BGW-06,5,31,4.51,86,44.04,35.84,14.1,0.283,False
BGW-06,5,32,4.51,86,43.98,36.39,13.65,0.208,False
BGW-06,5,33,4.51,86,43.83,34.93,12.83,0.012,False
BGW-06,5,34,4.51,86,44.87,35.67,13.79,0.192,False
BGW-06,5,35,4.51,86,43.39,34.17,13.15,0.182,False
BGW-06,5,36,4.51,86,43.48,34.42,13.68,0.071,False
BGW-06,5,37,4.51,86,44.46,36.06,14.35,0.047,False
BGW-06,5,38,4.51,86,46.31,35.98,14.09,0.074,False
BGW-06,5,39,4.51,86,44.7,37.48,13.85,0.225,False
BGW-06,5,40,4.51,86,43.16,40.52,15.32,0.148,False
BGW-06,5,41,4.51,86,45.38,38.53,15.03,0.179,False
BGW-06,5,42,4.51,86,43.37,36.97,14.62,0.129,False
BGW-06,5,43,4.51,86,43.0,40.76,15.94,0.132,False
BGW-06,5,44,4.51,86,46.77,40.16,14.59,0.32,False
BGW-06,5,45,4.51,86,43.69,37.39,13.76,0.249,False
BGW-06,5,46,4.51,86,46.43,40.64,15.47,0.118,False
BGW-06,5,47,4.51,86,46.27,40.3,15.81,0.073,False
BGW-06,5,48,4.51,86,46.98,41.55,15.03,0.227,False
BGW-06,5,49,4.51,86,45.26,40.02,14.95,0.079,False
BGW-06,5,50,4.51,86,42.87,41.35,15.99,0.273,False
BGW-06,5,51,4.51,86,46.56,40.57,15.69,0.2,False
BGW-06,5,52,4.51,86,46.84,40.37,15.62,0.187,False
BGW-06,5,53,4.51,86,43.42,43.61,16.48,0.164,False
BGW-06,5,54,4.51,86,43.38,40.3,14.62,0.066,False
BGW-06,5,55,4.51,86,43.46,38.27,14.51,0.164,False
BGW-06,5,56,4.51,86,45.49,43.61,16.5,0.268,False
BGW-06,5,57,4.51,86,46.2,40.15,14.61,0.194,False
BGW-06,5,58,4.51,86,44.12,39.96,14.93,0.215,False
BGW-06,5,59,4.51,86,43.35,40.75,15.84,0.234,False
BGW-06,5,60,4.51,86,46.92,39.55,14.77,0.006,False
BGW-06,5,61,4.51,86,46.89,33.99,13.02,2.348,False
BGW-06,5,62,4.51,86,43.55,41.79,15.37,0.191,False
BGW-06,5,63,4.51,86,44.61,41.44,15.57,0.139,False
BGW-06,5,64,4.51,86,42.98,39.7,15.22,0.234,False
BGW-06,5,65,4.51,86,44.69,39.33,15.3,0.006,False
BGW-06,5,66,4.51,86,46.37,40.84,15.72,0.145,False
BGW-06,5,67,4.51,86,42.93,40.77,16.1,0.069,False
BGW-06,5,68,4.51,86,45.13,43.15,16.27,0.073,False
BGW-06,5,69,4.51,86,45.31,41.04,16.31,0.083,False
BGW-06,5,70,4.51,86,45.0,40.39,15.82,0.043,False
BGW-06,5,71,4.51,86,44.59,44.34,17.04,0.108,False
BGW-06,5,72,4.51,86,44.24,40.89,15.97,0.101,False
BGW-06,5,73,4.51,86,45.09,39.8,14.89,0.077,False
BGW-06,5,74,4.51,86,46.05,41.76,15.55,0.119,False
BGW-06,5,75,4.51,86,46.39,39.26,15.2,0.166,False
BGW-06,5,76,4.51,86,43.91,42.72,15.78,0.225,False
BGW-06,5,77,4.51,86,44.59,39.77,15.01,0.228,False
BGW-06,5,78,4.51,86,42.84,40.03,15.38,0.265,False
BGW-06,5,79,4.51,86,46.61,41.31,15.94,0.254,False
BGW-06,5,80,4.51,86,44.5,43.43,16.34,0.124,False
BGW-06,5,81,4.51,86,46.61,34.47,13.69,2.282,False
BGW-06,5,82,4.51,86,46.05,36.61,13.46,2.455,False
BGW-06,5,83,4.51,86,44.94,41.26,16.31,0.288,False
BGW-06,5,84,4.51,86,47.09,43.15,15.89,0.156,False
BGW-06,5,85,4.51,86,44.32,42.49,15.37,0.147,False
BGW-06,5,86,4.51,86,44.0,41.75,15.82,0.188,False
BGW-06,5,87,4.51,86,45.69,42.89,15.61,0.207,False
BGW-06,5,88,4.51,86,46.08,40.57,15.37,0.205,False
BGW-06,5,89,4.51,86,46.71,43.44,16.36,0.416,False
BGW-06,6,0,6.1,144,58.18,26.66,9.64,0.0,False
BGW-06,6,1,6.1,144,61.37,27.76,10.81,0.162,False
BGW-06,6,2,6.1,144,61.79,31.12,12.08,0.227,False
BGW-06,6,3,6.1,144,61.24,28.1,10.68,0.152,False
BGW-06,6,4,6.1,144,60.68,30.18,11.24,0.396,False
BGW-06,6,5,6.1,144,57.96,29.76,11.7,0.156,False
BGW-06,6,6,6.1,144,63.8,27.11,10.82,0.17,False
BGW-06,6,7,6.1,144,61.67,29.27,11.42,0.299,False
BGW-06,6,8,6.1,144,62.72,28.1,11.03,0.229,False
BGW-06,6,9,6.1,144,60.82,28.46,10.39,0.21,False
BGW-06,6,10,6.1,144,60.63,28.38,11.15,0.176,False
BGW-06,6,11,6.1,144,59.9,25.84,9.97,0.205,False
BGW-06,6,12,6.1,144,60.61,29.23,11.61,0.131,False
BGW-06,6,13,6.1,144,58.24,28.31,11.0,0.204,False
BGW-06,6,14,6.1,144,63.55,28.05,11.01,0.278,False
BGW-06,6,15,6.1,144,60.04,27.63,10.26,0.065,False
BGW-06,6,16,6.1,144,63.99,28.92,11.46,0.146,False
BGW-06,6,17,6.1,144,59.56,29.22,10.96,0.114,False
BGW-06,6,18,6.1,144,61.22,29.2,11.23,0.09,False
BGW-06,6,19,6.1,144,59.23,29.43,11.59,0.059,False
BGW-06,6,20,6.1,144,60.58,28.32,10.61,0.204,False
BGW-06,6,21,6.1,144,60.98,26.39,10.5,0.166,False
BGW-06,6,22,6.1,144,58.02,29.01,10.98,0.182,False
BGW-06,6,23,6.1,144,60.99,27.5,10.03,0.132,False
BGW-06,6,24,6.1,144,58.33,28.46,11.16,0.213,False
BGW-06,6,25,6.1,144,58.03,30.01,11.34,0.025,False
BGW-06,6,26,6.1,144,61.43,33.02,12.89,0.205,False
BGW-06,6,27,6.1,144,63.04,30.56,11.63,0.142,False
BGW-06,6,28,6.1,144,61.6,31.71,12.48,0.242,False
BGW-06,6,29,6.1,144,60.84,30.12,11.61,0.184,False
BGW-06,6,30,6.1,144,60.27,31.25,12.02,0.337,False
BGW-06,6,31,6.1,144,62.44,30.4,11.4,0.253,False
BGW-06,6,32,6.1,144,62.3,32.12,12.27,0.215,False
BGW-06,6,33,6.1,144,58.49,30.54,11.52,0.113,False
BGW-06,6,34,6.1,144,59.46,33.52,13.21,0.09,False
BGW-06,6,35,6.1,144,60.55,31.59,12.11,0.175,False
BGW-06,6,36,6.1,144,61.0,31.99,11.65,0.272,False
BGW-06,6,37,6.1,144,61.41,33.01,12.05,0.248,False
BGW-06,6,38,6.1,144,61.87,31.11,11.31,0.135,False
BGW-06,6,39,6.1,144,63.08,32.5,12.33,0.154,False
BGW-06,6,40,6.1,144,63.61,32.72,12.49,0.202,False
BGW-06,6,41,6.1,144,58.37,35.73,13.15,0.206,False
BGW-06,6,42,6.1,144,58.37,33.08,12.32,0.089,False
BGW-06,6,43,6.1,144,62.2,32.21,12.81,0.072,False
BGW-06,6,44,6.1,144,58.61,34.98,13.37,0.225,False
BGW-06,6,45,6.1,144,58.81,34.29,12.49,0.108,False
BGW-06,6,46,6.1,144,61.26,31.56,11.64,0.196,False
BGW-06,6,47,6.1,144,63.65,35.46,13.03,0.176,False
BGW-06,6,48,6.1,144,62.85,33.2,12.62,0.058,False
BGW-06,6,49,6.1,144,60.32,38.07,14.6,0.336,False
BGW-06,6,50,6.1,144,60.31,32.64,12.74,0.168,False
BGW-06,6,51,6.1,144,61.03,35.67,12.99,0.22,False
BGW-06,6,52,6.1,144,59.27,36.36,14.3,0.093,False
BGW-06,6,53,6.1,144,62.72,34.62,13.22,0.135,False
BGW-06,6,54,6.1,144,63.97,39.8,14.76,0.213,False
BGW-06,6,55,6.1,144,61.66,33.12,13.01,0.125,False
BGW-06,6,56,6.1,144,62.79,36.12,13.53,0.106,False
BGW-06,6,57,6.1,144,62.9,34.19,13.64,0.106,False
BGW-06,6,58,6.1,144,59.69,36.02,13.46,0.0,False
BGW-06,6,59,6.1,144,63.42,36.67,13.99,0.0,False
BGW-06,6,60,6.1,144,61.27,39.17,14.59,0.326,False
BGW-06,6,61,6.1,144,61.89,37.01,14.62,0.278,False
BGW-06,6,62,6.1,144,62.46,36.52,13.29,0.07,False
BGW-06,6,63,6.1,144,59.47,39.35,15.7,0.259,False
BGW-06,6,64,6.1,144,61.83,39.18,14.59,0.007,False
BGW-06,6,65,6.1,144,58.3,36.47,13.97,0.077,False
BGW-06,6,66,6.1,144,60.82,36.7,13.91,0.37,False
BGW-06,6,67,6.1,144,63.55,39.76,15.32,0.132,False
BGW-06,6,68,6.1,144,59.64,36.78,13.76,0.243,False
BGW-06,6,69,6.1,144,63.94,35.23,12.83,0.319,False
BGW-06,6,70,6.1,144,58.16,38.89,14.47,0.234,False
BGW-06,6,71,6.1,144,63.97,38.55,15.16,0.011,False
BGW-06,6,72,6.1,144,59.28,36.12,14.36,0.0,False
BGW-06,6,73,6.1,144,61.2,37.71,14.74,0.192,False
BGW-06,6,74,6.1,144,59.52,37.48,14.49,0.047,False
BGW-06,6,75,6.1,144,60.47,37.78,14.62,0.045,False
BGW-06,6,76,6.1,144,63.26,40.58,15.57,0.213,False
BGW-06,6,77,6.1,144,63.79,39.67,15.72,0.048,False
BGW-06,6,78,6.1,144,58.65,40.55,15.86,0.264,False
BGW-06,6,79,6.1,144,58.58,40.85,16.18,0.206,False
BGW-06,6,80,6.1,144,58.34,42.18,16.17,0.316,False
BGW-06,6,81,6.1,144,58.66,42.16,16.38,0.362,False
BGW-06,6,82,6.1,144,62.84,41.16,15.02,0.058,False
BGW-06,6,83,6.1,144,61.97,38.17,15.16,0.141,False
BGW-06,6,84,6.1,144,61.42,37.6,13.79,0.409,False
BGW-06,6,85,6.1,144,63.64,38.62,14.7,0.119,False
BGW-06,6,86,6.1,144,62.67,38.24,15.04,0.068,False
BGW-06,6,87,6.1,144,58.68,38.36,14.7,0.145,False
BGW-06,6,88,6.1,144,58.2,42.11,15.72,0.27,False
BGW-06,6,89,6.1,144,59.43,39.17,15.17,0.098,False
BGW-06,7,0,5.58,120,56.12,27.03,10.52,0.183,False
BGW-06,7,1,5.58,120,57.08,26.42,9.64,0.296,False
BGW-06,7,2,5.58,120,55.49,25.81,9.59,0.315,False
BGW-06,7,3,5.58,120,58.05,30.07,11.33,0.069,False
BGW-06,7,4,5.58,120,54.96,29.68,11.58,0.245,False
BGW-06,7,5,5.58,120,57.91,28.42,10.26,0.142,False
BGW-06,7,6,5.58,120,57.05,25.79,10.23,0.342,False
BGW-06,7,7,5.58,120,58.46,28.88,11.35,0.16,False
BGW-06,7,8,5.58,120,58.42,26.99,10.52,0.139,False
BGW-06,7,9,5.58,120,54.65,28.78,10.79,0.304,False
BGW-06,7,10,5.58,120,53.65,28.09,11.18,0.227,False
BGW-06,7,11,5.58,120,53.42,30.97,11.43,0.234,False
BGW-06,7,12,5.58,120,54.63,29.0,11.49,0.085,False
BGW-06,7,13,5.58,120,57.18,29.96,11.15,0.234,False
BGW-06,7,14,5.58,120,53.69,29.62,11.35,0.0,False
BGW-06,7,15,5.58,120,54.59,29.41,10.72,0.304,False
BGW-06,7,16,5.58,120,54.19,26.01,10.2,0.15,False
BGW-06,7,17,5.58,120,53.45,28.13,10.74,0.173,False
BGW-06,7,18,5.58,120,55.57,30.06,11.43,0.34,False
BGW-06,7,19,5.58,120,53.96,30.83,11.82,0.0,False
BGW-06,7,20,5.58,120,56.04,30.14,11.48,0.266,False
BGW-06,7,21,5.58,120,56.39,27.76,10.32,0.184,False
BGW-06,7,22,5.58,120,58.52,31.32,12.41,0.0,False
BGW-06,7,23,5.58,120,56.05,30.19,11.74,0.173,False
BGW-06,7,24,5.58,120,58.35,29.37,10.64,0.36,False
BGW-06,7,25,5.58,120,57.68,28.92,10.54,0.0,False
BGW-06,7,26,5.58,120,56.53,30.7,11.17,0.101,False
BGW-06,7,27,5.58,120,53.78,31.52,11.57,0.0,False
BGW-06,7,28,5.58,120,53.02,33.45,12.63,0.099,False
BGW-06,7,29,5.58,120,56.09,30.97,11.85,0.22,False
BGW-06,7,30,5.58,120,57.69,33.08,12.39,0.141,False
BGW-06,7,31,5.58,120,56.91,30.59,11.1,0.135,False
BGW-06,7,32,5.58,120,56.73,32.96,11.93,0.0,False
BGW-06,7,33,5.58,120,58.3,32.42,12.71,0.208,False
BGW-06,7,34,5.58,120,53.26,33.89,12.44,0.105,False
BGW-06,7,35,5.58,120,53.47,32.84,12.0,0.0,False
BGW-06,7,36,5.58,120,56.96,37.92,15.03,0.264,False
BGW-06,7,37,5.58,120,57.71,35.76,13.05,0.286,False
BGW-06,7,38,5.58,120,55.67,34.61,13.03,0.144,False
BGW-06,7,39,5.58,120,55.95,32.97,12.17,0.248,False
BGW-06,7,40,5.58,120,55.54,35.44,13.56,0.076,False
BGW-06,7,41,5.58,120,56.18,35.03,13.25,0.171,False
BGW-06,7,42,5.58,120,56.16,32.08,11.84,0.104,False
BGW-06,7,43,5.58,120,53.81,34.27,13.66,0.145,False
BGW-06,7,44,5.58,120,54.08,34.41,13.22,0.127,False
BGW-06,7,45,5.58,120,58.31,35.56,13.67,0.185,False
BGW-06,7,46,5.58,120,58.36,37.72,15.03,0.241,False
BGW-06,7,47,5.58,120,56.1,34.41,13.14,0.004,False
BGW-06,7,48,5.58,120,57.49,36.18,14.14,0.039,False
BGW-06,7,49,5.58,120,56.52,37.6,14.79,0.218,False
BGW-06,7,50,5.58,120,56.08,36.59,14.01,0.23,False
BGW-06,7,51,5.58,120,53.03,37.47,13.59,0.129,False
BGW-06,7,52,5.58,120,56.79,37.85,14.0,0.216,False
BGW-06,7,53,5.58,120,58.16,38.06,14.34,0.078,False
BGW-06,7,54,5.58,120,57.26,38.9,14.1,0.136,False
BGW-06,7,55,5.58,120,55.33,36.47,14.53,0.124,False
BGW-06,7,56,5.58,120,53.14,38.75,14.37,0.191,False
BGW-06,7,57,5.58,120,54.72,39.72,14.79,0.059,False
BGW-06,7,58,5.58,120,54.11,40.22,14.75,0.0,False
BGW-06,7,59,5.58,120,54.64,39.99,15.89,0.234,False
BGW-06,7,60,5.58,120,53.42,40.26,15.38,0.137,False
BGW-06,7,61,5.58,120,52.99,39.8,15.43,0.249,False
BGW-06,7,62,5.58,120,58.41,37.13,14.2,0.177,False
BGW-06,7,63,5.58,120,58.22,37.71,14.62,0.201,False
BGW-06,7,64,5.58,120,57.78,41.92,15.28,0.226,False
BGW-06,7,65,5.58,120,55.58,39.57,14.51,0.086,False
BGW-06,7,66,5.58,120,55.55,38.77,15.31,0.058,False
BGW-06,7,67,5.58,120,56.93,39.34,15.15,0.223,False
BGW-06,7,68,5.58,120,53.66,41.65,15.88,0.133,False
BGW-06,7,69,5.58,120,56.8,42.72,15.95,0.092,False
BGW-06,7,70,5.58,120,57.89,39.45,14.5,0.161,False
BGW-06,7,71,5.58,120,55.61,42.97,16.04,0.032,False
BGW-06,7,72,5.58,120,54.2,39.27,14.44,0.212,False
BGW-06,7,73,5.58,120,55.28,39.83,15.02,0.111,False
BGW-06,7,74,5.58,120,57.83,37.3,14.19,0.16,False
BGW-06,7,75,5.58,120,57.92,39.92,15.32,0.228,False
BGW-06,7,76,5.58,120,55.48,38.17,14.49,0.254,False
BGW-06,7,77,5.58,120,58.33,42.65,16.91,0.037,False
BGW-06,7,78,5.58,120,57.21,42.18,16.81,0.208,False
BGW-06,7,79,5.58,120,56.64,40.37,14.63,0.022,False
BGW-06,7,80,5.58,120,53.09,39.14,14.84,2.411,False
BGW-06,7,81,5.58,120,54.82,39.51,14.92,0.019,False
BGW-06,7,82,5.58,120,54.62,37.2,13.58,2.288,False
BGW-06,7,83,5.58,120,54.3,39.49,15.07,0.372,False
BGW-06,7,84,5.58,120,53.7,35.14,13.31,2.029,False
BGW-06,7,85,5.58,120,57.03,40.98,14.97,0.14,False
BGW-06,7,86,5.58,120,56.01,39.52,15.39,0.0,False
BGW-06,7,87,5.58,120,56.54,41.16,15.63,0.092,False
BGW-06,7,88,5.58,120,54.85,41.77,16.04,0.164,False
BGW-06,7,89,5.58,120,57.66,42.27,16.13,0.079,False
BGW-07,1,0,3.67,86,37.43,29.13,10.57,0.103,False
BGW-07,1,1,3.67,86,36.29,25.19,9.84,0.129,False
BGW-07,1,2,3.67,86,35.45,26.73,10.11,0.051,False
BGW-07,1,3,3.67,86,37.55,27.42,10.22,0.2,False
BGW-07,1,4,3.67,86,37.58,27.93,10.09,0.12,False
BGW-07,1,5,3.67,86,36.86,29.15,10.92,0.117,False
BGW-07,1,6,3.67,86,36.64,28.38,10.64,0.212,False
BGW-07,1,7,3.67,86,38.05,30.06,11.53,0.019,False
BGW-07,1,8,3.67,86,37.7,30.0,11.53,0.255,False
BGW-07,1,9,3.67,86,35.79,26.6,10.25,0.0,False
BGW-07,1,10,3.67,86,37.5,28.96,11.13,0.286,False
BGW-07,1,11,3.67,86,37.94,29.91,11.45,0.163,False
BGW-07,1,12,3.67,86,36.45,29.64,11.38,0.065,False
BGW-07,1,13,3.67,86,38.34,27.73,11.06,0.0,False
BGW-07,1,14,3.67,86,38.44,30.69,11.74,0.0,False
BGW-07,1,15,3.67,86,36.88,31.33,12.19,0.183,False
BGW-07,1,16,3.67,86,37.66,31.09,11.86,0.255,False
BGW-07,1,17,3.67,86,38.35,28.46,10.4,0.218,False
BGW-07,1,18,3.67,86,37.21,27.7,10.34,0.101,False
BGW-07,1,19,3.67,86,37.17,30.73,11.24,0.272,False
BGW-07,1,20,3.67,86,35.74,29.83,10.87,0.241,False
BGW-07,1,21,3.67,86,36.42,31.09,11.46,0.306,False
BGW-07,1,22,3.67,86,35.88,28.99,10.88,0.018,False
BGW-07,1,23,3.67,86,37.51,30.02,11.57,0.182,False
BGW-07,1,24,3.67,86,35.49,27.88,10.72,0.272,False
BGW-07,1,25,3.67,86,38.24,32.67,12.47,0.159,False
BGW-07,1,26,3.67,86,37.27,28.5,11.2,0.281,False
BGW-07,1,27,3.67,86,35.9,31.89,11.74,0.055,False
BGW-07,1,28,3.67,86,36.32,33.28,13.13,0.265,False
BGW-07,1,29,3.67,86,37.23,29.82,11.47,0.125,False
BGW-07,1,30,3.67,86,34.91,29.25,10.95,0.053,False
BGW-07,1,31,3.67,86,35.92,29.19,11.36,0.077,False
BGW-07,1,32,3.67,86,37.02,30.99,11.37,0.178,False
BGW-07,1,33,3.67,86,37.63,32.25,11.78,0.246,False
BGW-07,1,34,3.67,86,36.45,30.25,11.33,0.113,False
BGW-07,1,35,3.67,86,38.39,31.63,11.86,0.23,False
BGW-07,1,36,3.67,86,36.93,31.09,11.7,0.123,False
BGW-07,1,37,3.67,86,36.38,30.98,11.28,0.168,False
BGW-07,1,38,3.67,86,38.41,32.9,12.64,0.089,False
BGW-07,1,39,3.67,86,38.38,33.1,12.18,0.06,False
BGW-07,1,40,3.67,86,38.37,32.88,11.91,0.012,False
BGW-07,1,41,3.67,86,36.54,32.51,12.71,0.112,False
BGW-07,1,42,3.67,86,38.22,34.53,12.67,0.07,False
BGW-07,1,43,3.67,86,37.04,31.62,12.08,0.228,False
BGW-07,1,44,3.67,86,38.2,34.25,13.33,0.228,False
BGW-07,1,45,3.67,86,38.09,31.91,11.52,0.195,False
BGW-07,1,46,3.67,86,36.41,33.67,13.29,0.0,False
BGW-07,1,47,3.67,86,37.24,33.46,13.03,0.0,False
BGW-07,1,48,3.67,86,35.74,36.15,13.33,0.154,False
BGW-07,1,49,3.67,86,38.43,34.82,13.79,0.242,False
BGW-07,1,50,3.67,86,35.31,35.93,14.01,0.194,False
BGW-07,1,51,3.67,86,35.13,30.96,11.53,0.241,False
BGW-07,1,52,3.67,86,37.75,36.13,14.33,0.057,False
BGW-07,1,53,3.67,86,37.27,32.3,12.6,0.09,False
BGW-07,1,54,3.67,86,35.61,35.82,14.0,0.087,False
BGW-07,1,55,3.67,86,35.37,32.98,13.11,0.171,False
BGW-07,1,56,3.67,86,36.81,33.09,13.03,0.059,False
BGW-07,1,57,3.67,86,38.02,35.45,13.08,0.0,False
BGW-07,1,58,3.67,86,36.5,38.64,14.63,0.048,False
BGW-07,1,59,3.67,86,37.86,38.06,14.71,0.0,False
BGW-07,1,60,3.67,86,34.86,37.07,14.48,0.21,False
BGW-07,1,61,3.67,86,38.02,39.17,14.35,0.212,False
BGW-07,1,62,3.67,86,35.64,39.35,14.97,0.167,False
BGW-07,1,63,3.67,86,37.35,37.03,14.51,0.178,False
BGW-07,1,64,3.67,86,36.17,38.29,14.93,0.261,False
BGW-07,1,65,3.67,86,37.76,37.37,14.54,0.214,False
BGW-07,1,66,3.67,86,36.48,36.19,13.35,0.104,False
BGW-07,1,67,3.67,86,36.68,40.39,14.96,0.053,False
BGW-07,1,68,3.67,86,35.39,37.16,14.54,0.071,False
BGW-07,1,69,3.67,86,35.89,35.86,13.17,0.092,False
BGW-07,1,70,3.67,86,34.92,36.41,14.46,0.115,False
BGW-07,1,71,3.67,86,37.04,38.99,14.11,0.396,False
BGW-07,1,72,3.67,86,37.43,35.88,13.33,0.196,False
BGW-07,1,73,3.67,86,35.2,39.51,14.68,0.154,False
BGW-07,1,74,3.67,86,36.52,39.2,14.66,0.0,False
BGW-07,1,75,3.67,86,35.65,37.43,14.13,0.191,False
BGW-07,1,76,3.67,86,38.15,36.72,13.4,0.013,False
BGW-07,1,77,3.67,86,38.4,36.91,13.94,0.021,False
BGW-07,1,78,3.67,86,35.62,37.42,14.4,0.0,False
BGW-07,1,79,3.67,86,35.26,36.94,14.72,0.02,False
BGW-07,1,80,3.67,86,37.7,38.05,15.08,0.238,False
BGW-07,1,81,3.67,86,37.77,40.2,14.73,0.0,False
BGW-07,1,82,3.67,86,35.1,37.14,14.48,0.112,False
BGW-07,1,83,3.67,86,35.78,39.51,15.69,0.082,False
BGW-07,1,84,3.67,86,35.39,39.1,14.96,0.361,False
BGW-07,1,85,3.67,86,34.88,36.31,13.47,0.187,False
BGW-07,1,86,3.67,86,35.99,38.47,14.57,0.0,False
BGW-07,1,87,3.67,86,38.01,40.58,14.86,0.239,False
BGW-07,1,88,3.67,86,36.89,38.25,14.51,0.108,False
BGW-07,1,89,3.67,86,36.57,40.16,15.5,0.0,False
BGW-07,2,0,6.45,120,67.23,29.64,10.74,0.115,False
BGW-07,2,1,6.45,120,67.63,25.76,9.73,0.234,False
BGW-07,2,2,6.45,120,64.16,31.26,11.67,0.046,False
BGW-07,2,3,6.45,120,64.84,30.58,11.26,0.167,False
BGW-07,2,4,6.45,120,62.39,28.51,10.64,0.096,False
BGW-07,2,5,6.45,120,65.99,29.07,10.91,0.226,False
BGW-07,2,6,6.45,120,61.45,28.4,10.85,0.063,False
BGW-07,2,7,6.45,120,65.39,28.09,11.06,0.04,False
BGW-07,2,8,6.45,120,65.98,26.32,9.8,0.207,False
BGW-07,2,9,6.45,120,67.47,27.51,10.75,0.202,False
BGW-07,2,10,6.45,120,61.32,29.07,11.16,0.244,False
BGW-07,2,11,6.45,120,67.09,28.08,10.66,0.161,False
BGW-07,2,12,6.45,120,63.33,27.3,10.05,0.392,False
BGW-07,2,13,6.45,120,63.69,30.0,11.28,0.01,False
BGW-07,2,14,6.45,120,65.96,27.81,10.71,0.143,False
BGW-07,2,15,6.45,120,67.5,28.04,10.18,0.186,False
BGW-07,2,16,6.45,120,65.36,29.28,11.26,0.004,False
BGW-07,2,17,6.45,120,65.69,31.46,12.37,0.29,False
BGW-07,2,18,6.45,120,64.79,30.34,11.13,0.109,False
BGW-07,2,19,6.45,120,62.78,29.89,11.41,0.197,False
BGW-07,2,20,6.45,120,66.48,31.57,12.28,0.038,False
BGW-07,2,21,6.45,120,61.49,32.17,12.8,0.081,False
BGW-07,2,22,6.45,120,64.68,29.5,11.07,0.04,False
BGW-07,2,23,6.45,120,61.67,30.2,12.0,0.159,False
BGW-07,2,24,6.45,120,65.98,30.51,11.39,0.057,False
BGW-07,2,25,6.45,120,64.95,33.03,12.09,0.112,False
BGW-07,2,26,6.45,120,67.48,29.73,11.44,0.149,False
BGW-07,2,27,6.45,120,63.57,29.89,10.83,0.174,False
BGW-07,2,28,6.45,120,61.77,31.48,12.35,0.097,False
BGW-07,2,29,6.45,120,62.68,30.5,11.48,0.045,False
BGW-07,2,30,6.45,120,67.61,31.61,11.76,0.0,False
BGW-07,2,31,6.45,120,65.53,31.77,11.88,0.133,False
BGW-07,2,32,6.45,120,62.32,31.39,11.66,0.174,False
BGW-07,2,33,6.45,120,63.76,32.19,12.08,0.252,False
BGW-07,2,34,6.45,120,62.64,32.96,12.71,0.15,False
BGW-07,2,35,6.45,120,64.8,32.92,12.56,0.14,False
BGW-07,2,36,6.45,120,64.57,31.53,11.82,0.006,False
BGW-07,2,37,6.45,120,61.92,32.76,12.78,0.204,False
BGW-07,2,38,6.45,120,64.13,33.39,12.47,0.171,False
BGW-07,2,39,6.45,120,64.5,31.8,12.51,0.236,False
BGW-07,2,40,6.45,120,66.59,34.56,13.59,0.169,False
BGW-07,2,41,6.45,120,61.56,32.9,12.47,0.335,False
BGW-07,2,42,6.45,120,62.29,35.25,14.0,0.111,False
BGW-07,2,43,6.45,120,61.73,35.64,13.73,0.148,False
BGW-07,2,44,6.45,120,61.92,33.42,12.35,0.042,False
BGW-07,2,45,6.45,120,66.5,32.6,12.02,0.096,False
BGW-07,2,46,6.45,120,63.65,34.38,13.39,0.128,False
BGW-07,2,47,6.45,120,67.12,36.78,14.56,0.223,False
BGW-07,2,48,6.45,120,65.79,34.26,12.42,0.09,False
BGW-07,2,49,6.45,120,63.13,37.96,14.77,0.17,False
BGW-07,2,50,6.45,120,63.89,34.03,12.33,0.198,False
BGW-07,2,51,6.45,120,61.71,36.26,13.2,0.17,False
BGW-07,2,52,6.45,120,63.44,37.04,14.24,0.17,False
BGW-07,2,53,6.45,120,64.69,37.29,13.88,0.112,False
BGW-07,2,54,6.45,120,64.24,35.58,14.19,0.009,False
BGW-07,2,55,6.45,120,67.13,35.03,13.81,0.0,False
BGW-07,2,56,6.45,120,63.61,36.23,14.31,0.312,False
BGW-07,2,57,6.45,120,65.22,37.8,14.47,0.032,False
BGW-07,2,58,6.45,120,63.17,36.68,13.58,0.05,False
BGW-07,2,59,6.45,120,62.47,36.24,13.16,0.0,False
BGW-07,2,60,6.45,120,63.44,38.68,14.49,0.073,False
BGW-07,2,61,6.45,120,64.82,38.33,13.85,0.015,False
BGW-07,2,62,6.45,120,65.65,36.86,13.95,0.0,False
BGW-07,2,63,6.45,120,62.43,37.07,14.17,0.006,False
BGW-07,2,64,6.45,120,63.57,35.95,13.26,0.107,False
BGW-07,2,65,6.45,120,64.04,36.09,13.38,0.064,False
BGW-07,2,66,6.45,120,65.81,40.4,14.66,0.078,False
BGW-07,2,67,6.45,120,66.89,35.91,13.64,0.124,False
BGW-07,2,68,6.45,120,63.14,37.91,15.06,0.239,False
BGW-07,2,69,6.45,120,66.07,37.19,13.5,0.032,False
BGW-07,2,70,6.45,120,61.61,38.76,15.07,0.218,False
BGW-07,2,71,6.45,120,63.32,38.95,14.45,0.184,False
BGW-07,2,72,6.45,120,63.48,41.21,14.91,0.03,False
BGW-07,2,73,6.45,120,66.56,39.4,15.13,0.023,False
BGW-07,2,74,6.45,120,63.42,39.7,14.52,0.156,False
BGW-07,2,75,6.45,120,67.29,39.1,14.94,0.245,False
BGW-07,2,76,6.45,120,66.03,39.92,15.41,0.129,False
BGW-07,2,77,6.45,120,66.3,38.41,14.69,0.196,False
BGW-07,2,78,6.45,120,62.77,42.06,16.1,0.244,False
BGW-07,2,79,6.45,120,63.33,40.37,14.84,0.163,False
BGW-07,2,80,6.45,120,61.42,39.93,15.22,0.039,False
BGW-07,2,81,6.45,120,61.41,38.99,14.51,0.215,False
BGW-07,2,82,6.45,120,66.01,39.24,14.35,0.097,False
BGW-07,2,83,6.45,120,62.06,37.6,15.0,0.191,False
BGW-07,2,84,6.45,120,64.88,43.16,17.14,0.279,False
BGW-07,2,85,6.45,120,67.25,41.54,15.55,0.223,False
BGW-07,2,86,6.45,120,62.25,42.53,16.32,0.0,False
BGW-07,2,87,6.45,120,65.17,38.11,13.81,0.087,False
BGW-07,2,88,6.45,120,65.59,40.86,15.53,0.095,False
BGW-07,2,89,6.45,120,66.38,40.63,15.64,0.313,False
BGW-07,3,0,4.57,120,47.41,28.77,11.0,0.099,False
BGW-07,3,1,4.57,120,43.99,27.28,9.93,0.099,False
BGW-07,3,2,4.57,120,44.43,25.74,9.72,0.268,False
BGW-07,3,3,4.57,120,46.04,29.05,11.09,0.054,False
BGW-07,3,4,4.57,120,44.07,29.26,11.31,0.0,False
BGW-07,3,5,4.57,120,44.46,28.88,10.96,0.0,False
BGW-07,3,6,4.57,120,46.68,30.42,11.49,0.294,False
BGW-07,3,7,4.57,120,47.39,29.23,11.42,0.101,False
BGW-07,3,8,4.57,120,45.47,27.78,11.07,0.088,False
BGW-07,3,9,4.57,120,46.8,28.2,11.21,0.142,False
BGW-07,3,10,4.57,120,44.3,27.79,10.4,0.0,False
BGW-07,3,11,4.57,120,44.46,29.47,10.83,0.145,False
BGW-07,3,12,4.57,120,44.2,28.56,11.01,0.142,False
BGW-07,3,13,4.57,120,44.35,24.75,9.36,0.143,False
BGW-07,3,14,4.57,120,47.67,29.85,11.35,0.252,False
BGW-07,3,15,4.57,120,46.34,27.23,10.53,0.141,False
BGW-07,3,16,4.57,120,46.65,28.75,10.57,0.202,False
BGW-07,3,17,4.57,120,45.35,27.14,9.9,0.192,False
BGW-07,3,18,4.57,120,43.67,32.39,11.86,0.207,False
BGW-07,3,19,4.57,120,46.54,31.95,11.96,0.181,False
BGW-07,3,20,4.57,120,43.86,30.2,11.89,0.127,False
BGW-07,3,21,4.57,120,47.84,30.19,11.2,0.087,False
BGW-07,3,22,4.57,120,46.38,30.31,11.91,0.301,False
BGW-07,3,23,4.57,120,47.37,35.63,13.33,0.1,False
BGW-07,3,24,4.57,120,44.26,31.62,12.09,0.074,False
BGW-07,3,25,4.57,120,46.25,29.93,10.87,0.027,False
BGW-07,3,26,4.57,120,47.4,33.21,12.77,0.059,False
BGW-07,3,27,4.57,120,45.4,29.14,10.91,0.0,False
BGW-07,3,28,4.57,120,47.28,30.6,11.09,0.145,False
BGW-07,3,29,4.57,120,47.24,28.63,11.04,0.0,False
BGW-07,3,30,4.57,120,44.8,29.78,11.11,0.0,False
BGW-07,3,31,4.57,120,44.95,28.98,10.77,0.014,False
BGW-07,3,32,4.57,120,47.87,29.69,10.77,0.28,False
BGW-07,3,33,4.57,120,46.38,30.49,11.78,0.249,False
BGW-07,3,34,4.57,120,44.75,31.51,11.39,0.019,False
BGW-07,3,35,4.57,120,45.14,31.44,11.6,0.047,False
BGW-07,3,36,4.57,120,46.61,33.12,12.66,0.032,False
BGW-07,3,37,4.57,120,45.64,33.73,12.55,0.0,False
BGW-07,3,38,4.57,120,46.15,31.48,11.83,0.173,False
BGW-07,3,39,4.57,120,45.86,33.05,12.62,0.163,False
BGW-07,3,40,4.57,120,45.3,33.72,13.09,0.078,False
BGW-07,3,41,4.57,120,45.99,32.14,12.31,0.231,False
BGW-07,3,42,4.57,120,46.23,30.56,11.67,0.18,False
BGW-07,3,43,4.57,120,46.93,33.21,12.98,0.185,False
BGW-07,3,44,4.57,120,47.96,32.16,12.72,0.292,False
BGW-07,3,45,4.57,120,46.41,37.51,14.26,0.251,False
BGW-07,3,46,4.57,120,46.69,36.6,14.27,0.273,False
BGW-07,3,47,4.57,120,46.63,35.56,14.17,0.157,False
BGW-07,3,48,4.57,120,46.44,36.41,13.52,0.0,False
BGW-07,3,49,4.57,120,46.54,34.59,12.71,0.126,False
BGW-07,3,50,4.57,120,47.26,33.18,12.0,0.0,False
BGW-07,3,51,4.57,120,45.63,35.0,13.32,0.123,False
BGW-07,3,52,4.57,120,44.53,36.98,14.46,0.09,False
BGW-07,3,53,4.57,120,47.7,39.19,15.18,0.0,False
BGW-07,3,54,4.57,120,45.54,39.23,14.75,0.148,False
BGW-07,3,55,4.57,120,44.02,37.71,14.96,0.36,False
BGW-07,3,56,4.57,120,43.54,37.24,14.79,0.244,False
BGW-07,3,57,4.57,120,43.71,36.81,14.61,0.035,False
BGW-07,3,58,4.57,120,45.38,36.26,13.26,0.337,False
BGW-07,3,59,4.57,120,43.53,37.9,13.92,0.143,False
BGW-07,3,60,4.57,120,46.09,39.04,14.66,0.241,False
BGW-07,3,61,4.57,120,47.66,36.45,13.28,0.16,False
BGW-07,3,62,4.57,120,46.2,40.12,15.39,0.037,False
BGW-07,3,63,4.57,120,44.51,36.61,14.25,0.176,False
BGW-07,3,64,4.57,120,46.16,40.05,15.34,0.113,False
BGW-07,3,65,4.57,120,44.0,38.79,15.37,0.129,False
BGW-07,3,66,4.57,120,43.69,38.45,14.54,0.079,False
BGW-07,3,67,4.57,120,46.45,37.67,13.82,0.032,False
BGW-07,3,68,4.57,120,46.36,36.93,13.81,0.127,False
BGW-07,3,69,4.57,120,44.45,39.72,15.02,0.035,False
BGW-07,3,70,4.57,120,46.78,36.77,14.53,0.197,False
BGW-07,3,71,4.57,120,46.38,36.3,13.98,0.191,False
BGW-07,3,72,4.57,120,44.55,35.9,13.53,0.102,False
BGW-07,3,73,4.57,120,43.94,38.45,14.62,0.276,False
BGW-07,3,74,4.57,120,46.9,36.37,13.43,0.208,False
BGW-07,3,75,4.57,120,47.74,38.29,14.07,0.008,False
BGW-07,3,76,4.57,120,44.12,39.97,14.83,0.142,False
BGW-07,3,77,4.57,120,45.27,34.83,13.61,2.352,False
BGW-07,3,78,4.57,120,47.33,41.24,16.21,0.326,False
BGW-07,3,79,4.57,120,43.8,41.24,16.01,0.049,False
BGW-07,3,80,4.57,120,45.3,39.55,15.41,0.113,False
BGW-07,3,81,4.57,120,46.72,36.39,13.25,2.546,False
BGW-07,3,82,4.57,120,45.84,39.23,14.59,0.166,False
BGW-07,3,83,4.57,120,43.83,42.15,15.29,0.046,False
BGW-07,3,84,4.57,120,47.64,41.38,16.18,0.158,False
BGW-07,3,85,4.57,120,45.38,39.11,14.87,0.183,False
BGW-07,3,86,4.57,120,45.73,39.78,14.79,0.266,False
BGW-07,3,87,4.57,120,44.47,39.49,14.41,0.141,False
BGW-07,3,88,4.57,120,47.08,38.28,13.98,0.197,False
BGW-07,3,89,4.57,120,44.32,41.09,15.8,0.0,False
BGW-07,4,0,6.39,144,62.66,28.4,10.84,0.225,False
BGW-07,4,1,6.39,144,61.29,28.53,11.07,0.292,False
BGW-07,4,2,6.39,144,60.88,26.92,9.94,0.166,False
BGW-07,4,3,6.39,144,64.32,28.25,10.39,0.268,False
BGW-07,4,4,6.39,144,66.01,27.06,10.66,0.237,False
BGW-07,4,5,6.39,144,66.0,28.87,11.16,0.409,False
BGW-07,4,6,6.39,144,61.36,29.11,11.36,0.043,False
BGW-07,4,7,6.39,144,61.19,27.31,10.57,0.003,False
BGW-07,4,8,6.39,144,62.85,28.54,10.39,0.288,False
BGW-07,4,9,6.39,144,66.88,29.5,11.72,0.218,False
BGW-07,4,10,6.39,144,61.48,29.31,10.96,0.019,False
BGW-07,4,11,6.39,144,63.78,29.44,11.34,0.153,False
BGW-07,4,12,6.39,144,63.96,29.89,11.13,0.306,False
BGW-07,4,13,6.39,144,61.92,29.53,10.99,0.219,False
BGW-07,4,14,6.39,144,64.86,30.21,11.76,0.171,False
BGW-07,4,15,6.39,144,61.89,33.57,13.15,0.084,False
BGW-07,4,16,6.39,144,66.54,30.28,11.1,0.163,False
BGW-07,4,17,6.39,144,67.08,28.04,11.15,0.222,False
BGW-07,4,18,6.39,144,66.48,31.27,11.56,0.142,False
BGW-07,4,19,6.39,144,63.45,32.17,12.46,0.207,False
BGW-07,4,20,6.39,144,65.44,37.73,14.12,0.165,False
BGW-07,4,21,6.39,144,66.06,33.54,12.3,0.125,False
BGW-07,4,22,6.39,144,64.48,35.15,13.09,0.147,False
BGW-07,4,23,6.39,144,62.64,31.18,12.02,0.159,False
BGW-07,4,24,6.39,144,61.27,34.88,13.39,0.052,False
BGW-07,4,25,6.39,144,65.74,31.88,11.74,0.14,False
BGW-07,4,26,6.39,144,63.4,33.6,13.19,0.192,False
BGW-07,4,27,6.39,144,62.69,35.32,12.78,0.098,False
BGW-07,4,28,6.39,144,66.92,34.72,13.12,0.121,False
BGW-07,4,29,6.39,144,64.12,36.34,13.28,0.175,False
BGW-07,4,30,6.39,144,65.89,37.16,14.79,0.261,False
BGW-07,4,31,6.39,144,66.41,34.62,12.82,0.139,False
BGW-07,4,32,6.39,144,63.94,33.3,12.37,0.422,False
BGW-07,4,33,6.39,144,63.56,34.41,12.71,0.171,False
BGW-07,4,34,6.39,144,61.78,37.1,13.9,0.008,False
BGW-07,4,35,6.39,144,65.52,38.88,14.36,0.114,False
BGW-07,4,36,6.39,144,66.65,33.09,13.17,0.107,False
BGW-07,4,37,6.39,144,66.82,35.22,14.04,0.247,False
BGW-07,4,38,6.39,144,61.95,37.65,14.31,0.204,False
BGW-07,4,39,6.39,144,62.6,37.51,14.6,0.264,False
BGW-07,4,40,6.39,144,64.19,39.0,14.47,0.259,False
BGW-07,4,41,6.39,144,67.02,39.31,15.68,0.0,False
BGW-07,4,42,6.39,144,65.51,41.98,16.6,0.217,False
BGW-07,4,43,6.39,144,66.69,36.26,14.17,0.27,False
BGW-07,4,44,6.39,144,61.72,37.56,14.75,0.124,False
BGW-07,4,45,6.39,144,61.01,37.71,14.08,0.259,False
BGW-07,4,46,6.39,144,65.83,38.91,14.38,0.155,False
BGW-07,4,47,6.39,144,65.83,39.29,14.61,0.24,False
BGW-07,4,48,6.39,144,61.82,38.12,14.47,0.194,False
BGW-07,4,49,6.39,144,66.83,38.94,14.35,0.137,False
BGW-07,4,50,6.39,144,63.64,40.08,15.3,0.149,False
BGW-07,4,51,6.39,144,66.88,39.33,14.42,0.175,False
BGW-07,4,52,6.39,144,63.33,38.08,14.31,0.379,False
BGW-07,4,53,6.39,144,65.35,39.3,15.34,0.162,False
BGW-07,4,54,6.39,144,63.29,40.62,15.27,0.174,False
BGW-07,4,55,6.39,144,65.54,41.55,16.18,0.053,False
BGW-07,4,56,6.39,144,61.27,40.29,15.59,0.241,False
BGW-07,4,57,6.39,144,62.51,40.21,15.95,0.0,False
BGW-07,4,58,6.39,144,60.73,36.18,13.09,2.359,False
BGW-07,4,59,6.39,144,62.42,36.03,14.24,2.569,False
BGW-07,4,60,6.39,144,63.16,40.52,15.98,0.233,False
BGW-07,4,61,6.39,144,61.05,42.38,15.87,0.331,False
BGW-07,4,62,6.39,144,62.37,41.35,16.34,0.153,False
BGW-07,4,63,6.39,144,65.21,39.8,14.63,0.022,False
BGW-07,4,64,6.39,144,64.03,36.74,13.82,2.338,False
BGW-07,4,65,6.39,144,66.55,39.87,14.67,0.069,False
BGW-07,4,66,6.39,144,66.13,37.18,14.23,2.372,False
BGW-07,4,67,6.39,144,62.04,44.31,16.17,0.136,False
BGW-07,4,68,6.39,144,64.61,34.84,13.77,2.441,False
BGW-07,4,69,6.39,144,66.49,37.28,14.14,2.362,False
BGW-07,4,70,6.39,144,62.92,34.12,12.69,2.244,False
BGW-07,4,71,6.39,144,61.68,39.83,15.67,0.0,False
BGW-07,4,72,6.39,144,66.76,40.62,15.57,0.262,False
BGW-07,4,73,6.39,144,62.55,34.56,12.66,2.369,False
BGW-07,4,74,6.39,144,64.85,35.44,13.81,2.336,False
BGW-07,4,75,6.39,144,62.9,35.37,14.05,2.425,False
BGW-07,4,76,6.39,144,63.84,35.32,13.79,2.378,False
BGW-07,4,77,6.39,144,65.23,42.42,15.48,0.173,False
BGW-07,4,78,6.39,144,63.92,37.77,14.31,2.236,False
BGW-07,4,79,6.39,144,62.32,33.74,13.05,2.437,False
BGW-07,4,80,6.39,144,64.82,34.03,12.65,2.349,False
BGW-07,4,81,6.39,144,61.96,34.78,13.12,2.161,False
BGW-07,4,82,6.39,144,63.91,36.89,13.86,2.348,False
BGW-07,4,83,6.39,144,66.45,38.67,14.24,2.327,False
BGW-07,4,84,5.48,144,53.43,35.92,14.25,2.359,False
BGW-07,4,85,5.48,144,57.32,41.11,15.5,0.131,True
BGW-07,4,86,5.48,144,54.54,36.89,14.36,2.465,False
BGW-07,4,87,5.48,144,52.43,33.56,12.89,2.344,False
BGW-07,4,88,5.48,144,56.5,34.45,13.69,2.345,False
BGW-07,4,89,5.48,144,53.24,37.77,14.17,2.25,False
BGW-07,5,0,6.06,86,63.25,25.89,9.39,0.231,False
BGW-07,5,1,6.06,86,59.27,29.41,11.66,0.114,False
BGW-07,5,2,6.06,86,60.28,29.51,11.59,0.184,False
BGW-07,5,3,6.06,86,58.48,28.94,11.09,0.119,False
BGW-07,5,4,6.06,86,61.92,29.95,11.22,0.106,False
BGW-07,5,5,6.06,86,59.47,27.62,10.42,0.184,False
BGW-07,5,6,6.06,86,61.32,30.01,10.99,0.0,False
BGW-07,5,7,6.06,86,63.0,30.65,12.2,0.198,False
BGW-07,5,8,6.06,86,59.34,27.42,10.17,0.426,False
BGW-07,5,9,6.06,86,58.96,27.27,10.14,0.119,False
BGW-07,5,10,6.06,86,61.72,26.77,10.1,0.113,False
BGW-07,5,11,6.06,86,60.96,29.55,11.52,0.102,False
BGW-07,5,12,6.06,86,58.12,30.95,11.94,0.034,False
BGW-07,5,13,6.06,86,60.79,29.29,10.77,0.058,False
BGW-07,5,14,6.06,86,60.7,30.41,11.22,0.0,False
BGW-07,5,15,6.06,86,60.66,33.26,12.54,0.017,False
BGW-07,5,16,6.06,86,62.43,29.53,11.4,0.0,False
BGW-07,5,17,6.06,86,57.71,33.14,12.65,0.176,False
BGW-07,5,18,6.06,86,59.1,32.2,11.89,0.256,False
BGW-07,5,19,6.06,86,60.7,32.21,11.65,0.159,False
BGW-07,5,20,6.06,86,61.86,34.06,12.78,0.208,False
BGW-07,5,21,6.06,86,60.46,35.03,12.88,0.245,False
BGW-07,5,22,6.06,86,61.67,34.54,13.54,0.228,False
BGW-07,5,23,6.06,86,58.03,35.54,13.42,0.198,False
BGW-07,5,24,6.06,86,60.1,37.33,14.39,0.315,False
BGW-07,5,25,6.06,86,62.08,36.01,13.18,0.22,False
BGW-07,5,26,6.06,86,63.58,36.21,14.02,0.09,False
BGW-07,5,27,6.06,86,60.86,37.49,13.85,0.0,False
BGW-07,5,28,6.06,86,63.49,36.76,13.42,0.013,False
BGW-07,5,29,6.06,86,62.93,36.42,13.74,0.224,False
BGW-07,5,30,6.06,86,59.18,35.82,13.99,0.225,False
BGW-07,5,31,6.06,86,61.04,39.9,15.84,0.236,False
BGW-07,5,32,6.06,86,59.44,40.2,14.79,0.166,False
BGW-07,5,33,6.06,86,59.83,40.95,15.5,0.145,False
BGW-07,5,34,6.06,86,62.42,38.57,14.63,0.003,False
BGW-07,5,35,6.06,86,59.69,38.94,14.22,0.032,False
BGW-07,5,36,6.06,86,62.97,39.42,14.6,0.237,False
BGW-07,5,37,6.06,86,59.91,37.38,14.16,0.184,False
BGW-07,5,38,6.06,86,58.14,39.2,15.56,0.247,False
BGW-07,5,39,6.06,86,63.13,40.79,14.81,0.224,False
BGW-07,5,40,6.06,86,62.04,38.3,15.02,0.248,False
BGW-07,5,41,6.06,86,59.74,40.95,15.2,0.339,False
BGW-07,5,42,6.06,86,58.31,42.2,15.57,0.114,False
BGW-07,5,43,6.06,86,58.81,38.8,15.1,0.052,False
BGW-07,5,44,6.06,86,61.04,35.01,13.41,2.319,False
BGW-07,5,45,6.06,86,59.03,39.27,14.88,0.065,False
BGW-07,5,46,6.06,86,59.88,43.12,16.14,0.078,False
BGW-07,5,47,6.06,86,61.52,39.95,15.4,0.176,False
BGW-07,5,48,6.06,86,58.56,38.3,14.37,0.347,False
BGW-07,5,49,6.06,86,57.96,39.42,15.58,0.189,False
BGW-07,5,50,6.06,86,62.13,40.8,15.08,0.145,False
BGW-07,5,51,6.06,86,62.39,41.02,14.87,0.275,False
BGW-07,5,52,6.06,86,61.34,35.48,13.04,2.271,False
BGW-07,5,53,6.06,86,58.8,33.97,12.47,2.502,False
BGW-07,5,54,6.06,86,63.09,38.4,15.1,0.15,False
BGW-07,5,55,6.06,86,63.14,34.63,13.24,2.511,False
BGW-07,5,56,6.06,86,62.46,33.78,13.08,2.387,False
BGW-07,5,57,6.06,86,61.84,34.15,13.17,2.356,False
BGW-07,5,58,6.06,86,60.23,36.64,14.36,2.374,False
BGW-07,5,59,6.06,86,62.66,37.18,13.92,2.399,False
BGW-07,5,60,6.06,86,62.91,39.46,15.46,0.243,False
BGW-07,5,61,6.06,86,62.87,35.34,13.26,2.496,False
BGW-07,5,62,6.06,86,58.09,34.99,13.6,2.407,False
BGW-07,5,63,6.06,86,61.88,34.65,13.59,2.512,False
BGW-07,5,64,6.06,86,62.35,36.68,13.98,2.42,False
BGW-07,5,65,6.06,86,60.5,39.67,14.63,0.0,False
BGW-07,5,66,6.06,86,62.38,38.37,14.58,2.412,False
BGW-07,5,67,6.06,86,61.82,40.65,16.14,0.101,False
BGW-07,5,68,6.06,86,57.88,35.38,13.28,2.391,False
BGW-07,5,69,6.06,86,60.33,35.85,13.02,2.372,False
BGW-07,5,70,6.06,86,60.33,35.71,12.98,2.286,False
BGW-07,5,71,6.06,86,63.36,35.82,14.19,2.476,False
BGW-07,5,72,6.06,86,58.43,36.08,13.31,2.412,False
BGW-07,5,73,6.06,86,60.85,35.77,13.91,2.296,False
BGW-07,5,74,6.06,86,58.01,34.04,13.29,2.194,False
BGW-07,5,75,6.06,86,62.88,37.33,13.87,2.375,False
BGW-07,5,76,6.06,86,61.43,35.23,14.03,2.533,False
BGW-07,5,77,6.06,86,57.96,42.02,16.66,0.055,False
BGW-07,5,78,6.06,86,58.05,34.65,12.9,2.388,False
BGW-07,5,79,6.06,86,59.25,35.31,12.84,2.434,False
BGW-07,5,80,6.06,86,62.43,33.57,13.36,2.337,False
BGW-07,5,81,6.06,86,63.25,33.27,12.49,2.309,False
BGW-07,5,82,6.06,86,61.68,35.73,14.06,2.415,False
BGW-07,5,83,5.21,86,50.46,33.97,12.45,2.432,False
BGW-07,5,84,5.21,86,52.72,37.59,14.36,2.492,False
BGW-07,5,85,5.21,86,53.03,41.39,15.04,0.128,True
BGW-07,5,86,5.21,86,50.87,34.3,13.19,2.489,False
BGW-07,5,87,5.21,86,51.1,40.29,14.72,0.0,True
BGW-07,5,88,5.21,86,49.5,34.88,13.47,2.391,False
BGW-07,5,89,5.21,86,52.89,35.48,13.74,2.415,False
BGW-07,6,0,5.28,86,50.73,28.18,10.66,0.077,False
BGW-07,6,1,5.28,86,53.7,29.86,11.41,0.217,False
BGW-07,6,2,5.28,86,51.25,30.08,10.96,0.151,False
BGW-07,6,3,5.28,86,50.69,29.46,11.13,0.091,False
BGW-07,6,4,5.28,86,50.64,30.02,11.92,0.167,False
BGW-07,6,5,5.28,86,54.88,28.95,11.48,0.146,False
BGW-07,6,6,5.28,86,53.74,27.69,10.96,0.096,False
BGW-07,6,7,5.28,86,51.95,28.24,10.9,0.226,False
BGW-07,6,8,5.28,86,52.91,29.25,11.41,0.14,False
BGW-07,6,9,5.28,86,51.3,30.17,11.86,0.123,False
BGW-07,6,10,5.28,86,53.49,29.15,11.57,0.0,False
BGW-07,6,11,5.28,86,53.46,29.91,11.4,0.285,False
BGW-07,6,12,5.28,86,52.25,30.37,11.74,0.184,False
BGW-07,6,13,5.28,86,50.42,33.46,12.83,0.056,False
BGW-07,6,14,5.28,86,54.85,31.66,12.28,0.196,False
BGW-07,6,15,5.28,86,51.79,31.03,12.26,0.272,False
BGW-07,6,16,5.28,86,53.62,31.58,11.42,0.157,False
BGW-07,6,17,5.28,86,53.06,31.8,11.8,0.109,False
BGW-07,6,18,5.28,86,51.1,34.99,13.91,0.0,False
BGW-07,6,19,5.28,86,53.56,34.39,12.6,0.311,False
BGW-07,6,20,5.28,86,54.09,34.01,12.43,0.29,False
BGW-07,6,21,5.28,86,53.81,31.51,11.66,0.169,False
BGW-07,6,22,5.28,86,51.92,34.36,13.17,0.089,False
BGW-07,6,23,5.28,86,54.62,34.21,12.53,0.207,False
BGW-07,6,24,5.28,86,55.23,34.95,13.23,0.18,False
BGW-07,6,25,5.28,86,50.16,32.71,12.07,0.325,False
BGW-07,6,26,5.28,86,55.0,34.91,13.06,0.195,False
BGW-07,6,27,5.28,86,53.83,38.95,14.68,0.026,False
BGW-07,6,28,5.28,86,53.49,36.63,13.43,0.15,False
BGW-07,6,29,5.28,86,54.98,38.54,14.01,0.214,False
BGW-07,6,30,5.28,86,54.66,37.78,13.92,0.163,False
BGW-07,6,31,5.28,86,50.7,34.4,12.86,0.147,False
BGW-07,6,32,5.28,86,52.82,35.2,13.01,0.294,False
BGW-07,6,33,5.28,86,51.22,39.31,14.88,0.054,False
BGW-07,6,34,5.28,86,54.43,38.72,14.87,0.27,False
BGW-07,6,35,5.28,86,54.87,36.14,13.72,0.36,False
BGW-07,6,36,5.28,86,52.89,39.22,14.4,0.164,False
BGW-07,6,37,5.28,86,52.08,40.52,14.84,0.056,False
BGW-07,6,38,5.28,86,50.29,39.81,14.68,0.377,False
BGW-07,6,39,5.28,86,52.26,40.81,14.95,0.283,False
BGW-07,6,40,5.28,86,54.11,41.21,16.14,0.0,False
BGW-07,6,41,5.28,86,52.93,38.8,14.78,0.156,False
BGW-07,6,42,5.28,86,50.99,39.6,14.6,0.251,False
BGW-07,6,43,5.28,86,53.36,40.3,14.74,0.143,False
BGW-07,6,44,5.28,86,52.78,40.38,15.75,0.029,False
BGW-07,6,45,5.28,86,51.87,39.66,14.39,0.058,False
BGW-07,6,46,5.28,86,51.52,41.64,15.24,0.05,False
BGW-07,6,47,5.28,86,50.21,40.79,15.12,0.258,False
BGW-07,6,48,5.28,86,55.24,40.43,14.95,0.328,False
BGW-07,6,49,5.28,86,53.45,41.07,16.11,0.243,False
BGW-07,6,50,5.28,86,50.19,34.75,13.26,2.302,False
BGW-07,6,51,5.28,86,54.37,38.88,15.07,0.126,False
BGW-07,6,52,5.28,86,51.63,40.8,14.76,0.159,False
BGW-07,6,53,5.28,86,53.97,35.09,12.79,2.188,False
BGW-07,6,54,5.28,86,54.41,40.72,15.97,0.155,False
BGW-07,6,55,5.28,86,53.79,33.34,12.1,2.485,False
BGW-07,6,56,5.28,86,53.13,40.3,14.82,0.236,False
BGW-07,6,57,5.28,86,51.32,35.66,12.88,2.215,False
BGW-07,6,58,5.28,86,53.39,35.37,12.9,2.308,False
BGW-07,6,59,5.28,86,52.54,42.6,15.74,0.075,False
BGW-07,6,60,5.28,86,53.96,36.61,13.53,2.343,False
BGW-07,6,61,5.28,86,51.49,40.72,15.89,0.202,False
BGW-07,6,62,5.28,86,53.49,41.98,15.69,0.215,False
BGW-07,6,63,5.28,86,52.63,34.47,12.94,2.402,False
BGW-07,6,64,5.28,86,51.52,35.99,13.78,2.372,False
BGW-07,6,65,5.28,86,52.31,35.71,14.17,2.272,False
BGW-07,6,66,5.28,86,50.32,39.06,14.24,0.074,False
BGW-07,6,67,5.28,86,54.55,35.64,14.11,2.267,False
BGW-07,6,68,5.28,86,53.52,37.45,13.63,2.318,False
BGW-07,6,69,5.28,86,50.22,35.54,13.28,2.373,False
BGW-07,6,70,5.28,86,53.3,33.7,12.61,2.291,False
BGW-07,6,71,5.28,86,53.42,35.24,13.79,2.408,False
BGW-07,6,72,5.28,86,54.31,35.59,14.14,2.237,False
BGW-07,6,73,5.28,86,51.35,39.89,15.49,0.154,False
BGW-07,6,74,5.28,86,51.52,37.18,14.57,2.316,False
BGW-07,6,75,5.28,86,50.44,40.1,15.82,0.174,False
BGW-07,6,76,5.28,86,51.29,35.48,14.07,2.287,False
BGW-07,6,77,5.28,86,55.11,34.66,13.75,2.335,False
BGW-07,6,78,5.28,86,55.31,36.52,13.53,2.251,False
BGW-07,6,79,5.28,86,54.09,36.53,13.93,2.288,False
BGW-07,6,80,5.28,86,54.67,34.72,13.3,2.246,False
BGW-07,6,81,4.31,86,41.43,33.98,13.06,2.273,False
BGW-07,6,82,4.31,86,43.8,33.97,12.3,2.351,False
BGW-07,6,83,4.31,86,43.03,36.17,13.85,2.207,False
BGW-07,6,84,4.31,86,42.96,36.63,14.1,2.533,False
BGW-07,6,85,4.31,86,41.8,34.47,13.73,2.464,False
BGW-07,6,86,4.31,86,42.92,32.8,11.9,2.371,False
BGW-07,6,87,4.31,86,44.28,37.35,14.75,2.237,False
BGW-07,6,88,4.31,86,43.22,38.17,14.95,2.427,False
BGW-07,6,89,4.31,86,43.66,35.35,13.6,2.217,False
BGW-07,7,0,5.13,100,53.13,28.27,10.48,0.274,False
BGW-07,7,1,5.13,100,53.46,27.68,10.86,0.0,False
BGW-07,7,2,5.13,100,53.25,30.59,12.16,0.359,False
BGW-07,7,3,5.13,100,51.66,27.63,10.93,0.0,False
BGW-07,7,4,5.13,100,51.25,27.19,9.96,0.197,False
BGW-07,7,5,5.13,100,48.88,28.73,10.87,0.183,False
BGW-07,7,6,5.13,100,48.78,28.1,10.88,0.163,False
BGW-07,7,7,5.13,100,53.84,28.68,11.05,0.025,False
BGW-07,7,8,5.13,100,50.15,28.74,10.65,0.0,False
BGW-07,7,9,5.13,100,51.55,30.36,11.17,0.251,False
BGW-07,7,10,5.13,100,48.88,30.94,11.7,0.093,False
BGW-07,7,11,5.13,100,52.03,30.0,11.34,0.025,False
BGW-07,7,12,5.13,100,51.46,31.82,12.35,0.011,False
BGW-07,7,13,5.13,100,50.18,29.71,10.82,0.104,False
BGW-07,7,14,5.13,100,48.89,30.93,11.8,0.142,False
BGW-07,7,15,5.13,100,50.12,29.92,11.21,0.0,False
BGW-07,7,16,5.13,100,50.74,36.67,14.46,0.142,False
BGW-07,7,17,5.13,100,49.65,33.59,13.06,0.16,False
BGW-07,7,18,5.13,100,50.41,31.63,12.18,0.16,False
BGW-07,7,19,5.13,100,51.38,32.5,12.92,0.028,False
BGW-07,7,20,5.13,100,52.67,34.64,13.45,0.244,False
BGW-07,7,21,5.13,100,50.07,35.68,13.62,0.025,False
BGW-07,7,22,5.13,100,50.05,32.51,12.53,0.206,False
BGW-07,7,23,5.13,100,51.77,33.01,12.54,0.061,False
BGW-07,7,24,5.13,100,49.96,33.13,12.53,0.129,False
BGW-07,7,25,5.13,100,51.11,36.35,13.16,0.102,False
BGW-07,7,26,5.13,100,51.82,35.93,13.37,0.381,False
BGW-07,7,27,5.13,100,50.36,36.94,13.41,0.064,False
BGW-07,7,28,5.13,100,49.99,37.35,13.55,0.028,False
BGW-07,7,29,5.13,100,48.84,34.75,12.89,0.119,False
BGW-07,7,30,5.13,100,50.47,38.19,14.74,0.123,False
BGW-07,7,31,5.13,100,50.7,37.16,14.44,0.0,False
BGW-07,7,32,5.13,100,49.79,40.16,14.96,0.024,False
BGW-07,7,33,5.13,100,49.81,39.62,15.13,0.11,False
BGW-07,7,34,5.13,100,51.93,41.78,16.15,0.073,False
BGW-07,7,35,5.13,100,52.94,40.64,15.52,0.058,False
BGW-07,7,36,5.13,100,52.69,40.59,15.64,0.123,False
BGW-07,7,37,5.13,100,53.38,38.71,14.25,0.31,False
BGW-07,7,38,5.13,100,49.47,38.84,14.96,0.185,False
BGW-07,7,39,5.13,100,53.27,39.7,15.73,0.015,False
BGW-07,7,40,5.13,100,51.83,39.7,14.87,0.074,False
BGW-07,7,41,5.13,100,49.65,40.16,16.02,0.0,False
BGW-07,7,42,5.13,100,52.64,42.79,17.01,0.384,False
BGW-07,7,43,5.13,100,53.14,41.43,15.55,0.238,False
BGW-07,7,44,5.13,100,51.03,41.98,16.38,0.124,False
BGW-07,7,45,5.13,100,52.06,34.35,12.89,2.359,False
BGW-07,7,46,5.13,100,50.01,40.1,15.43,0.192,False
BGW-07,7,47,5.13,100,48.79,41.31,16.09,0.252,False
BGW-07,7,48,5.13,100,52.54,35.61,13.54,2.212,False
BGW-07,7,49,5.13,100,52.15,41.75,15.28,0.212,False
BGW-07,7,50,5.13,100,49.06,34.98,13.28,2.286,False
BGW-07,7,51,5.13,100,49.64,37.54,13.96,2.327,False
BGW-07,7,52,5.13,100,53.19,44.04,17.09,0.199,False
BGW-07,7,53,5.13,100,50.61,40.46,14.67,0.077,False
BGW-07,7,54,5.13,100,48.95,33.16,12.59,2.5,False
BGW-07,7,55,5.13,100,51.17,41.38,14.94,0.0,False
BGW-07,7,56,5.13,100,51.47,41.48,15.67,0.209,False
BGW-07,7,57,5.13,100,51.02,38.42,14.95,2.302,False
BGW-07,7,58,5.13,100,51.34,36.03,14.3,2.319,False
BGW-07,7,59,5.13,100,51.7,40.88,15.02,0.305,False
BGW-07,7,60,5.13,100,50.49,35.11,13.25,2.137,False
BGW-07,7,61,5.13,100,51.97,34.16,13.21,2.366,False
BGW-07,7,62,5.13,100,52.25,36.46,13.9,2.292,False
BGW-07,7,63,5.13,100,49.59,35.69,14.23,2.408,False
BGW-07,7,64,5.13,100,52.95,34.78,12.76,2.462,False
BGW-07,7,65,5.13,100,48.93,35.84,13.56,2.41,False
BGW-07,7,66,5.13,100,48.9,35.1,13.06,2.186,False
BGW-07,7,67,5.13,100,50.37,41.6,16.42,0.062,False
BGW-07,7,68,5.13,100,50.71,42.09,16.59,0.102,False
BGW-07,7,69,5.13,100,50.6,34.92,12.94,2.46,False
BGW-07,7,70,5.13,100,49.5,36.51,13.9,2.414,False
BGW-07,7,71,5.13,100,53.58,36.66,14.09,2.169,False
BGW-07,7,72,5.13,100,51.29,40.59,15.47,0.11,False
BGW-07,7,73,5.13,100,52.17,36.66,13.38,2.402,False
BGW-07,7,74,5.13,100,52.31,35.4,13.38,2.422,False
BGW-07,7,75,5.13,100,51.04,35.6,13.42,2.45,False
BGW-07,7,76,5.13,100,50.22,35.63,14.2,2.431,False
BGW-07,7,77,5.13,100,53.75,41.27,16.2,0.0,False
BGW-07,7,78,5.13,100,50.49,36.43,13.7,2.269,False
BGW-07,7,79,5.13,100,52.89,36.05,13.26,2.35,False
BGW-07,7,80,5.13,100,49.79,35.59,13.39,2.411,False
BGW-07,7,81,5.13,100,52.05,34.32,13.55,2.293,False
BGW-07,7,82,5.13,100,49.9,40.8,16.17,0.0,False
BGW-07,7,83,5.13,100,51.25,34.79,12.64,2.192,False
BGW-07,7,84,5.13,100,51.45,36.15,13.75,2.42,False
BGW-07,7,85,5.13,100,49.1,37.73,14.28,2.541,False
BGW-07,7,86,5.13,100,51.67,37.3,13.63,2.369,False
BGW-07,7,87,5.13,100,49.66,34.55,13.25,2.35,False
BGW-07,7,88,3.76,100,35.89,36.68,13.73,2.377,False
BGW-07,7,89,3.76,100,37.0,36.8,13.33,2.246,False
BGW-08,1,0,6.04,86,59.7,27.96,10.46,0.177,False
BGW-08,1,1,6.04,86,62.77,31.17,11.54,0.0,False
BGW-08,1,2,6.04,86,62.94,30.08,11.49,0.134,False
BGW-08,1,3,6.04,86,58.64,27.72,10.46,0.097,False
BGW-08,1,4,6.04,86,57.5,29.25,10.75,0.106,False
BGW-08,1,5,6.04,86,61.21,28.2,10.64,0.027,False
BGW-08,1,6,6.04,86,60.43,29.26,11.07,0.097,False
BGW-08,1,7,6.04,86,63.44,28.47,10.55,0.256,False
BGW-08,1,8,6.04,86,63.04,29.47,11.71,0.122,False
BGW-08,1,9,6.04,86,60.08,27.77,10.25,0.149,False
BGW-08,1,10,6.04,86,59.76,30.09,11.23,0.233,False
BGW-08,1,11,6.04,86,59.56,24.37,9.28,0.097,False
BGW-08,1,12,6.04,86,60.13,27.24,10.07,0.139,False
BGW-08,1,13,6.04,86,61.91,32.65,12.7,0.107,False
BGW-08,1,14,6.04,86,61.61,28.1,10.5,0.303,False
BGW-08,1,15,6.04,86,62.75,29.7,10.75,0.153,False
BGW-08,1,16,6.04,86,58.04,29.97,11.58,0.241,False
BGW-08,1,17,6.04,86,60.9,29.31,10.95,0.261,False
BGW-08,1,18,6.04,86,60.76,32.12,11.98,0.061,False
BGW-08,1,19,6.04,86,63.2,24.59,9.72,0.0,False
BGW-08,1,20,6.04,86,58.15,28.39,10.51,0.262,False
BGW-08,1,21,6.04,86,58.3,29.41,11.49,0.0,False
BGW-08,1,22,6.04,86,62.91,30.45,11.65,0.145,False
BGW-08,1,23,6.04,86,60.55,31.46,12.28,0.288,False
BGW-08,1,24,6.04,86,60.77,28.74,11.11,0.124,False
BGW-08,1,25,6.04,86,58.37,30.81,12.16,0.294,False
BGW-08,1,26,6.04,86,60.92,28.77,10.9,0.171,False
BGW-08,1,27,6.04,86,61.2,29.56,10.82,0.027,False
BGW-08,1,28,6.04,86,61.72,31.24,12.28,0.302,False
BGW-08,1,29,6.04,86,60.81,29.57,11.73,0.0,False
BGW-08,1,30,6.04,86,61.29,33.18,13.12,0.211,False
BGW-08,1,31,6.04,86,61.78,31.25,11.7,0.361,False
BGW-08,1,32,6.04,86,62.77,32.47,12.6,0.223,False
BGW-08,1,33,6.04,86,63.01,32.11,12.81,0.001,False
BGW-08,1,34,6.04,86,62.68,33.42,12.39,0.15,False
BGW-08,1,35,6.04,86,60.74,33.13,13.09,0.24,False
BGW-08,1,36,6.04,86,61.92,33.26,12.55,0.043,False
BGW-08,1,37,6.04,86,60.28,33.71,12.99,0.235,False
BGW-08,1,38,6.04,86,60.58,34.22,12.92,0.177,False
BGW-08,1,39,6.04,86,62.8,33.26,13.22,0.267,False
BGW-08,1,40,6.04,86,60.57,29.83,11.32,0.19,False
BGW-08,1,41,6.04,86,60.52,31.76,11.94,0.068,False
BGW-08,1,42,6.04,86,61.99,33.85,12.56,0.076,False
BGW-08,1,43,6.04,86,59.83,32.21,12.35,0.188,False
BGW-08,1,44,6.04,86,62.41,35.6,13.77,0.0,False
BGW-08,1,45,6.04,86,60.69,34.53,12.66,0.174,False
BGW-08,1,46,6.04,86,60.63,33.01,12.86,0.065,False
BGW-08,1,47,6.04,86,61.48,34.31,13.5,0.143,False
BGW-08,1,48,6.04,86,59.78,32.5,12.93,0.287,False
BGW-08,1,49,6.04,86,61.08,38.82,14.31,0.136,False
BGW-08,1,50,6.04,86,60.82,32.76,12.53,0.081,False
BGW-08,1,51,6.04,86,62.6,36.11,13.7,0.223,False
BGW-08,1,52,6.04,86,57.76,32.99,12.68,0.08,False
BGW-08,1,53,6.04,86,58.85,35.28,13.18,0.155,False
BGW-08,1,54,6.04,86,61.36,36.06,14.11,0.446,False
BGW-08,1,55,6.04,86,59.68,35.97,14.06,0.35,False
BGW-08,1,56,6.04,86,62.34,35.52,13.87,0.249,False
BGW-08,1,57,6.04,86,58.9,36.8,13.59,0.146,False
BGW-08,1,58,6.04,86,60.92,33.11,12.7,0.0,False
BGW-08,1,59,6.04,86,59.64,35.22,13.08,0.199,False
BGW-08,1,60,6.04,86,60.58,35.44,13.75,0.149,False
BGW-08,1,61,6.04,86,58.04,34.37,13.53,0.066,False
BGW-08,1,62,6.04,86,58.83,38.08,14.1,0.0,False
BGW-08,1,63,6.04,86,63.02,34.32,13.58,0.341,False
BGW-08,1,64,6.04,86,61.02,36.09,13.74,0.118,False
BGW-08,1,65,6.04,86,62.11,36.19,14.17,0.0,False
BGW-08,1,66,6.04,86,59.05,36.15,14.08,0.165,False
BGW-08,1,67,6.04,86,62.25,38.32,14.78,0.238,False
BGW-08,1,68,6.04,86,61.7,37.51,14.23,0.066,False
BGW-08,1,69,6.04,86,61.55,37.21,13.74,0.038,False
BGW-08,1,70,6.04,86,62.92,38.6,14.15,0.227,False
BGW-08,1,71,6.04,86,57.61,39.17,15.01,0.232,False
BGW-08,1,72,6.04,86,61.2,41.16,14.98,0.052,False
BGW-08,1,73,6.04,86,60.21,38.17,14.47,0.128,False
BGW-08,1,74,6.04,86,60.17,38.4,14.97,0.248,False
BGW-08,1,75,6.04,86,62.15,35.95,13.0,0.094,False
BGW-08,1,76,6.04,86,62.13,40.8,14.97,0.186,False
BGW-08,1,77,6.04,86,62.07,39.36,14.54,0.242,False
BGW-08,1,78,6.04,86,60.34,37.69,14.43,0.156,False
BGW-08,1,79,6.04,86,62.58,37.44,14.3,0.111,False
BGW-08,1,80,6.04,86,58.49,38.89,15.2,0.082,False
BGW-08,1,81,6.04,86,62.58,30.48,11.43,2.53,False
BGW-08,1,82,6.04,86,59.55,39.0,15.16,0.0,False
BGW-08,1,83,6.04,86,62.51,42.39,16.09,0.148,False
BGW-08,1,84,6.04,86,62.27,36.63,14.0,0.111,False
BGW-08,1,85,6.04,86,57.62,40.26,14.88,0.035,False
BGW-08,1,86,6.04,86,58.74,38.71,14.8,0.228,False
BGW-08,1,87,6.04,86,60.79,41.36,15.66,0.232,False
BGW-08,1,88,6.04,86,62.1,42.09,16.05,0.195,False
BGW-08,1,89,6.04,86,61.1,35.33,13.25,2.325,False
BGW-08,2,0,5.38,120,53.9,30.1,11.68,0.158,False
BGW-08,2,1,5.38,120,54.95,26.89,10.23,0.0,False
BGW-08,2,2,5.38,120,52.12,27.44,10.24,0.403,False
BGW-08,2,3,5.38,120,52.94,29.03,11.06,0.108,False
BGW-08,2,4,5.38,120,51.44,30.11,11.39,0.244,False
BGW-08,2,5,5.38,120,53.22,29.8,10.89,0.237,False
BGW-08,2,6,5.38,120,55.36,29.19,10.84,0.262,False
BGW-08,2,7,5.38,120,54.1,27.45,10.66,0.186,False
BGW-08,2,8,5.38,120,53.18,29.42,11.45,0.0,False
BGW-08,2,9,5.38,120,54.89,29.84,11.47,0.222,False
BGW-08,2,10,5.38,120,51.65,28.63,10.64,0.089,False
BGW-08,2,11,5.38,120,53.21,32.19,11.88,0.222,False
BGW-08,2,12,5.38,120,55.93,31.72,12.21,0.0,False
BGW-08,2,13,5.38,120,55.58,30.37,11.9,0.168,False
BGW-08,2,14,5.38,120,51.96,29.34,11.59,0.104,False
BGW-08,2,15,5.38,120,55.46,32.6,11.88,0.113,False
BGW-08,2,16,5.38,120,51.27,31.88,11.6,0.129,False
BGW-08,2,17,5.38,120,52.94,31.85,11.82,0.34,False
BGW-08,2,18,5.38,120,54.0,31.46,11.45,0.05,False
BGW-08,2,19,5.38,120,55.91,31.64,11.82,0.079,False
BGW-08,2,20,5.38,120,51.21,32.11,12.2,0.253,False
BGW-08,2,21,5.38,120,51.63,33.59,12.65,0.212,False
BGW-08,2,22,5.38,120,51.34,32.23,12.79,0.254,False
BGW-08,2,23,5.38,120,53.11,32.37,12.8,0.254,False
BGW-08,2,24,5.38,120,52.19,33.35,12.15,0.226,False
BGW-08,2,25,5.38,120,53.77,35.57,13.08,0.175,False
BGW-08,2,26,5.38,120,53.47,32.93,12.38,0.24,False
BGW-08,2,27,5.38,120,55.34,35.56,13.73,0.21,False
BGW-08,2,28,5.38,120,52.65,33.48,12.26,0.296,False
BGW-08,2,29,5.38,120,53.65,33.15,12.74,0.163,False
BGW-08,2,30,5.38,120,52.85,40.06,14.61,0.275,False
BGW-08,2,31,5.38,120,55.76,35.97,13.04,0.164,False
BGW-08,2,32,5.38,120,54.85,37.03,13.66,0.127,False
BGW-08,2,33,5.38,120,51.28,33.82,13.37,0.16,False
BGW-08,2,34,5.38,120,51.85,38.6,14.13,0.248,False
BGW-08,2,35,5.38,120,55.77,38.59,15.27,0.08,False
BGW-08,2,36,5.38,120,51.27,39.21,15.07,0.186,False
BGW-08,2,37,5.38,120,55.57,37.73,14.94,0.319,False
BGW-08,2,38,5.38,120,52.42,37.13,13.57,0.166,False
BGW-08,2,39,5.38,120,52.7,39.48,14.26,0.129,False
BGW-08,2,40,5.38,120,52.0,35.87,13.77,0.073,False
BGW-08,2,41,5.38,120,56.36,41.19,15.56,0.249,False
BGW-08,2,42,5.38,120,51.26,32.15,12.23,2.29,False
BGW-08,2,43,5.38,120,53.8,38.21,15.17,0.011,False
BGW-08,2,44,5.38,120,55.37,33.39,13.17,2.393,False
BGW-08,2,45,5.38,120,52.23,35.09,13.39,2.319,False
BGW-08,2,46,5.38,120,51.11,33.75,12.9,2.356,False
BGW-08,2,47,5.38,120,54.99,43.24,16.76,0.277,False
BGW-08,2,48,5.38,120,52.29,36.23,13.72,2.338,False
BGW-08,2,49,5.38,120,53.64,33.81,13.26,2.339,False
BGW-08,2,50,5.38,120,54.99,33.36,12.5,2.286,False
BGW-08,2,51,5.38,120,54.45,35.03,13.09,2.441,False
BGW-08,2,52,5.38,120,56.36,39.72,14.73,0.025,False
BGW-08,2,53,5.38,120,52.64,33.61,12.76,2.343,False
BGW-08,2,54,5.38,120,51.41,36.62,13.88,2.406,False
BGW-08,2,55,5.38,120,54.93,35.02,13.54,2.401,False
BGW-08,2,56,5.38,120,52.67,32.89,12.15,2.431,False
BGW-08,2,57,5.38,120,52.95,35.82,13.49,2.396,False
BGW-08,2,58,4.37,120,45.18,35.12,13.2,2.362,False
BGW-08,2,59,4.37,120,43.18,34.64,12.61,2.524,False
BGW-08,2,60,4.37,120,45.34,33.95,13.23,2.292,False
BGW-08,2,61,4.37,120,42.38,36.03,13.04,2.254,False
BGW-08,2,62,4.37,120,43.38,34.74,12.79,2.364,False
BGW-08,2,63,4.37,120,45.48,34.12,12.8,2.375,False
BGW-08,2,64,4.37,120,43.79,34.69,13.64,2.424,False
BGW-08,2,65,4.37,120,42.86,33.39,12.46,2.43,False
BGW-08,2,66,4.37,120,42.39,35.4,12.99,2.234,False
BGW-08,2,67,4.37,120,42.27,36.95,14.61,2.472,False
BGW-08,2,68,4.37,120,44.14,36.64,14.06,2.218,False
BGW-08,2,69,4.37,120,42.29,38.63,14.06,2.377,False
BGW-08,2,70,4.37,120,45.8,35.02,12.67,2.152,False
BGW-08,2,71,4.37,120,42.63,34.86,13.56,2.443,False
BGW-08,2,72,4.37,120,45.57,37.08,13.43,2.421,False
BGW-08,2,73,4.37,120,45.25,34.0,13.18,2.456,False
BGW-08,2,74,4.37,120,44.84,34.97,13.87,2.599,False
BGW-08,2,75,4.37,120,42.78,37.52,14.09,2.294,False
BGW-08,2,76,4.37,120,45.08,34.57,13.42,2.519,False
BGW-08,2,77,4.37,120,44.31,32.85,11.9,2.446,False
BGW-08,2,78,4.37,120,44.74,35.58,13.59,2.23,False
BGW-08,2,79,4.37,120,42.9,34.85,13.16,2.405,False
BGW-08,2,80,4.37,120,44.49,37.9,14.75,2.313,False
BGW-08,2,81,4.37,120,42.0,36.15,14.14,2.379,False
BGW-08,2,82,4.37,120,44.21,36.15,13.61,2.343,False
BGW-08,2,83,4.37,120,45.6,35.01,13.17,2.315,False
BGW-08,2,84,4.37,120,42.95,34.84,13.29,2.393,False
BGW-08,2,85,4.37,120,41.81,35.02,12.84,2.33,False
BGW-08,2,86,4.37,120,44.87,34.44,13.66,2.397,False
BGW-08,2,87,4.37,120,42.28,36.68,13.45,2.375,False
BGW-08,2,88,4.37,120,41.69,36.36,14.46,2.569,False
BGW-08,2,89,4.37,120,45.02,37.14,14.18,2.399,False
BGW-08,3,0,5.55,100,57.25,29.64,11.46,0.132,False
BGW-08,3,1,5.55,100,53.87,26.48,10.23,0.183,False
BGW-08,3,2,5.55,100,57.19,29.0,11.52,0.184,False
BGW-08,3,3,5.55,100,58.05,28.38,10.57,0.215,False
BGW-08,3,4,5.55,100,53.09,28.83,10.42,0.162,False
BGW-08,3,5,5.55,100,53.15,27.47,10.24,0.301,False
BGW-08,3,6,5.55,100,53.43,25.76,9.57,0.0,False
BGW-08,3,7,5.55,100,55.91,29.71,11.2,0.139,False
BGW-08,3,8,5.55,100,55.55,32.34,12.25,0.099,False
BGW-08,3,9,5.55,100,55.7,29.21,11.32,0.053,False
BGW-08,3,10,5.55,100,55.29,29.78,11.34,0.205,False
BGW-08,3,11,5.55,100,56.51,32.19,12.62,0.036,False
BGW-08,3,12,5.55,100,53.74,30.14,11.6,0.171,False
BGW-08,3,13,5.55,100,54.27,30.87,11.77,0.172,False
BGW-08,3,14,5.55,100,53.25,30.11,11.72,0.261,False
BGW-08,3,15,5.55,100,57.49,30.94,11.58,0.235,False
BGW-08,3,16,5.55,100,54.07,30.83,12.18,0.137,False
BGW-08,3,17,5.55,100,54.1,32.97,12.89,0.153,False
BGW-08,3,18,5.55,100,55.63,33.48,12.9,0.203,False
BGW-08,3,19,5.55,100,56.97,36.79,14.12,0.0,False
BGW-08,3,20,5.55,100,56.1,31.41,12.28,0.24,False
BGW-08,3,21,5.55,100,54.0,35.55,13.17,0.269,False
BGW-08,3,22,5.55,100,52.83,37.11,14.71,0.0,False
BGW-08,3,23,5.55,100,57.52,36.23,14.12,0.137,False
BGW-08,3,24,5.55,100,55.44,33.22,12.0,0.222,False
BGW-08,3,25,5.55,100,54.87,37.05,13.83,0.231,False
BGW-08,3,26,5.55,100,53.31,37.52,13.59,0.226,False
BGW-08,3,27,5.55,100,57.36,36.82,13.53,0.034,False
BGW-08,3,28,5.55,100,55.71,37.47,13.86,0.11,False
BGW-08,3,29,5.55,100,57.11,37.18,14.55,0.178,False
BGW-08,3,30,5.55,100,55.97,37.91,14.49,0.11,False
BGW-08,3,31,5.55,100,54.99,41.03,16.26,0.135,False
BGW-08,3,32,5.55,100,57.96,38.87,14.97,0.0,False
BGW-08,3,33,5.55,100,57.39,35.64,13.35,0.222,False
BGW-08,3,34,5.55,100,55.26,36.96,14.67,0.261,False
BGW-08,3,35,5.55,100,54.01,36.44,13.54,0.0,False
BGW-08,3,36,5.55,100,53.43,38.28,13.86,0.243,False
BGW-08,3,37,5.55,100,58.15,39.79,15.03,0.054,False
BGW-08,3,38,5.55,100,58.08,33.02,12.83,2.341,False
BGW-08,3,39,5.55,100,55.88,35.44,12.96,2.35,False
BGW-08,3,40,5.55,100,54.2,36.92,13.8,0.161,False
BGW-08,3,41,5.55,100,56.64,34.93,13.19,2.242,False
BGW-08,3,42,5.55,100,56.81,34.59,13.4,2.341,False
BGW-08,3,43,5.55,100,56.73,34.43,12.9,2.311,False
BGW-08,3,44,5.55,100,56.9,39.91,15.8,0.152,False
BGW-08,3,45,5.55,100,54.05,35.08,13.25,2.424,False
BGW-08,3,46,5.55,100,58.2,35.87,13.15,2.395,False
BGW-08,3,47,5.55,100,55.09,33.15,12.69,2.174,False
BGW-08,3,48,5.55,100,58.06,33.63,12.94,2.229,False
BGW-08,3,49,5.55,100,57.4,34.74,13.27,2.406,False
BGW-08,3,50,5.55,100,56.3,35.44,12.87,2.21,False
BGW-08,3,51,4.28,100,40.73,34.26,12.78,2.278,False
BGW-08,3,52,4.28,100,43.95,36.07,13.21,2.377,False
BGW-08,3,53,4.28,100,43.8,33.09,12.64,2.269,False
BGW-08,3,54,4.28,100,42.85,35.25,12.81,2.371,False
BGW-08,3,55,4.28,100,41.76,37.25,14.6,2.328,False
BGW-08,3,56,4.28,100,41.79,35.99,13.66,2.47,False
BGW-08,3,57,4.28,100,41.95,36.39,14.33,2.27,False
BGW-08,3,58,4.28,100,42.51,34.92,13.01,2.438,False
BGW-08,3,59,4.28,100,44.92,36.25,13.89,2.28,False
BGW-08,3,60,4.28,100,43.98,34.72,13.81,2.286,False
BGW-08,3,61,4.28,100,42.89,36.97,14.15,2.375,False
BGW-08,3,62,4.28,100,44.48,36.22,13.98,2.257,False
BGW-08,3,63,4.28,100,41.81,35.14,12.75,2.227,False
BGW-08,3,64,4.28,100,41.69,35.7,13.79,2.277,False
BGW-08,3,65,4.28,100,41.08,35.95,13.16,2.457,False
BGW-08,3,66,4.28,100,42.59,35.84,13.51,2.422,False
BGW-08,3,67,4.28,100,43.62,34.49,13.6,2.245,False
BGW-08,3,68,4.28,100,42.2,34.55,13.43,2.27,False
BGW-08,3,69,4.28,100,43.89,35.0,13.14,2.423,False
BGW-08,3,70,4.28,100,43.48,36.82,14.52,2.345,False
BGW-08,3,71,4.28,100,43.95,35.32,14.08,2.356,False
BGW-08,3,72,4.28,100,41.38,39.06,14.51,2.257,False
BGW-08,3,73,4.28,100,42.84,34.12,12.54,2.428,False
BGW-08,3,74,4.28,100,41.51,38.11,14.47,2.316,False
BGW-08,3,75,4.28,100,41.07,36.21,14.04,2.414,False
BGW-08,3,76,4.28,100,43.53,35.85,13.77,2.436,False
BGW-08,3,77,4.28,100,43.76,34.42,13.29,2.254,False
BGW-08,3,78,4.28,100,44.11,35.46,13.4,2.205,False
BGW-08,3,79,4.28,100,44.61,36.25,14.28,2.345,False
BGW-08,3,80,4.28,100,42.4,33.69,13.37,2.231,False
BGW-08,3,81,4.28,100,44.79,36.13,13.6,2.302,False
BGW-08,3,82,4.28,100,41.69,35.52,12.98,2.314,False
BGW-08,3,83,4.28,100,43.52,36.03,13.35,2.382,False
BGW-08,3,84,4.28,100,43.31,34.7,13.34,2.405,False
BGW-08,3,85,4.28,100,42.86,35.71,13.04,2.294,False
BGW-08,3,86,4.28,100,41.25,37.98,14.28,2.393,False
BGW-08,3,87,4.28,100,41.85,33.67,12.88,2.34,False
BGW-08,3,88,4.28,100,41.17,33.81,12.66,2.217,False
BGW-08,3,89,4.28,100,41.12,31.2,12.32,2.369,False
BGW-08,4,0,6.39,120,62.63,27.93,10.91,0.135,False
BGW-08,4,1,6.39,120,61.32,26.69,10.47,0.006,False
BGW-08,4,2,6.39,120,62.88,27.13,9.98,0.247,False
BGW-08,4,3,6.39,120,60.82,27.51,10.73,0.191,False
BGW-08,4,4,6.39,120,61.15,27.75,10.83,0.043,False
BGW-08,4,5,6.39,120,65.15,28.73,10.55,0.19,False
BGW-08,4,6,6.39,120,62.56,29.24,11.62,0.042,False
BGW-08,4,7,6.39,120,66.93,28.89,11.31,0.259,False
BGW-08,4,8,6.39,120,64.89,30.98,11.74,0.013,False
BGW-08,4,9,6.39,120,64.4,28.28,10.59,0.116,False
BGW-08,4,10,6.39,120,61.06,30.76,11.4,0.354,False
BGW-08,4,11,6.39,120,65.54,33.2,12.93,0.041,False
BGW-08,4,12,6.39,120,65.66,27.84,10.79,0.034,False
BGW-08,4,13,6.39,120,64.99,29.95,10.94,0.141,False
BGW-08,4,14,6.39,120,66.06,27.71,10.5,0.168,False
BGW-08,4,15,6.39,120,64.82,32.21,11.98,0.227,False
BGW-08,4,16,6.39,120,62.38,31.88,12.52,0.0,False
BGW-08,4,17,6.39,120,61.41,34.06,12.34,0.163,False
BGW-08,4,18,6.39,120,66.59,33.17,12.75,0.287,False
BGW-08,4,19,6.39,120,61.98,31.28,12.35,0.035,False
BGW-08,4,20,6.39,120,66.14,30.97,12.35,0.0,False
BGW-08,4,21,6.39,120,63.28,35.05,13.45,0.348,False
BGW-08,4,22,6.39,120,64.26,34.84,13.61,0.165,False
BGW-08,4,23,6.39,120,62.86,35.36,13.02,0.11,False
BGW-08,4,24,6.39,120,62.54,35.53,12.96,0.162,False
BGW-08,4,25,6.39,120,60.79,36.86,14.57,0.137,False
BGW-08,4,26,6.39,120,60.91,35.25,13.62,0.245,False
BGW-08,4,27,6.39,120,65.18,32.75,12.88,0.074,False
BGW-08,4,28,6.39,120,62.19,35.46,13.09,0.051,False
BGW-08,4,29,6.39,120,65.36,34.03,12.36,0.208,False
BGW-08,4,30,6.39,120,62.62,37.4,14.21,0.277,False
BGW-08,4,31,6.39,120,66.57,39.13,14.48,0.133,False
BGW-08,4,32,6.39,120,63.7,40.22,15.56,0.179,False
BGW-08,4,33,6.39,120,65.98,38.57,14.46,0.047,False
BGW-08,4,34,6.39,120,64.03,39.81,15.82,0.036,False
BGW-08,4,35,6.39,120,62.02,38.53,14.43,0.081,False
BGW-08,4,36,6.39,120,61.94,39.06,15.44,0.234,False
BGW-08,4,37,6.39,120,62.83,39.77,15.53,0.168,False
BGW-08,4,38,6.39,120,66.19,39.97,15.19,0.224,False
BGW-08,4,39,6.39,120,64.13,31.26,11.33,2.402,False
BGW-08,4,40,6.39,120,65.53,39.86,15.51,0.172,False
BGW-08,4,41,6.39,120,66.9,40.76,15.05,0.14,False
BGW-08,4,42,6.39,120,66.99,39.12,15.45,0.124,False
BGW-08,4,43,6.39,120,63.58,38.71,14.52,0.037,False
BGW-08,4,44,6.39,120,63.54,33.02,12.06,2.122,False
BGW-08,4,45,6.39,120,62.25,35.49,14.13,2.345,False
BGW-08,4,46,6.39,120,62.84,34.54,12.89,2.461,False
BGW-08,4,47,6.39,120,64.28,35.41,14.0,2.347,False
BGW-08,4,48,6.39,120,62.07,34.17,13.25,2.491,False
BGW-08,4,49,5.58,120,57.58,34.26,13.48,2.498,False
BGW-08,4,50,5.58,120,56.18,40.14,15.14,0.197,True
BGW-08,4,51,5.58,120,54.1,34.32,13.56,2.377,False
BGW-08,4,52,5.58,120,53.83,35.0,12.96,2.269,False
BGW-08,4,53,5.58,120,54.1,41.31,14.96,0.378,True
BGW-08,4,54,5.58,120,58.14,35.26,13.59,2.309,False
BGW-08,4,55,5.58,120,55.58,36.57,14.02,2.249,False
BGW-08,4,56,5.58,120,53.19,34.19,13.19,2.285,False
BGW-08,4,57,5.58,120,56.03,33.27,12.72,2.298,False
BGW-08,4,58,5.58,120,54.54,38.76,15.27,2.496,False
BGW-08,4,59,5.58,120,55.46,34.84,13.02,2.413,False
BGW-08,4,60,5.58,120,55.89,36.41,13.98,2.437,False
BGW-08,4,61,5.58,120,57.27,34.61,13.0,2.411,False
BGW-08,4,62,5.58,120,56.74,33.45,13.03,2.351,False
BGW-08,4,63,5.58,120,56.87,35.51,13.01,2.351,False
BGW-08,4,64,5.58,120,55.87,34.06,12.98,2.436,False
BGW-08,4,65,5.58,120,53.53,33.83,12.77,2.274,False
BGW-08,4,66,5.58,120,55.33,34.63,13.24,2.37,False
BGW-08,4,67,5.58,120,55.12,36.1,13.72,2.314,False
BGW-08,4,68,5.58,120,54.39,37.27,13.88,2.482,False
BGW-08,4,69,5.58,120,58.18,39.68,15.39,2.374,False
BGW-08,4,70,5.58,120,56.46,36.86,14.15,2.333,False
BGW-08,4,71,5.58,120,56.53,33.7,13.22,2.186,False
BGW-08,4,72,5.58,120,58.53,36.98,14.71,2.407,False
BGW-08,4,73,5.58,120,57.01,37.38,14.88,2.307,False
BGW-08,4,74,5.58,120,56.58,36.48,13.97,2.539,False
BGW-08,4,75,5.58,120,58.13,35.93,13.38,2.354,False
BGW-08,4,76,5.58,120,53.56,35.45,13.56,2.226,False
BGW-08,4,77,5.58,120,58.02,38.04,14.15,2.5,False
BGW-08,4,78,5.58,120,53.17,38.25,14.41,2.398,False
BGW-08,4,79,5.58,120,57.53,37.5,14.96,2.372,False
BGW-08,4,80,5.58,120,54.04,38.43,14.35,2.365,False
BGW-08,4,81,5.58,120,55.36,35.93,13.74,2.446,False
BGW-08,4,82,5.58,120,54.01,35.5,13.89,2.429,False
BGW-08,4,83,5.58,120,53.79,36.23,13.32,2.207,False
BGW-08,4,84,5.58,120,57.87,33.53,13.22,2.389,False
BGW-08,4,85,5.58,120,56.85,32.95,13.09,2.321,False
BGW-08,4,86,5.58,120,57.79,35.75,13.75,2.44,False
BGW-08,4,87,5.58,120,57.75,37.46,14.22,2.436,False
BGW-08,4,88,5.58,120,53.71,38.53,14.28,2.382,False
BGW-08,4,89,5.58,120,53.08,36.66,13.91,2.277,False
BGW-09,1,0,4.44,100,43.36,28.78,10.47,0.018,False
BGW-09,1,1,4.44,100,43.82,29.64,11.49,0.0,False
BGW-09,1,2,4.44,100,42.55,28.87,11.17,0.107,False
BGW-09,1,3,4.44,100,44.04,27.93,10.25,0.241,False
BGW-09,1,4,4.44,100,43.2,25.45,9.41,0.196,False
BGW-09,1,5,4.44,100,46.21,28.23,10.99,0.084,False
BGW-09,1,6,4.44,100,43.2,27.68,10.41,0.241,False
BGW-09,1,7,4.44,100,42.63,27.66,10.64,0.184,False
BGW-09,1,8,4.44,100,46.23,25.45,9.65,0.203,False
BGW-09,1,9,4.44,100,44.91,30.99,12.02,0.126,False
BGW-09,1,10,4.44,100,44.16,31.92,11.53,0.179,False
BGW-09,1,11,4.44,100,43.83,30.77,11.28,0.258,False
BGW-09,1,12,4.44,100,45.81,31.27,11.31,0.336,False
BGW-09,1,13,4.44,100,42.67,30.53,11.18,0.132,False
BGW-09,1,14,4.44,100,46.21,30.45,11.83,0.152,False
BGW-09,1,15,4.44,100,45.01,31.3,12.29,0.17,False
BGW-09,1,16,4.44,100,44.78,32.64,11.96,0.234,False
BGW-09,1,17,4.44,100,46.41,33.6,12.89,0.234,False
BGW-09,1,18,4.44,100,45.15,31.61,12.26,0.222,False
BGW-09,1,19,4.44,100,45.85,32.85,12.96,0.372,False
BGW-09,1,20,4.44,100,45.28,33.33,12.69,0.283,False
BGW-09,1,21,4.44,100,42.83,34.12,13.59,0.109,False
BGW-09,1,22,4.44,100,44.44,36.91,14.55,0.121,False
BGW-09,1,23,4.44,100,44.72,32.34,12.9,0.098,False
BGW-09,1,24,4.44,100,45.28,32.03,12.24,0.158,False
BGW-09,1,25,4.44,100,45.13,36.18,13.92,0.138,False
BGW-09,1,26,4.44,100,42.82,35.56,13.5,0.07,False
BGW-09,1,27,4.44,100,42.92,36.77,14.39,0.265,False
BGW-09,1,28,4.44,100,44.55,36.55,13.47,0.207,False
BGW-09,1,29,4.44,100,43.55,38.37,14.72,0.143,False
BGW-09,1,30,4.44,100,42.75,37.12,14.62,0.149,False
BGW-09,1,31,4.44,100,43.74,37.12,14.34,0.012,False
BGW-09,1,32,4.44,100,43.37,38.32,14.91,0.0,False
BGW-09,1,33,4.44,100,44.68,38.88,14.65,0.138,False
BGW-09,1,34,4.44,100,43.08,37.59,14.39,0.055,False
BGW-09,1,35,4.44,100,45.34,37.6,14.27,0.169,False
BGW-09,1,36,4.44,100,45.63,38.83,14.22,0.229,False
BGW-09,1,37,4.44,100,44.17,39.21,14.72,0.054,False
BGW-09,1,38,4.44,100,43.08,37.14,14.59,0.146,False
BGW-09,1,39,4.44,100,42.23,41.66,16.33,0.156,False
BGW-09,1,40,4.44,100,46.46,40.47,15.75,0.149,False
BGW-09,1,41,4.44,100,44.47,40.33,16.08,0.073,False
BGW-09,1,42,4.44,100,43.21,39.76,15.28,0.0,False
BGW-09,1,43,4.44,100,44.56,40.97,16.15,0.147,False
BGW-09,1,44,4.44,100,45.14,41.49,16.02,0.182,False
BGW-09,1,45,4.44,100,42.42,41.21,15.41,0.037,False
BGW-09,1,46,4.44,100,43.98,39.78,14.96,0.179,False
BGW-09,1,47,4.44,100,42.23,38.1,14.69,0.164,False
BGW-09,1,48,4.44,100,44.57,35.77,13.33,2.563,False
BGW-09,1,49,4.44,100,43.61,40.74,16.09,0.106,False
BGW-09,1,50,4.44,100,43.75,35.9,13.35,2.349,False
BGW-09,1,51,4.44,100,44.4,40.67,16.09,0.017,False
BGW-09,1,52,4.44,100,44.07,40.24,15.44,0.0,False
BGW-09,1,53,4.44,100,45.94,36.23,14.15,2.286,False
BGW-09,1,54,4.44,100,45.98,34.86,13.49,2.253,False
BGW-09,1,55,4.44,100,44.28,42.4,15.75,0.205,False
BGW-09,1,56,4.44,100,42.58,41.75,16.49,0.122,False
BGW-09,1,57,4.44,100,46.24,34.8,12.75,2.095,False
BGW-09,1,58,4.44,100,42.22,39.41,15.63,0.233,False
BGW-09,1,59,4.44,100,43.21,35.52,13.56,2.337,False
BGW-09,1,60,4.44,100,42.38,38.38,14.97,0.294,False
BGW-09,1,61,4.44,100,46.44,41.09,15.86,0.032,False
BGW-09,1,62,4.44,100,43.44,39.88,15.02,0.0,False
BGW-09,1,63,4.44,100,44.46,33.11,12.52,2.278,False
BGW-09,1,64,4.44,100,45.03,39.11,14.72,2.391,False
BGW-09,1,65,4.44,100,46.08,39.07,15.46,0.162,False
BGW-09,1,66,4.44,100,42.42,41.48,15.07,0.079,False
BGW-09,1,67,4.44,100,44.67,39.79,14.72,0.171,False
BGW-09,1,68,4.44,100,46.24,35.34,12.89,2.143,False
BGW-09,1,69,4.44,100,42.39,35.58,14.06,2.343,False
BGW-09,1,70,4.44,100,45.66,37.71,14.99,2.313,False
BGW-09,1,71,4.44,100,42.95,36.72,14.24,2.308,False
BGW-09,1,72,4.44,100,45.34,41.74,15.48,0.033,False
BGW-09,1,73,4.44,100,44.14,36.25,13.93,2.423,False
BGW-09,1,74,4.44,100,42.57,35.72,14.13,2.343,False
BGW-09,1,75,4.44,100,44.95,37.2,13.46,2.573,False
BGW-09,1,76,4.44,100,44.3,36.0,13.96,2.252,False
BGW-09,1,77,4.44,100,44.97,36.13,13.04,2.558,False
BGW-09,1,78,4.44,100,43.37,34.68,13.67,2.28,False
BGW-09,1,79,3.33,100,32.85,36.84,13.66,2.262,False
BGW-09,1,80,3.33,100,32.7,36.87,14.11,2.409,False
BGW-09,1,81,3.33,100,34.22,34.06,12.72,2.596,False
BGW-09,1,82,3.33,100,31.95,37.24,13.52,2.179,False
BGW-09,1,83,3.33,100,34.84,38.33,14.36,0.138,True
BGW-09,1,84,3.33,100,34.11,35.85,14.29,2.315,False
BGW-09,1,85,3.33,100,33.72,34.78,12.95,2.382,False
BGW-09,1,86,3.33,100,33.78,36.03,13.07,2.286,False
BGW-09,1,87,3.33,100,32.37,41.92,16.69,0.0,True
BGW-09,1,88,3.33,100,33.13,40.1,14.54,0.391,True
BGW-09,1,89,3.33,100,33.03,36.92,14.23,2.448,False
BGW-09,2,0,5.39,120,56.27,28.51,10.99,0.117,False
BGW-09,2,1,5.39,120,53.71,27.77,10.04,0.118,False
BGW-09,2,2,5.39,120,52.54,27.19,10.53,0.31,False
BGW-09,2,3,5.39,120,56.25,30.8,11.88,0.117,False
BGW-09,2,4,5.39,120,55.15,27.24,10.63,0.165,False
BGW-09,2,5,5.39,120,53.69,27.66,10.1,0.126,False
BGW-09,2,6,5.39,120,51.57,28.18,10.67,0.087,False
BGW-09,2,7,5.39,120,56.26,29.59,11.77,0.144,False
BGW-09,2,8,5.39,120,52.02,26.33,9.88,0.13,False
BGW-09,2,9,5.39,120,54.02,28.56,10.61,0.098,False
BGW-09,2,10,5.39,120,52.82,27.51,10.36,0.153,False
BGW-09,2,11,5.39,120,53.19,28.35,10.38,0.005,False
BGW-09,2,12,5.39,120,53.32,30.77,11.84,0.133,False
BGW-09,2,13,5.39,120,54.59,29.74,10.79,0.0,False
BGW-09,2,14,5.39,120,52.48,28.67,11.02,0.214,False
BGW-09,2,15,5.39,120,51.55,27.96,10.71,0.0,False
BGW-09,2,16,5.39,120,51.83,26.95,10.45,0.0,False
BGW-09,2,17,5.39,120,53.56,29.68,11.63,0.163,False
BGW-09,2,18,5.39,120,52.87,28.06,10.34,0.025,False
BGW-09,2,19,5.39,120,55.57,30.99,11.96,0.256,False
BGW-09,2,20,5.39,120,51.44,29.79,11.58,0.067,False
BGW-09,2,21,5.39,120,55.93,31.14,12.01,0.191,False
BGW-09,2,22,5.39,120,56.32,32.57,12.81,0.0,False
BGW-09,2,23,5.39,120,51.8,31.64,12.03,0.122,False
BGW-09,2,24,5.39,120,54.25,30.49,12.12,0.086,False
BGW-09,2,25,5.39,120,53.94,31.91,12.64,0.0,False
BGW-09,2,26,5.39,120,55.01,32.33,12.73,0.0,False
BGW-09,2,27,5.39,120,53.7,30.21,11.8,0.0,False
BGW-09,2,28,5.39,120,54.59,34.21,13.1,0.027,False
BGW-09,2,29,5.39,120,53.57,32.88,12.06,0.0,False
BGW-09,2,30,5.39,120,52.62,33.39,12.08,0.061,False
BGW-09,2,31,5.39,120,52.09,30.33,11.41,0.135,False
BGW-09,2,32,5.39,120,51.37,34.94,12.79,0.19,False
BGW-09,2,33,5.39,120,54.72,31.36,11.59,0.225,False
BGW-09,2,34,5.39,120,55.32,32.22,12.54,0.119,False
BGW-09,2,35,5.39,120,55.85,33.65,12.87,0.102,False
BGW-09,2,36,5.39,120,55.15,32.59,12.67,0.053,False
BGW-09,2,37,5.39,120,56.28,32.33,12.8,0.03,False
BGW-09,2,38,5.39,120,52.45,33.73,12.95,0.108,False
BGW-09,2,39,5.39,120,54.0,32.0,11.82,0.0,False
BGW-09,2,40,5.39,120,51.26,30.16,11.31,0.179,False
BGW-09,2,41,5.39,120,51.42,35.93,13.05,0.126,False
BGW-09,2,42,5.39,120,53.32,36.23,13.36,0.139,False
BGW-09,2,43,5.39,120,52.15,33.38,12.73,0.134,False
BGW-09,2,44,5.39,120,54.33,36.88,14.59,0.126,False
BGW-09,2,45,5.39,120,54.65,35.48,13.62,0.144,False
BGW-09,2,46,5.39,120,55.88,35.49,13.52,0.182,False
BGW-09,2,47,5.39,120,55.29,33.91,13.47,0.404,False
BGW-09,2,48,5.39,120,51.47,36.72,13.7,0.138,False
BGW-09,2,49,5.39,120,56.09,34.4,13.04,0.0,False
BGW-09,2,50,5.39,120,55.55,35.84,13.87,0.157,False
BGW-09,2,51,5.39,120,56.0,35.16,13.12,0.285,False
BGW-09,2,52,5.39,120,53.15,36.53,13.76,0.174,False
BGW-09,2,53,5.39,120,52.48,35.27,13.16,0.178,False
BGW-09,2,54,5.39,120,55.62,37.56,14.58,0.189,False
BGW-09,2,55,5.39,120,56.21,38.18,15.22,0.122,False
BGW-09,2,56,5.39,120,55.68,35.46,13.32,0.267,False
BGW-09,2,57,5.39,120,54.88,39.43,15.42,0.144,False
BGW-09,2,58,5.39,120,55.53,34.66,13.79,0.0,False
BGW-09,2,59,5.39,120,55.98,39.13,15.43,0.335,False
BGW-09,2,60,5.39,120,52.63,36.18,14.09,0.241,False
BGW-09,2,61,5.39,120,51.39,37.49,13.67,0.184,False
BGW-09,2,62,5.39,120,54.34,38.2,14.76,0.207,False
BGW-09,2,63,5.39,120,53.86,42.4,15.84,0.26,False
BGW-09,2,64,5.39,120,52.87,39.38,14.62,0.0,False
BGW-09,2,65,5.39,120,56.27,39.45,15.34,0.0,False
BGW-09,2,66,5.39,120,55.31,41.94,15.98,0.222,False
BGW-09,2,67,5.39,120,55.27,38.97,14.29,0.101,False
BGW-09,2,68,5.39,120,55.28,39.7,14.8,0.191,False
BGW-09,2,69,5.39,120,54.15,40.44,15.05,0.192,False
BGW-09,2,70,5.39,120,51.7,38.66,15.25,0.185,False
BGW-09,2,71,5.39,120,51.2,40.43,14.67,0.053,False
BGW-09,2,72,5.39,120,53.42,39.17,14.3,0.086,False
BGW-09,2,73,5.39,120,51.75,39.65,15.25,0.23,False
BGW-09,2,74,5.39,120,52.78,40.55,15.45,0.11,False
BGW-09,2,75,5.39,120,55.59,40.05,14.78,0.125,False
BGW-09,2,76,5.39,120,55.27,38.78,15.37,0.122,False
BGW-09,2,77,5.39,120,54.03,40.42,15.29,0.264,False
BGW-09,2,78,5.39,120,53.1,40.55,15.81,0.371,False
BGW-09,2,79,5.39,120,52.67,42.59,16.96,0.147,False
BGW-09,2,80,5.39,120,53.94,40.9,15.72,0.086,False
BGW-09,2,81,5.39,120,55.37,42.77,16.11,0.163,False
BGW-09,2,82,5.39,120,56.22,40.27,15.51,0.011,False
BGW-09,2,83,5.39,120,51.61,40.38,14.73,0.129,False
BGW-09,2,84,5.39,120,56.05,39.7,15.63,0.219,False
BGW-09,2,85,5.39,120,54.73,39.71,15.33,0.082,False
BGW-09,2,86,5.39,120,54.31,41.23,15.92,0.118,False
BGW-09,2,87,5.39,120,51.48,38.44,14.06,0.05,False
BGW-09,2,88,5.39,120,56.35,36.6,13.22,2.203,False
BGW-09,2,89,5.39,120,55.83,41.26,15.65,0.141,False
BGW-09,3,0,6.3,86,65.81,27.37,10.62,0.143,False
BGW-09,3,1,6.3,86,62.52,27.58,10.85,0.052,False
BGW-09,3,2,6.3,86,63.66,28.18,10.95,0.17,False
BGW-09,3,3,6.3,86,65.33,26.95,9.76,0.163,False
BGW-09,3,4,6.3,86,63.63,30.07,11.21,0.278,False
BGW-09,3,5,6.3,86,64.35,26.74,10.41,0.049,False
BGW-09,3,6,6.3,86,62.49,30.35,11.91,0.075,False
BGW-09,3,7,6.3,86,60.17,24.99,9.32,0.158,False
BGW-09,3,8,6.3,86,64.29,30.68,12.0,0.122,False
BGW-09,3,9,6.3,86,62.67,28.76,11.12,0.094,False
BGW-09,3,10,6.3,86,65.77,29.48,10.82,0.248,False
BGW-09,3,11,6.3,86,59.83,27.29,10.17,0.252,False
BGW-09,3,12,6.3,86,62.7,30.16,11.84,0.25,False
BGW-09,3,13,6.3,86,61.97,27.3,10.71,0.044,False
BGW-09,3,14,6.3,86,63.98,26.86,9.75,0.05,False
BGW-09,3,15,6.3,86,60.34,26.9,10.16,0.228,False
BGW-09,3,16,6.3,86,60.79,26.89,9.81,0.111,False
BGW-09,3,17,6.3,86,60.59,27.47,10.11,0.266,False
BGW-09,3,18,6.3,86,62.72,28.05,10.32,0.023,False
BGW-09,3,19,6.3,86,62.07,28.39,10.73,0.176,False
BGW-09,3,20,6.3,86,62.07,29.43,10.88,0.152,False
BGW-09,3,21,6.3,86,60.9,28.89,10.67,0.019,False
BGW-09,3,22,6.3,86,60.63,28.13,10.43,0.107,False
BGW-09,3,23,6.3,86,63.67,30.0,11.04,0.059,False
BGW-09,3,24,6.3,86,63.22,30.34,11.99,0.179,False
BGW-09,3,25,6.3,86,60.69,27.31,10.43,0.194,False
BGW-09,3,26,6.3,86,64.8,28.05,10.57,0.138,False
BGW-09,3,27,6.3,86,65.23,29.03,10.59,0.286,False
BGW-09,3,28,6.3,86,63.95,30.11,11.07,0.087,False
BGW-09,3,29,6.3,86,62.14,28.84,11.1,0.0,False
BGW-09,3,30,6.3,86,63.42,30.76,11.94,0.149,False
BGW-09,3,31,6.3,86,60.56,32.18,12.04,0.018,False
BGW-09,3,32,6.3,86,61.28,29.14,11.23,0.224,False
BGW-09,3,33,6.3,86,60.54,29.45,10.88,0.222,False
BGW-09,3,34,6.3,86,60.35,31.79,11.76,0.0,False
BGW-09,3,35,6.3,86,61.58,30.59,11.79,0.112,False
BGW-09,3,36,6.3,86,61.99,31.96,12.32,0.0,False
BGW-09,3,37,6.3,86,64.36,30.57,11.9,0.318,False
BGW-09,3,38,6.3,86,61.32,32.54,11.83,0.175,False
BGW-09,3,39,6.3,86,62.17,30.91,11.77,0.055,False
BGW-09,3,40,6.3,86,62.84,33.32,12.38,0.119,False
BGW-09,3,41,6.3,86,64.71,32.89,12.96,0.018,False
BGW-09,3,42,6.3,86,60.43,31.91,12.39,0.252,False
BGW-09,3,43,6.3,86,62.12,30.3,11.01,0.143,False
BGW-09,3,44,6.3,86,65.1,32.76,12.96,0.146,False
BGW-09,3,45,6.3,86,60.65,32.86,12.44,0.31,False
BGW-09,3,46,6.3,86,61.37,33.07,12.17,0.078,False
BGW-09,3,47,6.3,86,61.34,32.03,12.64,0.076,False
BGW-09,3,48,6.3,86,64.49,33.29,12.25,0.045,False
BGW-09,3,49,6.3,86,61.49,35.49,13.2,0.247,False
BGW-09,3,50,6.3,86,63.33,35.37,14.07,0.24,False
BGW-09,3,51,6.3,86,61.06,34.15,12.33,0.069,False
BGW-09,3,52,6.3,86,61.8,32.44,12.33,0.31,False
BGW-09,3,53,6.3,86,64.28,36.41,13.28,0.161,False
BGW-09,3,54,6.3,86,60.08,35.62,12.87,0.214,False
BGW-09,3,55,6.3,86,63.21,35.73,13.85,0.21,False
BGW-09,3,56,6.3,86,65.98,37.46,14.58,0.165,False
BGW-09,3,57,6.3,86,64.53,34.13,12.42,0.245,False
BGW-09,3,58,6.3,86,63.84,33.97,13.08,0.066,False
BGW-09,3,59,6.3,86,63.73,35.93,13.46,0.156,False
BGW-09,3,60,6.3,86,63.06,33.12,12.11,0.156,False
BGW-09,3,61,6.3,86,62.22,35.45,13.45,0.2,False
BGW-09,3,62,6.3,86,63.95,37.85,14.81,0.0,False
BGW-09,3,63,6.3,86,60.55,36.19,14.36,0.151,False
BGW-09,3,64,6.3,86,61.63,37.93,14.04,0.074,False
BGW-09,3,65,6.3,86,65.23,36.28,14.13,0.145,False
BGW-09,3,66,6.3,86,60.19,36.15,14.31,0.242,False
BGW-09,3,67,6.3,86,61.85,38.9,15.26,0.219,False
BGW-09,3,68,6.3,86,64.46,35.82,13.2,0.253,False
BGW-09,3,69,6.3,86,65.15,35.91,14.13,0.062,False
BGW-09,3,70,6.3,86,62.82,37.11,14.64,0.0,False
BGW-09,3,71,6.3,86,65.25,35.72,13.5,0.205,False
BGW-09,3,72,6.3,86,62.92,37.96,14.41,0.0,False
BGW-09,3,73,6.3,86,63.45,37.67,13.92,0.106,False
BGW-09,3,74,6.3,86,60.68,38.63,14.74,0.186,False
BGW-09,3,75,6.3,86,62.65,38.1,14.81,0.064,False
BGW-09,3,76,6.3,86,64.99,37.98,14.38,0.154,False
BGW-09,3,77,6.3,86,65.69,40.17,15.84,0.06,False
BGW-09,3,78,6.3,86,63.83,38.34,14.69,0.168,False
BGW-09,3,79,6.3,86,60.65,39.54,15.23,0.12,False
BGW-09,3,80,6.3,86,62.43,40.05,15.98,0.279,False
BGW-09,3,81,6.3,86,59.86,36.41,13.2,0.358,False
BGW-09,3,82,6.3,86,62.48,37.71,14.94,0.019,False
BGW-09,3,83,6.3,86,65.86,38.27,13.97,0.052,False
BGW-09,3,84,6.3,86,64.62,38.98,15.24,0.159,False
BGW-09,3,85,6.3,86,62.6,37.28,14.54,0.222,False
BGW-09,3,86,6.3,86,61.99,39.57,14.88,0.308,False
BGW-09,3,87,6.3,86,65.93,42.08,15.94,0.265,False
BGW-09,3,88,6.3,86,65.76,40.37,16.07,0.128,False
BGW-09,3,89,6.3,86,59.88,39.49,14.36,0.08,False
BGW-09,4,0,4.13,144,39.84,31.14,12.39,0.21,False
BGW-09,4,1,4.13,144,42.47,28.57,10.48,0.107,False
BGW-09,4,2,4.13,144,41.03,26.91,10.17,0.233,False
BGW-09,4,3,4.13,144,42.56,29.77,10.98,0.361,False
BGW-09,4,4,4.13,144,40.29,31.91,11.93,0.0,False
BGW-09,4,5,4.13,144,41.8,27.98,10.62,0.0,False
BGW-09,4,6,4.13,144,41.11,27.35,10.71,0.119,False
BGW-09,4,7,4.13,144,40.25,28.4,10.54,0.193,False
BGW-09,4,8,4.13,144,40.25,30.78,12.23,0.089,False
BGW-09,4,9,4.13,144,42.6,27.9,10.34,0.126,False
BGW-09,4,10,4.13,144,40.95,26.76,10.48,0.123,False
BGW-09,4,11,4.13,144,41.66,27.8,10.44,0.146,False
BGW-09,4,12,4.13,144,39.45,28.03,10.63,0.0,False
BGW-09,4,13,4.13,144,41.57,28.19,10.82,0.197,False
BGW-09,4,14,4.13,144,41.82,27.8,10.74,0.121,False
BGW-09,4,15,4.13,144,40.21,28.35,10.59,0.075,False
BGW-09,4,16,4.13,144,43.31,30.34,11.95,0.173,False
BGW-09,4,17,4.13,144,43.39,32.01,12.68,0.057,False
BGW-09,4,18,4.13,144,39.73,29.27,11.37,0.257,False
BGW-09,4,19,4.13,144,40.21,31.2,12.25,0.072,False
BGW-09,4,20,4.13,144,40.37,26.96,10.21,0.064,False
BGW-09,4,21,4.13,144,42.83,30.52,11.21,0.211,False
BGW-09,4,22,4.13,144,40.4,29.69,11.64,0.185,False
BGW-09,4,23,4.13,144,42.13,27.33,10.47,0.118,False
BGW-09,4,24,4.13,144,40.53,29.16,10.71,0.181,False
BGW-09,4,25,4.13,144,41.83,29.03,11.19,0.171,False
BGW-09,4,26,4.13,144,42.6,30.01,11.62,0.088,False
BGW-09,4,27,4.13,144,41.09,30.7,11.93,0.217,False
BGW-09,4,28,4.13,144,43.22,33.4,12.17,0.172,False
BGW-09,4,29,4.13,144,39.35,27.77,10.2,0.167,False
BGW-09,4,30,4.13,144,40.34,29.66,11.3,0.329,False
BGW-09,4,31,4.13,144,43.33,30.61,11.74,0.267,False
BGW-09,4,32,4.13,144,42.28,29.96,10.85,0.113,False
BGW-09,4,33,4.13,144,40.17,32.1,12.58,0.243,False
BGW-09,4,34,4.13,144,42.39,32.77,13.05,0.327,False
BGW-09,4,35,4.13,144,41.72,31.99,11.64,0.127,False
BGW-09,4,36,4.13,144,41.78,32.54,12.51,0.149,False
BGW-09,4,37,4.13,144,40.4,31.82,12.43,0.17,False
BGW-09,4,38,4.13,144,39.74,35.37,12.94,0.217,False
BGW-09,4,39,4.13,144,41.36,32.24,12.17,0.296,False
BGW-09,4,40,4.13,144,42.56,35.75,13.56,0.209,False
BGW-09,4,41,4.13,144,43.19,33.79,13.4,0.289,False
BGW-09,4,42,4.13,144,41.4,34.17,13.26,0.0,False
BGW-09,4,43,4.13,144,42.01,30.94,11.45,0.162,False
BGW-09,4,44,4.13,144,41.59,34.26,13.26,0.047,False
BGW-09,4,45,4.13,144,42.68,33.57,12.41,0.183,False
BGW-09,4,46,4.13,144,41.45,33.53,12.54,0.162,False
BGW-09,4,47,4.13,144,40.63,33.41,12.9,0.281,False
BGW-09,4,48,4.13,144,43.15,33.98,12.69,0.192,False
BGW-09,4,49,4.13,144,41.0,35.0,13.31,0.193,False
BGW-09,4,50,4.13,144,42.71,33.13,12.04,0.274,False
BGW-09,4,51,4.13,144,42.92,34.05,12.53,0.076,False
BGW-09,4,52,4.13,144,41.22,34.22,12.47,0.18,False
BGW-09,4,53,4.13,144,41.91,33.78,13.12,0.238,False
BGW-09,4,54,4.13,144,39.67,36.78,14.28,0.06,False
BGW-09,4,55,4.13,144,43.23,36.06,14.14,0.065,False
BGW-09,4,56,4.13,144,39.4,33.95,13.34,0.202,False
BGW-09,4,57,4.13,144,42.96,36.06,13.29,0.198,False
BGW-09,4,58,4.13,144,40.19,34.91,12.67,0.153,False
BGW-09,4,59,4.13,144,42.48,33.77,13.02,0.124,False
BGW-09,4,60,4.13,144,39.94,33.07,12.53,0.181,False
BGW-09,4,61,4.13,144,41.76,39.55,14.9,0.061,False
BGW-09,4,62,4.13,144,39.91,34.36,13.2,0.0,False
BGW-09,4,63,4.13,144,39.93,40.77,16.13,0.207,False
BGW-09,4,64,4.13,144,41.11,35.94,13.14,0.0,False
BGW-09,4,65,4.13,144,40.43,36.56,13.96,0.109,False
BGW-09,4,66,4.13,144,41.8,36.95,13.64,0.036,False
BGW-09,4,67,4.13,144,40.36,37.63,14.53,0.137,False
BGW-09,4,68,4.13,144,40.17,39.14,14.19,0.124,False
BGW-09,4,69,4.13,144,42.71,36.17,13.37,0.199,False
BGW-09,4,70,4.13,144,41.62,37.46,14.83,0.366,False
BGW-09,4,71,4.13,144,42.09,39.3,14.27,0.034,False
BGW-09,4,72,4.13,144,42.13,39.18,14.3,0.157,False
BGW-09,4,73,4.13,144,43.25,38.67,14.31,0.0,False
BGW-09,4,74,4.13,144,41.6,40.39,14.85,0.277,False
BGW-09,4,75,4.13,144,43.22,37.42,13.63,0.095,False
BGW-09,4,76,4.13,144,40.55,37.27,14.59,0.369,False
BGW-09,4,77,4.13,144,39.34,36.33,14.44,0.068,False
BGW-09,4,78,4.13,144,42.6,36.62,13.99,0.121,False
BGW-09,4,79,4.13,144,41.42,36.66,14.05,0.0,False
BGW-09,4,80,4.13,144,43.4,38.75,13.99,0.188,False
BGW-09,4,81,4.13,144,39.52,35.67,13.56,0.107,False
BGW-09,4,82,4.13,144,39.63,41.45,15.96,0.183,False
BGW-09,4,83,4.13,144,40.36,39.27,14.25,0.079,False
BGW-09,4,84,4.13,144,42.68,40.11,15.01,0.18,False
BGW-09,4,85,4.13,144,42.63,39.02,15.04,0.272,False
BGW-09,4,86,4.13,144,41.72,36.85,14.0,0.153,False
BGW-09,4,87,4.13,144,42.01,38.74,15.09,0.324,False
BGW-09,4,88,4.13,144,41.74,40.92,15.28,0.104,False
BGW-09,4,89,4.13,144,42.23,41.34,15.6,0.011,False
BGW-09,5,0,4.9,86,50.42,31.42,11.93,0.158,False
BGW-09,5,1,4.9,86,48.84,29.69,11.27,0.315,False
BGW-09,5,2,4.9,86,47.21,27.18,10.66,0.201,False
BGW-09,5,3,4.9,86,48.27,29.19,11.55,0.239,False
BGW-09,5,4,4.9,86,49.98,28.49,11.24,0.0,False
BGW-09,5,5,4.9,86,47.3,27.88,10.67,0.185,False
BGW-09,5,6,4.9,86,49.68,28.65,10.96,0.11,False
BGW-09,5,7,4.9,86,48.2,27.77,10.99,0.086,False
BGW-09,5,8,4.9,86,46.72,30.55,11.76,0.056,False
BGW-09,5,9,4.9,86,51.13,27.66,10.73,0.223,False
BGW-09,5,10,4.9,86,48.68,31.56,12.17,0.133,False
BGW-09,5,11,4.9,86,48.3,31.72,11.57,0.0,False
BGW-09,5,12,4.9,86,46.98,31.26,12.32,0.172,False
BGW-09,5,13,4.9,86,47.11,33.37,13.05,0.207,False
BGW-09,5,14,4.9,86,47.68,30.08,11.26,0.259,False
BGW-09,5,15,4.9,86,48.38,32.01,12.59,0.161,False
BGW-09,5,16,4.9,86,47.07,31.32,12.42,0.296,False
BGW-09,5,17,4.9,86,49.5,32.38,12.45,0.076,False
BGW-09,5,18,4.9,86,47.23,36.02,13.77,0.0,False
BGW-09,5,19,4.9,86,50.93,31.64,12.05,0.066,False
BGW-09,5,20,4.9,86,46.76,33.92,12.78,0.371,False
BGW-09,5,21,4.9,86,46.74,34.63,12.69,0.086,False
BGW-09,5,22,4.9,86,47.41,35.91,14.18,0.238,False
BGW-09,5,23,4.9,86,48.82,32.95,12.04,0.146,False
BGW-09,5,24,4.9,86,50.12,34.44,13.46,0.218,False
BGW-09,5,25,4.9,86,46.84,36.87,13.98,0.128,False
BGW-09,5,26,4.9,86,50.2,35.32,13.81,0.185,False
BGW-09,5,27,4.9,86,47.53,34.98,13.13,0.216,False
BGW-09,5,28,4.9,86,46.62,36.23,14.44,0.177,False
BGW-09,5,29,4.9,86,50.82,37.16,14.77,0.123,False
BGW-09,5,30,4.9,86,49.49,34.23,12.7,0.143,False
BGW-09,5,31,4.9,86,48.16,35.97,13.14,0.114,False
BGW-09,5,32,4.9,86,49.27,37.2,14.66,0.074,False
BGW-09,5,33,4.9,86,49.07,38.79,14.86,0.161,False
BGW-09,5,34,4.9,86,46.82,40.59,15.54,0.209,False
BGW-09,5,35,4.9,86,50.83,37.45,13.65,0.02,False
BGW-09,5,36,4.9,86,50.11,38.21,14.75,0.005,False
BGW-09,5,37,4.9,86,48.46,39.23,14.6,0.051,False
BGW-09,5,38,4.9,86,48.61,39.62,15.21,0.204,False
BGW-09,5,39,4.9,86,48.04,39.14,14.84,0.208,False
BGW-09,5,40,4.9,86,47.15,40.59,16.18,0.061,False
BGW-09,5,41,4.9,86,48.12,39.5,15.4,0.263,False
BGW-09,5,42,4.9,86,50.07,39.38,15.25,0.226,False
BGW-09,5,43,4.9,86,50.54,42.33,15.96,0.155,False
BGW-09,5,44,4.9,86,49.56,39.69,14.6,0.015,False
BGW-09,5,45,4.9,86,47.3,40.25,14.76,0.092,False
BGW-09,5,46,4.9,86,51.13,34.7,12.69,2.343,False
BGW-09,5,47,4.9,86,50.91,42.62,16.17,0.141,False
BGW-09,5,48,4.9,86,46.73,41.97,15.83,0.118,False
BGW-09,5,49,4.9,86,50.56,40.63,14.78,0.111,False
BGW-09,5,50,4.9,86,47.53,38.26,14.72,0.103,False
BGW-09,5,51,4.9,86,47.58,40.62,14.94,0.05,False
BGW-09,5,52,4.9,86,49.63,41.91,16.04,0.122,False
BGW-09,5,53,4.9,86,47.42,43.48,17.04,0.052,False
BGW-09,5,54,4.9,86,50.64,41.43,15.71,0.238,False
BGW-09,5,55,4.9,86,46.98,34.14,12.75,2.314,False
BGW-09,5,56,4.9,86,47.18,41.23,15.29,0.007,False
BGW-09,5,57,4.9,86,48.22,35.88,14.08,2.149,False
BGW-09,5,58,4.9,86,50.56,36.19,13.62,2.443,False
BGW-09,5,59,4.9,86,51.01,40.04,15.77,0.229,False
BGW-09,5,60,4.9,86,50.39,43.05,16.22,0.296,False
BGW-09,5,61,4.9,86,47.77,35.64,13.82,2.414,False
BGW-09,5,62,4.9,86,48.17,42.03,15.84,0.162,False
BGW-09,5,63,4.9,86,47.68,40.23,14.54,0.153,False
BGW-09,5,64,4.9,86,46.67,32.95,12.95,2.417,False
BGW-09,5,65,4.9,86,48.96,39.39,14.97,0.263,False
BGW-09,5,66,4.9,86,49.39,39.92,15.65,0.247,False
BGW-09,5,67,4.9,86,51.22,41.46,15.28,0.174,False
BGW-09,5,68,4.9,86,48.39,34.94,13.23,2.261,False
BGW-09,5,69,4.9,86,47.14,34.59,12.96,2.392,False
BGW-09,5,70,4.9,86,48.1,38.86,14.58,0.15,False
BGW-09,5,71,4.9,86,50.01,36.09,14.36,2.43,False
BGW-09,5,72,4.9,86,48.62,34.64,13.59,2.396,False
BGW-09,5,73,4.9,86,47.31,42.08,15.54,0.23,False
BGW-09,5,74,4.9,86,49.71,35.17,14.0,2.427,False
BGW-09,5,75,4.9,86,47.34,37.31,14.5,2.497,False
BGW-09,5,76,4.9,86,46.71,42.08,15.21,0.188,False
BGW-09,5,77,4.9,86,51.12,34.86,13.21,2.266,False
BGW-09,5,78,4.9,86,49.42,35.86,12.96,2.392,False
BGW-09,5,79,4.9,86,49.63,35.17,13.4,2.311,False
BGW-09,5,80,4.9,86,47.32,37.78,15.03,2.542,False
BGW-09,5,81,4.9,86,47.15,35.55,13.73,2.329,False
BGW-09,5,82,4.9,86,51.15,34.62,12.87,2.077,False
BGW-09,5,83,4.9,86,51.41,36.37,14.19,2.432,False
BGW-09,5,84,4.9,86,49.51,36.12,13.18,2.133,False
BGW-09,5,85,4.9,86,51.3,42.07,16.15,0.241,False
BGW-09,5,86,4.9,86,49.2,34.03,13.14,2.293,False
BGW-09,5,87,4.9,86,48.9,37.4,14.38,2.484,False
BGW-09,5,88,4.9,86,49.25,36.93,13.59,2.343,False
BGW-09,5,89,4.9,86,48.99,36.56,13.77,2.389,False
BGW-09,6,0,6.13,100,58.97,27.77,10.21,0.153,False
BGW-09,6,1,6.13,100,63.94,30.3,11.52,0.274,False
BGW-09,6,2,6.13,100,58.69,25.58,9.41,0.038,False
BGW-09,6,3,6.13,100,63.94,29.88,11.59,0.088,False
BGW-09,6,4,6.13,100,63.59,31.19,12.13,0.223,False
BGW-09,6,5,6.13,100,63.58,30.67,11.19,0.0,False
BGW-09,6,6,6.13,100,63.2,29.2,10.92,0.293,False
BGW-09,6,7,6.13,100,60.36,26.3,9.88,0.237,False
BGW-09,6,8,6.13,100,64.0,29.52,10.85,0.143,False
BGW-09,6,9,6.13,100,64.16,28.89,11.5,0.015,False
BGW-09,6,10,6.13,100,61.05,29.93,11.12,0.172,False
BGW-09,6,11,6.13,100,61.2,29.28,11.18,0.0,False
BGW-09,6,12,6.13,100,63.67,32.79,12.72,0.149,False
BGW-09,6,13,6.13,100,62.81,30.29,11.93,0.093,False
BGW-09,6,14,6.13,100,62.88,29.4,10.85,0.245,False
BGW-09,6,15,6.13,100,60.26,32.42,12.56,0.0,False
BGW-09,6,16,6.13,100,62.9,31.05,11.25,0.1,False
BGW-09,6,17,6.13,100,58.56,31.02,12.22,0.0,False
BGW-09,6,18,6.13,100,61.69,32.1,12.16,0.209,False
BGW-09,6,19,6.13,100,61.65,34.86,12.7,0.15,False
BGW-09,6,20,6.13,100,58.6,31.77,12.55,0.261,False
BGW-09,6,21,6.13,100,59.34,33.09,12.98,0.154,False
BGW-09,6,22,6.13,100,60.02,33.14,13.08,0.0,False
BGW-09,6,23,6.13,100,59.78,32.55,12.24,0.023,False
BGW-09,6,24,6.13,100,58.87,31.55,11.5,0.083,False
BGW-09,6,25,6.13,100,61.98,30.93,12.23,0.204,False
BGW-09,6,26,6.13,100,58.95,32.41,12.46,0.335,False
BGW-09,6,27,6.13,100,62.2,32.92,12.45,0.225,False
BGW-09,6,28,6.13,100,60.29,34.46,12.88,0.404,False
BGW-09,6,29,6.13,100,60.87,33.81,12.78,0.06,False
BGW-09,6,30,6.13,100,60.92,34.3,13.51,0.269,False
BGW-09,6,31,6.13,100,59.96,33.45,12.96,0.226,False
BGW-09,6,32,6.13,100,61.34,37.83,13.91,0.0,False
BGW-09,6,33,6.13,100,58.81,35.84,13.06,0.007,False
BGW-09,6,34,6.13,100,59.14,33.68,12.78,0.187,False
BGW-09,6,35,6.13,100,59.84,39.59,15.37,0.0,False
BGW-09,6,36,6.13,100,58.72,36.2,14.26,0.229,False
BGW-09,6,37,6.13,100,58.84,40.55,15.21,0.157,False
BGW-09,6,38,6.13,100,64.3,34.73,13.22,0.106,False
BGW-09,6,39,6.13,100,60.19,38.65,14.86,0.067,False
BGW-09,6,40,6.13,100,58.92,36.56,14.5,0.139,False
BGW-09,6,41,6.13,100,59.58,39.84,14.51,0.09,False
BGW-09,6,42,6.13,100,62.84,37.58,13.71,0.098,False
BGW-09,6,43,6.13,100,63.41,37.37,14.35,0.194,False
BGW-09,6,44,6.13,100,59.46,40.73,15.3,0.266,False
BGW-09,6,45,6.13,100,63.19,41.06,14.83,0.279,False
BGW-09,6,46,6.13,100,60.37,38.55,14.2,0.285,False
BGW-09,6,47,6.13,100,59.16,38.67,14.63,0.321,False
BGW-09,6,48,6.13,100,61.36,40.61,16.14,0.193,False
BGW-09,6,49,6.13,100,59.55,40.52,15.05,0.169,False
BGW-09,6,50,6.13,100,64.28,43.02,16.6,0.286,False
BGW-09,6,51,6.13,100,63.05,42.24,16.28,0.217,False
BGW-09,6,52,6.13,100,63.54,38.51,14.94,0.161,False
BGW-09,6,53,6.13,100,58.77,41.42,15.7,0.228,False
BGW-09,6,54,6.13,100,60.76,41.38,15.12,0.006,False
BGW-09,6,55,6.13,100,63.97,41.39,15.42,0.078,False
BGW-09,6,56,6.13,100,58.34,43.08,15.59,0.25,False
BGW-09,6,57,6.13,100,59.58,39.68,15.33,0.0,False
BGW-09,6,58,6.13,100,61.55,40.19,14.83,0.218,False
BGW-09,6,59,6.13,100,58.78,39.14,15.42,0.166,False
BGW-09,6,60,6.13,100,60.59,40.68,14.79,0.025,False
BGW-09,6,61,6.13,100,61.61,40.52,15.53,0.117,False
BGW-09,6,62,6.13,100,58.62,36.03,14.3,2.42,False
BGW-09,6,63,6.13,100,61.84,39.59,15.0,0.212,False
BGW-09,6,64,6.13,100,60.3,36.22,13.44,2.246,False
BGW-09,6,65,6.13,100,64.05,35.8,13.02,2.459,False
BGW-09,6,66,6.13,100,63.69,36.96,14.56,2.362,False
BGW-09,6,67,6.13,100,58.92,35.1,13.39,2.255,False
BGW-09,6,68,6.13,100,60.33,37.05,13.61,2.497,False
BGW-09,6,69,5.33,100,55.91,36.05,13.28,2.345,False
BGW-09,6,70,5.33,100,52.27,38.48,14.62,0.184,True
BGW-09,6,71,5.33,100,50.73,38.83,15.46,2.413,False
BGW-09,6,72,5.33,100,55.77,43.0,15.99,0.297,True
BGW-09,6,73,5.33,100,53.58,35.09,13.52,2.358,False
BGW-09,6,74,5.33,100,51.56,36.54,13.24,2.376,False
BGW-09,6,75,5.33,100,50.88,32.74,13.06,2.338,False
BGW-09,6,76,5.33,100,51.61,42.12,16.25,0.0,True
BGW-09,6,77,5.33,100,52.3,37.48,14.54,0.091,True
BGW-09,6,78,5.33,100,51.23,35.02,13.23,2.284,False
BGW-09,6,79,5.33,100,53.56,38.35,14.07,2.404,False
BGW-09,6,80,5.33,100,51.66,42.96,15.81,0.0,True
BGW-09,6,81,5.33,100,51.75,39.59,14.87,0.136,True
BGW-09,6,82,5.33,100,53.76,39.04,15.51,0.009,True
BGW-09,6,83,5.33,100,54.83,36.15,13.14,2.379,False
BGW-09,6,84,5.33,100,53.24,39.58,15.05,0.24,True
BGW-09,6,85,5.33,100,51.51,38.51,14.65,2.474,False
BGW-09,6,86,5.33,100,52.99,35.45,13.71,2.323,False
BGW-09,6,87,5.33,100,52.65,36.21,14.16,2.371,False
BGW-09,6,88,5.33,100,53.32,34.52,12.89,2.39,False
BGW-09,6,89,5.33,100,51.79,35.24,13.3,2.294,False
BGW-09,7,0,4.9,100,50.5,26.76,10.32,0.185,False
BGW-09,7,1,4.9,100,47.45,27.98,10.35,0.18,False
BGW-09,7,2,4.9,100,51.42,25.69,9.66,0.229,False
BGW-09,7,3,4.9,100,48.36,28.41,10.76,0.213,False
BGW-09,7,4,4.9,100,47.14,29.08,11.12,0.0,False
BGW-09,7,5,4.9,100,48.6,30.16,11.99,0.119,False
BGW-09,7,6,4.9,100,51.29,29.4,11.1,0.135,False
BGW-09,7,7,4.9,100,48.89,31.5,12.23,0.143,False
BGW-09,7,8,4.9,100,48.64,30.64,11.19,0.262,False
BGW-09,7,9,4.9,100,49.52,29.72,11.48,0.267,False
BGW-09,7,10,4.9,100,51.47,32.12,11.8,0.096,False
BGW-09,7,11,4.9,100,47.56,31.31,11.33,0.249,False
BGW-09,7,12,4.9,100,48.93,29.66,11.28,0.233,False
BGW-09,7,13,4.9,100,49.39,32.19,12.79,0.197,False
BGW-09,7,14,4.9,100,50.33,30.68,12.19,0.261,False
BGW-09,7,15,4.9,100,51.2,28.82,11.17,0.128,False
BGW-09,7,16,4.9,100,46.97,30.37,11.71,0.102,False
BGW-09,7,17,4.9,100,50.97,30.66,11.94,0.136,False
BGW-09,7,18,4.9,100,48.37,32.13,11.85,0.171,False
BGW-09,7,19,4.9,100,46.89,31.97,11.62,0.183,False
BGW-09,7,20,4.9,100,48.11,30.63,11.34,0.004,False
BGW-09,7,21,4.9,100,49.63,31.65,12.62,0.101,False
BGW-09,7,22,4.9,100,49.62,29.49,10.77,0.088,False
BGW-09,7,23,4.9,100,50.21,32.45,12.29,0.192,False
BGW-09,7,24,4.9,100,47.83,32.41,12.4,0.146,False
BGW-09,7,25,4.9,100,50.7,33.9,13.02,0.042,False
BGW-09,7,26,4.9,100,51.46,29.39,11.02,0.175,False
BGW-09,7,27,4.9,100,48.49,31.05,12.22,0.182,False
BGW-09,7,28,4.9,100,46.88,33.58,12.31,0.253,False
BGW-09,7,29,4.9,100,50.33,31.06,12.22,0.162,False
BGW-09,7,30,4.9,100,51.48,33.17,12.66,0.272,False
BGW-09,7,31,4.9,100,47.11,32.89,12.09,0.162,False
BGW-09,7,32,4.9,100,46.59,34.02,13.34,0.159,False
BGW-09,7,33,4.9,100,50.91,35.39,14.04,0.117,False
BGW-09,7,34,4.9,100,47.47,36.0,13.33,0.151,False
BGW-09,7,35,4.9,100,46.77,34.77,13.03,0.204,False
BGW-09,7,36,4.9,100,47.06,32.39,11.83,0.198,False
BGW-09,7,37,4.9,100,49.73,33.86,13.45,0.171,False
BGW-09,7,38,4.9,100,51.35,34.02,13.48,0.264,False
BGW-09,7,39,4.9,100,48.38,32.48,12.64,0.328,False
BGW-09,7,40,4.9,100,48.84,37.24,14.14,0.087,False
BGW-09,7,41,4.9,100,50.05,35.68,13.12,0.018,False
BGW-09,7,42,4.9,100,48.38,37.88,13.79,0.2,False
BGW-09,7,43,4.9,100,47.08,37.79,13.93,0.145,False
BGW-09,7,44,4.9,100,50.36,38.23,14.09,0.258,False
BGW-09,7,45,4.9,100,49.71,36.39,13.55,0.257,False
BGW-09,7,46,4.9,100,47.35,36.59,13.61,0.053,False
BGW-09,7,47,4.9,100,46.87,36.9,14.39,0.012,False
BGW-09,7,48,4.9,100,46.94,40.99,15.8,0.272,False
BGW-09,7,49,4.9,100,50.07,38.19,13.98,0.124,False
BGW-09,7,50,4.9,100,51.3,39.65,15.56,0.205,False
BGW-09,7,51,4.9,100,49.0,37.17,14.4,0.081,False
BGW-09,7,52,4.9,100,50.19,37.8,13.79,0.165,False
BGW-09,7,53,4.9,100,47.64,35.04,12.87,0.093,False
BGW-09,7,54,4.9,100,50.12,38.51,14.48,0.066,False
BGW-09,7,55,4.9,100,50.8,39.4,15.13,0.204,False
BGW-09,7,56,4.9,100,48.6,39.44,14.25,0.038,False
BGW-09,7,57,4.9,100,50.55,38.31,14.95,0.243,False
BGW-09,7,58,4.9,100,50.96,38.89,14.41,0.185,False
BGW-09,7,59,4.9,100,46.91,37.82,14.89,0.202,False
BGW-09,7,60,4.9,100,51.29,40.21,14.82,0.118,False
BGW-09,7,61,4.9,100,48.87,37.93,14.36,0.121,False
BGW-09,7,62,4.9,100,46.7,42.76,16.51,0.317,False
BGW-09,7,63,4.9,100,50.71,42.42,16.81,0.08,False
BGW-09,7,64,4.9,100,47.25,36.84,13.9,0.022,False
BGW-09,7,65,4.9,100,50.17,43.44,17.01,0.25,False
BGW-09,7,66,4.9,100,50.85,41.51,16.08,0.246,False
BGW-09,7,67,4.9,100,47.01,43.35,16.71,0.077,False
BGW-09,7,68,4.9,100,49.25,42.24,16.2,0.126,False
BGW-09,7,69,4.9,100,47.24,37.96,14.11,0.157,False
BGW-09,7,70,4.9,100,47.98,42.67,16.03,0.0,False
BGW-09,7,71,4.9,100,46.76,40.45,15.45,0.273,False
BGW-09,7,72,4.9,100,47.26,41.02,16.36,0.111,False
BGW-09,7,73,4.9,100,48.3,39.4,14.76,0.073,False
BGW-09,7,74,4.9,100,47.86,40.58,15.34,0.275,False
BGW-09,7,75,4.9,100,48.53,42.07,15.22,0.288,False
BGW-09,7,76,4.9,100,49.37,42.55,15.91,0.273,False
BGW-09,7,77,4.9,100,46.94,42.15,16.25,0.222,False
BGW-09,7,78,4.9,100,47.42,37.59,13.95,2.375,False
BGW-09,7,79,4.9,100,50.95,41.07,16.35,0.135,False
BGW-09,7,80,4.9,100,48.55,35.68,13.15,2.33,False
BGW-09,7,81,4.9,100,50.69,41.06,16.03,0.0,False
BGW-09,7,82,4.9,100,51.31,35.88,14.03,2.309,False
BGW-09,7,83,4.9,100,49.84,36.28,13.91,2.506,False
BGW-09,7,84,4.9,100,49.49,40.63,15.57,0.243,False
BGW-09,7,85,4.9,100,48.65,40.88,16.13,0.128,False
BGW-09,7,86,4.9,100,51.16,36.82,14.31,2.29,False
BGW-09,7,87,4.9,100,49.76,34.94,13.92,2.45,False
BGW-09,7,88,4.9,100,47.13,35.19,12.72,2.34,False
BGW-09,7,89,4.9,100,50.51,37.58,14.46,2.475,False
BGW-09,8,0,5.74,120,56.09,28.66,10.99,0.069,False
BGW-09,8,1,5.74,120,57.05,28.16,11.13,0.142,False
BGW-09,8,2,5.74,120,56.16,28.99,11.48,0.066,False
BGW-09,8,3,5.74,120,56.25,30.44,11.04,0.125,False
BGW-09,8,4,5.74,120,59.19,28.7,11.01,0.23,False
BGW-09,8,5,5.74,120,58.43,28.2,10.79,0.236,False
BGW-09,8,6,5.74,120,56.8,29.65,11.65,0.253,False
BGW-09,8,7,5.74,120,58.05,28.71,10.66,0.033,False
BGW-09,8,8,5.74,120,54.55,31.22,11.49,0.222,False
BGW-09,8,9,5.74,120,58.09,26.41,10.41,0.078,False
BGW-09,8,10,5.74,120,55.71,29.36,11.21,0.171,False
BGW-09,8,11,5.74,120,58.96,27.42,10.86,0.107,False
BGW-09,8,12,5.74,120,55.66,29.87,11.34,0.03,False
BGW-09,8,13,5.74,120,57.82,30.98,11.25,0.01,False
BGW-09,8,14,5.74,120,56.34,29.63,10.81,0.0,False
BGW-09,8,15,5.74,120,57.93,30.16,11.47,0.357,False
BGW-09,8,16,5.74,120,56.79,30.45,11.17,0.041,False
BGW-09,8,17,5.74,120,56.45,30.11,11.21,0.069,False
BGW-09,8,18,5.74,120,58.98,31.16,12.21,0.119,False
BGW-09,8,19,5.74,120,58.77,30.78,11.42,0.0,False
BGW-09,8,20,5.74,120,57.47,33.14,13.17,0.065,False
BGW-09,8,21,5.74,120,59.03,33.27,12.17,0.227,False
BGW-09,8,22,5.74,120,58.15,31.69,12.63,0.27,False
BGW-09,8,23,5.74,120,57.18,33.57,13.38,0.121,False
BGW-09,8,24,5.74,120,55.66,31.86,12.48,0.323,False
BGW-09,8,25,5.74,120,58.52,36.14,14.39,0.076,False
BGW-09,8,26,5.74,120,58.88,33.79,12.52,0.166,False
BGW-09,8,27,5.74,120,56.36,37.6,14.76,0.264,False
BGW-09,8,28,5.74,120,54.54,34.9,13.05,0.113,False
BGW-09,8,29,5.74,120,57.32,36.13,13.05,0.1,False
BGW-09,8,30,5.74,120,57.76,38.16,14.51,0.229,False
BGW-09,8,31,5.74,120,56.82,36.88,13.66,0.098,False
BGW-09,8,32,5.74,120,57.01,33.94,13.05,0.206,False
BGW-09,8,33,5.74,120,60.18,38.28,14.66,0.028,False
BGW-09,8,34,5.74,120,59.67,37.62,13.78,0.207,False
BGW-09,8,35,5.74,120,60.14,36.83,14.11,0.0,False
BGW-09,8,36,5.74,120,59.66,38.61,14.72,0.053,False
BGW-09,8,37,5.74,120,60.13,39.19,14.22,0.194,False
BGW-09,8,38,5.74,120,59.12,37.17,14.41,0.15,False
BGW-09,8,39,5.74,120,54.66,36.64,14.14,0.252,False
BGW-09,8,40,5.74,120,57.81,38.68,14.89,0.208,False
BGW-09,8,41,5.74,120,54.51,39.12,14.73,0.134,False
BGW-09,8,42,5.74,120,58.48,39.28,15.5,0.182,False
BGW-09,8,43,5.74,120,55.13,40.74,14.8,0.013,False
BGW-09,8,44,5.74,120,55.79,37.76,15.02,0.139,False
BGW-09,8,45,5.74,120,54.82,36.24,14.43,0.0,False
BGW-09,8,46,5.74,120,56.14,37.64,14.24,0.208,False
BGW-09,8,47,5.74,120,58.37,38.66,15.19,0.0,False
BGW-09,8,48,5.74,120,56.1,37.78,14.41,0.0,False
BGW-09,8,49,5.74,120,55.49,41.34,15.37,0.241,False
BGW-09,8,50,5.74,120,57.32,39.28,14.83,0.225,False
BGW-09,8,51,5.74,120,58.33,38.44,14.39,0.216,False
BGW-09,8,52,5.74,120,54.94,36.88,14.04,0.089,False
BGW-09,8,53,5.74,120,55.25,39.72,14.8,0.257,False
BGW-09,8,54,5.74,120,57.29,39.39,14.24,0.06,False
BGW-09,8,55,5.74,120,55.26,43.49,15.78,0.193,False
BGW-09,8,56,5.74,120,54.61,34.28,12.64,2.326,False
BGW-09,8,57,5.74,120,55.24,38.32,14.85,0.0,False
BGW-09,8,58,5.74,120,59.23,40.58,15.7,0.093,False
BGW-09,8,59,5.74,120,57.6,38.19,15.1,2.323,False
BGW-09,8,60,5.74,120,56.44,40.93,16.14,0.191,False
BGW-09,8,61,5.74,120,59.83,41.7,15.4,0.356,False
BGW-09,8,62,5.74,120,54.5,40.08,15.47,0.08,False
BGW-09,8,63,5.74,120,58.18,42.99,15.77,0.187,False
BGW-09,8,64,5.74,120,57.87,34.1,13.51,2.371,False
BGW-09,8,65,5.74,120,55.51,42.65,16.38,0.049,False
BGW-09,8,66,5.74,120,57.12,36.69,14.44,2.349,False
BGW-09,8,67,5.74,120,59.09,36.17,13.73,2.385,False
BGW-09,8,68,5.74,120,55.6,40.75,15.44,0.312,False
BGW-09,8,69,5.74,120,58.26,42.37,15.88,0.061,False
BGW-09,8,70,5.74,120,55.18,32.83,12.21,2.065,False
BGW-09,8,71,5.74,120,57.57,41.12,15.79,0.336,False
BGW-09,8,72,5.74,120,58.73,34.37,12.63,2.3,False
BGW-09,8,73,5.74,120,56.89,41.89,16.56,0.172,False
BGW-09,8,74,5.74,120,59.17,41.15,16.02,0.013,False
BGW-09,8,75,5.74,120,58.79,35.04,13.08,2.338,False
BGW-09,8,76,5.74,120,57.23,39.29,15.34,0.186,False
BGW-09,8,77,5.74,120,55.66,35.35,13.15,2.474,False
BGW-09,8,78,5.74,120,58.24,36.07,13.12,2.385,False
BGW-09,8,79,5.74,120,56.41,37.11,14.74,2.449,False
BGW-09,8,80,5.74,120,55.41,35.9,13.34,2.302,False
BGW-09,8,81,5.74,120,57.76,33.77,12.9,2.441,False
BGW-09,8,82,4.43,120,43.27,35.19,13.91,2.314,False
BGW-09,8,83,4.43,120,42.67,37.53,13.72,2.158,False
BGW-09,8,84,4.43,120,43.75,35.76,13.97,2.369,False
BGW-09,8,85,4.43,120,42.63,41.43,16.5,0.189,True
BGW-09,8,86,4.43,120,44.09,35.44,13.33,2.373,False
BGW-09,8,87,4.43,120,43.7,34.94,13.82,2.296,False
BGW-09,8,88,4.43,120,44.88,33.43,12.91,2.321,False
BGW-09,8,89,4.43,120,45.22,35.94,13.26,2.222,False
BGW-09,9,0,5.25,144,51.76,31.66,11.79,0.208,False
BGW-09,9,1,5.25,144,52.27,25.33,9.75,0.384,False
BGW-09,9,2,5.25,144,52.76,25.96,10.01,0.242,False
BGW-09,9,3,5.25,144,53.24,27.42,10.76,0.062,False
BGW-09,9,4,5.25,144,55.05,28.76,10.86,0.309,False
BGW-09,9,5,5.25,144,50.19,29.02,11.01,0.0,False
BGW-09,9,6,5.25,144,50.87,29.45,10.73,0.144,False
BGW-09,9,7,5.25,144,50.54,25.57,9.26,0.176,False
BGW-09,9,8,5.25,144,51.38,27.83,10.32,0.246,False
BGW-09,9,9,5.25,144,51.21,28.62,10.66,0.134,False
BGW-09,9,10,5.25,144,51.58,28.21,10.39,0.12,False
BGW-09,9,11,5.25,144,51.73,31.98,11.59,0.311,False
BGW-09,9,12,5.25,144,54.15,30.4,11.43,0.076,False
BGW-09,9,13,5.25,144,53.97,31.44,12.41,0.23,False
BGW-09,9,14,5.25,144,54.23,29.27,10.99,0.117,False
BGW-09,9,15,5.25,144,53.36,30.64,12.01,0.07,False
BGW-09,9,16,5.25,144,52.55,31.55,12.37,0.1,False
BGW-09,9,17,5.25,144,52.37,31.44,11.47,0.196,False
BGW-09,9,18,5.25,144,50.55,29.56,11.37,0.01,False
BGW-09,9,19,5.25,144,50.71,29.61,11.01,0.166,False
BGW-09,9,20,5.25,144,52.33,30.47,11.54,0.141,False
BGW-09,9,21,5.25,144,53.26,33.79,13.13,0.129,False
BGW-09,9,22,5.25,144,52.7,32.08,12.77,0.203,False
BGW-09,9,23,5.25,144,54.86,31.91,11.6,0.179,False
BGW-09,9,24,5.25,144,55.01,32.75,12.32,0.063,False
BGW-09,9,25,5.25,144,50.85,33.99,12.44,0.167,False
BGW-09,9,26,5.25,144,52.38,31.38,12.18,0.139,False
BGW-09,9,27,5.25,144,54.64,35.52,13.94,0.216,False
BGW-09,9,28,5.25,144,52.12,36.52,14.05,0.287,False
BGW-09,9,29,5.25,144,54.11,37.12,13.88,0.119,False
BGW-09,9,30,5.25,144,52.66,35.3,13.51,0.05,False
BGW-09,9,31,5.25,144,53.95,37.33,14.54,0.047,False
BGW-09,9,32,5.25,144,53.03,36.56,13.25,0.245,False
BGW-09,9,33,5.25,144,51.11,35.04,12.9,0.269,False
BGW-09,9,34,5.25,144,54.89,34.81,12.7,0.061,False
BGW-09,9,35,5.25,144,54.02,38.08,14.84,0.0,False
BGW-09,9,36,5.25,144,50.36,38.75,15.29,0.19,False
BGW-09,9,37,5.25,144,51.73,38.5,14.05,0.123,False
BGW-09,9,38,5.25,144,50.46,39.1,15.25,0.205,False
BGW-09,9,39,5.25,144,52.57,40.8,15.87,0.258,False
BGW-09,9,40,5.25,144,50.79,40.32,15.73,0.195,False
BGW-09,9,41,5.25,144,52.75,37.92,14.91,0.268,False
BGW-09,9,42,5.25,144,54.62,38.12,14.95,0.384,False
BGW-09,9,43,5.25,144,52.54,36.23,13.75,0.322,False
BGW-09,9,44,5.25,144,53.03,37.89,14.31,0.053,False
BGW-09,9,45,5.25,144,52.5,40.55,15.76,0.074,False
BGW-09,9,46,5.25,144,54.98,41.22,15.2,0.384,False
BGW-09,9,47,5.25,144,50.17,39.24,15.42,0.238,False
BGW-09,9,48,5.25,144,50.36,39.93,14.8,0.16,False
BGW-09,9,49,5.25,144,51.03,38.54,14.63,0.083,False
BGW-09,9,50,5.25,144,54.75,40.4,15.36,0.238,False
BGW-09,9,51,5.25,144,51.62,37.79,14.82,0.206,False
BGW-09,9,52,5.25,144,55.13,41.85,16.52,0.113,False
BGW-09,9,53,5.25,144,51.16,40.45,16.09,0.126,False
BGW-09,9,54,5.25,144,53.28,35.96,13.49,0.126,False
BGW-09,9,55,5.25,144,51.16,35.05,12.67,2.306,False
BGW-09,9,56,5.25,144,54.46,41.45,15.66,0.12,False
BGW-09,9,57,5.25,144,52.19,34.65,13.31,2.292,False
BGW-09,9,58,5.25,144,51.54,39.24,15.25,0.163,False
BGW-09,9,59,5.25,144,52.24,43.62,17.07,0.112,False
BGW-09,9,60,5.25,144,50.82,34.8,13.53,2.147,False
BGW-09,9,61,5.25,144,53.34,33.79,13.29,2.33,False
BGW-09,9,62,5.25,144,54.66,43.0,17.1,0.101,False
BGW-09,9,63,5.25,144,51.92,40.47,15.68,0.248,False
BGW-09,9,64,5.25,144,52.35,38.51,14.81,0.213,False
BGW-09,9,65,5.25,144,54.59,36.02,13.32,2.545,False
BGW-09,9,66,5.25,144,50.74,38.01,13.93,0.029,False
BGW-09,9,67,5.25,144,52.74,35.59,13.11,2.364,False
BGW-09,9,68,5.25,144,50.88,34.52,13.4,2.367,False
BGW-09,9,69,5.25,144,50.94,36.46,13.74,2.307,False
BGW-09,9,70,5.25,144,54.65,35.49,13.76,2.434,False
BGW-09,9,71,5.25,144,51.15,36.3,14.3,2.42,False
BGW-09,9,72,3.8,144,38.67,37.94,13.9,2.448,False
BGW-09,9,73,3.8,144,39.38,42.12,15.84,0.17,True
BGW-09,9,74,3.8,144,36.39,39.21,15.04,0.171,True
BGW-09,9,75,3.8,144,38.04,36.18,14.41,2.351,False
BGW-09,9,76,3.8,144,36.35,37.79,14.98,2.293,False
BGW-09,9,77,3.8,144,38.59,35.8,13.66,2.469,False
BGW-09,9,78,3.8,144,39.41,40.81,15.99,0.133,True
BGW-09,9,79,3.8,144,39.79,34.0,12.79,2.318,False
BGW-09,9,80,3.8,144,39.67,34.29,13.58,2.246,False
BGW-09,9,81,3.8,144,37.74,33.81,13.02,2.22,False
BGW-09,9,82,3.8,144,38.12,41.19,14.95,0.304,True
BGW-09,9,83,3.8,144,36.51,34.86,12.86,2.382,False
BGW-09,9,84,3.8,144,39.87,36.75,13.37,2.305,False
BGW-09,9,85,3.8,144,39.77,37.55,13.94,2.232,False
BGW-09,9,86,3.8,144,39.47,36.31,13.4,2.265,False
BGW-09,9,87,3.8,144,39.14,38.52,14.13,2.29,False
BGW-09,9,88,3.8,144,37.04,39.96,14.47,0.115,True
BGW-09,9,89,3.8,144,37.24,41.33,16.42,0.246,True
BGW-10,1,0,3.9,120,40.7,24.72,9.09,0.018,False
BGW-10,1,1,3.9,120,38.1,27.23,10.41,0.181,False
BGW-10,1,2,3.9,120,39.32,28.11,10.47,0.032,False
BGW-10,1,3,3.9,120,39.96,28.06,10.76,0.229,False
BGW-10,1,4,3.9,120,37.15,32.43,12.27,0.036,False
BGW-10,1,5,3.9,120,40.31,30.81,11.66,0.141,False
BGW-10,1,6,3.9,120,39.51,27.76,10.17,0.02,False
BGW-10,1,7,3.9,120,39.83,28.21,10.19,0.111,False
BGW-10,1,8,3.9,120,40.95,32.77,12.99,0.144,False
BGW-10,1,9,3.9,120,38.0,26.95,10.23,0.022,False
BGW-10,1,10,3.9,120,40.14,28.1,10.66,0.073,False
BGW-10,1,11,3.9,120,39.1,28.58,10.92,0.256,False
BGW-10,1,12,3.9,120,39.64,29.61,11.62,0.239,False
BGW-10,1,13,3.9,120,39.01,32.21,11.7,0.305,False
BGW-10,1,14,3.9,120,39.27,28.89,10.86,0.062,False
BGW-10,1,15,3.9,120,39.07,26.97,10.57,0.382,False
BGW-10,1,16,3.9,120,37.47,30.43,11.75,0.108,False
BGW-10,1,17,3.9,120,38.06,28.86,10.88,0.138,False
BGW-10,1,18,3.9,120,39.26,28.29,10.66,0.195,False
BGW-10,1,19,3.9,120,40.27,28.3,11.22,0.119,False
BGW-10,1,20,3.9,120,40.86,28.35,11.17,0.0,False
BGW-10,1,21,3.9,120,38.18,30.28,11.66,0.008,False
BGW-10,1,22,3.9,120,37.71,29.58,11.29,0.165,False
BGW-10,1,23,3.9,120,38.5,29.05,11.16,0.163,False
BGW-10,1,24,3.9,120,38.04,29.15,11.09,0.089,False
BGW-10,1,25,3.9,120,40.02,29.54,11.01,0.153,False
BGW-10,1,26,3.9,120,39.09,29.37,10.93,0.104,False
BGW-10,1,27,3.9,120,40.93,31.66,12.39,0.089,False
BGW-10,1,28,3.9,120,37.68,31.78,11.54,0.235,False
BGW-10,1,29,3.9,120,39.3,29.77,11.73,0.218,False
BGW-10,1,30,3.9,120,39.44,31.34,11.8,0.268,False
BGW-10,1,31,3.9,120,37.35,32.29,12.77,0.097,False
BGW-10,1,32,3.9,120,37.61,30.09,11.1,0.258,False
BGW-10,1,33,3.9,120,37.33,32.84,12.28,0.431,False
BGW-10,1,34,3.9,120,40.42,32.06,11.63,0.0,False
BGW-10,1,35,3.9,120,38.79,32.39,11.92,0.286,False
BGW-10,1,36,3.9,120,37.75,33.67,12.26,0.153,False
BGW-10,1,37,3.9,120,40.06,33.53,13.34,0.517,False
BGW-10,1,38,3.9,120,38.76,30.32,11.64,0.166,False
BGW-10,1,39,3.9,120,38.3,34.81,13.33,0.2,False
BGW-10,1,40,3.9,120,37.33,36.16,13.88,0.23,False
BGW-10,1,41,3.9,120,37.61,34.7,13.04,0.223,False
BGW-10,1,42,3.9,120,40.69,32.18,12.74,0.137,False
BGW-10,1,43,3.9,120,40.74,36.16,13.11,0.312,False
BGW-10,1,44,3.9,120,37.92,33.86,12.43,0.112,False
BGW-10,1,45,3.9,120,38.4,33.99,12.51,0.284,False
BGW-10,1,46,3.9,120,39.62,34.36,12.41,0.118,False
BGW-10,1,47,3.9,120,40.37,35.61,13.32,0.211,False
BGW-10,1,48,3.9,120,40.84,34.16,12.87,0.193,False
BGW-10,1,49,3.9,120,38.24,34.67,12.81,0.161,False
BGW-10,1,50,3.9,120,38.56,32.99,12.18,0.198,False
BGW-10,1,51,3.9,120,39.49,35.52,13.11,0.124,False
BGW-10,1,52,3.9,120,39.99,35.39,12.97,0.164,False
BGW-10,1,53,3.9,120,40.6,36.87,13.9,0.096,False
BGW-10,1,54,3.9,120,40.84,34.92,13.73,0.007,False
BGW-10,1,55,3.9,120,40.77,37.09,14.55,0.174,False
BGW-10,1,56,3.9,120,40.12,34.48,13.1,0.185,False
BGW-10,1,57,3.9,120,38.63,35.6,12.91,0.113,False
BGW-10,1,58,3.9,120,38.31,34.61,12.88,0.164,False
BGW-10,1,59,3.9,120,39.4,36.06,13.04,0.045,False
BGW-10,1,60,3.9,120,39.05,38.18,14.1,0.042,False
BGW-10,1,61,3.9,120,38.32,39.64,14.48,0.0,False
BGW-10,1,62,3.9,120,38.79,37.21,14.16,0.0,False
BGW-10,1,63,3.9,120,37.97,37.99,14.12,0.228,False
BGW-10,1,64,3.9,120,39.56,39.84,14.94,0.162,False
BGW-10,1,65,3.9,120,37.68,39.67,14.78,0.134,False
BGW-10,1,66,3.9,120,38.54,38.63,15.07,0.067,False
BGW-10,1,67,3.9,120,37.65,38.36,14.35,0.0,False
BGW-10,1,68,3.9,120,39.12,39.68,15.48,0.301,False
BGW-10,1,69,3.9,120,38.35,39.69,15.08,0.122,False
BGW-10,1,70,3.9,120,37.56,37.99,14.49,0.0,False
BGW-10,1,71,3.9,120,40.95,37.18,13.56,0.079,False
BGW-10,1,72,3.9,120,39.98,39.83,14.42,0.0,False
BGW-10,1,73,3.9,120,39.28,37.02,14.72,0.084,False
BGW-10,1,74,3.9,120,38.25,39.79,15.14,0.229,False
BGW-10,1,75,3.9,120,39.46,38.5,14.59,0.013,False
BGW-10,1,76,3.9,120,37.35,37.81,15.04,0.134,False
BGW-10,1,77,3.9,120,40.81,39.19,14.23,0.111,False
BGW-10,1,78,3.9,120,39.84,39.51,14.85,0.193,False
BGW-10,1,79,3.9,120,37.79,40.26,14.69,0.089,False
BGW-10,1,80,3.9,120,37.8,40.68,15.06,0.278,False
BGW-10,1,81,3.9,120,40.8,38.77,14.89,0.215,False
BGW-10,1,82,3.9,120,37.81,39.4,14.27,0.223,False
BGW-10,1,83,3.9,120,38.08,41.11,15.62,0.073,False
BGW-10,1,84,3.9,120,37.78,38.23,14.42,0.065,False
BGW-10,1,85,3.9,120,37.87,41.09,15.59,0.062,False
BGW-10,1,86,3.9,120,37.66,39.07,15.42,0.033,False
BGW-10,1,87,3.9,120,39.52,38.37,15.12,0.286,False
BGW-10,1,88,3.9,120,40.17,42.07,16.7,0.332,False
BGW-10,1,89,3.9,120,39.65,38.87,14.35,0.054,False
BGW-10,2,0,6.48,144,67.35,28.47,10.85,0.286,False
BGW-10,2,1,6.48,144,63.32,27.88,10.4,0.077,False
BGW-10,2,2,6.48,144,64.32,28.7,10.94,0.289,False
BGW-10,2,3,6.48,144,64.67,26.41,10.42,0.03,False
BGW-10,2,4,6.48,144,63.1,29.09,11.29,0.331,False
BGW-10,2,5,6.48,144,66.27,29.9,10.84,0.001,False
BGW-10,2,6,6.48,144,68.05,29.19,10.86,0.123,False
BGW-10,2,7,6.48,144,65.86,28.58,10.87,0.101,False
BGW-10,2,8,6.48,144,62.36,29.86,11.82,0.256,False
BGW-10,2,9,6.48,144,63.13,29.39,11.36,0.189,False
BGW-10,2,10,6.48,144,63.11,30.3,11.47,0.249,False
BGW-10,2,11,6.48,144,62.06,25.88,9.55,0.099,False
BGW-10,2,12,6.48,144,67.32,27.61,10.17,0.034,False
BGW-10,2,13,6.48,144,63.18,28.85,10.65,0.089,False
BGW-10,2,14,6.48,144,65.85,27.22,10.4,0.119,False
BGW-10,2,15,6.48,144,64.01,31.71,12.13,0.19,False
BGW-10,2,16,6.48,144,63.49,29.38,11.36,0.142,False
BGW-10,2,17,6.48,144,62.15,29.25,11.19,0.182,False
BGW-10,2,18,6.48,144,62.68,30.73,11.76,0.19,False
BGW-10,2,19,6.48,144,66.93,29.12,10.99,0.071,False
BGW-10,2,20,6.48,144,67.58,30.0,11.86,0.225,False
BGW-10,2,21,6.48,144,63.19,31.12,12.41,0.0,False
BGW-10,2,22,6.48,144,64.37,30.79,11.77,0.236,False
BGW-10,2,23,6.48,144,64.48,32.33,12.78,0.108,False
BGW-10,2,24,6.48,144,67.8,31.19,12.14,0.155,False
BGW-10,2,25,6.48,144,63.34,32.73,12.53,0.213,False
BGW-10,2,26,6.48,144,64.8,33.03,13.08,0.173,False
BGW-10,2,27,6.48,144,64.33,35.33,13.25,0.108,False
BGW-10,2,28,6.48,144,63.03,32.87,11.94,0.201,False
BGW-10,2,29,6.48,144,66.2,33.58,12.32,0.221,False
BGW-10,2,30,6.48,144,63.85,32.31,12.64,0.053,False
BGW-10,2,31,6.48,144,65.22,33.33,12.48,0.095,False
BGW-10,2,32,6.48,144,64.05,35.59,13.62,0.082,False
BGW-10,2,33,6.48,144,62.85,34.02,12.66,0.134,False
BGW-10,2,34,6.48,144,65.77,35.34,14.05,0.172,False
BGW-10,2,35,6.48,144,65.7,34.76,12.86,0.19,False
BGW-10,2,36,6.48,144,64.75,36.46,14.53,0.096,False
BGW-10,2,37,6.48,144,67.65,35.76,13.29,0.245,False
BGW-10,2,38,6.48,144,66.42,35.78,13.78,0.243,False
BGW-10,2,39,6.48,144,66.96,36.74,14.34,0.161,False
BGW-10,2,40,6.48,144,64.23,38.94,14.96,0.174,False
BGW-10,2,41,6.48,144,64.99,38.25,15.07,0.0,False
BGW-10,2,42,6.48,144,62.89,37.33,13.8,0.166,False
BGW-10,2,43,6.48,144,64.49,35.79,13.05,0.0,False
BGW-10,2,44,6.48,144,64.73,36.14,13.66,0.178,False
BGW-10,2,45,6.48,144,64.1,37.68,13.96,0.186,False
BGW-10,2,46,6.48,144,62.45,35.77,13.69,0.04,False
BGW-10,2,47,6.48,144,64.2,36.57,13.93,0.09,False
BGW-10,2,48,6.48,144,63.73,37.18,14.01,0.208,False
BGW-10,2,49,6.48,144,63.94,35.28,13.51,0.0,False
BGW-10,2,50,6.48,144,68.0,37.69,14.18,0.032,False
BGW-10,2,51,6.48,144,66.3,39.13,14.64,0.082,False
BGW-10,2,52,6.48,144,61.67,39.01,14.56,0.102,False
BGW-10,2,53,6.48,144,65.62,40.25,15.43,0.023,False
BGW-10,2,54,6.48,144,62.06,41.42,16.51,0.347,False
BGW-10,2,55,6.48,144,61.63,39.89,15.79,0.221,False
BGW-10,2,56,6.48,144,67.22,39.54,14.73,0.058,False
BGW-10,2,57,6.48,144,63.4,40.23,15.56,0.078,False
BGW-10,2,58,6.48,144,65.42,37.26,14.12,0.452,False
BGW-10,2,59,6.48,144,65.73,40.83,16.16,0.137,False
BGW-10,2,60,6.48,144,62.34,39.84,15.09,0.219,False
BGW-10,2,61,6.48,144,63.25,39.32,14.35,0.344,False
BGW-10,2,62,6.48,144,66.91,43.07,15.92,0.188,False
BGW-10,2,63,6.48,144,63.67,38.33,15.12,0.206,False
BGW-10,2,64,6.48,144,63.96,39.08,15.53,0.221,False
BGW-10,2,65,6.48,144,63.96,42.09,15.71,0.097,False
BGW-10,2,66,6.48,144,65.44,42.05,16.76,0.13,False
BGW-10,2,67,6.48,144,65.46,38.59,14.26,0.263,False
BGW-10,2,68,6.48,144,65.44,43.01,16.28,0.117,False
BGW-10,2,69,6.48,144,65.11,40.06,14.97,0.0,False
BGW-10,2,70,6.48,144,64.5,37.14,13.6,0.083,False
BGW-10,2,71,6.48,144,62.4,40.33,14.78,0.154,False
BGW-10,2,72,6.48,144,64.51,40.73,15.2,0.22,False
BGW-10,2,73,6.48,144,63.09,43.69,16.03,0.272,False
BGW-10,2,74,6.48,144,66.03,42.98,16.92,0.079,False
BGW-10,2,75,6.48,144,64.95,43.28,16.4,0.296,False
BGW-10,2,76,6.48,144,62.62,40.34,14.87,0.134,False
BGW-10,2,77,6.48,144,65.56,40.77,14.83,0.338,False
BGW-10,2,78,6.48,144,64.13,42.78,15.93,0.362,False
BGW-10,2,79,6.48,144,63.42,40.13,14.68,0.061,False
BGW-10,2,80,6.48,144,67.37,40.52,15.15,0.208,False
BGW-10,2,81,6.48,144,67.61,41.71,16.28,0.0,False
BGW-10,2,82,6.48,144,66.23,36.52,13.62,2.287,False
BGW-10,2,83,6.48,144,62.03,43.58,15.91,0.197,False
BGW-10,2,84,6.48,144,67.37,42.35,16.11,0.116,False
BGW-10,2,85,6.48,144,67.04,42.81,16.88,0.174,False
BGW-10,2,86,6.48,144,66.92,43.33,16.57,0.377,False
BGW-10,2,87,6.48,144,62.92,43.61,16.24,0.141,False
BGW-10,2,88,6.48,144,66.16,39.77,14.43,0.191,False
BGW-10,2,89,6.48,144,63.23,33.35,12.16,2.247,False
BGW-10,3,0,6.12,144,63.29,29.55,11.21,0.074,False
BGW-10,3,1,6.12,144,59.0,32.14,12.02,0.072,False
BGW-10,3,2,6.12,144,62.63,26.73,10.21,0.0,False
BGW-10,3,3,6.12,144,61.75,25.4,9.54,0.199,False
BGW-10,3,4,6.12,144,62.28,27.74,10.82,0.132,False
BGW-10,3,5,6.12,144,64.05,28.01,11.09,0.14,False
BGW-10,3,6,6.12,144,60.15,31.19,12.06,0.067,False
BGW-10,3,7,6.12,144,59.73,28.95,11.19,0.35,False
BGW-10,3,8,6.12,144,63.92,27.76,10.87,0.276,False
BGW-10,3,9,6.12,144,63.45,26.34,9.69,0.099,False
BGW-10,3,10,6.12,144,60.25,28.25,10.62,0.135,False
BGW-10,3,11,6.12,144,59.4,28.97,11.21,0.206,False
BGW-10,3,12,6.12,144,58.14,28.35,10.94,0.178,False
BGW-10,3,13,6.12,144,61.9,29.79,11.53,0.124,False
BGW-10,3,14,6.12,144,59.68,31.63,12.54,0.223,False
BGW-10,3,15,6.12,144,62.53,30.12,11.44,0.0,False
BGW-10,3,16,6.12,144,63.37,33.24,12.41,0.047,False
BGW-10,3,17,6.12,144,62.54,29.06,11.04,0.139,False
BGW-10,3,18,6.12,144,62.81,33.24,13.2,0.176,False
BGW-10,3,19,6.12,144,61.88,32.41,12.79,0.277,False
BGW-10,3,20,6.12,144,61.93,31.89,12.52,0.026,False
BGW-10,3,21,6.12,144,61.19,34.95,13.55,0.345,False
BGW-10,3,22,6.12,144,60.66,32.17,11.85,0.295,False
BGW-10,3,23,6.12,144,61.43,31.22,11.92,0.297,False
BGW-10,3,24,6.12,144,63.79,36.62,13.26,0.07,False
BGW-10,3,25,6.12,144,63.36,35.08,13.52,0.115,False
BGW-10,3,26,6.12,144,59.49,33.66,13.04,0.095,False
BGW-10,3,27,6.12,144,58.45,33.88,13.14,0.0,False
BGW-10,3,28,6.12,144,60.95,37.2,14.51,0.199,False
BGW-10,3,29,6.12,144,63.75,36.74,13.59,0.259,False
BGW-10,3,30,6.12,144,60.88,33.74,13.4,0.082,False
BGW-10,3,31,6.12,144,59.66,37.44,14.06,0.257,False
BGW-10,3,32,6.12,144,62.99,37.12,14.63,0.356,False
BGW-10,3,33,6.12,144,60.04,36.93,14.68,0.085,False
BGW-10,3,34,6.12,144,61.89,35.94,14.04,0.121,False
BGW-10,3,35,6.12,144,61.79,36.32,13.92,0.082,False
BGW-10,3,36,6.12,144,63.52,36.74,14.28,0.337,False
BGW-10,3,37,6.12,144,60.13,37.52,14.04,0.254,False
BGW-10,3,38,6.12,144,62.37,38.07,13.97,0.107,False
BGW-10,3,39,6.12,144,61.1,38.46,14.44,0.094,False
BGW-10,3,40,6.12,144,60.86,34.47,13.63,0.189,False
BGW-10,3,41,6.12,144,63.26,36.75,13.32,0.212,False
BGW-10,3,42,6.12,144,60.65,37.9,14.02,0.0,False
BGW-10,3,43,6.12,144,60.51,36.03,13.52,0.164,False
BGW-10,3,44,6.12,144,59.74,35.98,13.19,0.079,False
BGW-10,3,45,6.12,144,58.95,41.59,16.03,0.107,False
BGW-10,3,46,6.12,144,60.51,42.01,15.76,0.315,False
BGW-10,3,47,6.12,144,59.59,39.74,15.43,0.024,False
BGW-10,3,48,6.12,144,58.88,42.13,16.31,0.232,False
BGW-10,3,49,6.12,144,64.1,39.36,15.32,0.146,False
BGW-10,3,50,6.12,144,58.5,39.6,14.69,0.027,False
BGW-10,3,51,6.12,144,61.18,39.29,15.45,0.025,False
BGW-10,3,52,6.12,144,62.79,40.36,14.9,0.16,False
BGW-10,3,53,6.12,144,63.72,41.54,16.03,0.019,False
BGW-10,3,54,6.12,144,59.6,42.65,15.78,0.372,False
BGW-10,3,55,6.12,144,59.74,41.22,15.39,0.207,False
BGW-10,3,56,6.12,144,59.67,40.27,15.98,0.127,False
BGW-10,3,57,6.12,144,59.03,34.71,13.12,2.274,False
BGW-10,3,58,6.12,144,62.73,35.72,14.11,2.447,False
BGW-10,3,59,6.12,144,58.19,43.02,16.62,0.326,False
BGW-10,3,60,6.12,144,60.65,41.61,15.43,0.055,False
BGW-10,3,61,6.12,144,62.1,39.83,15.56,0.262,False
BGW-10,3,62,6.12,144,58.24,42.97,16.27,0.177,False
BGW-10,3,63,6.12,144,63.23,44.02,16.42,0.167,False
BGW-10,3,64,6.12,144,58.3,41.52,15.92,0.027,False
BGW-10,3,65,6.12,144,61.87,44.54,16.25,0.173,False
BGW-10,3,66,6.12,144,63.22,42.54,16.81,0.241,False
BGW-10,3,67,6.12,144,58.61,42.52,16.0,0.264,False
BGW-10,3,68,6.12,144,58.69,41.97,15.67,0.118,False
BGW-10,3,69,6.12,144,58.24,42.79,15.87,0.05,False
BGW-10,3,70,6.12,144,60.77,43.36,16.0,0.181,False
BGW-10,3,71,6.12,144,60.48,40.5,14.76,0.137,False
BGW-10,3,72,6.12,144,62.88,41.35,16.17,0.205,False
BGW-10,3,73,6.12,144,59.05,43.68,17.04,0.282,False
BGW-10,3,74,6.12,144,62.43,44.09,16.64,0.165,False
BGW-10,3,75,6.12,144,61.48,36.11,14.17,2.319,False
BGW-10,3,76,6.12,144,58.47,41.65,15.41,0.092,False
BGW-10,3,77,6.12,144,58.34,37.77,14.52,2.41,False
BGW-10,3,78,6.12,144,59.0,42.94,16.08,0.275,False
BGW-10,3,79,6.12,144,61.93,41.84,15.36,0.199,False
BGW-10,3,80,6.12,144,58.81,43.29,15.65,0.218,False
BGW-10,3,81,6.12,144,59.44,33.72,12.98,2.343,False
BGW-10,3,82,6.12,144,61.3,43.18,15.99,0.172,False
BGW-10,3,83,6.12,144,58.66,37.73,14.11,0.095,False
BGW-10,3,84,6.12,144,63.63,34.8,12.95,2.416,False
BGW-10,3,85,6.12,144,63.86,37.52,13.59,0.13,False
BGW-10,3,86,6.12,144,61.1,41.74,15.31,0.178,False
BGW-10,3,87,6.12,144,61.3,42.54,16.2,0.185,False
BGW-10,3,88,6.12,144,58.41,40.32,15.41,0.198,False
BGW-10,3,89,6.12,144,62.38,38.87,14.14,2.279,False
BGW-10,4,0,6.21,100,64.5,29.05,11.52,0.221,False
BGW-10,4,1,6.21,100,64.83,25.43,9.63,0.0,False
BGW-10,4,2,6.21,100,59.55,29.47,10.96,0.211,False
BGW-10,4,3,6.21,100,64.63,31.69,12.4,0.031,False
BGW-10,4,4,6.21,100,59.16,26.8,10.24,0.12,False
BGW-10,4,5,6.21,100,61.08,30.8,11.96,0.167,False
BGW-10,4,6,6.21,100,63.44,26.49,10.01,0.035,False
BGW-10,4,7,6.21,100,63.73,26.56,10.45,0.246,False
BGW-10,4,8,6.21,100,59.64,29.73,11.19,0.269,False
BGW-10,4,9,6.21,100,59.72,30.86,12.12,0.129,False
BGW-10,4,10,6.21,100,61.5,29.08,10.59,0.042,False
BGW-10,4,11,6.21,100,61.91,30.91,12.02,0.159,False
BGW-10,4,12,6.21,100,61.67,31.72,11.9,0.087,False
BGW-10,4,13,6.21,100,65.2,30.53,12.14,0.113,False
BGW-10,4,14,6.21,100,60.81,28.71,10.96,0.088,False
BGW-10,4,15,6.21,100,61.34,28.94,11.15,0.098,False
BGW-10,4,16,6.21,100,62.3,30.78,11.46,0.178,False
BGW-10,4,17,6.21,100,62.26,30.56,11.86,0.138,False
BGW-10,4,18,6.21,100,62.69,32.35,12.47,0.257,False
BGW-10,4,19,6.21,100,63.47,29.81,10.94,0.235,False
BGW-10,4,20,6.21,100,62.25,33.87,12.56,0.217,False
BGW-10,4,21,6.21,100,60.55,35.75,13.33,0.278,False
BGW-10,4,22,6.21,100,62.2,33.66,12.4,0.225,False
BGW-10,4,23,6.21,100,60.61,32.99,13.11,0.143,False
BGW-10,4,24,6.21,100,63.1,33.49,12.52,0.257,False
BGW-10,4,25,6.21,100,60.23,31.87,12.06,0.21,False
BGW-10,4,26,6.21,100,63.23,35.68,13.54,0.244,False
BGW-10,4,27,6.21,100,61.82,35.03,13.73,0.013,False
BGW-10,4,28,6.21,100,65.04,35.49,14.13,0.111,False
BGW-10,4,29,6.21,100,61.62,36.33,13.15,0.072,False
BGW-10,4,30,6.21,100,60.1,37.21,14.06,0.288,False
BGW-10,4,31,6.21,100,65.0,35.34,12.89,0.191,False
BGW-10,4,32,6.21,100,64.53,37.36,13.81,0.0,False
BGW-10,4,33,6.21,100,59.31,33.19,13.13,0.259,False
BGW-10,4,34,6.21,100,59.87,34.52,12.6,0.245,False
BGW-10,4,35,6.21,100,60.1,36.78,13.86,0.121,False
BGW-10,4,36,6.21,100,61.62,38.72,15.17,0.124,False
BGW-10,4,37,6.21,100,61.25,39.19,14.18,0.282,False
BGW-10,4,38,6.21,100,64.25,40.34,14.63,0.15,False
BGW-10,4,39,6.21,100,64.38,38.11,14.92,0.295,False
BGW-10,4,40,6.21,100,65.21,40.72,14.84,0.018,False
BGW-10,4,41,6.21,100,61.57,36.31,14.44,0.339,False
BGW-10,4,42,6.21,100,65.04,40.72,16.05,0.197,False
BGW-10,4,43,6.21,100,61.78,39.08,14.69,0.15,False
BGW-10,4,44,6.21,100,61.37,37.49,14.62,0.247,False
BGW-10,4,45,6.21,100,61.94,39.71,14.82,0.0,False
BGW-10,4,46,6.21,100,60.48,38.01,14.67,0.151,False
BGW-10,4,47,6.21,100,59.46,39.57,14.94,0.0,False
BGW-10,4,48,6.21,100,64.32,40.5,15.98,0.389,False
BGW-10,4,49,6.21,100,61.33,42.26,16.8,0.255,False
BGW-10,4,50,6.21,100,64.84,41.14,15.08,0.065,False
BGW-10,4,51,6.21,100,60.98,38.73,15.42,0.135,False
BGW-10,4,52,6.21,100,62.18,38.36,14.59,0.207,False
BGW-10,4,53,6.21,100,63.53,35.83,13.77,2.33,False
BGW-10,4,54,6.21,100,60.98,42.69,15.89,0.0,False
BGW-10,4,55,6.21,100,62.51,38.01,14.33,0.067,False
BGW-10,4,56,6.21,100,62.07,37.05,14.58,2.276,False
BGW-10,4,57,6.21,100,64.31,38.63,14.39,0.079,False
BGW-10,4,58,6.21,100,64.48,42.32,15.95,0.173,False
BGW-10,4,59,6.21,100,62.18,39.46,15.6,0.106,False
BGW-10,4,60,6.21,100,64.72,43.13,15.78,0.067,False
BGW-10,4,61,6.21,100,61.06,41.04,15.38,0.114,False
BGW-10,4,62,6.21,100,62.77,40.87,15.84,0.058,False
BGW-10,4,63,6.21,100,62.31,42.11,15.53,0.045,False
BGW-10,4,64,6.21,100,59.25,38.37,14.4,0.199,False
BGW-10,4,65,6.21,100,64.54,43.17,16.07,0.301,False
BGW-10,4,66,6.21,100,61.63,39.32,14.4,0.212,False
BGW-10,4,67,6.21,100,59.29,34.98,13.25,2.5,False
BGW-10,4,68,6.21,100,65.17,43.85,17.2,0.176,False
BGW-10,4,69,6.21,100,63.85,42.71,16.67,0.139,False
BGW-10,4,70,6.21,100,60.33,42.46,16.02,0.245,False
BGW-10,4,71,6.21,100,60.37,44.22,17.05,0.182,False
BGW-10,4,72,6.21,100,63.64,41.82,16.12,0.2,False
BGW-10,4,73,6.21,100,62.54,43.43,16.43,0.023,False
BGW-10,4,74,6.21,100,62.63,39.87,15.25,0.123,False
BGW-10,4,75,6.21,100,60.12,36.04,13.25,2.202,False
BGW-10,4,76,6.21,100,63.96,40.44,15.09,0.24,False
BGW-10,4,77,6.21,100,61.6,36.46,14.51,2.374,False
BGW-10,4,78,6.21,100,63.77,41.15,15.16,0.123,False
BGW-10,4,79,6.21,100,63.38,40.9,15.89,0.149,False
BGW-10,4,80,6.21,100,61.27,36.36,13.78,2.332,False
BGW-10,4,81,6.21,100,64.83,35.98,13.55,2.26,False
BGW-10,4,82,6.21,100,62.84,40.89,15.72,0.123,False
BGW-10,4,83,6.21,100,65.13,40.54,15.99,0.203,False
BGW-10,4,84,6.21,100,61.87,40.55,14.84,0.251,False
BGW-10,4,85,6.21,100,64.56,35.74,13.47,2.366,False
BGW-10,4,86,6.21,100,63.71,42.45,15.57,0.034,False
BGW-10,4,87,6.21,100,64.17,41.44,15.35,0.127,False
BGW-10,4,88,6.21,100,64.65,41.74,16.28,0.057,False
BGW-10,4,89,6.21,100,59.71,41.8,16.17,0.151,False
BGW-10,5,0,6.3,144,60.41,27.87,10.99,0.0,False
BGW-10,5,1,6.3,144,61.47,27.07,10.24,0.096,False
BGW-10,5,2,6.3,144,61.06,27.42,10.01,0.288,False
BGW-10,5,3,6.3,144,65.4,30.58,12.11,0.295,False
BGW-10,5,4,6.3,144,64.88,28.86,11.0,0.173,False
BGW-10,5,5,6.3,144,62.66,29.33,10.75,0.031,False
BGW-10,5,6,6.3,144,63.82,29.09,11.16,0.134,False
BGW-10,5,7,6.3,144,64.19,31.2,12.17,0.109,False
BGW-10,5,8,6.3,144,63.48,27.86,10.2,0.236,False
BGW-10,5,9,6.3,144,62.49,27.74,10.02,0.146,False
BGW-10,5,10,6.3,144,64.26,28.99,11.4,0.0,False
BGW-10,5,11,6.3,144,65.65,27.58,10.34,0.156,False
BGW-10,5,12,6.3,144,61.44,28.38,11.08,0.124,False
BGW-10,5,13,6.3,144,63.96,29.44,11.01,0.301,False
BGW-10,5,14,6.3,144,63.43,31.05,11.28,0.265,False
BGW-10,5,15,6.3,144,61.83,30.01,11.94,0.217,False
BGW-10,5,16,6.3,144,61.01,29.13,10.82,0.241,False
BGW-10,5,17,6.3,144,63.03,30.86,11.77,0.056,False
BGW-10,5,18,6.3,144,64.43,29.07,11.0,0.0,False
BGW-10,5,19,6.3,144,65.29,30.24,11.95,0.126,False
BGW-10,5,20,6.3,144,62.39,28.4,10.82,0.259,False
BGW-10,5,21,6.3,144,62.9,32.55,12.06,0.122,False
BGW-10,5,22,6.3,144,63.61,28.13,11.13,0.102,False
BGW-10,5,23,6.3,144,62.94,30.19,11.45,0.302,False
BGW-10,5,24,6.3,144,62.1,31.55,11.4,0.33,False
BGW-10,5,25,6.3,144,61.17,32.31,12.12,0.199,False
BGW-10,5,26,6.3,144,61.11,32.13,12.79,0.096,False
BGW-10,5,27,6.3,144,61.5,32.14,12.52,0.201,False
BGW-10,5,28,6.3,144,65.15,31.92,12.69,0.021,False
BGW-10,5,29,6.3,144,64.02,31.3,11.56,0.015,False
BGW-10,5,30,6.3,144,61.55,30.5,12.03,0.298,False
BGW-10,5,31,6.3,144,61.07,34.11,12.85,0.23,False
BGW-10,5,32,6.3,144,61.62,31.06,11.39,0.043,False
BGW-10,5,33,6.3,144,61.97,33.23,12.48,0.142,False
BGW-10,5,34,6.3,144,60.61,31.43,12.08,0.164,False
BGW-10,5,35,6.3,144,63.46,31.76,12.04,0.339,False
BGW-10,5,36,6.3,144,65.48,34.32,12.7,0.236,False
BGW-10,5,37,6.3,144,62.86,33.3,12.34,0.219,False
BGW-10,5,38,6.3,144,60.53,32.1,11.75,0.125,False
BGW-10,5,39,6.3,144,62.28,34.64,12.98,0.274,False
BGW-10,5,40,6.3,144,65.62,35.05,13.13,0.183,False
BGW-10,5,41,6.3,144,63.81,34.34,13.16,0.325,False
BGW-10,5,42,6.3,144,64.38,32.18,12.34,0.136,False
BGW-10,5,43,6.3,144,63.18,34.75,13.38,0.0,False
BGW-10,5,44,6.3,144,60.59,35.11,12.87,0.198,False
BGW-10,5,45,6.3,144,62.37,36.38,13.36,0.201,False
BGW-10,5,46,6.3,144,61.94,35.35,13.86,0.172,False
BGW-10,5,47,6.3,144,63.2,32.35,12.46,0.0,False
BGW-10,5,48,6.3,144,61.1,34.92,12.79,0.206,False
BGW-10,5,49,6.3,144,62.14,38.48,15.32,0.0,False
BGW-10,5,50,6.3,144,64.88,38.0,15.03,0.117,False
BGW-10,5,51,6.3,144,63.16,38.12,15.09,0.187,False
BGW-10,5,52,6.3,144,64.06,34.09,12.97,0.123,False
BGW-10,5,53,6.3,144,64.24,36.71,14.44,0.264,False
BGW-10,5,54,6.3,144,63.87,38.09,14.27,0.163,False
BGW-10,5,55,6.3,144,63.75,36.7,14.54,0.232,False
BGW-10,5,56,6.3,144,61.44,38.01,14.59,0.125,False
BGW-10,5,57,6.3,144,64.62,39.62,15.04,0.08,False
BGW-10,5,58,6.3,144,63.21,37.63,14.44,0.214,False
BGW-10,5,59,6.3,144,64.63,39.12,14.71,0.117,False
BGW-10,5,60,6.3,144,63.2,39.55,15.0,0.18,False
BGW-10,5,61,6.3,144,62.78,39.25,14.49,0.309,False
BGW-10,5,62,6.3,144,61.01,38.1,14.62,0.109,False
BGW-10,5,63,6.3,144,60.97,41.22,15.11,0.103,False
BGW-10,5,64,6.3,144,61.14,36.86,14.56,0.217,False
BGW-10,5,65,6.3,144,60.17,34.64,13.6,0.177,False
BGW-10,5,66,6.3,144,65.08,40.35,14.61,0.2,False
BGW-10,5,67,6.3,144,60.91,40.78,15.83,0.168,False
BGW-10,5,68,6.3,144,63.14,40.35,15.99,0.0,False
BGW-10,5,69,6.3,144,64.37,37.69,13.69,0.072,False
BGW-10,5,70,6.3,144,64.76,37.93,13.82,0.128,False
BGW-10,5,71,6.3,144,63.87,39.89,15.54,0.211,False
BGW-10,5,72,6.3,144,66.01,39.81,15.46,0.0,False
BGW-10,5,73,6.3,144,62.25,39.23,15.17,0.256,False
BGW-10,5,74,6.3,144,62.4,40.11,14.49,0.302,False
BGW-10,5,75,6.3,144,61.25,40.6,15.83,0.119,False
BGW-10,5,76,6.3,144,65.95,39.77,14.67,0.092,False
BGW-10,5,77,6.3,144,63.53,41.18,16.12,0.055,False
BGW-10,5,78,6.3,144,60.09,41.48,16.42,0.097,False
BGW-10,5,79,6.3,144,62.08,43.02,16.29,0.149,False
BGW-10,5,80,6.3,144,63.78,40.66,14.75,0.085,False
BGW-10,5,81,6.3,144,65.95,40.21,14.57,0.192,False
BGW-10,5,82,6.3,144,60.93,37.2,13.78,0.215,False
BGW-10,5,83,6.3,144,64.9,41.19,15.95,0.246,False
BGW-10,5,84,6.3,144,60.85,39.83,14.6,0.207,False
BGW-10,5,85,6.3,144,62.92,39.97,14.77,0.141,False
BGW-10,5,86,6.3,144,63.89,39.91,14.78,0.181,False
BGW-10,5,87,6.3,144,60.62,41.72,15.64,0.099,False
BGW-10,5,88,6.3,144,59.98,40.6,14.68,0.205,False
BGW-10,5,89,6.3,144,62.31,41.71,15.47,0.112,False
BGW-10,6,0,4.95,144,51.94,28.79,10.84,0.119,False
BGW-10,6,1,4.95,144,51.64,26.68,10.36,0.168,False
BGW-10,6,2,4.95,144,49.34,28.1,10.54,0.132,False
BGW-10,6,3,4.95,144,49.34,30.39,11.53,0.167,False
BGW-10,6,4,4.95,144,50.12,28.37,11.18,0.0,False
BGW-10,6,5,4.95,144,47.96,31.25,12.41,0.069,False
BGW-10,6,6,4.95,144,47.78,30.49,11.96,0.218,False
BGW-10,6,7,4.95,144,49.77,29.06,11.44,0.162,False
BGW-10,6,8,4.95,144,50.47,28.63,11.14,0.353,False
BGW-10,6,9,4.95,144,50.99,29.33,10.99,0.112,False
BGW-10,6,10,4.95,144,50.29,24.42,9.63,0.158,False
BGW-10,6,11,4.95,144,47.68,28.84,11.23,0.107,False
BGW-10,6,12,4.95,144,49.44,29.41,10.99,0.145,False
BGW-10,6,13,4.95,144,49.1,27.96,10.33,0.119,False
BGW-10,6,14,4.95,144,47.72,30.59,11.39,0.282,False
BGW-10,6,15,4.95,144,48.1,28.88,10.51,0.132,False
BGW-10,6,16,4.95,144,48.22,29.15,11.51,0.247,False
BGW-10,6,17,4.95,144,49.79,29.31,10.92,0.287,False
BGW-10,6,18,4.95,144,49.61,30.34,11.34,0.0,False
BGW-10,6,19,4.95,144,47.75,29.08,11.33,0.357,False
BGW-10,6,20,4.95,144,50.94,29.77,11.58,0.087,False
BGW-10,6,21,4.95,144,49.8,31.07,11.48,0.205,False
BGW-10,6,22,4.95,144,50.95,29.61,11.8,0.24,False
BGW-10,6,23,4.95,144,49.5,31.31,11.67,0.29,False
BGW-10,6,24,4.95,144,48.13,32.79,11.98,0.23,False
BGW-10,6,25,4.95,144,47.78,34.35,12.62,0.095,False
BGW-10,6,26,4.95,144,49.65,32.77,12.31,0.225,False
BGW-10,6,27,4.95,144,48.46,31.6,12.32,0.209,False
BGW-10,6,28,4.95,144,49.13,33.68,13.24,0.289,False
BGW-10,6,29,4.95,144,51.06,33.4,12.29,0.022,False
BGW-10,6,30,4.95,144,50.23,32.37,12.15,0.206,False
BGW-10,6,31,4.95,144,51.07,36.15,14.09,0.194,False
BGW-10,6,32,4.95,144,50.55,32.85,12.98,0.088,False
BGW-10,6,33,4.95,144,49.19,34.81,12.71,0.463,False
BGW-10,6,34,4.95,144,50.78,33.9,12.37,0.194,False
BGW-10,6,35,4.95,144,47.11,35.77,14.23,0.114,False
BGW-10,6,36,4.95,144,47.19,30.59,11.45,0.09,False
BGW-10,6,37,4.95,144,50.44,36.14,14.14,0.07,False
BGW-10,6,38,4.95,144,51.84,35.31,13.98,0.278,False
BGW-10,6,39,4.95,144,47.15,36.1,13.97,0.128,False
BGW-10,6,40,4.95,144,51.65,37.05,13.75,0.184,False
BGW-10,6,41,4.95,144,50.45,35.88,13.44,0.284,False
BGW-10,6,42,4.95,144,50.64,37.01,14.25,0.08,False
BGW-10,6,43,4.95,144,48.19,35.62,13.45,0.16,False
BGW-10,6,44,4.95,144,47.28,39.23,14.81,0.179,False
BGW-10,6,45,4.95,144,48.4,37.69,14.6,0.205,False
BGW-10,6,46,4.95,144,49.51,36.88,13.6,0.295,False
BGW-10,6,47,4.95,144,48.51,39.53,14.35,0.0,False
BGW-10,6,48,4.95,144,48.87,38.1,14.07,0.178,False
BGW-10,6,49,4.95,144,48.77,37.92,14.48,0.24,False
BGW-10,6,50,4.95,144,47.58,36.79,14.03,0.089,False
BGW-10,6,51,4.95,144,48.43,38.43,14.57,0.043,False
BGW-10,6,52,4.95,144,49.02,38.14,14.56,0.07,False
BGW-10,6,53,4.95,144,49.18,40.86,15.17,0.087,False
BGW-10,6,54,4.95,144,48.16,36.78,13.32,0.163,False
BGW-10,6,55,4.95,144,49.81,38.47,13.89,0.182,False
BGW-10,6,56,4.95,144,50.58,43.02,16.86,0.043,False
BGW-10,6,57,4.95,144,51.86,38.8,15.41,0.231,False
BGW-10,6,58,4.95,144,51.16,41.2,16.36,0.025,False
BGW-10,6,59,4.95,144,49.19,39.15,14.64,0.306,False
BGW-10,6,60,4.95,144,51.52,39.96,15.16,0.0,False
BGW-10,6,61,4.95,144,49.98,40.38,15.81,0.297,False
BGW-10,6,62,4.95,144,49.28,38.57,15.36,0.068,False
BGW-10,6,63,4.95,144,48.46,42.12,15.78,0.213,False
BGW-10,6,64,4.95,144,47.17,39.23,14.47,0.011,False
BGW-10,6,65,4.95,144,47.08,41.84,16.48,0.09,False
BGW-10,6,66,4.95,144,49.21,40.26,15.41,0.183,False
BGW-10,6,67,4.95,144,50.37,38.61,14.06,0.09,False
BGW-10,6,68,4.95,144,51.97,40.85,15.28,0.0,False
BGW-10,6,69,4.95,144,51.84,40.08,15.34,0.108,False
BGW-10,6,70,4.95,144,49.71,42.76,16.81,0.186,False
BGW-10,6,71,4.95,144,49.65,40.0,15.08,0.223,False
BGW-10,6,72,4.95,144,49.0,39.01,15.04,0.198,False
BGW-10,6,73,4.95,144,51.84,38.99,14.79,0.253,False
BGW-10,6,74,4.95,144,47.31,41.2,15.01,0.095,False
BGW-10,6,75,4.95,144,47.67,39.29,15.6,0.092,False
BGW-10,6,76,4.95,144,50.89,34.74,13.13,2.27,False
BGW-10,6,77,4.95,144,48.23,41.22,15.37,0.293,False
BGW-10,6,78,4.95,144,51.76,40.3,15.5,0.102,False
BGW-10,6,79,4.95,144,47.5,39.52,14.46,0.0,False
BGW-10,6,80,4.95,144,47.39,43.84,16.24,0.324,False
BGW-10,6,81,4.95,144,49.43,40.38,14.87,0.275,False
BGW-10,6,82,4.95,144,51.15,43.94,16.22,0.034,False
BGW-10,6,83,4.95,144,49.72,41.76,15.3,0.218,False
BGW-10,6,84,4.95,144,49.78,40.07,15.03,0.346,False
BGW-10,6,85,4.95,144,49.46,43.84,16.37,0.0,False
BGW-10,6,86,4.95,144,49.19,42.42,15.39,0.025,False
BGW-10,6,87,4.95,144,47.78,40.82,14.87,0.186,False
BGW-10,6,88,4.95,144,47.41,41.22,14.94,0.0,False
BGW-10,6,89,4.95,144,47.89,41.93,15.94,0.183,False
BGW-11,1,0,4.64,120,47.96,27.79,10.28,0.252,False
BGW-11,1,1,4.64,120,47.08,27.42,10.77,0.213,False
BGW-11,1,2,4.64,120,47.76,26.96,9.8,0.121,False
BGW-11,1,3,4.64,120,47.92,29.02,10.63,0.05,False
BGW-11,1,4,4.64,120,45.06,27.83,10.34,0.207,False
BGW-11,1,5,4.64,120,44.68,29.02,11.0,0.0,False
BGW-11,1,6,4.64,120,47.46,27.35,10.62,0.191,False
BGW-11,1,7,4.64,120,47.86,29.51,11.53,0.236,False
BGW-11,1,8,4.64,120,44.29,31.89,12.48,0.045,False
BGW-11,1,9,4.64,120,48.57,29.77,11.17,0.239,False
BGW-11,1,10,4.64,120,46.48,29.53,10.68,0.009,False
BGW-11,1,11,4.64,120,46.81,30.3,11.92,0.172,False
BGW-11,1,12,4.64,120,46.14,29.63,11.4,0.163,False
BGW-11,1,13,4.64,120,45.43,29.02,10.6,0.153,False
BGW-11,1,14,4.64,120,47.86,31.0,11.21,0.127,False
BGW-11,1,15,4.64,120,45.73,29.67,10.84,0.1,False
BGW-11,1,16,4.64,120,45.79,32.25,12.09,0.0,False
BGW-11,1,17,4.64,120,44.71,31.3,11.64,0.256,False
BGW-11,1,18,4.64,120,44.77,29.73,10.95,0.086,False
BGW-11,1,19,4.64,120,46.51,32.08,11.75,0.298,False
BGW-11,1,20,4.64,120,46.85,31.7,12.43,0.21,False
BGW-11,1,21,4.64,120,44.19,31.96,11.71,0.005,False
BGW-11,1,22,4.64,120,46.99,33.23,13.21,0.138,False
BGW-11,1,23,4.64,120,46.91,31.28,11.47,0.054,False
BGW-11,1,24,4.64,120,46.99,31.56,11.73,0.033,False
BGW-11,1,25,4.64,120,46.22,33.76,12.48,0.181,False
BGW-11,1,26,4.64,120,47.96,31.49,12.29,0.096,False
BGW-11,1,27,4.64,120,48.17,31.69,11.6,0.195,False
BGW-11,1,28,4.64,120,45.22,35.22,13.48,0.297,False
BGW-11,1,29,4.64,120,47.47,36.25,13.24,0.185,False
BGW-11,1,30,4.64,120,47.79,36.57,13.99,0.196,False
BGW-11,1,31,4.64,120,46.27,32.17,11.77,0.098,False
BGW-11,1,32,4.64,120,47.04,35.13,13.55,0.0,False
BGW-11,1,33,4.64,120,46.3,34.69,13.79,0.007,False
BGW-11,1,34,4.64,120,46.88,35.29,13.47,0.169,False
BGW-11,1,35,4.64,120,44.43,35.31,14.05,0.0,False
BGW-11,1,36,4.64,120,48.23,35.88,13.48,0.28,False
BGW-11,1,37,4.64,120,48.68,38.1,13.91,0.106,False
BGW-11,1,38,4.64,120,46.65,38.43,14.13,0.01,False
BGW-11,1,39,4.64,120,48.68,35.95,13.68,0.189,False
BGW-11,1,40,4.64,120,47.08,35.29,13.84,0.22,False
BGW-11,1,41,4.64,120,45.36,35.86,13.03,0.231,False
BGW-11,1,42,4.64,120,44.43,36.96,14.14,0.044,False
BGW-11,1,43,4.64,120,48.66,36.04,13.81,0.171,False
BGW-11,1,44,4.64,120,45.22,39.29,14.74,0.0,False
BGW-11,1,45,4.64,120,45.29,40.72,15.64,0.061,False
BGW-11,1,46,4.64,120,47.09,37.7,14.84,0.109,False
BGW-11,1,47,4.64,120,44.25,37.8,14.76,0.235,False
BGW-11,1,48,4.64,120,47.09,35.7,13.95,0.179,False
BGW-11,1,49,4.64,120,46.38,33.8,12.75,2.476,False
BGW-11,1,50,4.64,120,47.13,40.1,15.16,0.022,False
BGW-11,1,51,4.64,120,47.36,32.22,12.61,2.31,False
BGW-11,1,52,4.64,120,46.39,35.08,13.32,2.409,False
BGW-11,1,53,4.64,120,46.72,38.29,14.62,0.027,False
BGW-11,1,54,4.64,120,46.21,40.78,15.2,0.181,False
BGW-11,1,55,4.64,120,44.64,31.65,11.81,2.154,False
BGW-11,1,56,4.64,120,47.07,37.29,14.36,2.338,False
BGW-11,1,57,4.64,120,46.6,34.58,12.65,2.282,False
BGW-11,1,58,4.64,120,45.19,35.68,12.92,2.258,False
BGW-11,1,59,4.64,120,48.18,34.32,12.85,2.451,False
BGW-11,1,60,4.64,120,44.53,33.31,13.11,2.343,False
BGW-11,1,61,4.64,120,48.24,37.06,13.76,2.415,False
BGW-11,1,62,4.64,120,48.41,35.03,13.64,2.433,False
BGW-11,1,63,4.64,120,46.16,33.05,12.36,2.363,False
BGW-11,1,64,4.64,120,46.83,34.65,13.78,2.36,False
BGW-11,1,65,3.32,120,32.89,35.64,13.45,2.385,False
BGW-11,1,66,3.32,120,32.69,35.57,13.64,2.339,False
BGW-11,1,67,3.32,120,31.72,35.83,13.82,2.332,False
BGW-11,1,68,3.32,120,33.29,35.97,13.57,2.448,False
BGW-11,1,69,3.32,120,32.08,36.05,13.44,2.293,False
BGW-11,1,70,3.32,120,32.98,36.51,14.45,2.372,False
BGW-11,1,71,3.32,120,31.64,35.35,13.15,2.359,False
BGW-11,1,72,3.32,120,34.53,34.56,12.84,2.3,False
BGW-11,1,73,3.32,120,34.01,36.19,14.02,2.377,False
BGW-11,1,74,3.32,120,33.59,33.23,13.17,2.444,False
BGW-11,1,75,3.32,120,33.21,34.68,13.03,2.503,False
BGW-11,1,76,3.32,120,34.46,36.05,13.94,2.264,False
BGW-11,1,77,3.32,120,32.68,35.97,13.44,2.419,False
BGW-11,1,78,3.32,120,33.28,35.39,13.5,2.211,False
BGW-11,1,79,3.32,120,33.55,33.88,13.44,2.356,False
BGW-11,1,80,3.32,120,32.65,36.78,14.47,2.282,False
BGW-11,1,81,3.32,120,32.81,34.64,12.9,2.447,False
BGW-11,1,82,3.32,120,33.6,37.39,14.82,2.31,False
BGW-11,1,83,3.32,120,33.69,32.56,12.59,2.354,False
BGW-11,1,84,3.32,120,32.38,37.37,14.52,2.427,False
BGW-11,1,85,3.32,120,32.43,34.95,12.93,2.293,False
BGW-11,1,86,3.32,120,32.76,36.73,14.07,2.317,False
BGW-11,1,87,3.32,120,32.62,35.54,14.14,2.184,False
BGW-11,1,88,3.32,120,33.08,36.68,14.22,2.208,False
BGW-11,1,89,3.32,120,32.05,37.05,13.61,2.206,False
BGW-11,2,0,5.15,100,52.66,28.98,11.32,0.281,False
BGW-11,2,1,5.15,100,52.98,29.15,10.61,0.184,False
BGW-11,2,2,5.15,100,49.53,27.64,10.57,0.161,False
BGW-11,2,3,5.15,100,51.54,29.78,11.0,0.114,False
BGW-11,2,4,5.15,100,50.58,30.15,11.12,0.179,False
BGW-11,2,5,5.15,100,49.65,27.64,10.08,0.179,False
BGW-11,2,6,5.15,100,51.56,28.12,11.07,0.24,False
BGW-11,2,7,5.15,100,51.8,28.96,11.31,0.28,False
BGW-11,2,8,5.15,100,49.66,27.35,10.22,0.154,False
BGW-11,2,9,5.15,100,50.07,29.36,11.22,0.063,False
BGW-11,2,10,5.15,100,50.25,30.12,11.7,0.042,False
BGW-11,2,11,5.15,100,52.81,26.5,10.52,0.078,False
BGW-11,2,12,5.15,100,51.08,27.34,10.28,0.027,False
BGW-11,2,13,5.15,100,53.01,29.06,10.94,0.121,False
BGW-11,2,14,5.15,100,52.51,31.6,12.5,0.316,False
BGW-11,2,15,5.15,100,51.56,28.77,11.31,0.096,False
BGW-11,2,16,5.15,100,52.08,28.56,10.71,0.199,False
BGW-11,2,17,5.15,100,53.23,28.2,11.02,0.07,False
BGW-11,2,18,5.15,100,51.86,30.0,11.2,0.433,False
BGW-11,2,19,5.15,100,50.11,29.23,10.66,0.066,False
BGW-11,2,20,5.15,100,53.24,29.85,11.55,0.16,False
BGW-11,2,21,5.15,100,49.71,29.38,11.68,0.061,False
BGW-11,2,22,5.15,100,49.44,28.65,10.71,0.096,False
BGW-11,2,23,5.15,100,51.83,29.62,11.43,0.023,False
BGW-11,2,24,5.15,100,52.31,31.21,12.21,0.097,False
BGW-11,2,25,5.15,100,49.37,30.82,11.21,0.199,False
BGW-11,2,26,5.15,100,53.82,31.51,11.61,0.0,False
BGW-11,2,27,5.15,100,49.99,32.62,12.78,0.112,False
BGW-11,2,28,5.15,100,49.77,31.61,11.56,0.195,False
BGW-11,2,29,5.15,100,49.97,30.36,10.99,0.0,False
BGW-11,2,30,5.15,100,50.39,32.07,12.42,0.241,False
BGW-11,2,31,5.15,100,49.96,34.37,13.37,0.169,False
BGW-11,2,32,5.15,100,54.07,31.55,12.39,0.098,False
BGW-11,2,33,5.15,100,52.42,31.32,12.09,0.089,False
BGW-11,2,34,5.15,100,51.62,33.73,12.35,0.18,False
BGW-11,2,35,5.15,100,53.23,34.35,12.49,0.017,False
BGW-11,2,36,5.15,100,52.95,32.21,12.54,0.088,False
BGW-11,2,37,5.15,100,52.87,32.89,12.97,0.294,False
BGW-11,2,38,5.15,100,50.23,31.47,11.74,0.15,False
BGW-11,2,39,5.15,100,51.08,33.12,12.79,0.291,False
BGW-11,2,40,5.15,100,53.8,30.94,11.3,0.184,False
BGW-11,2,41,5.15,100,53.48,32.72,12.24,0.132,False
BGW-11,2,42,5.15,100,50.04,35.01,13.37,0.19,False
BGW-11,2,43,5.15,100,51.12,34.15,12.8,0.051,False
BGW-11,2,44,5.15,100,53.55,32.04,12.25,0.304,False
BGW-11,2,45,5.15,100,53.7,35.72,13.35,0.153,False
BGW-11,2,46,5.15,100,50.06,33.21,12.02,0.134,False
BGW-11,2,47,5.15,100,53.25,32.28,12.57,0.186,False
BGW-11,2,48,5.15,100,53.25,34.61,13.7,0.271,False
BGW-11,2,49,5.15,100,53.59,34.25,12.84,0.055,False
BGW-11,2,50,5.15,100,49.93,32.91,12.08,0.295,False
BGW-11,2,51,5.15,100,51.83,34.45,12.91,0.108,False
BGW-11,2,52,5.15,100,52.25,33.66,12.6,0.22,False
BGW-11,2,53,5.15,100,51.61,33.76,13.02,0.241,False
BGW-11,2,54,5.15,100,50.99,34.28,12.64,0.28,False
BGW-11,2,55,5.15,100,53.01,33.99,12.28,0.143,False
BGW-11,2,56,5.15,100,50.05,34.31,12.52,0.039,False
BGW-11,2,57,5.15,100,51.85,38.64,14.01,0.164,False
BGW-11,2,58,5.15,100,50.98,33.86,12.5,0.0,False
BGW-11,2,59,5.15,100,51.39,38.31,14.48,0.339,False
BGW-11,2,60,5.15,100,51.9,36.6,13.8,0.201,False
BGW-11,2,61,5.15,100,51.26,34.86,12.59,0.165,False
BGW-11,2,62,5.15,100,50.36,34.58,13.07,0.004,False
BGW-11,2,63,5.15,100,52.6,35.42,13.12,0.0,False
BGW-11,2,64,5.15,100,48.98,34.79,13.15,0.356,False
BGW-11,2,65,5.15,100,49.4,38.65,14.38,0.173,False
BGW-11,2,66,5.15,100,50.6,38.15,14.22,0.372,False
BGW-11,2,67,5.15,100,53.25,34.6,12.7,0.235,False
BGW-11,2,68,5.15,100,50.78,37.55,14.07,0.141,False
BGW-11,2,69,5.15,100,50.03,37.79,14.21,0.305,False
BGW-11,2,70,5.15,100,49.3,38.3,14.53,0.198,False
BGW-11,2,71,5.15,100,51.96,38.88,14.19,0.0,False
BGW-11,2,72,5.15,100,50.65,38.12,14.7,0.064,False
BGW-11,2,73,5.15,100,51.65,35.16,13.68,2.338,False
BGW-11,2,74,5.15,100,53.52,38.74,15.16,0.314,False
BGW-11,2,75,5.15,100,51.98,32.58,12.33,2.385,False
BGW-11,2,76,5.15,100,51.56,39.83,15.13,0.149,False
BGW-11,2,77,5.15,100,50.7,34.75,13.14,2.356,False
BGW-11,2,78,5.15,100,49.98,39.63,15.26,0.177,False
BGW-11,2,79,5.15,100,51.83,34.1,12.68,2.212,False
BGW-11,2,80,5.15,100,52.92,34.56,13.44,2.447,False
BGW-11,2,81,5.15,100,50.1,34.53,12.86,2.36,False
BGW-11,2,82,5.15,100,50.43,33.53,12.87,2.276,False
BGW-11,2,83,5.15,100,53.83,32.12,12.13,2.257,False
BGW-11,2,84,5.15,100,49.69,34.48,13.7,2.063,False
BGW-11,2,85,5.15,100,52.56,35.43,12.84,2.239,False
BGW-11,2,86,5.15,100,51.97,32.56,12.55,2.258,False
BGW-11,2,87,5.15,100,52.32,32.31,12.55,2.367,False
BGW-11,2,88,4.12,100,42.21,33.51,12.1,2.286,False
BGW-11,2,89,4.12,100,42.61,35.31,14.08,2.307,False
BGW-11,3,0,5.74,120,55.45,29.38,11.53,0.0,False
BGW-11,3,1,5.74,120,54.59,27.49,10.5,0.295,False
BGW-11,3,2,5.74,120,57.98,31.47,12.49,0.024,False
BGW-11,3,3,5.74,120,54.6,27.92,10.47,0.26,False
BGW-11,3,4,5.74,120,59.95,27.14,10.1,0.117,False
BGW-11,3,5,5.74,120,59.26,26.51,9.94,0.075,False
BGW-11,3,6,5.74,120,58.44,25.46,9.41,0.107,False
BGW-11,3,7,5.74,120,56.8,26.66,9.65,0.182,False
BGW-11,3,8,5.74,120,57.05,29.11,10.93,0.13,False
BGW-11,3,9,5.74,120,58.86,27.98,10.56,0.124,False
BGW-11,3,10,5.74,120,55.45,28.39,11.07,0.113,False
BGW-11,3,11,5.74,120,58.31,30.62,11.59,0.087,False
BGW-11,3,12,5.74,120,54.77,32.57,12.4,0.202,False
BGW-11,3,13,5.74,120,55.36,29.82,11.87,0.146,False
BGW-11,3,14,5.74,120,57.19,28.62,11.22,0.246,False
BGW-11,3,15,5.74,120,57.19,31.2,12.38,0.0,False
BGW-11,3,16,5.74,120,55.26,32.94,12.0,0.11,False
BGW-11,3,17,5.74,120,59.35,33.24,13.19,0.07,False
BGW-11,3,18,5.74,120,58.05,29.32,11.22,0.043,False
BGW-11,3,19,5.74,120,56.0,31.07,12.35,0.089,False
BGW-11,3,20,5.74,120,55.04,34.16,12.82,0.155,False
BGW-11,3,21,5.74,120,56.14,33.2,12.71,0.035,False
BGW-11,3,22,5.74,120,57.75,31.67,11.91,0.21,False
BGW-11,3,23,5.74,120,59.83,33.95,12.53,0.167,False
BGW-11,3,24,5.74,120,55.94,31.33,11.7,0.134,False
BGW-11,3,25,5.74,120,59.67,32.98,12.57,0.12,False
BGW-11,3,26,5.74,120,59.66,34.29,12.42,0.187,False
BGW-11,3,27,5.74,120,59.53,34.73,13.24,0.072,False
BGW-11,3,28,5.74,120,56.68,37.68,14.5,0.0,False
BGW-11,3,29,5.74,120,59.97,34.03,12.74,0.187,False
BGW-11,3,30,5.74,120,55.98,33.51,12.74,0.149,False
BGW-11,3,31,5.74,120,56.36,36.76,13.28,0.053,False
BGW-11,3,32,5.74,120,57.56,34.8,12.94,0.247,False
BGW-11,3,33,5.74,120,58.78,36.9,13.48,0.046,False
BGW-11,3,34,5.74,120,56.93,36.12,14.0,0.362,False
BGW-11,3,35,5.74,120,56.69,37.19,13.97,0.113,False
BGW-11,3,36,5.74,120,56.97,35.44,12.91,0.09,False
BGW-11,3,37,5.74,120,57.8,37.42,14.14,0.098,False
BGW-11,3,38,5.74,120,57.84,32.61,12.19,0.093,False
BGW-11,3,39,5.74,120,59.36,35.9,14.05,0.087,False
BGW-11,3,40,5.74,120,57.85,37.23,13.6,0.177,False
BGW-11,3,41,5.74,120,57.04,36.45,13.84,0.067,False
BGW-11,3,42,5.74,120,56.04,39.69,15.03,0.144,False
BGW-11,3,43,5.74,120,57.77,32.59,12.62,2.418,False
BGW-11,3,44,5.74,120,57.13,36.83,14.36,0.115,False
BGW-11,3,45,5.74,120,59.08,32.92,12.54,2.398,False
BGW-11,3,46,5.74,120,57.58,33.84,12.56,2.365,False
BGW-11,3,47,5.74,120,58.19,35.22,13.06,2.405,False
BGW-11,3,48,5.74,120,55.44,36.57,13.45,2.499,False
BGW-11,3,49,5.74,120,59.73,35.24,13.9,2.395,False
BGW-11,3,50,5.74,120,55.46,33.09,12.02,2.308,False
BGW-11,3,51,4.44,120,42.52,33.62,13.34,2.475,False
BGW-11,3,52,4.44,120,45.45,36.63,14.43,2.447,False
BGW-11,3,53,4.44,120,43.41,33.99,12.79,2.159,False
BGW-11,3,54,4.44,120,42.8,34.51,13.1,2.404,False
BGW-11,3,55,4.44,120,43.84,34.17,12.39,2.496,False
BGW-11,3,56,4.44,120,42.75,34.45,12.65,2.267,False
BGW-11,3,57,4.44,120,43.38,34.71,13.06,2.317,False
BGW-11,3,58,4.44,120,46.25,33.6,12.93,2.255,False
BGW-11,3,59,4.44,120,44.13,35.23,12.76,2.369,False
BGW-11,3,60,4.44,120,43.12,33.8,13.19,2.235,False
BGW-11,3,61,4.44,120,43.88,35.43,12.95,2.248,False
BGW-11,3,62,4.44,120,43.22,36.13,13.35,2.306,False
BGW-11,3,63,4.44,120,43.0,35.29,13.08,2.34,False
BGW-11,3,64,4.44,120,43.48,34.3,12.85,2.324,False
BGW-11,3,65,4.44,120,46.34,34.69,13.34,2.359,False
BGW-11,3,66,4.44,120,46.38,33.26,12.64,2.557,False
BGW-11,3,67,4.44,120,44.17,35.72,13.02,2.494,False
BGW-11,3,68,4.44,120,42.39,36.85,13.7,2.344,False
BGW-11,3,69,4.44,120,44.98,34.37,12.83,2.307,False
BGW-11,3,70,4.44,120,42.34,35.65,14.05,2.411,False
BGW-11,3,71,4.44,120,46.28,37.12,13.9,2.438,False
BGW-11,3,72,4.44,120,44.25,35.94,13.47,2.388,False
BGW-11,3,73,4.44,120,44.93,36.45,13.65,2.351,False
BGW-11,3,74,4.44,120,46.23,35.72,13.38,2.329,False
BGW-11,3,75,4.44,120,42.35,36.76,14.21,2.366,False
BGW-11,3,76,4.44,120,46.43,34.84,13.75,2.356,False
BGW-11,3,77,4.44,120,43.24,35.98,14.05,2.447,False
BGW-11,3,78,4.44,120,43.91,35.05,13.73,2.529,False
BGW-11,3,79,4.44,120,45.29,34.78,12.84,2.405,False
BGW-11,3,80,4.44,120,46.58,38.15,14.49,2.29,False
BGW-11,3,81,4.44,120,46.11,38.72,15.15,2.391,False
BGW-11,3,82,4.44,120,43.1,36.13,14.01,2.308,False
BGW-11,3,83,4.44,120,44.91,36.0,13.78,2.305,False
BGW-11,3,84,4.44,120,44.51,37.82,14.23,2.422,False
BGW-11,3,85,4.44,120,44.01,36.58,14.02,2.385,False
BGW-11,3,86,4.44,120,43.0,36.37,14.28,2.338,False
BGW-11,3,87,4.44,120,44.33,35.72,14.15,2.332,False
BGW-11,3,88,4.44,120,46.25,36.03,13.25,2.329,False
BGW-11,3,89,4.44,120,45.33,32.04,12.13,2.437,False
BGW-11,4,0,4.27,120,40.99,30.06,11.86,0.221,False
BGW-11,4,1,4.27,120,40.62,26.95,10.54,0.102,False
BGW-11,4,2,4.27,120,40.69,27.8,10.37,0.281,False
BGW-11,4,3,4.27,120,43.33,26.66,10.12,0.193,False
BGW-11,4,4,4.27,120,41.8,26.32,9.91,0.111,False
BGW-11,4,5,4.27,120,41.73,28.17,10.77,0.163,False
BGW-11,4,6,4.27,120,44.14,26.98,10.66,0.137,False
BGW-11,4,7,4.27,120,43.75,31.03,12.22,0.232,False
BGW-11,4,8,4.27,120,44.45,28.46,10.55,0.0,False
BGW-11,4,9,4.27,120,44.71,27.94,10.33,0.246,False
BGW-11,4,10,4.27,120,41.86,29.36,11.62,0.168,False
BGW-11,4,11,4.27,120,42.51,29.01,10.49,0.0,False
BGW-11,4,12,4.27,120,41.99,27.27,10.54,0.099,False
BGW-11,4,13,4.27,120,41.69,29.57,11.08,0.384,False
BGW-11,4,14,4.27,120,42.7,28.59,10.86,0.036,False
BGW-11,4,15,4.27,120,41.49,27.83,10.8,0.104,False
BGW-11,4,16,4.27,120,41.7,28.47,11.27,0.052,False
BGW-11,4,17,4.27,120,42.09,29.3,11.0,0.119,False
BGW-11,4,18,4.27,120,42.85,29.44,11.43,0.0,False
BGW-11,4,19,4.27,120,41.36,29.84,11.46,0.063,False
BGW-11,4,20,4.27,120,41.52,30.04,11.84,0.035,False
BGW-11,4,21,4.27,120,43.96,28.28,11.0,0.153,False
BGW-11,4,22,4.27,120,44.17,29.2,11.31,0.061,False
BGW-11,4,23,4.27,120,41.94,28.17,10.6,0.247,False
BGW-11,4,24,4.27,120,40.72,30.72,11.66,0.0,False
BGW-11,4,25,4.27,120,40.57,31.72,12.35,0.077,False
BGW-11,4,26,4.27,120,40.67,29.06,11.06,0.073,False
BGW-11,4,27,4.27,120,44.58,30.65,12.14,0.242,False
BGW-11,4,28,4.27,120,44.21,31.58,11.65,0.028,False
BGW-11,4,29,4.27,120,41.69,29.49,11.55,0.194,False
BGW-11,4,30,4.27,120,43.95,29.1,11.24,0.0,False
BGW-11,4,31,4.27,120,42.77,31.79,11.67,0.0,False
BGW-11,4,32,4.27,120,42.28,32.46,12.46,0.219,False
BGW-11,4,33,4.27,120,43.21,31.78,11.66,0.115,False
BGW-11,4,34,4.27,120,42.32,31.55,12.5,0.182,False
BGW-11,4,35,4.27,120,40.55,32.54,12.72,0.114,False
BGW-11,4,36,4.27,120,42.5,30.74,12.11,0.325,False
BGW-11,4,37,4.27,120,41.89,34.03,13.14,0.173,False
BGW-11,4,38,4.27,120,40.9,32.77,12.43,0.214,False
BGW-11,4,39,4.27,120,41.54,33.66,12.81,0.054,False
BGW-11,4,40,4.27,120,43.69,34.94,12.62,0.192,False
BGW-11,4,41,4.27,120,42.11,32.21,11.68,0.098,False
BGW-11,4,42,4.27,120,42.92,32.79,12.05,0.0,False
BGW-11,4,43,4.27,120,43.14,32.4,11.91,0.197,False
BGW-11,4,44,4.27,120,43.23,35.06,13.61,0.24,False
BGW-11,4,45,4.27,120,44.13,30.91,11.96,0.112,False
BGW-11,4,46,4.27,120,42.08,33.77,13.27,0.0,False
BGW-11,4,47,4.27,120,40.93,32.95,12.04,0.128,False
BGW-11,4,48,4.27,120,41.32,36.14,14.38,0.189,False
BGW-11,4,49,4.27,120,41.96,35.39,13.95,0.195,False
BGW-11,4,50,4.27,120,40.76,35.54,14.09,0.18,False
BGW-11,4,51,4.27,120,43.07,33.73,13.28,0.0,False
BGW-11,4,52,4.27,120,41.76,36.89,14.41,0.071,False
BGW-11,4,53,4.27,120,43.52,35.81,13.7,0.007,False
BGW-11,4,54,4.27,120,41.5,37.19,13.46,0.0,False
BGW-11,4,55,4.27,120,43.12,33.98,13.36,0.082,False
BGW-11,4,56,4.27,120,41.02,37.71,14.02,0.24,False
BGW-11,4,57,4.27,120,42.66,37.83,14.98,0.237,False
BGW-11,4,58,4.27,120,43.7,36.5,13.63,0.0,False
BGW-11,4,59,4.27,120,43.92,36.21,14.01,0.269,False
BGW-11,4,60,4.27,120,41.35,34.96,13.17,0.184,False
BGW-11,4,61,4.27,120,40.84,36.98,14.22,0.028,False
BGW-11,4,62,4.27,120,41.8,37.74,13.9,0.145,False
BGW-11,4,63,4.27,120,40.89,39.36,15.5,0.354,False
BGW-11,4,64,4.27,120,44.2,36.41,14.09,0.099,False
BGW-11,4,65,4.27,120,43.52,38.28,14.2,0.205,False
BGW-11,4,66,4.27,120,44.32,37.58,14.53,0.222,False
BGW-11,4,67,4.27,120,42.53,39.56,15.14,0.004,False
BGW-11,4,68,4.27,120,41.7,36.66,13.85,0.081,False
BGW-11,4,69,4.27,120,44.21,40.48,15.69,0.066,False
BGW-11,4,70,4.27,120,43.37,36.25,13.43,0.221,False
BGW-11,4,71,4.27,120,42.51,38.31,14.4,0.034,False
BGW-11,4,72,4.27,120,41.05,32.6,12.17,2.36,False
BGW-11,4,73,4.27,120,44.18,39.55,15.63,0.026,False
BGW-11,4,74,4.27,120,42.5,34.94,13.1,2.281,False
BGW-11,4,75,4.27,120,42.71,33.29,12.75,2.459,False
BGW-11,4,76,4.27,120,44.38,32.65,12.63,2.459,False
BGW-11,4,77,4.27,120,43.9,34.98,13.8,2.376,False
BGW-11,4,78,4.27,120,43.08,32.71,12.09,2.434,False
BGW-11,4,79,2.99,120,30.91,33.31,13.01,2.518,False
BGW-11,4,80,2.99,120,30.41,37.55,13.62,2.299,False
BGW-11,4,81,2.99,120,30.21,33.24,12.86,2.41,False
BGW-11,4,82,2.99,120,28.81,33.94,12.88,2.366,False
BGW-11,4,83,2.99,120,30.17,33.18,12.06,2.27,False
BGW-11,4,84,2.99,120,30.96,34.1,13.21,2.448,False
BGW-11,4,85,2.99,120,29.18,34.89,13.91,2.233,False
BGW-11,4,86,2.99,120,29.83,35.4,13.17,2.265,False
BGW-11,4,87,2.99,120,29.79,35.46,14.07,2.229,False
BGW-11,4,88,2.99,120,29.55,31.78,11.84,2.392,False
BGW-11,4,89,2.99,120,29.09,36.03,13.94,2.377,False
BGW-11,5,0,4.28,86,44.37,31.38,12.02,0.04,False
BGW-11,5,1,4.28,86,42.24,28.14,10.82,0.161,False
BGW-11,5,2,4.28,86,41.21,28.62,11.35,0.102,False
BGW-11,5,3,4.28,86,44.7,27.49,10.35,0.163,False
BGW-11,5,4,4.28,86,44.7,28.26,11.09,0.347,False
BGW-11,5,5,4.28,86,41.56,29.04,11.41,0.109,False
BGW-11,5,6,4.28,86,42.57,29.01,10.71,0.078,False
BGW-11,5,7,4.28,86,42.21,27.56,9.98,0.238,False
BGW-11,5,8,4.28,86,42.89,28.23,10.89,0.197,False
BGW-11,5,9,4.28,86,43.37,29.5,11.11,0.0,False
BGW-11,5,10,4.28,86,40.73,28.08,10.73,0.267,False
BGW-11,5,11,4.28,86,43.3,28.2,10.76,0.152,False
BGW-11,5,12,4.28,86,41.93,29.66,11.4,0.188,False
BGW-11,5,13,4.28,86,41.14,30.22,11.77,0.23,False
BGW-11,5,14,4.28,86,43.05,32.24,12.22,0.191,False
BGW-11,5,15,4.28,86,43.45,28.77,11.24,0.233,False
BGW-11,5,16,4.28,86,43.73,30.28,11.06,0.097,False
BGW-11,5,17,4.28,86,43.31,27.66,10.39,0.051,False
BGW-11,5,18,4.28,86,41.84,28.95,10.77,0.187,False
BGW-11,5,19,4.28,86,44.66,30.23,12.04,0.163,False
BGW-11,5,20,4.28,86,40.76,27.66,10.14,0.38,False
BGW-11,5,21,4.28,86,43.99,30.1,11.32,0.176,False
BGW-11,5,22,4.28,86,44.81,30.42,11.73,0.0,False
BGW-11,5,23,4.28,86,44.5,29.84,10.83,0.04,False
BGW-11,5,24,4.28,86,43.37,31.52,11.62,0.18,False
BGW-11,5,25,4.28,86,41.54,28.73,10.43,0.172,False
BGW-11,5,26,4.28,86,42.36,32.74,12.46,0.187,False
BGW-11,5,27,4.28,86,42.26,31.06,11.25,0.161,False
BGW-11,5,28,4.28,86,40.79,33.24,12.43,0.212,False
BGW-11,5,29,4.28,86,42.21,33.57,13.36,0.016,False
BGW-11,5,30,4.28,86,41.99,34.06,13.52,0.232,False
BGW-11,5,31,4.28,86,40.86,32.28,12.21,0.087,False
BGW-11,5,32,4.28,86,43.08,33.05,12.44,0.049,False
BGW-11,5,33,4.28,86,41.34,34.63,13.63,0.098,False
BGW-11,5,34,4.28,86,41.77,34.53,13.76,0.049,False
BGW-11,5,35,4.28,86,43.5,34.49,13.11,0.153,False
BGW-11,5,36,4.28,86,44.45,36.51,13.2,0.169,False
BGW-11,5,37,4.28,86,44.87,34.25,13.39,0.203,False
BGW-11,5,38,4.28,86,43.72,36.76,13.56,0.136,False
BGW-11,5,39,4.28,86,42.8,35.22,14.03,0.031,False
BGW-11,5,40,4.28,86,43.55,38.51,14.66,0.116,False
BGW-11,5,41,4.28,86,41.32,35.36,14.07,0.104,False
BGW-11,5,42,4.28,86,41.01,33.89,13.14,0.0,False
BGW-11,5,43,4.28,86,44.28,34.64,13.63,0.103,False
BGW-11,5,44,4.28,86,44.82,36.17,13.68,0.204,False
BGW-11,5,45,4.28,86,44.0,38.1,14.4,0.081,False
BGW-11,5,46,4.28,86,42.26,35.87,14.16,0.314,False
BGW-11,5,47,4.28,86,44.45,37.3,14.51,0.232,False
BGW-11,5,48,4.28,86,43.01,38.0,13.77,0.103,False
BGW-11,5,49,4.28,86,41.81,39.41,15.51,0.056,False
BGW-11,5,50,4.28,86,44.24,36.65,14.08,0.276,False
BGW-11,5,51,4.28,86,43.64,39.96,14.74,0.071,False
BGW-11,5,52,4.28,86,41.39,35.85,13.56,0.108,False
BGW-11,5,53,4.28,86,43.78,38.71,15.31,0.082,False
BGW-11,5,54,4.28,86,43.43,31.89,12.24,2.385,False
BGW-11,5,55,4.28,86,42.91,39.78,15.63,0.045,False
BGW-11,5,56,4.28,86,43.52,34.46,13.71,2.282,False
BGW-11,5,57,4.28,86,42.08,34.59,13.51,2.478,False
BGW-11,5,58,4.28,86,41.07,33.97,13.05,2.231,False
BGW-11,5,59,4.28,86,41.45,34.25,13.1,2.374,False
BGW-11,5,60,4.28,86,41.98,33.28,12.57,2.222,False
BGW-11,5,61,4.28,86,43.09,37.57,14.44,0.249,False
BGW-11,5,62,4.28,86,41.3,37.92,14.6,0.258,False
BGW-11,5,63,4.28,86,43.26,34.77,12.76,2.311,False
BGW-11,5,64,4.28,86,43.01,32.85,12.27,2.337,False
BGW-11,5,65,4.28,86,41.82,33.84,12.25,2.19,False
BGW-11,5,66,4.28,86,42.43,33.08,12.25,2.233,False
BGW-11,5,67,4.28,86,42.83,39.37,14.9,0.186,False
BGW-11,5,68,4.28,86,44.94,33.43,12.79,2.297,False
BGW-11,5,69,4.28,86,40.83,31.57,11.73,2.48,False
BGW-11,5,70,4.28,86,44.04,32.27,12.5,2.493,False
BGW-11,5,71,4.28,86,44.89,34.52,12.73,2.357,False
BGW-11,5,72,4.28,86,41.02,32.18,12.01,2.427,False
BGW-11,5,73,4.28,86,43.06,36.06,13.25,2.393,False
BGW-11,5,74,2.95,86,29.51,35.11,13.28,2.32,False
BGW-11,5,75,2.95,86,30.31,34.76,13.47,2.369,False
BGW-11,5,76,2.95,86,29.65,36.75,13.71,2.342,False
BGW-11,5,77,2.95,86,29.64,33.77,13.29,2.499,False
BGW-11,5,78,2.95,86,29.78,33.13,12.19,2.166,False
BGW-11,5,79,2.95,86,30.88,34.1,13.47,2.331,False
BGW-11,5,80,2.95,86,28.31,35.83,13.99,2.371,False
BGW-11,5,81,2.95,86,28.84,36.36,13.77,2.286,False
BGW-11,5,82,2.95,86,29.76,34.46,13.72,2.431,False
BGW-11,5,83,2.95,86,30.51,35.12,12.91,2.377,False
BGW-11,5,84,2.95,86,29.69,34.39,12.91,2.277,False
BGW-11,5,85,2.95,86,28.17,35.87,13.76,2.472,False
BGW-11,5,86,2.95,86,29.23,34.73,12.76,2.605,False
BGW-11,5,87,2.95,86,30.75,37.29,14.33,2.151,False
BGW-11,5,88,2.95,86,29.25,33.34,12.44,2.382,False
BGW-11,5,89,2.95,86,29.8,36.57,14.06,2.34,False
BGW-11,6,0,6.47,120,62.41,29.94,11.62,0.156,False
BGW-11,6,1,6.47,120,67.12,27.71,10.5,0.165,False
BGW-11,6,2,6.47,120,61.99,30.0,11.28,0.159,False
BGW-11,6,3,6.47,120,64.01,28.12,11.15,0.169,False
BGW-11,6,4,6.47,120,64.03,28.78,11.2,0.138,False
BGW-11,6,5,6.47,120,64.69,28.55,11.38,0.083,False
BGW-11,6,6,6.47,120,63.18,28.89,11.23,0.199,False
BGW-11,6,7,6.47,120,64.5,27.79,10.05,0.279,False
BGW-11,6,8,6.47,120,65.58,27.78,10.57,0.211,False
BGW-11,6,9,6.47,120,63.31,30.07,11.38,0.07,False
BGW-11,6,10,6.47,120,67.25,31.31,12.15,0.26,False
BGW-11,6,11,6.47,120,61.47,31.13,11.38,0.269,False
BGW-11,6,12,6.47,120,61.65,29.4,11.0,0.272,False
BGW-11,6,13,6.47,120,67.71,32.39,12.37,0.259,False
BGW-11,6,14,6.47,120,67.26,32.4,12.17,0.211,False
BGW-11,6,15,6.47,120,64.07,35.61,13.64,0.059,False
BGW-11,6,16,6.47,120,67.49,34.53,12.62,0.23,False
BGW-11,6,17,6.47,120,66.18,30.14,11.98,0.099,False
BGW-11,6,18,6.47,120,63.96,32.87,12.78,0.172,False
BGW-11,6,19,6.47,120,65.59,31.96,11.66,0.188,False
BGW-11,6,20,6.47,120,61.69,32.45,12.81,0.237,False
BGW-11,6,21,6.47,120,61.6,33.14,12.53,0.035,False
BGW-11,6,22,6.47,120,66.9,34.1,13.31,0.172,False
BGW-11,6,23,6.47,120,61.55,34.4,12.94,0.119,False
BGW-11,6,24,6.47,120,66.9,35.55,14.14,0.148,False
BGW-11,6,25,6.47,120,64.8,34.35,13.56,0.256,False
BGW-11,6,26,6.47,120,65.7,32.14,12.46,0.097,False
BGW-11,6,27,6.47,120,65.78,34.23,12.9,0.137,False
BGW-11,6,28,6.47,120,62.19,36.25,14.4,0.102,False
BGW-11,6,29,6.47,120,63.65,37.68,14.66,0.229,False
BGW-11,6,30,6.47,120,63.71,36.12,13.67,0.153,False
BGW-11,6,31,6.47,120,67.01,36.82,13.52,0.118,False
BGW-11,6,32,6.47,120,66.12,35.66,14.09,0.097,False
BGW-11,6,33,6.47,120,66.17,36.52,13.8,0.086,False
BGW-11,6,34,6.47,120,65.61,36.55,13.71,0.349,False
BGW-11,6,35,6.47,120,63.6,39.77,15.23,0.257,False
BGW-11,6,36,6.47,120,65.12,41.23,15.01,0.016,False
BGW-11,6,37,6.47,120,63.48,35.97,13.91,0.027,False
BGW-11,6,38,6.47,120,65.4,39.27,15.56,0.108,False
BGW-11,6,39,6.47,120,61.7,38.68,15.3,0.086,False
BGW-11,6,40,6.47,120,66.57,38.01,14.6,0.137,False
BGW-11,6,41,6.47,120,61.74,39.89,15.35,0.052,False
BGW-11,6,42,6.47,120,64.88,33.38,12.5,2.315,False
BGW-11,6,43,6.47,120,64.18,34.31,13.26,2.511,False
BGW-11,6,44,6.47,120,65.49,35.84,14.06,2.22,False
BGW-11,6,45,6.47,120,63.24,34.99,12.84,2.42,False
BGW-11,6,46,6.47,120,63.24,34.41,12.81,2.312,False
BGW-11,6,47,6.47,120,65.1,34.39,13.01,2.264,False
BGW-11,6,48,4.99,120,48.59,35.09,13.18,2.517,False
BGW-11,6,49,4.99,120,47.52,33.99,13.08,2.349,False
BGW-11,6,50,4.99,120,47.53,36.24,14.01,2.408,False
BGW-11,6,51,4.99,120,47.61,35.42,12.94,2.23,False
BGW-11,6,52,4.99,120,50.9,35.48,12.9,2.511,False
BGW-11,6,53,4.99,120,52.26,34.79,13.25,2.496,False
BGW-11,6,54,4.99,120,51.69,35.63,13.52,2.333,False
BGW-11,6,55,4.99,120,48.53,38.49,14.47,2.478,False
BGW-11,6,56,4.99,120,48.03,35.79,13.37,2.243,False
BGW-11,6,57,4.99,120,49.72,33.9,13.36,2.283,False
BGW-11,6,58,4.99,120,51.26,35.35,13.59,2.347,False
BGW-11,6,59,4.99,120,49.61,33.42,12.46,2.507,False
BGW-11,6,60,4.99,120,48.53,38.03,14.04,2.345,False
BGW-11,6,61,4.99,120,50.76,35.79,13.79,2.281,False
BGW-11,6,62,4.99,120,52.29,33.61,12.33,2.357,False
BGW-11,6,63,4.99,120,47.56,34.39,12.77,2.332,False
BGW-11,6,64,4.99,120,50.52,35.7,13.21,2.483,False
BGW-11,6,65,4.99,120,47.52,31.78,12.57,2.498,False
BGW-11,6,66,4.99,120,48.04,34.57,13.43,2.548,False
BGW-11,6,67,4.99,120,50.47,33.43,12.66,2.434,False
BGW-11,6,68,4.99,120,49.81,34.07,13.48,2.5,False
BGW-11,6,69,4.99,120,50.75,35.7,13.12,2.202,False
BGW-11,6,70,4.99,120,50.87,32.25,11.65,2.263,False
BGW-11,6,71,4.99,120,47.79,34.85,13.15,2.242,False
BGW-11,6,72,4.99,120,51.46,35.99,13.42,2.364,False
BGW-11,6,73,4.99,120,50.3,35.92,13.06,2.342,False
BGW-11,6,74,4.99,120,49.08,38.02,15.08,2.613,False
BGW-11,6,75,4.99,120,48.98,33.2,12.69,2.308,False
BGW-11,6,76,4.99,120,51.46,37.96,13.8,2.495,False
BGW-11,6,77,4.99,120,49.64,35.41,13.56,2.167,False
BGW-11,6,78,4.99,120,50.3,33.48,12.72,2.228,False
BGW-11,6,79,4.99,120,48.38,37.94,14.23,2.275,False
BGW-11,6,80,4.99,120,49.06,35.0,12.91,2.18,False
BGW-11,6,81,4.99,120,50.59,35.24,13.7,2.418,False
BGW-11,6,82,4.99,120,48.06,35.31,12.81,2.321,False
BGW-11,6,83,4.99,120,49.44,35.49,13.91,2.306,False
BGW-11,6,84,4.99,120,48.04,35.67,12.91,2.325,False
BGW-11,6,85,4.99,120,51.33,35.26,12.74,2.306,False
BGW-11,6,86,4.99,120,48.39,35.09,13.32,2.22,False
BGW-11,6,87,4.99,120,47.96,34.19,12.55,2.54,False
BGW-11,6,88,4.99,120,48.3,35.5,13.1,2.413,False
BGW-11,6,89,4.99,120,49.56,34.38,12.68,2.287,False
BGW-11,7,0,6.02,100,59.82,28.53,11.11,0.27,False
BGW-11,7,1,6.02,100,61.54,28.88,11.42,0.033,False
BGW-11,7,2,6.02,100,59.24,25.88,9.6,0.134,False
BGW-11,7,3,6.02,100,61.14,26.89,10.47,0.062,False
BGW-11,7,4,6.02,100,58.45,29.58,10.81,0.025,False
BGW-11,7,5,6.02,100,59.46,28.35,10.58,0.038,False
BGW-11,7,6,6.02,100,57.86,27.75,10.29,0.242,False
BGW-11,7,7,6.02,100,58.02,30.18,11.14,0.128,False
BGW-11,7,8,6.02,100,59.8,31.92,11.57,0.0,False
BGW-11,7,9,6.02,100,60.36,28.35,10.64,0.156,False
BGW-11,7,10,6.02,100,59.1,30.32,11.37,0.138,False
BGW-11,7,11,6.02,100,59.09,29.33,11.69,0.203,False
BGW-11,7,12,6.02,100,62.43,31.74,12.04,0.136,False
BGW-11,7,13,6.02,100,61.29,27.84,10.64,0.215,False
BGW-11,7,14,6.02,100,57.62,28.97,11.09,0.249,False
BGW-11,7,15,6.02,100,58.56,29.52,11.22,0.227,False
BGW-11,7,16,6.02,100,60.57,30.19,11.27,0.076,False
BGW-11,7,17,6.02,100,62.66,31.02,11.49,0.045,False
BGW-11,7,18,6.02,100,61.95,33.18,12.35,0.077,False
BGW-11,7,19,6.02,100,58.82,33.23,12.65,0.312,False
BGW-11,7,20,6.02,100,61.44,32.64,12.07,0.046,False
BGW-11,7,21,6.02,100,60.95,31.7,11.98,0.071,False
BGW-11,7,22,6.02,100,57.4,32.43,12.06,0.06,False
BGW-11,7,23,6.02,100,60.25,35.16,13.29,0.207,False
BGW-11,7,24,6.02,100,62.34,37.36,14.78,0.202,False
BGW-11,7,25,6.02,100,58.03,36.45,14.43,0.174,False
BGW-11,7,26,6.02,100,58.01,37.59,14.9,0.184,False
BGW-11,7,27,6.02,100,62.34,37.11,13.89,0.18,False
BGW-11,7,28,6.02,100,57.52,38.9,14.7,0.183,False
BGW-11,7,29,6.02,100,59.56,34.02,13.23,0.104,False
BGW-11,7,30,6.02,100,58.45,36.64,13.84,0.0,False
BGW-11,7,31,6.02,100,59.18,34.58,12.89,0.256,False
BGW-11,7,32,6.02,100,57.54,37.59,13.66,0.173,False
BGW-11,7,33,6.02,100,58.07,41.42,15.73,0.087,False
BGW-11,7,34,6.02,100,58.03,37.93,14.14,0.251,False
BGW-11,7,35,6.02,100,60.65,32.22,12.76,2.477,False
BGW-11,7,36,6.02,100,60.33,36.49,14.31,0.051,False
BGW-11,7,37,6.02,100,58.46,39.28,15.0,0.229,False
BGW-11,7,38,6.02,100,59.98,34.14,12.97,2.411,False
BGW-11,7,39,6.02,100,59.01,38.35,14.04,0.025,False
BGW-11,7,40,6.02,100,61.9,35.31,13.96,2.431,False
BGW-11,7,41,6.02,100,58.14,35.8,13.74,2.401,False
BGW-11,7,42,6.02,100,58.54,32.33,12.67,2.309,False
BGW-11,7,43,6.02,100,57.77,33.33,12.78,2.403,False
BGW-11,7,44,6.02,100,58.58,33.78,13.45,2.339,False
BGW-11,7,45,6.02,100,62.9,33.44,12.58,2.387,False
BGW-11,7,46,4.98,100,50.98,34.34,13.12,2.259,False
BGW-11,7,47,4.98,100,48.83,33.56,12.52,2.205,False
BGW-11,7,48,4.98,100,51.76,35.89,14.07,2.553,False
BGW-11,7,49,4.98,100,50.81,36.27,14.32,2.334,False
BGW-11,7,50,4.98,100,47.5,35.09,13.78,2.446,False
BGW-11,7,51,4.98,100,48.09,36.75,14.19,2.275,False
BGW-11,7,52,4.98,100,49.3,34.04,13.05,2.21,False
BGW-11,7,53,4.98,100,52.26,36.39,13.39,2.418,False
BGW-11,7,54,4.98,100,49.0,34.81,13.32,2.253,False
BGW-11,7,55,4.98,100,47.82,34.21,12.71,2.564,False
BGW-11,7,56,4.98,100,50.64,35.81,13.07,2.398,False
BGW-11,7,57,4.98,100,51.16,34.93,13.29,2.323,False
BGW-11,7,58,4.98,100,48.3,36.09,13.4,2.236,False
BGW-11,7,59,4.98,100,50.5,35.62,13.58,2.341,False
BGW-11,7,60,4.98,100,50.87,33.08,12.61,2.34,False
BGW-11,7,61,4.98,100,50.8,32.46,12.25,2.374,False
BGW-11,7,62,4.98,100,50.85,35.02,13.75,2.42,False
BGW-11,7,63,4.98,100,51.05,37.21,14.56,2.374,False
BGW-11,7,64,4.98,100,47.54,33.99,13.05,2.59,False
BGW-11,7,65,4.98,100,49.68,35.43,14.04,2.528,False
BGW-11,7,66,4.98,100,50.21,34.83,13.48,2.271,False
BGW-11,7,67,4.98,100,49.53,35.34,12.83,2.272,False
BGW-11,7,68,4.98,100,49.22,36.38,14.03,2.411,False
BGW-11,7,69,4.98,100,48.39,37.23,14.32,2.454,False
BGW-11,7,70,4.98,100,48.94,37.44,14.35,2.478,False
BGW-11,7,71,4.98,100,49.92,34.52,13.58,2.321,False
BGW-11,7,72,4.98,100,51.47,36.65,13.4,2.266,False
BGW-11,7,73,4.98,100,48.82,37.46,14.53,2.413,False
BGW-11,7,74,4.98,100,50.63,35.92,13.88,2.441,False
BGW-11,7,75,4.98,100,49.45,35.33,13.8,2.39,False
BGW-11,7,76,4.98,100,48.42,33.46,12.97,2.264,False
BGW-11,7,77,4.98,100,52.1,35.24,13.74,2.266,False
BGW-11,7,78,4.98,100,51.72,34.62,13.71,2.292,False
BGW-11,7,79,4.98,100,47.47,35.26,13.86,2.303,False
BGW-11,7,80,4.98,100,49.34,34.78,13.04,2.406,False
BGW-11,7,81,4.98,100,50.17,34.6,13.36,2.19,False
BGW-11,7,82,4.98,100,48.35,36.33,13.92,2.283,False
BGW-11,7,83,4.98,100,50.12,34.41,13.27,2.415,False
BGW-11,7,84,4.98,100,48.83,36.28,13.92,2.324,False
BGW-11,7,85,4.98,100,50.27,34.12,12.57,2.373,False
BGW-11,7,86,4.98,100,50.71,36.96,13.43,2.266,False
BGW-11,7,87,4.98,100,47.62,38.71,14.78,2.418,False
BGW-11,7,88,4.98,100,48.06,35.41,14.05,2.62,False
BGW-11,7,89,4.98,100,49.47,35.26,13.84,2.367,False
BGW-11,8,0,5.89,100,60.35,29.29,10.97,0.157,False
BGW-11,8,1,5.89,100,56.07,27.76,10.15,0.145,False
BGW-11,8,2,5.89,100,56.94,28.29,10.96,0.257,False
BGW-11,8,3,5.89,100,56.2,27.92,10.26,0.326,False
BGW-11,8,4,5.89,100,60.03,30.19,11.91,0.04,False
BGW-11,8,5,5.89,100,60.07,27.34,10.74,0.165,False
BGW-11,8,6,5.89,100,56.17,30.67,12.09,0.026,False
BGW-11,8,7,5.89,100,57.47,29.45,11.51,0.101,False
BGW-11,8,8,5.89,100,60.6,30.6,12.15,0.202,False
BGW-11,8,9,5.89,100,56.04,28.02,10.33,0.001,False
BGW-11,8,10,5.89,100,58.21,31.04,12.38,0.056,False
BGW-11,8,11,5.89,100,58.26,27.76,10.03,0.095,False
BGW-11,8,12,5.89,100,56.51,29.58,11.33,0.026,False
BGW-11,8,13,5.89,100,56.21,28.46,10.41,0.197,False
BGW-11,8,14,5.89,100,60.01,27.38,10.65,0.313,False
BGW-11,8,15,5.89,100,60.96,30.81,11.19,0.21,False
BGW-11,8,16,5.89,100,61.57,30.62,11.92,0.29,False
BGW-11,8,17,5.89,100,59.63,28.22,11.17,0.322,False
BGW-11,8,18,5.89,100,56.18,30.21,11.84,0.06,False
BGW-11,8,19,5.89,100,56.32,31.82,12.21,0.278,False
BGW-11,8,20,5.89,100,56.29,34.2,13.55,0.201,False
BGW-11,8,21,5.89,100,57.32,34.98,13.8,0.144,False
BGW-11,8,22,5.89,100,59.88,29.82,11.89,0.35,False
BGW-11,8,23,5.89,100,61.58,32.06,12.7,0.106,False
BGW-11,8,24,5.89,100,61.82,34.79,13.76,0.148,False
BGW-11,8,25,5.89,100,57.23,34.63,12.9,0.127,False
BGW-11,8,26,5.89,100,58.65,31.7,11.6,0.257,False
BGW-11,8,27,5.89,100,57.78,36.95,14.04,0.234,False
BGW-11,8,28,5.89,100,59.57,35.3,12.92,0.026,False
BGW-11,8,29,5.89,100,61.59,31.22,12.35,0.232,False
BGW-11,8,30,5.89,100,58.21,37.23,13.6,0.078,False
BGW-11,8,31,5.89,100,60.79,35.93,13.26,0.109,False
BGW-11,8,32,5.89,100,57.89,35.39,13.95,0.128,False
BGW-11,8,33,5.89,100,58.05,36.45,14.23,0.143,False
BGW-11,8,34,5.89,100,61.62,34.44,13.58,0.122,False
BGW-11,8,35,5.89,100,57.92,36.4,13.77,0.168,False
BGW-11,8,36,5.89,100,58.5,36.27,13.72,0.06,False
BGW-11,8,37,5.89,100,61.72,34.46,13.03,0.257,False
BGW-11,8,38,5.89,100,58.62,38.64,14.83,0.086,False
BGW-11,8,39,5.89,100,57.6,37.27,14.68,0.249,False
BGW-11,8,40,5.89,100,56.16,41.9,15.66,0.0,False
BGW-11,8,41,5.89,100,59.43,37.39,14.24,0.119,False
BGW-11,8,42,5.89,100,58.51,38.53,14.38,0.308,False
BGW-11,8,43,5.89,100,57.15,37.86,13.98,0.228,False
BGW-11,8,44,5.89,100,56.55,36.93,14.62,0.124,False
BGW-11,8,45,5.89,100,56.18,39.65,14.85,0.253,False
BGW-11,8,46,5.89,100,60.34,40.1,14.53,0.037,False
BGW-11,8,47,5.89,100,61.47,34.47,13.09,2.345,False
BGW-11,8,48,5.89,100,56.43,32.88,12.14,2.071,False
BGW-11,8,49,5.89,100,57.47,34.22,13.09,2.452,False
BGW-11,8,50,5.89,100,60.74,35.07,13.36,2.38,False
BGW-11,8,51,5.89,100,60.54,32.42,11.99,2.139,False
BGW-11,8,52,5.89,100,57.6,34.1,12.73,2.366,False
BGW-11,8,53,4.69,100,48.03,34.42,12.56,2.574,False
BGW-11,8,54,4.69,100,45.45,34.5,12.58,2.342,False
BGW-11,8,55,4.69,100,46.28,33.73,12.85,2.389,False
BGW-11,8,56,4.69,100,48.26,34.89,12.68,2.551,False
BGW-11,8,57,4.69,100,45.84,40.27,14.59,0.187,True
BGW-11,8,58,4.69,100,46.86,35.36,13.92,2.48,False
BGW-11,8,59,4.69,100,45.09,34.97,13.03,2.172,False
BGW-11,8,60,4.69,100,46.39,32.92,12.44,2.305,False
BGW-11,8,61,4.69,100,48.72,34.09,12.35,2.467,False
BGW-11,8,62,4.69,100,46.72,33.24,13.24,2.193,False
BGW-11,8,63,4.69,100,47.0,35.2,14.0,2.421,False
BGW-11,8,64,4.69,100,49.0,35.47,14.03,2.315,False
BGW-11,8,65,4.69,100,46.06,35.34,13.88,2.486,False
BGW-11,8,66,4.69,100,46.13,33.84,13.04,2.559,False
BGW-11,8,67,4.69,100,47.6,34.09,12.72,2.127,False
BGW-11,8,68,4.69,100,48.26,34.72,13.02,2.348,False
BGW-11,8,69,4.69,100,44.55,35.59,13.98,2.44,False
BGW-11,8,70,4.69,100,48.44,35.44,13.67,2.394,False
BGW-11,8,71,4.69,100,46.63,33.81,12.54,2.331,False
BGW-11,8,72,4.69,100,47.36,35.2,13.64,2.23,False
BGW-11,8,73,4.69,100,46.88,33.68,12.84,2.228,False
BGW-11,8,74,4.69,100,46.86,33.39,12.23,2.508,False
BGW-11,8,75,4.69,100,46.93,33.07,12.41,2.342,False
BGW-11,8,76,4.69,100,47.53,33.3,13.23,2.479,False
BGW-11,8,77,4.69,100,48.81,32.82,12.74,2.302,False
BGW-11,8,78,4.69,100,45.44,35.27,13.19,2.461,False
BGW-11,8,79,4.69,100,44.92,36.27,13.93,2.287,False
BGW-11,8,80,4.69,100,48.65,35.62,14.09,2.38,False
BGW-11,8,81,4.69,100,45.58,34.19,13.56,2.332,False
BGW-11,8,82,4.69,100,49.21,35.53,13.89,2.308,False
BGW-11,8,83,4.69,100,45.1,35.04,13.63,2.251,False
BGW-11,8,84,4.69,100,48.54,35.99,14.04,2.342,False
BGW-11,8,85,4.69,100,47.22,36.73,13.38,2.367,False
BGW-11,8,86,4.69,100,48.09,35.66,13.62,2.303,False
BGW-11,8,87,4.69,100,48.12,37.75,14.06,2.303,False
BGW-11,8,88,4.69,100,49.13,39.15,14.86,2.29,False
BGW-11,8,89,4.69,100,44.65,37.03,13.38,2.429,False
BGW-11,9,0,3.77,100,37.52,29.72,11.13,0.243,False
BGW-11,9,1,3.77,100,36.98,27.78,10.07,0.266,False
BGW-11,9,2,3.77,100,38.9,27.39,10.63,0.033,False
BGW-11,9,3,3.77,100,36.62,30.42,11.63,0.056,False
BGW-11,9,4,3.77,100,39.04,26.35,10.43,0.122,False
BGW-11,9,5,3.77,100,38.54,26.06,10.08,0.335,False
BGW-11,9,6,3.77,100,38.26,28.58,10.6,0.15,False
BGW-11,9,7,3.77,100,38.15,26.0,9.63,0.124,False
BGW-11,9,8,3.77,100,37.81,29.04,10.82,0.093,False
BGW-11,9,9,3.77,100,35.84,29.15,11.08,0.185,False
BGW-11,9,10,3.77,100,36.15,26.43,9.98,0.015,False
BGW-11,9,11,3.77,100,36.55,29.78,10.79,0.103,False
BGW-11,9,12,3.77,100,39.49,26.82,9.73,0.191,False
BGW-11,9,13,3.77,100,38.28,29.8,11.55,0.194,False
BGW-11,9,14,3.77,100,36.57,28.12,10.8,0.054,False
BGW-11,9,15,3.77,100,37.47,28.06,10.26,0.151,False
BGW-11,9,16,3.77,100,39.38,29.33,11.6,0.161,False
BGW-11,9,17,3.77,100,38.27,30.71,12.02,0.188,False
BGW-11,9,18,3.77,100,36.6,27.2,10.61,0.031,False
BGW-11,9,19,3.77,100,37.89,29.45,11.3,0.084,False
BGW-11,9,20,3.77,100,36.72,28.76,10.61,0.314,False
BGW-11,9,21,3.77,100,36.34,27.54,10.94,0.176,False
BGW-11,9,22,3.77,100,38.15,29.48,11.49,0.096,False
BGW-11,9,23,3.77,100,38.98,30.77,12.1,0.23,False
BGW-11,9,24,3.77,100,36.93,31.75,12.38,0.086,False
BGW-11,9,25,3.77,100,37.14,31.89,11.58,0.202,False
BGW-11,9,26,3.77,100,37.9,28.58,10.52,0.206,False
BGW-11,9,27,3.77,100,38.61,32.91,12.56,0.111,False
BGW-11,9,28,3.77,100,38.96,32.2,11.7,0.103,False
BGW-11,9,29,3.77,100,36.21,32.8,12.71,0.215,False
BGW-11,9,30,3.77,100,39.18,32.17,11.66,0.07,False
BGW-11,9,31,3.77,100,36.09,30.27,11.52,0.0,False
BGW-11,9,32,3.77,100,39.48,32.33,12.07,0.023,False
BGW-11,9,33,3.77,100,36.86,33.47,13.01,0.369,False
BGW-11,9,34,3.77,100,37.89,32.57,12.05,0.192,False
BGW-11,9,35,3.77,100,37.38,35.16,13.65,0.33,False
BGW-11,9,36,3.77,100,35.94,32.47,12.6,0.272,False
BGW-11,9,37,3.77,100,36.11,32.52,11.85,0.192,False
BGW-11,9,38,3.77,100,38.6,36.88,13.95,0.12,False
BGW-11,9,39,3.77,100,37.97,34.29,12.85,0.156,False
BGW-11,9,40,3.77,100,36.65,35.15,12.69,0.183,False
BGW-11,9,41,3.77,100,38.12,34.83,13.19,0.104,False
BGW-11,9,42,3.77,100,37.53,34.67,13.38,0.139,False
BGW-11,9,43,3.77,100,38.45,35.17,13.58,0.004,False
BGW-11,9,44,3.77,100,36.37,36.27,14.1,0.051,False
BGW-11,9,45,3.77,100,37.03,35.68,13.87,0.187,False
BGW-11,9,46,3.77,100,36.08,36.8,13.4,0.213,False
BGW-11,9,47,3.77,100,36.9,36.09,14.27,0.0,False
BGW-11,9,48,3.77,100,38.51,34.8,12.68,0.33,False
BGW-11,9,49,3.77,100,38.92,34.84,13.66,0.205,False
BGW-11,9,50,3.77,100,37.17,37.41,13.96,0.173,False
BGW-11,9,51,3.77,100,39.36,37.29,14.8,0.205,False
BGW-11,9,52,3.77,100,37.53,38.99,15.23,0.059,False
BGW-11,9,53,3.77,100,37.13,34.61,13.31,0.127,False
BGW-11,9,54,3.77,100,37.79,35.53,12.95,0.059,False
BGW-11,9,55,3.77,100,38.7,34.47,12.95,0.296,False
BGW-11,9,56,3.77,100,38.3,37.03,14.57,0.178,False
BGW-11,9,57,3.77,100,39.36,35.89,13.19,0.283,False
BGW-11,9,58,3.77,100,39.43,35.96,13.79,0.221,False
BGW-11,9,59,3.77,100,38.07,39.48,15.25,0.24,False
BGW-11,9,60,3.77,100,36.43,37.36,14.43,0.174,False
BGW-11,9,61,3.77,100,36.36,35.93,13.96,0.138,False
BGW-11,9,62,3.77,100,37.11,38.68,15.26,0.266,False
BGW-11,9,63,3.77,100,35.98,39.54,14.66,0.068,False
BGW-11,9,64,3.77,100,36.41,32.27,11.9,2.377,False
BGW-11,9,65,3.77,100,36.98,37.35,14.24,0.085,False
BGW-11,9,66,3.77,100,37.26,34.57,13.56,2.299,False
BGW-11,9,67,3.77,100,38.04,32.66,12.23,2.379,False
BGW-11,9,68,3.77,100,39.11,37.28,14.31,0.122,False
BGW-11,9,69,3.77,100,38.43,33.28,12.53,2.263,False
BGW-11,9,70,3.77,100,36.05,32.97,11.91,2.411,False
BGW-11,9,71,3.77,100,38.21,40.24,14.64,0.0,False
BGW-11,9,72,3.77,100,37.65,36.0,13.98,2.274,False
BGW-11,9,73,3.77,100,36.11,32.99,12.52,2.399,False
BGW-11,9,74,3.77,100,37.57,33.43,12.83,2.288,False
BGW-11,9,75,3.77,100,37.86,35.15,13.26,2.388,False
BGW-11,9,76,3.77,100,37.06,34.11,12.8,2.326,False
BGW-11,9,77,2.52,100,25.35,34.9,12.95,2.401,False
BGW-11,9,78,2.52,100,24.81,34.36,12.46,2.512,False
BGW-11,9,79,2.52,100,25.94,36.14,13.73,2.385,False
BGW-11,9,80,2.52,100,24.87,33.15,12.57,2.421,False
BGW-11,9,81,2.52,100,26.39,35.71,13.52,2.274,False
BGW-11,9,82,2.52,100,25.21,34.24,13.25,2.246,False
BGW-11,9,83,2.52,100,24.36,34.09,12.89,2.23,False
BGW-11,9,84,2.52,100,26.14,36.61,13.79,2.331,False
BGW-11,9,85,2.52,100,26.35,35.21,12.84,2.43,False
BGW-11,9,86,2.52,100,25.26,36.17,13.37,2.362,False
BGW-11,9,87,2.52,100,25.98,35.5,13.99,2.247,False
BGW-11,9,88,2.52,100,24.84,34.78,13.71,2.306,False
BGW-11,9,89,2.52,100,25.32,34.54,12.92,2.465,False
BGW-12,1,0,6.03,86,61.19,28.24,10.25,0.147,False
BGW-12,1,1,6.03,86,58.82,26.4,9.96,0.016,False
BGW-12,1,2,6.03,86,57.45,27.83,10.16,0.136,False
BGW-12,1,3,6.03,86,60.38,25.41,9.19,0.114,False
BGW-12,1,4,6.03,86,61.03,28.14,10.71,0.089,False
BGW-12,1,5,6.03,86,61.46,27.95,11.07,0.13,False
BGW-12,1,6,6.03,86,57.44,27.6,10.7,0.204,False
BGW-12,1,7,6.03,86,61.33,28.95,10.98,0.028,False
BGW-12,1,8,6.03,86,57.85,27.16,10.58,0.261,False
BGW-12,1,9,6.03,86,60.69,29.27,10.71,0.148,False
BGW-12,1,10,6.03,86,58.94,28.23,11.12,0.037,False
BGW-12,1,11,6.03,86,60.52,30.05,11.52,0.048,False
BGW-12,1,12,6.03,86,61.36,29.79,11.47,0.101,False
BGW-12,1,13,6.03,86,62.01,27.58,10.15,0.106,False
BGW-12,1,14,6.03,86,58.48,29.66,11.5,0.165,False
BGW-12,1,15,6.03,86,63.02,28.77,10.7,0.0,False
BGW-12,1,16,6.03,86,59.54,29.02,11.09,0.069,False
BGW-12,1,17,6.03,86,58.12,28.27,10.71,0.173,False
BGW-12,1,18,6.03,86,60.99,30.29,12.05,0.163,False
BGW-12,1,19,6.03,86,60.54,28.09,10.18,0.273,False
BGW-12,1,20,6.03,86,60.84,29.74,10.79,0.191,False
BGW-12,1,21,6.03,86,61.98,30.44,11.45,0.0,False
BGW-12,1,22,6.03,86,59.75,28.26,10.42,0.319,False
BGW-12,1,23,6.03,86,63.18,30.98,11.44,0.0,False
BGW-12,1,24,6.03,86,62.46,31.75,11.88,0.219,False
BGW-12,1,25,6.03,86,59.34,34.16,12.8,0.234,False
BGW-12,1,26,6.03,86,60.36,30.48,11.64,0.059,False
BGW-12,1,27,6.03,86,58.37,30.88,12.08,0.255,False
BGW-12,1,28,6.03,86,59.02,31.33,11.61,0.173,False
BGW-12,1,29,6.03,86,62.21,32.53,12.97,0.114,False
BGW-12,1,30,6.03,86,58.54,31.61,12.07,0.123,False
BGW-12,1,31,6.03,86,62.78,33.49,12.39,0.153,False
BGW-12,1,32,6.03,86,59.07,31.2,12.27,0.018,False
BGW-12,1,33,6.03,86,63.26,31.69,12.36,0.09,False
BGW-12,1,34,6.03,86,61.55,35.34,13.88,0.137,False
BGW-12,1,35,6.03,86,57.73,32.55,12.1,0.178,False
BGW-12,1,36,6.03,86,57.61,31.58,12.59,0.41,False
BGW-12,1,37,6.03,86,62.62,33.61,13.05,0.169,False
BGW-12,1,38,6.03,86,58.62,31.88,12.25,0.021,False
BGW-12,1,39,6.03,86,62.9,35.64,13.23,0.124,False
BGW-12,1,40,6.03,86,59.32,33.3,12.35,0.323,False
BGW-12,1,41,6.03,86,62.49,34.99,13.31,0.29,False
BGW-12,1,42,6.03,86,62.7,33.73,12.49,0.223,False
BGW-12,1,43,6.03,86,59.36,33.89,12.49,0.229,False
BGW-12,1,44,6.03,86,62.88,34.17,12.61,0.081,False
BGW-12,1,45,6.03,86,59.21,35.0,13.18,0.309,False
BGW-12,1,46,6.03,86,59.25,35.52,13.34,0.151,False
BGW-12,1,47,6.03,86,62.26,36.21,13.16,0.0,False
BGW-12,1,48,6.03,86,58.06,39.09,14.89,0.02,False
BGW-12,1,49,6.03,86,57.94,35.97,13.65,0.16,False
BGW-12,1,50,6.03,86,57.75,35.55,14.08,0.159,False
BGW-12,1,51,6.03,86,61.05,37.06,13.59,0.078,False
BGW-12,1,52,6.03,86,59.59,34.79,13.82,0.0,False
BGW-12,1,53,6.03,86,61.33,37.86,13.95,0.173,False
BGW-12,1,54,6.03,86,61.43,36.44,14.39,0.0,False
BGW-12,1,55,6.03,86,60.37,38.05,14.57,0.185,False
BGW-12,1,56,6.03,86,61.74,36.83,13.77,0.171,False
BGW-12,1,57,6.03,86,60.66,40.17,14.77,0.207,False
BGW-12,1,58,6.03,86,59.86,36.8,14.3,0.223,False
BGW-12,1,59,6.03,86,59.22,37.74,14.41,0.0,False
BGW-12,1,60,6.03,86,62.34,39.63,15.6,0.047,False
BGW-12,1,61,6.03,86,61.88,38.91,14.31,0.053,False
BGW-12,1,62,6.03,86,59.77,40.0,14.74,0.101,False
BGW-12,1,63,6.03,86,57.33,39.6,14.66,0.156,False
BGW-12,1,64,6.03,86,61.18,40.9,15.59,0.04,False
BGW-12,1,65,6.03,86,58.98,38.39,14.69,0.176,False
BGW-12,1,66,6.03,86,61.78,37.49,14.91,0.282,False
BGW-12,1,67,6.03,86,62.84,41.26,15.87,0.293,False
BGW-12,1,68,6.03,86,61.06,40.26,15.79,0.095,False
BGW-12,1,69,6.03,86,61.23,41.62,15.71,0.073,False
BGW-12,1,70,6.03,86,58.0,37.69,14.32,0.184,False
BGW-12,1,71,6.03,86,62.17,38.38,14.98,0.109,False
BGW-12,1,72,6.03,86,63.29,39.99,15.77,0.091,False
BGW-12,1,73,6.03,86,57.52,42.21,15.69,0.206,False
BGW-12,1,74,6.03,86,59.4,41.32,15.59,0.155,False
BGW-12,1,75,6.03,86,60.5,42.38,16.6,0.27,False
BGW-12,1,76,6.03,86,62.17,43.44,16.47,0.186,False
BGW-12,1,77,6.03,86,61.77,33.63,12.47,2.343,False
BGW-12,1,78,6.03,86,58.52,41.74,15.62,0.184,False
BGW-12,1,79,6.03,86,62.94,34.35,12.85,2.348,False
BGW-12,1,80,6.03,86,58.89,41.48,16.31,0.108,False
BGW-12,1,81,6.03,86,58.09,34.52,13.06,2.507,False
BGW-12,1,82,6.03,86,62.18,38.34,13.99,0.146,False
BGW-12,1,83,6.03,86,57.58,35.85,14.01,2.103,False
BGW-12,1,84,6.03,86,61.86,34.81,13.63,2.367,False
BGW-12,1,85,6.03,86,61.22,34.26,12.41,2.21,False
BGW-12,1,86,6.03,86,61.35,34.48,13.01,2.43,False
BGW-12,1,87,6.03,86,59.22,34.62,13.58,2.442,False
BGW-12,1,88,4.54,86,43.53,33.73,12.44,2.303,False
BGW-12,1,89,4.54,86,43.88,39.41,15.22,0.0,True
BGW-12,2,0,6.42,144,62.37,26.98,10.6,0.186,False
BGW-12,2,1,6.42,144,63.07,29.96,11.43,0.038,False
BGW-12,2,2,6.42,144,65.37,25.7,9.58,0.095,False
BGW-12,2,3,6.42,144,62.0,27.19,10.16,0.0,False
BGW-12,2,4,6.42,144,63.59,29.6,10.84,0.109,False
BGW-12,2,5,6.42,144,67.08,28.67,11.38,0.241,False
BGW-12,2,6,6.42,144,65.0,28.49,11.1,0.143,False
BGW-12,2,7,6.42,144,65.37,28.95,10.94,0.168,False
BGW-12,2,8,6.42,144,62.26,30.34,11.1,0.151,False
BGW-12,2,9,6.42,144,63.49,25.71,9.61,0.114,False
BGW-12,2,10,6.42,144,61.79,27.35,9.91,0.146,False
BGW-12,2,11,6.42,144,61.99,29.01,10.65,0.144,False
BGW-12,2,12,6.42,144,61.61,29.38,10.63,0.254,False
BGW-12,2,13,6.42,144,62.07,28.63,10.85,0.041,False
BGW-12,2,14,6.42,144,67.28,28.64,10.35,0.369,False
BGW-12,2,15,6.42,144,63.28,30.11,11.99,0.111,False
BGW-12,2,16,6.42,144,64.78,29.75,10.75,0.0,False
BGW-12,2,17,6.42,144,65.82,32.04,12.67,0.195,False
BGW-12,2,18,6.42,144,63.32,29.65,11.62,0.137,False
BGW-12,2,19,6.42,144,63.14,28.99,10.78,0.215,False
BGW-12,2,20,6.42,144,64.99,31.53,12.54,0.304,False
BGW-12,2,21,6.42,144,64.22,29.9,11.17,0.161,False
BGW-12,2,22,6.42,144,65.61,30.62,12.1,0.252,False
BGW-12,2,23,6.42,144,61.99,33.43,12.37,0.167,False
BGW-12,2,24,6.42,144,65.49,32.75,12.78,0.358,False
BGW-12,2,25,6.42,144,67.11,31.77,12.04,0.2,False
BGW-12,2,26,6.42,144,61.74,30.7,11.19,0.189,False
BGW-12,2,27,6.42,144,62.94,31.12,11.94,0.209,False
BGW-12,2,28,6.42,144,64.78,33.96,12.58,0.148,False
BGW-12,2,29,6.42,144,61.12,30.04,11.33,0.023,False
BGW-12,2,30,6.42,144,64.07,32.95,12.47,0.116,False
BGW-12,2,31,6.42,144,61.5,34.09,13.48,0.115,False
BGW-12,2,32,6.42,144,67.14,32.24,12.31,0.06,False
BGW-12,2,33,6.42,144,63.09,31.07,12.08,0.072,False
BGW-12,2,34,6.42,144,64.43,32.24,12.33,0.175,False
BGW-12,2,35,6.42,144,65.99,30.66,11.09,0.057,False
BGW-12,2,36,6.42,144,66.09,34.29,12.98,0.015,False
BGW-12,2,37,6.42,144,63.77,30.38,11.85,0.21,False
BGW-12,2,38,6.42,144,61.84,34.61,12.83,0.07,False
BGW-12,2,39,6.42,144,61.59,37.31,14.3,0.138,False
BGW-12,2,40,6.42,144,66.72,34.95,13.41,0.293,False
BGW-12,2,41,6.42,144,61.53,33.76,13.28,0.215,False
BGW-12,2,42,6.42,144,65.89,36.95,14.23,0.0,False
BGW-12,2,43,6.42,144,64.59,37.07,13.71,0.106,False
BGW-12,2,44,6.42,144,64.46,37.27,14.28,0.26,False
BGW-12,2,45,6.42,144,65.75,34.85,13.18,0.104,False
BGW-12,2,46,6.42,144,66.87,36.62,13.47,0.24,False
BGW-12,2,47,6.42,144,65.5,38.75,14.87,0.183,False
BGW-12,2,48,6.42,144,63.43,37.07,14.04,0.108,False
BGW-12,2,49,6.42,144,63.21,36.1,13.36,0.184,False
BGW-12,2,50,6.42,144,66.48,35.78,14.11,0.0,False
BGW-12,2,51,6.42,144,64.09,39.12,14.36,0.12,False
BGW-12,2,52,6.42,144,64.28,38.36,13.91,0.15,False
BGW-12,2,53,6.42,144,64.97,35.58,13.43,0.192,False
BGW-12,2,54,6.42,144,61.74,38.66,14.07,0.132,False
BGW-12,2,55,6.42,144,63.9,37.32,13.5,0.322,False
BGW-12,2,56,6.42,144,63.87,37.59,14.02,0.087,False
BGW-12,2,57,6.42,144,65.02,38.99,14.2,0.144,False
BGW-12,2,58,6.42,144,62.78,38.09,14.04,0.268,False
BGW-12,2,59,6.42,144,61.62,38.62,14.8,0.167,False
BGW-12,2,60,6.42,144,66.2,40.65,14.94,0.0,False
BGW-12,2,61,6.42,144,65.36,39.72,14.81,0.037,False
BGW-12,2,62,6.42,144,66.6,40.62,15.06,0.161,False
BGW-12,2,63,6.42,144,65.95,38.47,15.33,0.218,False
BGW-12,2,64,6.42,144,61.8,37.84,15.06,0.114,False
BGW-12,2,65,6.42,144,67.03,39.32,14.96,0.143,False
BGW-12,2,66,6.42,144,61.57,39.07,15.5,0.279,False
BGW-12,2,67,6.42,144,65.0,36.47,14.27,0.286,False
BGW-12,2,68,6.42,144,62.76,37.83,15.03,0.128,False
BGW-12,2,69,6.42,144,62.92,37.94,14.52,0.122,False
BGW-12,2,70,6.42,144,61.62,37.57,14.01,0.077,False
BGW-12,2,71,6.42,144,64.9,40.03,15.64,0.216,False
BGW-12,2,72,6.42,144,64.18,39.79,15.47,0.239,False
BGW-12,2,73,6.42,144,62.57,31.7,11.66,2.394,False
BGW-12,2,74,6.42,144,67.23,41.62,16.35,0.11,False
BGW-12,2,75,6.42,144,66.38,39.41,14.95,0.121,False
BGW-12,2,76,6.42,144,67.07,34.47,13.44,2.345,False
BGW-12,2,77,6.42,144,64.01,43.19,16.92,0.176,False
BGW-12,2,78,6.42,144,62.6,39.94,15.71,0.303,False
BGW-12,2,79,6.42,144,64.93,43.01,16.22,0.178,False
BGW-12,2,80,6.42,144,64.94,36.13,13.92,2.265,False
BGW-12,2,81,6.42,144,66.73,35.4,12.78,2.274,False
BGW-12,2,82,6.42,144,67.23,32.74,12.62,2.341,False
BGW-12,2,83,6.42,144,62.43,39.18,15.5,0.178,False
BGW-12,2,84,6.42,144,63.23,34.9,12.83,2.371,False
BGW-12,2,85,6.42,144,65.87,35.43,13.41,2.322,False
BGW-12,2,86,6.42,144,66.78,42.22,15.93,0.308,False
BGW-12,2,87,6.42,144,61.6,37.11,13.6,2.457,False
BGW-12,2,88,6.42,144,66.55,38.66,15.39,2.193,False
BGW-12,2,89,6.42,144,61.58,38.88,15.34,0.158,False
BGW-12,3,0,6.11,100,62.07,28.88,11.09,0.062,False
BGW-12,3,1,6.11,100,60.33,29.94,11.52,0.129,False
BGW-12,3,2,6.11,100,62.7,26.4,10.51,0.0,False
BGW-12,3,3,6.11,100,60.33,28.2,10.45,0.176,False
BGW-12,3,4,6.11,100,61.18,25.91,9.86,0.244,False
BGW-12,3,5,6.11,100,63.06,27.65,10.59,0.15,False
BGW-12,3,6,6.11,100,60.2,28.41,10.97,0.0,False
BGW-12,3,7,6.11,100,62.11,30.97,11.31,0.004,False
BGW-12,3,8,6.11,100,62.78,28.22,10.53,0.24,False
BGW-12,3,9,6.11,100,61.22,30.76,11.39,0.29,False
BGW-12,3,10,6.11,100,59.3,28.98,10.76,0.197,False
BGW-12,3,11,6.11,100,63.2,26.87,9.8,0.168,False
BGW-12,3,12,6.11,100,58.99,26.94,9.97,0.277,False
BGW-12,3,13,6.11,100,60.64,29.19,11.45,0.122,False
BGW-12,3,14,6.11,100,63.05,28.29,11.25,0.109,False
BGW-12,3,15,6.11,100,60.33,31.79,12.43,0.301,False
BGW-12,3,16,6.11,100,59.45,31.82,11.83,0.031,False
BGW-12,3,17,6.11,100,61.86,31.12,11.36,0.221,False
BGW-12,3,18,6.11,100,64.08,31.34,12.34,0.076,False
BGW-12,3,19,6.11,100,61.08,30.24,11.6,0.133,False
BGW-12,3,20,6.11,100,61.93,31.17,12.43,0.245,False
BGW-12,3,21,6.11,100,62.24,34.02,12.36,0.21,False
BGW-12,3,22,6.11,100,61.6,31.11,11.78,0.116,False
BGW-12,3,23,6.11,100,63.22,32.27,12.35,0.0,False
BGW-12,3,24,6.11,100,62.58,34.71,13.36,0.197,False
BGW-12,3,25,6.11,100,63.53,35.36,13.35,0.058,False
BGW-12,3,26,6.11,100,60.55,35.45,13.12,0.094,False
BGW-12,3,27,6.11,100,58.23,35.29,14.06,0.143,False
BGW-12,3,28,6.11,100,58.98,34.8,13.82,0.0,False
BGW-12,3,29,6.11,100,59.03,33.1,12.57,0.257,False
BGW-12,3,30,6.11,100,58.48,36.82,14.69,0.147,False
BGW-12,3,31,6.11,100,61.99,37.69,14.9,0.14,False
BGW-12,3,32,6.11,100,60.45,38.1,14.5,0.289,False
BGW-12,3,33,6.11,100,62.95,41.03,14.83,0.25,False
BGW-12,3,34,6.11,100,62.89,40.96,16.15,0.063,False
BGW-12,3,35,6.11,100,59.98,38.4,14.34,0.054,False
BGW-12,3,36,6.11,100,62.6,36.7,14.56,0.131,False
BGW-12,3,37,6.11,100,60.83,38.11,14.22,0.143,False
BGW-12,3,38,6.11,100,63.23,39.51,15.31,0.175,False
BGW-12,3,39,6.11,100,64.04,40.33,15.62,0.211,False
BGW-12,3,40,6.11,100,61.89,36.99,13.88,0.11,False
BGW-12,3,41,6.11,100,59.03,40.88,15.54,0.145,False
BGW-12,3,42,6.11,100,61.15,38.55,14.46,0.215,False
BGW-12,3,43,6.11,100,61.6,39.03,14.21,0.087,False
BGW-12,3,44,6.11,100,60.72,36.6,13.77,0.161,False
BGW-12,3,45,6.11,100,59.56,38.97,15.43,0.156,False
BGW-12,3,46,6.11,100,60.85,43.34,15.84,0.027,False
BGW-12,3,47,6.11,100,60.1,38.98,14.48,0.024,False
BGW-12,3,48,6.11,100,61.73,41.16,14.94,0.067,False
BGW-12,3,49,6.11,100,60.98,34.73,12.62,2.389,False
BGW-12,3,50,6.11,100,61.51,35.42,13.08,2.224,False
BGW-12,3,51,6.11,100,63.5,40.43,15.84,0.219,False
BGW-12,3,52,6.11,100,63.01,41.72,15.89,0.154,False
BGW-12,3,53,6.11,100,62.95,41.03,16.25,0.009,False
BGW-12,3,54,6.11,100,63.06,36.4,13.35,2.367,False
BGW-12,3,55,6.11,100,63.56,35.06,13.36,2.331,False
BGW-12,3,56,6.11,100,61.76,35.54,13.53,2.395,False
BGW-12,3,57,6.11,100,64.04,35.4,12.91,2.437,False
BGW-12,3,58,6.11,100,62.21,36.62,13.46,2.158,False
BGW-12,3,59,4.62,100,44.77,36.29,13.21,2.394,False
BGW-12,3,60,4.62,100,45.71,35.19,12.83,2.453,False
BGW-12,3,61,4.62,100,47.94,38.4,15.03,0.122,True
BGW-12,3,62,4.62,100,47.75,41.65,16.3,0.28,True
BGW-12,3,63,4.62,100,45.8,36.97,14.56,2.26,False
BGW-12,3,64,4.62,100,46.77,36.53,13.48,2.373,False
BGW-12,3,65,4.62,100,44.66,34.2,12.46,2.47,False
BGW-12,3,66,4.62,100,44.17,40.85,14.82,0.177,True
BGW-12,3,67,4.62,100,47.42,36.1,14.23,2.524,False
BGW-12,3,68,4.62,100,47.66,36.75,13.33,2.54,False
BGW-12,3,69,4.62,100,45.64,37.05,14.52,2.295,False
BGW-12,3,70,4.62,100,46.98,39.77,14.62,0.137,True
BGW-12,3,71,4.62,100,44.87,34.27,12.55,2.326,False
BGW-12,3,72,4.62,100,47.52,36.48,14.48,2.346,False
BGW-12,3,73,4.62,100,45.22,34.06,13.46,2.33,False
BGW-12,3,74,4.62,100,48.23,33.68,13.35,2.264,False
BGW-12,3,75,4.62,100,47.77,35.32,12.76,2.469,False
BGW-12,3,76,4.62,100,47.89,31.86,12.32,2.37,False
BGW-12,3,77,4.62,100,47.57,35.02,13.05,2.315,False
BGW-12,3,78,4.62,100,47.74,34.83,12.93,2.219,False
BGW-12,3,79,4.62,100,45.73,36.51,14.08,2.398,False
BGW-12,3,80,4.62,100,44.93,36.0,13.1,2.408,False
BGW-12,3,81,4.62,100,48.02,36.25,14.14,2.378,False
BGW-12,3,82,4.62,100,43.87,34.87,13.63,2.377,False
BGW-12,3,83,4.62,100,44.51,34.99,12.67,2.202,False
BGW-12,3,84,4.62,100,45.13,40.5,15.76,0.104,True
BGW-12,3,85,4.62,100,45.77,38.42,14.82,0.152,True
BGW-12,3,86,4.62,100,46.52,35.81,12.93,2.44,False
BGW-12,3,87,4.62,100,45.67,34.81,13.03,2.345,False
BGW-12,3,88,4.62,100,44.07,35.66,13.42,2.389,False
BGW-12,3,89,4.62,100,48.05,38.32,14.78,2.341,False
BGW-12,4,0,5.17,120,52.97,27.86,10.1,0.334,False
BGW-12,4,1,5.17,120,53.36,27.59,10.59,0.109,False
BGW-12,4,2,5.17,120,54.32,27.54,10.45,0.015,False
BGW-12,4,3,5.17,120,50.05,29.32,10.98,0.217,False
BGW-12,4,4,5.17,120,51.5,28.92,10.45,0.041,False
BGW-12,4,5,5.17,120,53.92,25.89,9.71,0.106,False
BGW-12,4,6,5.17,120,52.68,26.87,9.98,0.218,False
BGW-12,4,7,5.17,120,52.42,29.05,10.75,0.0,False
BGW-12,4,8,5.17,120,50.98,27.01,10.15,0.045,False
BGW-12,4,9,5.17,120,50.24,26.92,10.05,0.124,False
BGW-12,4,10,5.17,120,52.48,27.68,10.8,0.253,False
BGW-12,4,11,5.17,120,53.18,28.33,10.54,0.249,False
BGW-12,4,12,5.17,120,51.22,27.01,10.63,0.3,False
BGW-12,4,13,5.17,120,53.59,32.17,12.04,0.016,False
BGW-12,4,14,5.17,120,54.12,30.33,11.13,0.129,False
BGW-12,4,15,5.17,120,52.7,30.32,11.59,0.044,False
BGW-12,4,16,5.17,120,52.08,31.79,11.54,0.246,False
BGW-12,4,17,5.17,120,51.3,32.19,12.3,0.247,False
BGW-12,4,18,5.17,120,49.18,29.77,11.0,0.11,False
BGW-12,4,19,5.17,120,51.73,34.62,13.74,0.334,False
BGW-12,4,20,5.17,120,52.89,32.1,11.98,0.11,False
BGW-12,4,21,5.17,120,51.01,32.43,12.35,0.019,False
BGW-12,4,22,5.17,120,50.99,33.38,12.74,0.295,False
BGW-12,4,23,5.17,120,50.99,33.33,12.79,0.273,False
BGW-12,4,24,5.17,120,50.62,34.15,13.03,0.005,False
BGW-12,4,25,5.17,120,53.63,36.7,13.35,0.144,False
BGW-12,4,26,5.17,120,49.62,35.03,12.84,0.2,False
BGW-12,4,27,5.17,120,51.65,35.51,13.42,0.215,False
BGW-12,4,28,5.17,120,51.35,33.91,13.07,0.197,False
BGW-12,4,29,5.17,120,51.4,35.43,13.62,0.164,False
BGW-12,4,30,5.17,120,52.24,36.21,13.16,0.047,False
BGW-12,4,31,5.17,120,53.5,33.63,13.34,0.0,False
BGW-12,4,32,5.17,120,49.8,34.11,12.65,0.132,False
BGW-12,4,33,5.17,120,51.48,33.35,13.01,0.078,False
BGW-12,4,34,5.17,120,52.45,37.78,14.89,0.204,False
BGW-12,4,35,5.17,120,50.63,36.74,14.3,0.236,False
BGW-12,4,36,5.17,120,51.82,37.46,13.74,0.103,False
BGW-12,4,37,5.17,120,49.95,38.87,15.43,0.21,False
BGW-12,4,38,5.17,120,50.78,35.88,13.68,0.245,False
BGW-12,4,39,5.17,120,52.24,37.67,13.67,0.17,False
BGW-12,4,40,5.17,120,53.78,38.96,14.49,0.124,False
BGW-12,4,41,5.17,120,51.52,37.93,14.95,0.206,False
BGW-12,4,42,5.17,120,49.63,39.39,14.73,0.179,False
BGW-12,4,43,5.17,120,53.61,36.54,13.54,0.083,False
BGW-12,4,44,5.17,120,51.65,38.7,14.79,0.0,False
BGW-12,4,45,5.17,120,51.9,40.37,15.38,0.362,False
BGW-12,4,46,5.17,120,49.95,40.39,15.84,0.084,False
BGW-12,4,47,5.17,120,53.89,37.16,14.49,0.295,False
BGW-12,4,48,5.17,120,52.69,38.41,14.49,0.068,False
BGW-12,4,49,5.17,120,49.2,40.05,15.92,0.346,False
BGW-12,4,50,5.17,120,53.15,42.38,16.26,0.264,False
BGW-12,4,51,5.17,120,49.38,42.37,15.43,0.101,False
BGW-12,4,52,5.17,120,52.76,41.5,16.4,0.114,False
BGW-12,4,53,5.17,120,50.17,35.9,13.72,2.266,False
BGW-12,4,54,5.17,120,49.96,33.08,12.2,2.248,False
BGW-12,4,55,5.17,120,51.17,39.64,15.1,0.17,False
BGW-12,4,56,5.17,120,50.08,42.02,15.62,0.0,False
BGW-12,4,57,5.17,120,49.73,39.01,14.11,0.097,False
BGW-12,4,58,5.17,120,49.34,40.87,16.28,0.088,False
BGW-12,4,59,5.17,120,49.45,36.09,13.8,2.395,False
BGW-12,4,60,5.17,120,52.48,35.75,13.51,2.291,False
BGW-12,4,61,5.17,120,51.54,35.82,13.61,2.08,False
BGW-12,4,62,5.17,120,53.7,34.92,12.92,2.329,False
BGW-12,4,63,5.17,120,52.43,35.14,13.51,2.402,False
BGW-12,4,64,5.17,120,52.78,36.24,13.59,2.197,False
BGW-12,4,65,5.17,120,49.51,33.85,13.01,2.473,False
BGW-12,4,66,5.17,120,51.29,32.99,12.34,2.42,False
BGW-12,4,67,4.0,120,39.42,35.37,13.48,2.441,False
BGW-12,4,68,4.0,120,39.18,35.28,13.81,2.041,False
BGW-12,4,69,4.0,120,39.28,33.54,12.41,2.28,False
BGW-12,4,70,4.0,120,41.82,35.39,13.77,2.379,False
BGW-12,4,71,4.0,120,41.95,34.44,12.67,2.239,False
BGW-12,4,72,4.0,120,40.79,37.14,14.34,2.264,False
BGW-12,4,73,4.0,120,39.74,32.13,12.58,2.487,False
BGW-12,4,74,4.0,120,40.38,34.81,13.49,2.249,False
BGW-12,4,75,4.0,120,38.19,36.29,13.92,2.141,False
BGW-12,4,76,4.0,120,40.0,33.5,12.55,2.315,False
BGW-12,4,77,4.0,120,41.63,35.95,14.2,2.431,False
BGW-12,4,78,4.0,120,40.77,33.33,12.34,2.433,False
BGW-12,4,79,4.0,120,39.76,37.18,14.64,2.433,False
BGW-12,4,80,4.0,120,41.14,35.05,12.66,2.488,False
BGW-12,4,81,4.0,120,41.92,36.23,13.53,2.278,False
BGW-12,4,82,4.0,120,41.79,35.96,13.41,2.303,False
BGW-12,4,83,4.0,120,41.35,32.52,12.67,2.378,False
BGW-12,4,84,4.0,120,39.41,34.61,12.67,2.31,False
BGW-12,4,85,4.0,120,41.82,33.77,13.05,2.38,False
BGW-12,4,86,4.0,120,38.85,34.1,12.84,2.32,False
BGW-12,4,87,4.0,120,40.69,35.18,13.75,2.372,False
BGW-12,4,88,4.0,120,39.79,35.06,13.03,2.271,False
BGW-12,4,89,4.0,120,39.61,37.9,13.85,2.286,False
BGW-12,5,0,5.39,120,55.69,26.32,9.89,0.12,False
BGW-12,5,1,5.39,120,54.56,31.27,12.03,0.276,False
BGW-12,5,2,5.39,120,53.05,25.86,9.55,0.164,False
BGW-12,5,3,5.39,120,54.39,27.16,10.2,0.002,False
BGW-12,5,4,5.39,120,53.27,27.52,10.54,0.185,False
BGW-12,5,5,5.39,120,51.2,28.43,10.78,0.131,False
BGW-12,5,6,5.39,120,52.14,27.21,10.51,0.0,False
BGW-12,5,7,5.39,120,52.62,29.54,11.52,0.156,False
BGW-12,5,8,5.39,120,55.88,27.09,10.72,0.101,False
BGW-12,5,9,5.39,120,55.14,28.1,10.14,0.085,False
BGW-12,5,10,5.39,120,53.84,26.8,10.0,0.093,False
BGW-12,5,11,5.39,120,53.29,28.04,10.14,0.122,False
BGW-12,5,12,5.39,120,56.44,27.84,10.69,0.191,False
BGW-12,5,13,5.39,120,56.34,26.84,10.25,0.157,False
BGW-12,5,14,5.39,120,52.34,25.89,10.29,0.159,False
BGW-12,5,15,5.39,120,53.75,28.54,10.91,0.018,False
BGW-12,5,16,5.39,120,53.86,28.3,10.46,0.145,False
BGW-12,5,17,5.39,120,55.55,30.01,11.94,0.267,False
BGW-12,5,18,5.39,120,52.36,29.14,11.18,0.0,False
BGW-12,5,19,5.39,120,54.07,32.36,12.0,0.088,False
BGW-12,5,20,5.39,120,53.04,29.51,11.53,0.157,False
BGW-12,5,21,5.39,120,54.25,28.62,10.9,0.178,False
BGW-12,5,22,5.39,120,52.13,30.09,11.59,0.037,False
BGW-12,5,23,5.39,120,53.72,29.34,11.22,0.202,False
BGW-12,5,24,5.39,120,55.5,33.02,11.95,0.0,False
BGW-12,5,25,5.39,120,52.27,31.08,11.81,0.179,False
BGW-12,5,26,5.39,120,53.09,28.9,11.4,0.107,False
BGW-12,5,27,5.39,120,53.34,29.32,11.3,0.201,False
BGW-12,5,28,5.39,120,54.35,31.82,12.67,0.249,False
BGW-12,5,29,5.39,120,55.82,30.41,11.12,0.111,False
BGW-12,5,30,5.39,120,53.27,31.17,11.82,0.14,False
BGW-12,5,31,5.39,120,56.42,31.15,11.58,0.296,False
BGW-12,5,32,5.39,120,51.33,31.98,12.59,0.003,False
BGW-12,5,33,5.39,120,55.31,30.32,12.07,0.216,False
BGW-12,5,34,5.39,120,56.32,32.96,12.88,0.082,False
BGW-12,5,35,5.39,120,51.85,33.54,13.04,0.141,False
BGW-12,5,36,5.39,120,54.54,33.59,12.46,0.292,False
BGW-12,5,37,5.39,120,55.87,33.79,12.8,0.129,False
BGW-12,5,38,5.39,120,51.99,29.96,11.82,0.053,False
BGW-12,5,39,5.39,120,54.82,34.75,13.16,0.066,False
BGW-12,5,40,5.39,120,52.21,34.77,13.74,0.246,False
BGW-12,5,41,5.39,120,51.82,35.26,14.04,0.157,False
BGW-12,5,42,5.39,120,53.71,35.22,12.86,0.0,False
BGW-12,5,43,5.39,120,52.61,33.17,12.06,0.078,False
BGW-12,5,44,5.39,120,53.46,36.0,13.84,0.249,False
BGW-12,5,45,5.39,120,52.65,33.98,13.1,0.223,False
BGW-12,5,46,5.39,120,55.56,35.23,13.0,0.308,False
BGW-12,5,47,5.39,120,52.31,35.85,14.12,0.12,False
BGW-12,5,48,5.39,120,53.47,35.83,13.69,0.228,False
BGW-12,5,49,5.39,120,53.19,34.31,12.64,0.059,False
BGW-12,5,50,5.39,120,51.44,35.26,13.3,0.298,False
BGW-12,5,51,5.39,120,55.65,35.51,13.47,0.351,False
BGW-12,5,52,5.39,120,54.35,36.83,13.91,0.247,False
BGW-12,5,53,5.39,120,52.46,38.12,14.16,0.271,False
BGW-12,5,54,5.39,120,51.95,36.57,13.71,0.259,False
BGW-12,5,55,5.39,120,51.21,35.44,12.95,0.216,False
BGW-12,5,56,5.39,120,53.82,34.62,13.51,0.145,False
BGW-12,5,57,5.39,120,55.91,35.12,12.87,0.261,False
BGW-12,5,58,5.39,120,53.11,38.1,13.97,0.066,False
BGW-12,5,59,5.39,120,52.77,39.66,14.66,0.093,False
BGW-12,5,60,5.39,120,55.22,36.83,13.5,0.128,False
BGW-12,5,61,5.39,120,55.68,35.96,14.19,0.163,False
BGW-12,5,62,5.39,120,54.38,38.66,14.06,0.015,False
BGW-12,5,63,5.39,120,53.61,37.59,14.17,0.0,False
BGW-12,5,64,5.39,120,54.32,38.2,14.63,0.095,False
BGW-12,5,65,5.39,120,52.35,39.5,14.97,0.154,False
BGW-12,5,66,5.39,120,51.67,37.9,14.85,0.247,False
BGW-12,5,67,5.39,120,51.79,39.47,15.6,0.257,False
BGW-12,5,68,5.39,120,56.02,40.41,16.08,0.162,False
BGW-12,5,69,5.39,120,51.75,41.64,15.49,0.126,False
BGW-12,5,70,5.39,120,52.43,40.15,15.42,0.21,False
BGW-12,5,71,5.39,120,52.92,40.35,15.83,0.0,False
BGW-12,5,72,5.39,120,55.68,41.34,15.86,0.198,False
BGW-12,5,73,5.39,120,52.4,39.55,15.29,0.199,False
BGW-12,5,74,5.39,120,51.56,40.59,15.17,0.16,False
BGW-12,5,75,5.39,120,56.11,38.97,15.39,0.117,False
BGW-12,5,76,5.39,120,54.31,41.27,16.44,0.051,False
BGW-12,5,77,5.39,120,55.1,40.55,15.3,0.12,False
BGW-12,5,78,5.39,120,55.24,39.34,15.49,0.178,False
BGW-12,5,79,5.39,120,51.73,40.63,14.83,0.048,False
BGW-12,5,80,5.39,120,52.94,37.73,13.75,0.113,False
BGW-12,5,81,5.39,120,55.74,40.11,15.9,0.159,False
BGW-12,5,82,5.39,120,54.47,41.18,16.14,0.019,False
BGW-12,5,83,5.39,120,55.81,40.63,15.98,0.0,False
BGW-12,5,84,5.39,120,54.53,40.24,15.97,0.061,False
BGW-12,5,85,5.39,120,54.01,39.33,14.9,0.0,False
BGW-12,5,86,5.39,120,52.99,33.94,12.83,2.261,False
BGW-12,5,87,5.39,120,53.16,40.37,15.26,0.034,False
BGW-12,5,88,5.39,120,53.34,43.25,16.76,0.154,False
BGW-12,5,89,5.39,120,54.32,41.18,16.27,0.046,False
BGW-12,6,0,6.43,100,65.86,27.29,10.69,0.131,False
BGW-12,6,1,6.43,100,66.46,28.76,11.41,0.194,False
BGW-12,6,2,6.43,100,65.82,27.69,10.8,0.148,False
BGW-12,6,3,6.43,100,61.28,27.36,10.91,0.16,False
BGW-12,6,4,6.43,100,61.42,25.91,9.81,0.302,False
BGW-12,6,5,6.43,100,61.62,30.24,11.13,0.384,False
BGW-12,6,6,6.43,100,66.53,30.64,11.92,0.073,False
BGW-12,6,7,6.43,100,62.07,29.9,11.59,0.242,False
BGW-12,6,8,6.43,100,62.68,27.84,10.97,0.178,False
BGW-12,6,9,6.43,100,65.31,27.74,10.87,0.022,False
BGW-12,6,10,6.43,100,61.51,29.46,11.31,0.13,False
BGW-12,6,11,6.43,100,61.86,28.29,10.81,0.041,False
BGW-12,6,12,6.43,100,62.69,29.07,10.78,0.277,False
BGW-12,6,13,6.43,100,66.57,27.36,10.51,0.017,False
BGW-12,6,14,6.43,100,62.12,26.19,9.57,0.309,False
BGW-12,6,15,6.43,100,61.53,28.02,10.85,0.0,False
BGW-12,6,16,6.43,100,64.31,29.73,10.86,0.204,False
BGW-12,6,17,6.43,100,63.59,29.69,10.98,0.378,False
BGW-12,6,18,6.43,100,65.96,28.25,10.7,0.278,False
BGW-12,6,19,6.43,100,65.71,27.05,10.05,0.156,False
BGW-12,6,20,6.43,100,64.18,28.27,11.23,0.056,False
BGW-12,6,21,6.43,100,63.35,30.39,11.82,0.0,False
BGW-12,6,22,6.43,100,64.18,29.6,11.38,0.173,False
BGW-12,6,23,6.43,100,66.63,27.73,10.92,0.047,False
BGW-12,6,24,6.43,100,65.8,32.45,12.52,0.179,False
BGW-12,6,25,6.43,100,62.58,29.97,11.25,0.248,False
BGW-12,6,26,6.43,100,64.74,31.03,11.48,0.146,False
BGW-12,6,27,6.43,100,61.55,32.37,12.7,0.165,False
BGW-12,6,28,6.43,100,63.97,30.67,11.62,0.076,False
BGW-12,6,29,6.43,100,61.31,31.02,12.16,0.267,False
BGW-12,6,30,6.43,100,65.24,31.7,11.9,0.259,False
BGW-12,6,31,6.43,100,65.2,29.49,11.35,0.188,False
BGW-12,6,32,6.43,100,65.31,32.19,11.63,0.0,False
BGW-12,6,33,6.43,100,64.91,33.19,12.54,0.093,False
BGW-12,6,34,6.43,100,64.12,31.16,12.23,0.228,False
BGW-12,6,35,6.43,100,67.14,33.28,12.66,0.28,False
BGW-12,6,36,6.43,100,67.14,31.53,11.44,0.035,False
BGW-12,6,37,6.43,100,65.92,31.52,11.45,0.217,False
BGW-12,6,38,6.43,100,67.41,34.04,13.02,0.081,False
BGW-12,6,39,6.43,100,61.35,32.21,12.65,0.308,False
BGW-12,6,40,6.43,100,64.51,33.48,13.31,0.106,False
BGW-12,6,41,6.43,100,66.35,34.7,13.45,0.118,False
BGW-12,6,42,6.43,100,62.15,35.25,13.39,0.345,False
BGW-12,6,43,6.43,100,62.72,37.38,13.6,0.301,False
BGW-12,6,44,6.43,100,67.21,37.82,13.66,0.102,False
BGW-12,6,45,6.43,100,62.92,35.86,13.72,0.0,False
BGW-12,6,46,6.43,100,66.82,35.71,14.19,0.161,False
BGW-12,6,47,6.43,100,64.5,38.48,14.17,0.279,False
BGW-12,6,48,6.43,100,65.62,35.76,13.69,0.1,False
BGW-12,6,49,6.43,100,62.89,40.82,16.12,0.0,False
BGW-12,6,50,6.43,100,63.87,38.47,14.17,0.249,False
BGW-12,6,51,6.43,100,61.89,35.97,13.42,0.205,False
BGW-12,6,52,6.43,100,65.88,37.68,13.97,0.166,False
BGW-12,6,53,6.43,100,62.91,38.35,14.85,0.158,False
BGW-12,6,54,6.43,100,64.79,37.6,14.82,0.144,False
BGW-12,6,55,6.43,100,64.76,38.49,15.3,0.163,False
BGW-12,6,56,6.43,100,64.64,38.21,14.21,0.24,False
BGW-12,6,57,6.43,100,63.49,36.01,13.49,0.217,False
BGW-12,6,58,6.43,100,67.27,37.31,14.57,0.161,False
BGW-12,6,59,6.43,100,61.78,37.57,14.27,0.101,False
BGW-12,6,60,6.43,100,67.5,38.84,14.07,0.14,False
BGW-12,6,61,6.43,100,65.4,39.83,15.36,0.081,False
BGW-12,6,62,6.43,100,63.57,39.21,14.83,0.299,False
BGW-12,6,63,6.43,100,62.48,38.58,15.15,0.036,False
BGW-12,6,64,6.43,100,65.81,38.42,13.93,0.132,False
BGW-12,6,65,6.43,100,67.22,41.52,15.69,0.186,False
BGW-12,6,66,6.43,100,61.57,37.65,14.49,0.341,False
BGW-12,6,67,6.43,100,66.49,41.6,15.6,0.0,False
BGW-12,6,68,6.43,100,63.47,35.21,13.51,2.455,False
BGW-12,6,69,6.43,100,61.99,38.92,14.66,0.248,False
BGW-12,6,70,6.43,100,61.53,41.97,15.96,0.13,False
BGW-12,6,71,6.43,100,66.15,42.56,16.46,0.139,False
BGW-12,6,72,6.43,100,67.21,39.25,15.25,0.106,False
BGW-12,6,73,6.43,100,62.14,39.75,14.92,0.227,False
BGW-12,6,74,6.43,100,64.94,36.87,14.41,2.295,False
BGW-12,6,75,6.43,100,62.55,32.06,11.76,2.317,False
BGW-12,6,76,6.43,100,67.33,40.58,15.34,0.162,False
BGW-12,6,77,6.43,100,61.14,40.13,15.47,0.31,False
BGW-12,6,78,6.43,100,65.01,38.5,14.84,0.262,False
BGW-12,6,79,6.43,100,63.0,41.91,15.95,0.306,False
BGW-12,6,80,6.43,100,63.7,36.97,14.64,2.559,False
BGW-12,6,81,6.43,100,61.93,40.36,14.88,0.0,False
BGW-12,6,82,6.43,100,62.2,38.35,14.12,2.294,False
BGW-12,6,83,6.43,100,62.88,42.84,15.51,0.068,False
BGW-12,6,84,6.43,100,61.13,35.55,13.6,2.372,False
BGW-12,6,85,6.43,100,61.36,35.53,13.98,2.354,False
BGW-12,6,86,6.43,100,64.89,34.23,13.64,2.468,False
BGW-12,6,87,6.43,100,66.4,41.88,15.41,0.0,False
BGW-12,6,88,6.43,100,63.84,32.22,12.62,2.254,False
BGW-12,6,89,6.43,100,62.19,35.0,13.85,2.343,False
BGW-12,7,0,3.81,86,39.72,31.78,12.31,0.209,False
BGW-12,7,1,3.81,86,38.84,31.27,11.3,0.075,False
BGW-12,7,2,3.81,86,38.03,27.27,9.85,0.23,False
BGW-12,7,3,3.81,86,38.85,28.6,11.34,0.203,False
BGW-12,7,4,3.81,86,37.92,29.58,11.15,0.116,False
BGW-12,7,5,3.81,86,38.53,29.08,10.76,0.166,False
BGW-12,7,6,3.81,86,36.58,30.08,11.67,0.203,False
BGW-12,7,7,3.81,86,37.54,29.22,11.59,0.024,False
BGW-12,7,8,3.81,86,37.99,29.77,11.69,0.084,False
BGW-12,7,9,3.81,86,38.89,29.27,11.04,0.137,False
BGW-12,7,10,3.81,86,39.64,28.97,10.87,0.224,False
BGW-12,7,11,3.81,86,36.36,28.57,11.29,0.171,False
BGW-12,7,12,3.81,86,38.72,28.74,11.23,0.177,False
BGW-12,7,13,3.81,86,39.34,27.67,10.33,0.155,False
BGW-12,7,14,3.81,86,39.57,27.7,10.61,0.183,False
BGW-12,7,15,3.81,86,38.94,29.41,11.54,0.268,False
BGW-12,7,16,3.81,86,38.55,30.81,11.21,0.17,False
BGW-12,7,17,3.81,86,39.24,30.32,11.59,0.051,False
BGW-12,7,18,3.81,86,37.58,30.42,11.21,0.467,False
BGW-12,7,19,3.81,86,37.04,28.16,11.21,0.137,False
BGW-12,7,20,3.81,86,36.28,32.06,12.24,0.299,False
BGW-12,7,21,3.81,86,36.89,32.08,11.85,0.147,False
BGW-12,7,22,3.81,86,37.29,33.88,12.61,0.204,False
BGW-12,7,23,3.81,86,39.63,32.04,12.35,0.046,False
BGW-12,7,24,3.81,86,37.73,31.3,12.08,0.229,False
BGW-12,7,25,3.81,86,36.27,33.42,13.33,0.168,False
BGW-12,7,26,3.81,86,36.69,32.71,12.49,0.124,False
BGW-12,7,27,3.81,86,38.02,33.48,13.13,0.181,False
BGW-12,7,28,3.81,86,38.9,37.51,13.68,0.012,False
BGW-12,7,29,3.81,86,38.8,33.9,13.44,0.091,False
BGW-12,7,30,3.81,86,39.81,37.83,15.08,0.124,False
BGW-12,7,31,3.81,86,36.45,35.78,14.12,0.063,False
BGW-12,7,32,3.81,86,39.29,34.41,12.55,0.183,False
BGW-12,7,33,3.81,86,36.6,37.36,14.4,0.161,False
BGW-12,7,34,3.81,86,38.52,37.91,15.01,0.101,False
BGW-12,7,35,3.81,86,38.97,37.23,14.0,0.076,False
BGW-12,7,36,3.81,86,39.07,38.89,15.25,0.096,False
BGW-12,7,37,3.81,86,37.69,35.43,13.56,0.125,False
BGW-12,7,38,3.81,86,37.69,37.23,13.6,0.248,False
BGW-12,7,39,3.81,86,39.27,39.02,14.81,0.256,False
BGW-12,7,40,3.81,86,38.24,39.36,14.72,0.28,False
BGW-12,7,41,3.81,86,39.66,39.51,14.92,0.083,False
BGW-12,7,42,3.81,86,36.84,40.4,16.1,0.256,False
BGW-12,7,43,3.81,86,39.78,38.36,14.03,0.201,False
BGW-12,7,44,3.81,86,38.82,38.84,14.41,0.177,False
BGW-12,7,45,3.81,86,38.91,37.56,13.72,0.075,False
BGW-12,7,46,3.81,86,36.31,36.98,14.31,0.0,False
BGW-12,7,47,3.81,86,37.85,38.94,15.06,0.014,False
BGW-12,7,48,3.81,86,38.91,38.74,14.12,0.148,False
BGW-12,7,49,3.81,86,37.15,41.92,16.71,0.16,False
BGW-12,7,50,3.81,86,37.32,37.44,13.59,0.19,False
BGW-12,7,51,3.81,86,39.04,37.73,13.82,0.095,False
BGW-12,7,52,3.81,86,36.25,41.67,15.97,0.051,False
BGW-12,7,53,3.81,86,39.07,40.98,16.29,0.018,False
BGW-12,7,54,3.81,86,36.73,35.86,13.26,2.527,False
BGW-12,7,55,3.81,86,39.39,43.32,15.99,0.105,False
BGW-12,7,56,3.81,86,38.0,34.65,12.61,2.346,False
BGW-12,7,57,3.81,86,36.87,35.33,13.63,2.323,False
BGW-12,7,58,3.81,86,36.58,42.26,16.52,0.189,False
BGW-12,7,59,3.81,86,36.71,40.78,15.73,0.086,False
BGW-12,7,60,3.81,86,39.5,32.75,12.76,2.269,False
BGW-12,7,61,3.81,86,36.74,34.29,13.03,2.442,False
BGW-12,7,62,3.81,86,39.16,34.58,13.8,2.476,False
BGW-12,7,63,3.81,86,37.35,36.76,13.9,2.343,False
BGW-12,7,64,3.81,86,37.47,41.12,15.42,0.274,False
BGW-12,7,65,3.81,86,38.28,36.41,13.84,2.229,False
BGW-12,7,66,3.81,86,37.51,33.6,12.18,2.383,False
BGW-12,7,67,3.81,86,37.01,35.01,13.2,2.435,False
BGW-12,7,68,3.81,86,38.17,35.76,14.21,2.338,False
BGW-12,7,69,3.81,86,39.01,34.34,13.34,2.354,False
BGW-12,7,70,3.81,86,37.68,36.11,13.13,2.217,False
BGW-12,7,71,2.63,86,27.58,34.2,12.47,2.287,False
BGW-12,7,72,2.63,86,26.6,41.11,15.84,0.0,True
BGW-12,7,73,2.63,86,26.61,34.56,13.14,2.339,False
BGW-12,7,74,2.63,86,25.72,38.28,15.02,2.423,False
BGW-12,7,75,2.63,86,26.62,36.69,14.59,2.351,False
BGW-12,7,76,2.63,86,25.49,35.11,13.05,2.367,False
BGW-12,7,77,2.63,86,25.48,35.54,13.39,2.473,False
BGW-12,7,78,2.63,86,25.39,34.85,13.58,2.501,False
BGW-12,7,79,2.63,86,26.34,35.08,13.81,2.468,False
BGW-12,7,80,2.63,86,27.25,36.29,14.25,2.255,False
BGW-12,7,81,2.63,86,25.73,33.3,12.27,2.285,False
BGW-12,7,82,2.63,86,25.58,36.62,14.5,2.295,False
BGW-12,7,83,2.63,86,27.47,37.98,14.18,2.343,False
BGW-12,7,84,2.63,86,26.39,33.73,12.41,2.46,False
BGW-12,7,85,2.63,86,25.48,33.49,13.27,2.202,False
BGW-12,7,86,2.63,86,26.05,35.63,13.98,2.131,False
BGW-12,7,87,2.63,86,25.48,36.32,13.74,2.352,False
BGW-12,7,88,2.63,86,27.18,33.05,11.96,2.434,False
BGW-12,7,89,2.63,86,26.67,33.46,13.22,2.364,False
BGW-12,8,0,5.39,100,54.17,29.34,11.16,0.276,False
BGW-12,8,1,5.39,100,54.46,26.29,10.24,0.244,False
BGW-12,8,2,5.39,100,55.99,27.6,10.59,0.205,False
BGW-12,8,3,5.39,100,53.09,29.72,11.27,0.137,False
BGW-12,8,4,5.39,100,55.38,26.86,10.19,0.069,False
BGW-12,8,5,5.39,100,53.85,30.42,11.12,0.166,False
BGW-12,8,6,5.39,100,54.51,27.37,10.4,0.003,False
BGW-12,8,7,5.39,100,51.4,27.91,10.84,0.094,False
BGW-12,8,8,5.39,100,56.29,31.28,11.38,0.329,False
BGW-12,8,9,5.39,100,53.99,27.25,10.75,0.279,False
BGW-12,8,10,5.39,100,55.49,29.68,11.06,0.228,False
BGW-12,8,11,5.39,100,53.63,28.78,11.11,0.255,False
BGW-12,8,12,5.39,100,54.83,31.2,11.56,0.0,False
BGW-12,8,13,5.39,100,52.48,27.66,10.67,0.157,False
BGW-12,8,14,5.39,100,54.9,31.12,11.51,0.113,False
BGW-12,8,15,5.39,100,52.5,28.03,10.6,0.063,False
BGW-12,8,16,5.39,100,55.58,31.01,12.34,0.049,False
BGW-12,8,17,5.39,100,55.71,30.25,11.71,0.279,False
BGW-12,8,18,5.39,100,55.96,31.36,11.98,0.116,False
BGW-12,8,19,5.39,100,53.68,33.15,13.02,0.008,False
BGW-12,8,20,5.39,100,51.6,31.42,11.99,0.188,False
BGW-12,8,21,5.39,100,52.12,31.99,11.86,0.199,False
BGW-12,8,22,5.39,100,51.81,30.88,11.36,0.138,False
BGW-12,8,23,5.39,100,54.83,33.84,12.87,0.154,False
BGW-12,8,24,5.39,100,52.71,32.01,12.21,0.157,False
BGW-12,8,25,5.39,100,53.37,32.2,12.33,0.052,False
BGW-12,8,26,5.39,100,52.77,32.02,12.24,0.05,False
BGW-12,8,27,5.39,100,53.74,35.04,13.14,0.092,False
BGW-12,8,28,5.39,100,53.87,34.76,13.68,0.153,False
BGW-12,8,29,5.39,100,52.85,33.1,12.1,0.152,False
BGW-12,8,30,5.39,100,51.91,38.65,14.15,0.188,False
BGW-12,8,31,5.39,100,51.59,37.07,14.38,0.183,False
BGW-12,8,32,5.39,100,56.48,38.16,14.14,0.066,False
BGW-12,8,33,5.39,100,51.82,36.7,14.26,0.0,False
BGW-12,8,34,5.39,100,52.34,35.25,13.19,0.135,False
BGW-12,8,35,5.39,100,52.87,37.83,13.68,0.044,False
BGW-12,8,36,5.39,100,55.81,38.45,14.61,0.055,False
BGW-12,8,37,5.39,100,55.41,35.89,13.43,0.021,False
BGW-12,8,38,5.39,100,56.31,38.95,14.25,0.134,False
BGW-12,8,39,5.39,100,53.23,38.02,14.37,0.145,False
BGW-12,8,40,5.39,100,52.35,38.58,14.54,0.148,False
BGW-12,8,41,5.39,100,54.98,39.1,15.14,0.223,False
BGW-12,8,42,5.39,100,53.09,37.13,13.52,0.251,False
BGW-12,8,43,5.39,100,54.78,40.33,14.87,0.109,False
BGW-12,8,44,5.39,100,53.1,40.48,15.55,0.049,False
BGW-12,8,45,5.39,100,51.29,42.33,15.68,0.144,False
BGW-12,8,46,5.39,100,55.71,40.7,15.07,0.131,False
BGW-12,8,47,5.39,100,52.62,37.85,14.33,0.231,False
BGW-12,8,48,5.39,100,53.32,39.63,15.1,0.07,False
BGW-12,8,49,5.39,100,51.34,37.85,13.96,0.038,False
BGW-12,8,50,5.39,100,53.91,37.4,13.66,0.076,False
BGW-12,8,51,5.39,100,51.78,39.96,14.62,0.179,False
BGW-12,8,52,5.39,100,55.25,38.43,14.68,0.267,False
BGW-12,8,53,5.39,100,51.72,36.29,13.5,2.259,False
BGW-12,8,54,5.39,100,54.35,39.72,15.49,0.26,False
BGW-12,8,55,5.39,100,53.02,40.8,15.07,0.123,False
BGW-12,8,56,5.39,100,53.44,38.34,14.32,0.103,False
BGW-12,8,57,5.39,100,53.87,38.78,15.14,0.256,False
BGW-12,8,58,5.39,100,52.76,36.37,14.24,2.567,False
BGW-12,8,59,5.39,100,54.24,43.69,16.24,0.251,False
BGW-12,8,60,5.39,100,53.79,35.16,13.33,2.356,False
BGW-12,8,61,5.39,100,53.62,42.12,16.72,0.068,False
BGW-12,8,62,5.39,100,55.83,41.95,15.16,0.317,False
BGW-12,8,63,5.39,100,52.9,34.1,13.57,2.309,False
BGW-12,8,64,5.39,100,53.93,33.01,12.84,2.252,False
BGW-12,8,65,5.39,100,54.15,35.92,13.85,2.439,False
BGW-12,8,66,5.39,100,55.85,33.64,12.69,2.255,False
BGW-12,8,67,5.39,100,53.19,36.28,13.88,2.474,False
BGW-12,8,68,5.39,100,51.96,42.21,15.4,0.0,False
BGW-12,8,69,5.39,100,51.5,35.53,14.14,2.288,False
BGW-12,8,70,5.39,100,52.92,43.26,16.92,0.187,False
BGW-12,8,71,5.39,100,52.12,35.86,14.23,2.4,False
BGW-12,8,72,5.39,100,56.06,35.62,14.21,2.27,False
BGW-12,8,73,5.39,100,55.28,41.0,15.58,0.206,False
BGW-12,8,74,5.39,100,56.23,36.83,14.6,2.315,False
BGW-12,8,75,5.39,100,51.85,36.61,13.31,2.248,False
BGW-12,8,76,5.39,100,55.13,34.36,12.74,2.39,False
BGW-12,8,77,5.39,100,55.67,36.33,13.29,2.218,False
BGW-12,8,78,5.39,100,55.11,35.92,14.16,2.292,False
BGW-12,8,79,5.39,100,53.32,40.56,14.65,0.165,False
BGW-12,8,80,5.39,100,53.92,35.38,13.88,2.373,False
BGW-12,8,81,5.39,100,56.05,35.64,12.9,2.126,False
BGW-12,8,82,5.39,100,55.54,41.11,15.66,0.168,False
BGW-12,8,83,5.39,100,53.87,38.85,14.93,2.523,False
BGW-12,8,84,5.39,100,52.16,34.0,12.83,2.634,False
BGW-12,8,85,5.39,100,51.5,35.35,12.78,2.238,False
BGW-12,8,86,5.39,100,52.8,38.17,14.6,2.263,False
BGW-12,8,87,5.39,100,53.14,36.5,14.49,2.288,False
BGW-12,8,88,4.12,100,41.53,34.97,13.44,2.347,False
BGW-12,8,89,4.12,100,41.71,41.93,16.22,0.0,True
BGW-12,9,0,5.43,120,54.16,28.04,10.34,0.05,False
BGW-12,9,1,5.43,120,51.88,28.54,11.01,0.189,False
BGW-12,9,2,5.43,120,52.9,29.2,11.2,0.028,False
BGW-12,9,3,5.43,120,52.18,30.27,11.02,0.101,False
BGW-12,9,4,5.43,120,55.36,27.96,10.57,0.207,False
BGW-12,9,5,5.43,120,56.93,28.32,10.41,0.141,False
BGW-12,9,6,5.43,120,52.89,29.34,11.22,0.088,False
BGW-12,9,7,5.43,120,56.5,27.34,10.64,0.097,False
BGW-12,9,8,5.43,120,55.39,27.62,10.22,0.028,False
BGW-12,9,9,5.43,120,52.44,25.27,9.69,0.22,False
BGW-12,9,10,5.43,120,53.35,29.21,10.8,0.191,False
BGW-12,9,11,5.43,120,52.18,31.23,11.29,0.298,False
BGW-12,9,12,5.43,120,52.99,27.61,9.97,0.118,False
BGW-12,9,13,5.43,120,55.41,26.18,9.95,0.188,False
BGW-12,9,14,5.43,120,56.53,27.37,10.34,0.256,False
BGW-12,9,15,5.43,120,53.57,26.16,10.04,0.196,False
BGW-12,9,16,5.43,120,56.91,29.21,10.82,0.038,False
BGW-12,9,17,5.43,120,54.75,29.18,10.78,0.067,False
BGW-12,9,18,5.43,120,56.24,30.99,12.23,0.122,False
BGW-12,9,19,5.43,120,53.07,31.33,11.79,0.176,False
BGW-12,9,20,5.43,120,56.05,31.19,11.73,0.249,False
BGW-12,9,21,5.43,120,56.42,30.35,11.4,0.232,False
BGW-12,9,22,5.43,120,54.38,30.08,10.91,0.007,False
BGW-12,9,23,5.43,120,55.31,32.82,11.86,0.156,False
BGW-12,9,24,5.43,120,53.88,26.48,10.18,0.305,False
BGW-12,9,25,5.43,120,54.3,31.1,11.82,0.18,False
BGW-12,9,26,5.43,120,52.17,31.2,11.83,0.309,False
BGW-12,9,27,5.43,120,55.6,34.15,12.37,0.313,False
BGW-12,9,28,5.43,120,54.82,31.24,11.51,0.174,False
BGW-12,9,29,5.43,120,56.28,32.85,12.39,0.15,False
BGW-12,9,30,5.43,120,54.15,31.24,12.11,0.213,False
BGW-12,9,31,5.43,120,55.18,30.4,11.93,0.241,False
BGW-12,9,32,5.43,120,51.61,31.59,12.53,0.148,False
BGW-12,9,33,5.43,120,54.68,29.47,11.6,0.103,False
BGW-12,9,34,5.43,120,54.55,33.83,13.12,0.051,False
BGW-12,9,35,5.43,120,52.07,32.8,12.16,0.221,False
BGW-12,9,36,5.43,120,52.77,31.47,12.42,0.314,False
BGW-12,9,37,5.43,120,53.54,31.04,11.86,0.0,False
BGW-12,9,38,5.43,120,53.01,32.53,12.95,0.111,False
BGW-12,9,39,5.43,120,53.71,32.08,11.85,0.227,False
BGW-12,9,40,5.43,120,53.12,37.14,14.59,0.075,False
BGW-12,9,41,5.43,120,54.68,31.23,12.12,0.205,False
BGW-12,9,42,5.43,120,51.61,35.46,13.59,0.164,False
BGW-12,9,43,5.43,120,54.1,31.44,12.21,0.103,False
BGW-12,9,44,5.43,120,54.68,34.66,13.47,0.077,False
BGW-12,9,45,5.43,120,53.13,33.24,12.16,0.021,False
BGW-12,9,46,5.43,120,54.36,33.59,13.31,0.11,False
BGW-12,9,47,5.43,120,52.75,36.15,14.29,0.086,False
BGW-12,9,48,5.43,120,51.99,33.1,12.68,0.252,False
BGW-12,9,49,5.43,120,53.25,35.63,13.61,0.125,False
BGW-12,9,50,5.43,120,53.7,31.83,12.07,0.085,False
BGW-12,9,51,5.43,120,56.36,35.59,14.18,0.253,False
BGW-12,9,52,5.43,120,54.59,35.3,12.82,0.15,False
BGW-12,9,53,5.43,120,55.76,35.86,14.3,0.13,False
BGW-12,9,54,5.43,120,52.68,36.72,13.48,0.153,False
BGW-12,9,55,5.43,120,54.41,33.72,12.57,0.025,False
BGW-12,9,56,5.43,120,54.21,35.08,13.06,0.242,False
BGW-12,9,57,5.43,120,53.99,35.13,12.82,0.033,False
BGW-12,9,58,5.43,120,52.07,36.4,13.55,0.311,False
BGW-12,9,59,5.43,120,52.75,38.49,14.84,0.234,False
BGW-12,9,60,5.43,120,55.42,34.38,13.48,0.128,False
BGW-12,9,61,5.43,120,53.95,41.6,16.47,0.154,False
BGW-12,9,62,5.43,120,56.07,37.23,13.82,0.157,False
BGW-12,9,63,5.43,120,54.81,36.51,13.63,0.162,False
BGW-12,9,64,5.43,120,56.29,38.13,13.99,0.089,False
BGW-12,9,65,5.43,120,54.75,36.84,13.33,0.076,False
BGW-12,9,66,5.43,120,52.82,37.85,14.65,0.104,False
BGW-12,9,67,5.43,120,52.1,37.46,13.64,0.145,False
BGW-12,9,68,5.43,120,53.48,37.26,13.91,0.0,False
BGW-12,9,69,5.43,120,54.83,35.37,13.19,0.039,False
BGW-12,9,70,5.43,120,54.81,36.55,13.34,0.081,False
BGW-12,9,71,5.43,120,51.69,39.06,14.16,0.041,False
BGW-12,9,72,5.43,120,54.71,39.71,15.37,0.206,False
BGW-12,9,73,5.43,120,57.0,38.21,14.79,0.039,False
BGW-12,9,74,5.43,120,53.91,34.85,13.82,0.196,False
BGW-12,9,75,5.43,120,51.63,37.79,13.77,0.158,False
BGW-12,9,76,5.43,120,56.98,41.39,15.89,0.0,False
BGW-12,9,77,5.43,120,56.23,38.78,15.12,0.14,False
BGW-12,9,78,5.43,120,55.57,38.07,14.29,0.289,False
BGW-12,9,79,5.43,120,51.72,40.13,15.73,0.076,False
BGW-12,9,80,5.43,120,54.11,38.38,14.07,0.369,False
BGW-12,9,81,5.43,120,55.08,42.09,15.32,0.194,False
BGW-12,9,82,5.43,120,54.53,36.08,13.28,0.126,False
BGW-12,9,83,5.43,120,54.1,41.94,15.53,0.316,False
BGW-12,9,84,5.43,120,55.62,40.5,14.73,0.125,False
BGW-12,9,85,5.43,120,56.45,40.46,15.72,0.11,False
BGW-12,9,86,5.43,120,54.74,39.39,15.07,0.269,False
BGW-12,9,87,5.43,120,54.31,35.51,14.09,0.0,False
BGW-12,9,88,5.43,120,55.26,33.07,12.22,2.453,False
BGW-12,9,89,5.43,120,53.08,41.15,15.29,0.217,False
BGW-13,1,0,3.88,86,38.36,29.52,11.77,0.232,False
BGW-13,1,1,3.88,86,37.87,28.94,10.53,0.0,False
BGW-13,1,2,3.88,86,38.93,31.21,12.17,0.218,False
BGW-13,1,3,3.88,86,40.42,28.51,10.59,0.0,False
BGW-13,1,4,3.88,86,39.22,27.96,10.18,0.159,False
BGW-13,1,5,3.88,86,39.85,30.73,11.37,0.09,False
BGW-13,1,6,3.88,86,37.82,28.94,11.28,0.167,False
BGW-13,1,7,3.88,86,37.04,28.94,10.54,0.068,False
BGW-13,1,8,3.88,86,37.29,29.46,10.66,0.302,False
BGW-13,1,9,3.88,86,39.64,27.69,10.17,0.0,False
BGW-13,1,10,3.88,86,37.61,30.53,11.36,0.188,False
BGW-13,1,11,3.88,86,38.69,29.73,10.77,0.139,False
BGW-13,1,12,3.88,86,39.16,29.57,11.07,0.17,False
BGW-13,1,13,3.88,86,40.11,27.3,10.4,0.078,False
BGW-13,1,14,3.88,86,39.06,28.46,10.43,0.051,False
BGW-13,1,15,3.88,86,38.83,31.88,11.67,0.038,False
BGW-13,1,16,3.88,86,39.06,30.57,12.04,0.118,False
BGW-13,1,17,3.88,86,37.55,32.07,12.04,0.158,False
BGW-13,1,18,3.88,86,38.93,28.11,10.58,0.183,False
BGW-13,1,19,3.88,86,40.21,30.07,11.42,0.029,False
BGW-13,1,20,3.88,86,38.84,32.57,12.47,0.0,False
BGW-13,1,21,3.88,86,40.24,33.63,12.4,0.042,False
BGW-13,1,22,3.88,86,39.59,33.35,12.5,0.0,False
BGW-13,1,23,3.88,86,39.09,31.88,11.78,0.205,False
BGW-13,1,24,3.88,86,39.86,31.39,11.74,0.016,False
BGW-13,1,25,3.88,86,38.76,33.07,12.74,0.225,False
BGW-13,1,26,3.88,86,39.76,29.66,11.68,0.104,False
BGW-13,1,27,3.88,86,39.01,32.53,12.97,0.204,False
BGW-13,1,28,3.88,86,39.22,34.32,13.46,0.104,False
BGW-13,1,29,3.88,86,38.75,31.7,12.63,0.267,False
BGW-13,1,30,3.88,86,36.91,35.92,13.91,0.149,False
BGW-13,1,31,3.88,86,37.69,33.09,13.01,0.191,False
BGW-13,1,32,3.88,86,37.85,34.53,13.09,0.15,False
BGW-13,1,33,3.88,86,40.59,33.67,12.71,0.109,False
BGW-13,1,34,3.88,86,37.97,33.16,12.11,0.262,False
BGW-13,1,35,3.88,86,37.67,35.89,13.82,0.052,False
BGW-13,1,36,3.88,86,37.77,34.06,13.2,0.188,False
BGW-13,1,37,3.88,86,40.03,33.87,12.99,0.123,False
BGW-13,1,38,3.88,86,38.41,37.22,13.51,0.243,False
BGW-13,1,39,3.88,86,39.42,37.79,14.67,0.073,False
BGW-13,1,40,3.88,86,38.41,33.75,13.17,0.08,False
BGW-13,1,41,3.88,86,38.06,33.17,12.2,0.189,False
BGW-13,1,42,3.88,86,39.87,36.25,13.55,0.215,False
BGW-13,1,43,3.88,86,38.73,37.91,14.13,0.186,False
BGW-13,1,44,3.88,86,37.47,37.42,13.72,0.255,False
BGW-13,1,45,3.88,86,37.0,36.9,13.69,0.283,False
BGW-13,1,46,3.88,86,39.67,39.76,14.81,0.118,False
BGW-13,1,47,3.88,86,38.95,37.75,14.7,0.088,False
BGW-13,1,48,3.88,86,38.39,38.52,14.73,0.158,False
BGW-13,1,49,3.88,86,37.1,38.32,14.25,0.158,False
BGW-13,1,50,3.88,86,38.65,39.03,15.3,0.198,False
BGW-13,1,51,3.88,86,38.28,39.51,15.13,0.101,False
BGW-13,1,52,3.88,86,38.78,38.75,14.63,0.252,False
BGW-13,1,53,3.88,86,40.04,41.0,15.52,0.279,False
BGW-13,1,54,3.88,86,38.09,37.79,13.71,0.19,False
BGW-13,1,55,3.88,86,36.91,36.8,14.53,2.41,False
BGW-13,1,56,3.88,86,37.92,38.85,14.16,0.189,False
BGW-13,1,57,3.88,86,38.09,37.82,14.93,0.118,False
BGW-13,1,58,3.88,86,39.58,38.99,15.14,0.008,False
BGW-13,1,59,3.88,86,37.26,34.64,13.7,2.248,False
BGW-13,1,60,3.88,86,39.62,34.66,13.2,2.261,False
BGW-13,1,61,3.88,86,37.51,32.19,11.91,2.449,False
BGW-13,1,62,3.88,86,39.71,36.7,13.52,0.358,False
BGW-13,1,63,3.88,86,37.44,33.89,13.17,2.366,False
BGW-13,1,64,3.88,86,39.19,35.3,12.89,2.609,False
BGW-13,1,65,3.88,86,40.6,37.14,13.67,0.104,False
BGW-13,1,66,3.88,86,40.59,35.57,13.14,2.362,False
BGW-13,1,67,3.88,86,37.97,32.6,12.89,2.383,False
BGW-13,1,68,3.88,86,40.48,35.76,13.44,2.483,False
BGW-13,1,69,3.88,86,39.19,34.11,12.93,2.181,False
BGW-13,1,70,3.88,86,39.55,35.27,13.84,2.543,False
BGW-13,1,71,3.88,86,37.33,35.13,13.38,2.465,False
BGW-13,1,72,2.94,86,29.49,32.88,12.21,2.315,False
BGW-13,1,73,2.94,86,30.68,34.44,12.96,2.477,False
BGW-13,1,74,2.94,86,29.99,36.72,13.27,2.467,False
BGW-13,1,75,2.94,86,28.98,35.56,13.69,2.579,False
BGW-13,1,76,2.94,86,28.43,36.35,14.13,2.396,False
BGW-13,1,77,2.94,86,30.09,36.15,13.61,2.333,False
BGW-13,1,78,2.94,86,30.1,35.6,13.57,2.312,False
BGW-13,1,79,2.94,86,29.75,33.61,12.17,2.317,False
BGW-13,1,80,2.94,86,30.21,33.96,12.72,2.3,False
BGW-13,1,81,2.94,86,30.58,32.57,12.28,2.326,False
BGW-13,1,82,2.94,86,28.07,32.19,12.65,2.436,False
BGW-13,1,83,2.94,86,29.48,34.24,12.73,2.44,False
BGW-13,1,84,2.94,86,28.47,33.08,12.54,2.404,False
BGW-13,1,85,2.94,86,29.22,35.24,13.56,2.398,False
BGW-13,1,86,2.94,86,29.76,33.67,13.14,2.153,False
BGW-13,1,87,2.94,86,30.18,34.71,12.71,2.305,False
BGW-13,1,88,2.94,86,30.38,36.25,13.67,2.425,False
BGW-13,1,89,2.94,86,28.32,34.97,12.92,2.376,False
BGW-13,2,0,4.27,100,43.62,29.56,10.77,0.0,False
BGW-13,2,1,4.27,100,42.76,28.99,10.49,0.25,False
BGW-13,2,2,4.27,100,40.65,26.62,10.24,0.063,False
BGW-13,2,3,4.27,100,41.69,29.93,11.87,0.196,False
BGW-13,2,4,4.27,100,40.7,27.91,11.1,0.373,False
BGW-13,2,5,4.27,100,44.25,27.64,10.24,0.127,False
BGW-13,2,6,4.27,100,42.04,25.6,9.54,0.192,False
BGW-13,2,7,4.27,100,43.87,29.96,11.75,0.34,False
BGW-13,2,8,4.27,100,42.9,29.85,11.26,0.146,False
BGW-13,2,9,4.27,100,41.16,31.13,12.35,0.047,False
BGW-13,2,10,4.27,100,43.15,31.69,12.39,0.23,False
BGW-13,2,11,4.27,100,41.82,27.31,10.32,0.215,False
BGW-13,2,12,4.27,100,44.07,34.99,13.64,0.198,False
BGW-13,2,13,4.27,100,41.34,32.78,13.02,0.039,False
BGW-13,2,14,4.27,100,42.69,32.01,12.02,0.263,False
BGW-13,2,15,4.27,100,41.79,30.66,11.87,0.206,False
BGW-13,2,16,4.27,100,41.61,33.67,12.41,0.057,False
BGW-13,2,17,4.27,100,43.61,32.34,12.4,0.072,False
BGW-13,2,18,4.27,100,44.84,33.19,12.86,0.055,False
BGW-13,2,19,4.27,100,43.86,32.34,11.88,0.172,False
BGW-13,2,20,4.27,100,41.91,31.52,11.92,0.269,False
BGW-13,2,21,4.27,100,42.24,35.16,12.93,0.238,False
BGW-13,2,22,4.27,100,41.16,37.07,14.43,0.084,False
BGW-13,2,23,4.27,100,43.17,35.66,14.07,0.0,False
BGW-13,2,24,4.27,100,41.69,34.99,12.7,0.28,False
BGW-13,2,25,4.27,100,41.23,36.19,14.18,0.193,False
BGW-13,2,26,4.27,100,43.06,34.39,13.43,0.189,False
BGW-13,2,27,4.27,100,43.54,34.83,13.49,0.115,False
BGW-13,2,28,4.27,100,44.21,38.7,14.79,0.262,False
BGW-13,2,29,4.27,100,43.8,32.44,12.46,0.218,False
BGW-13,2,30,4.27,100,44.31,36.77,14.33,0.076,False
BGW-13,2,31,4.27,100,41.59,38.49,14.92,0.197,False
BGW-13,2,32,4.27,100,42.3,38.82,14.84,0.191,False
BGW-13,2,33,4.27,100,43.12,38.02,13.95,0.05,False
BGW-13,2,34,4.27,100,40.94,33.24,12.72,2.318,False
BGW-13,2,35,4.27,100,44.78,36.91,13.36,0.0,False
BGW-13,2,36,4.27,100,40.86,33.79,13.37,0.192,False
BGW-13,2,37,4.27,100,41.44,36.25,14.02,2.179,False
BGW-13,2,38,4.27,100,40.8,35.19,13.48,2.335,False
BGW-13,2,39,4.27,100,41.96,40.89,15.36,0.255,False
BGW-13,2,40,4.27,100,42.13,34.11,13.56,2.437,False
BGW-13,2,41,4.27,100,42.86,34.67,13.54,2.445,False
BGW-13,2,42,4.27,100,43.22,33.74,12.37,2.205,False
BGW-13,2,43,4.27,100,44.81,34.38,13.15,2.46,False
BGW-13,2,44,4.27,100,44.1,34.79,13.77,2.601,False
BGW-13,2,45,3.25,100,33.74,34.95,13.64,2.446,False
BGW-13,2,46,3.25,100,32.09,36.81,14.32,2.173,False
BGW-13,2,47,3.25,100,31.65,33.5,12.72,2.192,False
BGW-13,2,48,3.25,100,31.63,36.21,13.27,2.396,False
BGW-13,2,49,3.25,100,31.3,36.74,13.5,2.255,False
BGW-13,2,50,3.25,100,33.07,35.36,13.88,2.491,False
BGW-13,2,51,3.25,100,33.39,34.0,12.52,2.497,False
BGW-13,2,52,3.25,100,32.36,35.92,13.18,2.32,False
BGW-13,2,53,3.25,100,31.32,31.97,12.59,2.319,False
BGW-13,2,54,3.25,100,32.99,34.47,12.64,2.355,False
BGW-13,2,55,3.25,100,32.32,36.74,14.5,2.484,False
BGW-13,2,56,3.25,100,31.31,37.44,14.37,2.378,False
BGW-13,2,57,3.25,100,31.5,34.79,13.84,2.321,False
BGW-13,2,58,3.25,100,32.93,34.54,12.68,2.438,False
BGW-13,2,59,3.25,100,32.43,36.33,14.35,2.489,False
BGW-13,2,60,3.25,100,33.69,35.76,14.17,2.392,False
BGW-13,2,61,3.25,100,32.93,35.63,13.58,2.251,False
BGW-13,2,62,3.25,100,32.37,35.02,12.67,2.222,False
BGW-13,2,63,3.25,100,31.71,36.05,13.23,2.322,False
BGW-13,2,64,3.25,100,32.69,36.61,14.26,2.411,False
BGW-13,2,65,3.25,100,32.04,37.22,14.77,2.549,False
BGW-13,2,66,3.25,100,33.74,37.52,14.79,2.429,False
BGW-13,2,67,3.25,100,33.95,33.32,12.86,2.501,False
BGW-13,2,68,3.25,100,32.41,34.14,12.33,2.173,False
BGW-13,2,69,3.25,100,31.94,36.02,13.14,2.336,False
BGW-13,2,70,3.25,100,33.35,33.81,12.41,2.369,False
BGW-13,2,71,3.25,100,31.38,35.82,13.6,2.499,False
BGW-13,2,72,3.25,100,33.82,35.33,13.82,2.326,False
BGW-13,2,73,3.25,100,31.05,34.67,13.13,2.43,False
BGW-13,2,74,3.25,100,31.05,35.22,13.57,2.52,False
BGW-13,2,75,3.25,100,31.6,36.63,14.29,2.237,False
BGW-13,2,76,3.25,100,33.26,34.05,12.51,2.421,False
BGW-13,2,77,3.25,100,33.7,36.02,13.98,2.476,False
BGW-13,2,78,3.25,100,33.44,35.14,12.73,2.423,False
BGW-13,2,79,3.25,100,31.6,35.85,13.73,2.36,False
BGW-13,2,80,3.25,100,31.44,34.87,13.88,2.287,False
BGW-13,2,81,3.25,100,33.47,37.55,14.59,2.417,False
BGW-13,2,82,3.25,100,33.15,35.29,13.06,2.486,False
BGW-13,2,83,3.25,100,33.54,36.67,14.5,2.248,False
BGW-13,2,84,3.25,100,31.84,36.88,13.84,2.399,False
BGW-13,2,85,3.25,100,31.73,35.8,13.96,2.363,False
BGW-13,2,86,3.25,100,31.82,36.43,14.13,2.153,False
BGW-13,2,87,3.25,100,31.03,32.96,12.63,2.388,False
BGW-13,2,88,3.25,100,32.64,37.13,13.51,2.332,False
BGW-13,2,89,3.25,100,33.92,35.79,14.08,2.297,False
BGW-13,3,0,5.52,100,54.88,30.46,11.8,0.195,False
BGW-13,3,1,5.52,100,53.32,27.22,10.67,0.256,False
BGW-13,3,2,5.52,100,55.99,30.38,11.67,0.154,False
BGW-13,3,3,5.52,100,53.86,27.95,10.14,0.144,False
BGW-13,3,4,5.52,100,56.26,26.82,9.98,0.149,False
BGW-13,3,5,5.52,100,57.41,29.23,10.81,0.14,False
BGW-13,3,6,5.52,100,57.37,30.53,11.58,0.036,False
BGW-13,3,7,5.52,100,55.83,29.26,11.4,0.086,False
BGW-13,3,8,5.52,100,54.16,30.56,12.17,0.275,False
BGW-13,3,9,5.52,100,55.54,28.46,10.32,0.071,False
BGW-13,3,10,5.52,100,53.52,26.67,9.89,0.037,False
BGW-13,3,11,5.52,100,53.18,32.0,12.35,0.023,False
BGW-13,3,12,5.52,100,54.52,29.26,11.61,0.218,False
BGW-13,3,13,5.52,100,53.25,31.28,11.78,0.118,False
BGW-13,3,14,5.52,100,55.91,32.07,11.94,0.055,False
BGW-13,3,15,5.52,100,57.87,29.62,10.87,0.229,False
BGW-13,3,16,5.52,100,56.04,28.32,10.69,0.028,False
BGW-13,3,17,5.52,100,53.97,33.49,12.89,0.135,False
BGW-13,3,18,5.52,100,57.12,32.82,12.66,0.31,False
BGW-13,3,19,5.52,100,55.7,31.36,11.55,0.201,False
BGW-13,3,20,5.52,100,55.74,30.32,11.43,0.145,False
BGW-13,3,21,5.52,100,53.95,31.89,12.31,0.168,False
BGW-13,3,22,5.52,100,52.63,36.52,14.09,0.141,False
BGW-13,3,23,5.52,100,55.48,31.97,11.6,0.243,False
BGW-13,3,24,5.52,100,56.45,33.9,13.5,0.0,False
BGW-13,3,25,5.52,100,53.02,36.78,13.59,0.185,False
BGW-13,3,26,5.52,100,54.24,34.42,13.45,0.238,False
BGW-13,3,27,5.52,100,57.91,34.77,13.78,0.167,False
BGW-13,3,28,5.52,100,53.63,35.25,13.68,0.145,False
BGW-13,3,29,5.52,100,53.87,33.74,12.34,0.079,False
BGW-13,3,30,5.52,100,53.5,37.31,13.96,0.279,False
BGW-13,3,31,5.52,100,55.28,36.35,13.48,0.127,False
BGW-13,3,32,5.52,100,53.58,38.67,14.41,0.0,False
BGW-13,3,33,5.52,100,55.11,37.95,14.03,0.317,False
BGW-13,3,34,5.52,100,52.53,38.49,14.2,0.149,False
BGW-13,3,35,5.52,100,55.54,40.18,15.67,0.122,False
BGW-13,3,36,5.52,100,53.16,40.39,15.51,0.165,False
BGW-13,3,37,5.52,100,57.27,38.43,14.74,0.125,False
BGW-13,3,38,5.52,100,53.52,41.36,16.39,0.144,False
BGW-13,3,39,5.52,100,54.17,31.94,11.64,2.289,False
BGW-13,3,40,5.52,100,53.7,34.05,12.9,2.291,False
BGW-13,3,41,5.52,100,53.97,39.56,14.37,0.165,False
BGW-13,3,42,5.52,100,56.21,35.6,13.85,2.492,False
BGW-13,3,43,5.52,100,54.44,33.23,12.44,2.286,False
BGW-13,3,44,5.52,100,54.62,32.5,12.53,2.482,False
BGW-13,3,45,5.52,100,53.95,32.56,12.16,2.223,False
BGW-13,3,46,5.52,100,57.13,35.91,13.08,2.426,False
BGW-13,3,47,4.62,100,48.1,34.19,13.07,2.26,False
BGW-13,3,48,4.62,100,45.29,33.37,12.86,2.02,False
BGW-13,3,49,4.62,100,44.69,34.04,13.15,2.462,False
BGW-13,3,50,4.62,100,48.29,41.34,15.93,0.097,True
BGW-13,3,51,4.62,100,46.67,34.9,13.32,2.318,False
BGW-13,3,52,4.62,100,44.05,35.27,13.64,2.362,False
BGW-13,3,53,4.62,100,47.14,36.78,14.4,2.328,False
BGW-13,3,54,4.62,100,48.19,34.36,12.47,2.362,False
BGW-13,3,55,4.62,100,44.82,32.6,12.29,2.374,False
BGW-13,3,56,4.62,100,46.18,37.21,13.71,2.312,False
BGW-13,3,57,4.62,100,46.98,34.16,12.52,2.467,False
BGW-13,3,58,4.62,100,46.14,34.37,12.45,2.27,False
BGW-13,3,59,4.62,100,47.8,35.41,13.37,2.299,False
BGW-13,3,60,4.62,100,47.42,35.34,13.81,2.336,False
BGW-13,3,61,4.62,100,47.96,33.42,13.15,2.54,False
BGW-13,3,62,4.62,100,47.17,36.21,13.16,2.329,False
BGW-13,3,63,4.62,100,48.36,38.1,14.69,2.444,False
BGW-13,3,64,4.62,100,45.55,33.39,12.84,2.286,False
BGW-13,3,65,4.62,100,44.0,35.78,14.01,2.303,False
BGW-13,3,66,4.62,100,47.77,36.41,14.22,2.328,False
BGW-13,3,67,4.62,100,48.25,33.61,12.19,2.256,False
BGW-13,3,68,4.62,100,45.0,36.32,13.25,2.428,False
BGW-13,3,69,4.62,100,44.92,36.93,13.97,2.375,False
BGW-13,3,70,4.62,100,48.24,36.06,13.05,2.419,False
BGW-13,3,71,4.62,100,44.16,32.8,12.52,2.421,False
BGW-13,3,72,4.62,100,46.47,37.23,13.58,2.294,False
BGW-13,3,73,4.62,100,47.99,33.07,12.54,2.37,False
BGW-13,3,74,4.62,100,48.41,36.16,14.25,2.42,False
BGW-13,3,75,4.62,100,48.21,38.24,15.1,2.374,False
BGW-13,3,76,4.62,100,47.96,34.23,13.24,2.344,False
BGW-13,3,77,4.62,100,47.35,33.96,13.21,2.22,False
BGW-13,3,78,4.62,100,44.52,34.2,12.35,2.384,False
BGW-13,3,79,4.62,100,47.02,34.29,13.59,2.183,False
BGW-13,3,80,4.62,100,48.3,35.21,13.15,2.241,False
BGW-13,3,81,4.62,100,48.21,36.59,14.1,2.343,False
BGW-13,3,82,4.62,100,47.45,35.59,14.03,2.318,False
BGW-13,3,83,4.62,100,44.66,36.05,13.31,2.478,False
BGW-13,3,84,4.62,100,44.99,36.24,13.62,2.142,False
BGW-13,3,85,4.62,100,44.83,34.25,13.47,2.453,False
BGW-13,3,86,4.62,100,45.36,33.48,12.88,2.336,False
BGW-13,3,87,4.62,100,48.3,33.39,13.26,2.43,False
BGW-13,3,88,4.62,100,46.23,33.1,13.11,2.226,False
BGW-13,3,89,4.62,100,47.02,34.26,13.09,2.218,False
BGW-13,4,0,6.23,144,64.55,29.1,11.38,0.317,False
BGW-13,4,1,6.23,144,65.17,31.47,12.34,0.147,False
BGW-13,4,2,6.23,144,62.37,27.36,10.08,0.223,False
BGW-13,4,3,6.23,144,60.24,28.22,10.39,0.277,False
BGW-13,4,4,6.23,144,61.34,29.65,11.04,0.209,False
BGW-13,4,5,6.23,144,61.12,26.51,10.41,0.0,False
BGW-13,4,6,6.23,144,60.23,27.22,10.11,0.207,False
BGW-13,4,7,6.23,144,59.17,29.67,10.81,0.15,False
BGW-13,4,8,6.23,144,61.32,29.68,11.01,0.037,False
BGW-13,4,9,6.23,144,64.0,27.32,10.61,0.227,False
BGW-13,4,10,6.23,144,62.2,30.62,11.89,0.081,False
BGW-13,4,11,6.23,144,64.71,27.3,10.25,0.132,False
BGW-13,4,12,6.23,144,64.2,31.02,11.97,0.234,False
BGW-13,4,13,6.23,144,63.83,30.06,11.3,0.187,False
BGW-13,4,14,6.23,144,63.06,27.02,10.61,0.083,False
BGW-13,4,15,6.23,144,59.23,28.37,11.04,0.161,False
BGW-13,4,16,6.23,144,62.95,29.1,11.26,0.466,False
BGW-13,4,17,6.23,144,64.83,30.51,11.95,0.228,False
BGW-13,4,18,6.23,144,60.64,28.35,11.03,0.115,False
BGW-13,4,19,6.23,144,64.94,32.09,12.66,0.098,False
BGW-13,4,20,6.23,144,63.44,31.68,11.58,0.207,False
BGW-13,4,21,6.23,144,65.1,31.46,11.5,0.201,False
BGW-13,4,22,6.23,144,62.04,27.91,10.91,0.091,False
BGW-13,4,23,6.23,144,63.6,31.28,12.07,0.042,False
BGW-13,4,24,6.23,144,60.08,32.63,12.61,0.076,False
BGW-13,4,25,6.23,144,64.89,32.27,12.16,0.254,False
BGW-13,4,26,6.23,144,64.15,31.95,12.45,0.036,False
BGW-13,4,27,6.23,144,61.46,33.7,12.42,0.253,False
BGW-13,4,28,6.23,144,59.61,36.6,13.33,0.18,False
BGW-13,4,29,6.23,144,63.25,35.63,13.67,0.0,False
BGW-13,4,30,6.23,144,64.08,35.63,12.96,0.222,False
BGW-13,4,31,6.23,144,59.92,33.92,12.94,0.103,False
BGW-13,4,32,6.23,144,63.94,34.28,12.84,0.247,False
BGW-13,4,33,6.23,144,61.05,34.08,12.49,0.23,False
BGW-13,4,34,6.23,144,59.42,35.86,13.73,0.147,False
BGW-13,4,35,6.23,144,65.07,34.23,13.48,0.297,False
BGW-13,4,36,6.23,144,60.08,34.25,13.49,0.216,False
BGW-13,4,37,6.23,144,60.9,35.49,13.8,0.123,False
BGW-13,4,38,6.23,144,60.35,36.99,13.93,0.306,False
BGW-13,4,39,6.23,144,64.92,36.21,14.27,0.33,False
BGW-13,4,40,6.23,144,64.34,35.53,13.23,0.2,False
BGW-13,4,41,6.23,144,59.2,39.62,15.0,0.026,False
BGW-13,4,42,6.23,144,60.04,38.75,14.86,0.169,False
BGW-13,4,43,6.23,144,59.65,35.95,14.3,0.136,False
BGW-13,4,44,6.23,144,64.0,40.62,15.65,0.091,False
BGW-13,4,45,6.23,144,65.16,39.23,15.05,0.214,False
BGW-13,4,46,6.23,144,65.23,37.84,14.39,0.044,False
BGW-13,4,47,6.23,144,63.89,36.78,14.44,0.111,False
BGW-13,4,48,6.23,144,62.05,39.76,14.62,0.202,False
BGW-13,4,49,6.23,144,61.77,35.34,13.23,0.244,False
BGW-13,4,50,6.23,144,61.66,36.7,14.21,0.196,False
BGW-13,4,51,6.23,144,65.15,38.75,14.75,0.113,False
BGW-13,4,52,6.23,144,63.24,41.0,15.73,0.199,False
BGW-13,4,53,6.23,144,65.24,40.94,16.07,0.019,False
BGW-13,4,54,6.23,144,60.28,38.41,14.44,0.0,False
BGW-13,4,55,6.23,144,61.36,40.13,14.98,0.199,False
BGW-13,4,56,6.23,144,62.76,35.01,12.91,2.202,False
BGW-13,4,57,6.23,144,63.92,35.02,13.21,2.345,False
BGW-13,4,58,6.23,144,65.01,35.7,13.26,0.048,False
BGW-13,4,59,6.23,144,59.18,40.11,15.66,0.177,False
BGW-13,4,60,6.23,144,65.18,35.43,12.82,2.244,False
BGW-13,4,61,6.23,144,61.53,34.53,13.62,2.257,False
BGW-13,4,62,6.23,144,62.64,34.33,12.43,2.366,False
BGW-13,4,63,6.23,144,59.94,39.37,14.49,0.191,False
BGW-13,4,64,6.23,144,59.48,39.81,15.0,0.23,False
BGW-13,4,65,6.23,144,61.34,34.61,13.03,2.22,False
BGW-13,4,66,6.23,144,59.64,32.32,12.49,2.286,False
BGW-13,4,67,6.23,144,59.72,36.01,14.03,2.372,False
BGW-13,4,68,6.23,144,63.71,36.12,13.87,2.524,False
BGW-13,4,69,6.23,144,59.77,32.9,12.51,2.255,False
BGW-13,4,70,6.23,144,59.63,35.4,12.88,2.401,False
BGW-13,4,71,6.23,144,64.34,35.13,12.79,2.304,False
BGW-13,4,72,5.02,144,50.78,34.97,13.3,2.272,False
BGW-13,4,73,5.02,144,49.21,34.58,12.91,2.37,False
BGW-13,4,74,5.02,144,51.45,34.29,13.5,2.04,False
BGW-13,4,75,5.02,144,50.31,36.65,13.69,2.357,False
BGW-13,4,76,5.02,144,49.13,31.56,12.05,2.352,False
BGW-13,4,77,5.02,144,48.18,36.36,14.32,2.49,False
BGW-13,4,78,5.02,144,50.98,30.68,11.44,2.38,False
BGW-13,4,79,5.02,144,48.48,34.97,13.13,2.364,False
BGW-13,4,80,5.02,144,49.4,34.34,13.61,2.273,False
BGW-13,4,81,5.02,144,49.03,34.89,13.82,2.261,False
BGW-13,4,82,5.02,144,47.8,36.82,13.6,2.325,False
BGW-13,4,83,5.02,144,50.66,34.28,13.5,2.244,False
BGW-13,4,84,5.02,144,50.21,35.51,13.59,2.328,False
BGW-13,4,85,5.02,144,48.28,34.46,13.7,2.32,False
BGW-13,4,86,5.02,144,49.41,32.3,11.68,2.371,False
BGW-13,4,87,5.02,144,51.0,35.36,14.07,2.526,False
BGW-13,4,88,5.02,144,48.83,33.79,12.37,2.163,False
BGW-13,4,89,5.02,144,51.72,37.08,14.36,2.276,False
BGW-13,5,0,4.3,144,43.32,27.83,11.03,0.242,False
BGW-13,5,1,4.3,144,44.88,26.28,9.74,0.206,False
BGW-13,5,2,4.3,144,44.03,29.35,11.55,0.151,False
BGW-13,5,3,4.3,144,42.04,29.47,11.68,0.201,False
BGW-13,5,4,4.3,144,42.6,29.42,10.88,0.088,False
BGW-13,5,5,4.3,144,40.89,29.23,10.68,0.094,False
BGW-13,5,6,4.3,144,42.48,27.89,10.81,0.228,False
BGW-13,5,7,4.3,144,41.32,28.65,11.36,0.039,False
BGW-13,5,8,4.3,144,44.98,26.55,9.71,0.135,False
BGW-13,5,9,4.3,144,44.86,27.71,10.48,0.207,False
BGW-13,5,10,4.3,144,41.24,27.64,10.9,0.0,False
BGW-13,5,11,4.3,144,43.06,30.26,11.08,0.193,False
BGW-13,5,12,4.3,144,41.52,29.86,11.11,0.032,False
BGW-13,5,13,4.3,144,45.08,30.78,11.74,0.331,False
BGW-13,5,14,4.3,144,44.16,30.45,11.59,0.306,False
BGW-13,5,15,4.3,144,44.88,29.98,10.98,0.283,False
BGW-13,5,16,4.3,144,44.94,30.99,12.07,0.224,False
BGW-13,5,17,4.3,144,43.77,32.11,12.26,0.063,False
BGW-13,5,18,4.3,144,44.71,30.16,11.32,0.042,False
BGW-13,5,19,4.3,144,43.24,31.33,11.88,0.176,False
BGW-13,5,20,4.3,144,43.77,29.37,11.11,0.294,False
BGW-13,5,21,4.3,144,41.32,28.53,11.06,0.299,False
BGW-13,5,22,4.3,144,42.01,30.05,11.04,0.091,False
BGW-13,5,23,4.3,144,44.0,31.38,11.52,0.211,False
BGW-13,5,24,4.3,144,44.23,29.36,11.65,0.118,False
BGW-13,5,25,4.3,144,44.3,31.49,12.26,0.14,False
BGW-13,5,26,4.3,144,44.11,29.85,11.24,0.174,False
BGW-13,5,27,4.3,144,44.98,33.58,12.86,0.0,False
BGW-13,5,28,4.3,144,43.54,33.15,12.09,0.291,False
BGW-13,5,29,4.3,144,40.9,33.76,13.34,0.217,False
BGW-13,5,30,4.3,144,42.63,32.24,11.65,0.277,False
BGW-13,5,31,4.3,144,42.69,33.84,12.61,0.106,False
BGW-13,5,32,4.3,144,41.5,33.84,13.29,0.231,False
BGW-13,5,33,4.3,144,42.0,31.94,11.73,0.183,False
BGW-13,5,34,4.3,144,43.53,33.42,12.75,0.159,False
BGW-13,5,35,4.3,144,43.76,30.79,11.58,0.043,False
BGW-13,5,36,4.3,144,44.41,34.11,12.58,0.052,False
BGW-13,5,37,4.3,144,42.72,36.64,14.53,0.116,False
BGW-13,5,38,4.3,144,45.06,32.43,12.75,0.049,False
BGW-13,5,39,4.3,144,43.36,31.08,12.07,0.226,False
BGW-13,5,40,4.3,144,42.7,32.18,12.71,0.314,False
BGW-13,5,41,4.3,144,42.84,34.77,12.8,0.297,False
BGW-13,5,42,4.3,144,41.23,33.89,13.29,0.092,False
BGW-13,5,43,4.3,144,41.41,35.93,14.33,0.111,False
BGW-13,5,44,4.3,144,42.73,35.41,13.07,0.335,False
BGW-13,5,45,4.3,144,41.55,35.63,13.52,0.145,False
BGW-13,5,46,4.3,144,44.38,32.9,12.01,0.149,False
BGW-13,5,47,4.3,144,44.41,35.41,13.67,0.107,False
BGW-13,5,48,4.3,144,40.91,36.97,14.26,0.086,False
BGW-13,5,49,4.3,144,44.49,37.91,14.05,0.33,False
BGW-13,5,50,4.3,144,42.9,36.27,13.97,0.198,False
BGW-13,5,51,4.3,144,42.8,35.74,13.08,0.069,False
BGW-13,5,52,4.3,144,42.8,36.63,14.42,0.0,False
BGW-13,5,53,4.3,144,43.53,35.2,13.85,0.176,False
BGW-13,5,54,4.3,144,44.64,38.6,14.79,0.267,False
BGW-13,5,55,4.3,144,43.24,36.55,13.53,0.081,False
BGW-13,5,56,4.3,144,44.1,37.75,14.94,0.144,False
BGW-13,5,57,4.3,144,41.19,38.93,14.71,0.183,False
BGW-13,5,58,4.3,144,44.75,38.48,14.94,0.26,False
BGW-13,5,59,4.3,144,41.13,37.25,14.66,0.228,False
BGW-13,5,60,4.3,144,40.92,38.37,15.11,0.015,False
BGW-13,5,61,4.3,144,42.54,40.0,15.75,0.132,False
BGW-13,5,62,4.3,144,44.45,37.23,14.27,0.115,False
BGW-13,5,63,4.3,144,41.16,36.37,14.44,0.356,False
BGW-13,5,64,4.3,144,42.76,38.73,15.34,0.09,False
BGW-13,5,65,4.3,144,44.38,39.34,14.72,0.248,False
BGW-13,5,66,4.3,144,42.46,35.37,13.42,0.166,False
BGW-13,5,67,4.3,144,43.71,35.69,14.19,2.478,False
BGW-13,5,68,4.3,144,43.44,40.16,14.64,0.198,False
BGW-13,5,69,4.3,144,45.02,39.94,15.92,0.071,False
BGW-13,5,70,4.3,144,41.29,39.59,15.78,0.129,False
BGW-13,5,71,4.3,144,44.6,33.89,13.47,2.455,False
BGW-13,5,72,4.3,144,41.68,39.68,15.37,0.095,False
BGW-13,5,73,4.3,144,40.99,33.8,12.67,2.312,False
BGW-13,5,74,4.3,144,40.86,33.88,12.89,2.545,False
BGW-13,5,75,4.3,144,42.4,35.63,13.4,2.357,False
BGW-13,5,76,4.3,144,42.2,34.13,13.52,2.445,False
BGW-13,5,77,4.3,144,43.03,33.64,12.58,2.492,False
BGW-13,5,78,4.3,144,41.14,31.94,12.49,2.403,False
BGW-13,5,79,4.3,144,44.3,40.91,15.99,0.001,False
BGW-13,5,80,4.3,144,44.01,33.37,12.75,2.458,False
BGW-13,5,81,4.3,144,44.13,33.13,12.07,2.302,False
BGW-13,5,82,4.3,144,43.74,37.35,14.14,2.334,False
BGW-13,5,83,4.3,144,44.61,30.99,11.58,2.277,False
BGW-13,5,84,4.3,144,43.77,32.73,12.31,2.251,False
BGW-13,5,85,3.38,144,34.7,31.67,12.01,2.548,False
BGW-13,5,86,3.38,144,33.88,34.48,12.6,2.303,False
BGW-13,5,87,3.38,144,34.72,41.13,15.84,0.187,True
BGW-13,5,88,3.38,144,33.57,34.66,13.76,2.474,False
BGW-13,5,89,3.38,144,33.47,35.58,13.75,2.422,False
BGW-13,6,0,6.25,100,60.92,29.53,10.93,0.032,False
BGW-13,6,1,6.25,100,62.91,30.31,11.47,0.144,False
BGW-13,6,2,6.25,100,63.49,28.94,11.44,0.111,False
BGW-13,6,3,6.25,100,60.25,30.73,12.17,0.154,False
BGW-13,6,4,6.25,100,64.36,27.39,10.09,0.196,False
BGW-13,6,5,6.25,100,62.68,28.0,10.36,0.211,False
BGW-13,6,6,6.25,100,64.72,25.96,9.63,0.329,False
BGW-13,6,7,6.25,100,62.04,28.43,10.93,0.158,False
BGW-13,6,8,6.25,100,65.31,29.21,10.78,0.192,False
BGW-13,6,9,6.25,100,62.43,28.74,11.31,0.001,False
BGW-13,6,10,6.25,100,63.83,28.36,11.11,0.239,False
BGW-13,6,11,6.25,100,65.36,29.83,10.93,0.064,False
BGW-13,6,12,6.25,100,65.29,28.97,11.35,0.143,False
BGW-13,6,13,6.25,100,65.0,28.63,11.29,0.0,False
BGW-13,6,14,6.25,100,59.74,31.49,12.09,0.0,False
BGW-13,6,15,6.25,100,63.09,28.66,10.98,0.316,False
BGW-13,6,16,6.25,100,61.62,29.72,11.34,0.227,False
BGW-13,6,17,6.25,100,61.45,29.47,11.66,0.215,False
BGW-13,6,18,6.25,100,60.29,29.87,11.66,0.0,False
BGW-13,6,19,6.25,100,63.43,29.06,10.68,0.274,False
BGW-13,6,20,6.25,100,65.6,29.29,11.65,0.081,False
BGW-13,6,21,6.25,100,60.64,31.32,12.02,0.112,False
BGW-13,6,22,6.25,100,61.2,29.62,10.73,0.08,False
BGW-13,6,23,6.25,100,61.7,31.38,11.37,0.0,False
BGW-13,6,24,6.25,100,64.49,29.47,11.2,0.077,False
BGW-13,6,25,6.25,100,59.54,29.77,11.44,0.078,False
BGW-13,6,26,6.25,100,64.41,32.11,11.83,0.215,False
BGW-13,6,27,6.25,100,65.44,28.67,10.92,0.295,False
BGW-13,6,28,6.25,100,64.46,33.32,12.61,0.06,False
BGW-13,6,29,6.25,100,62.68,33.45,12.22,0.224,False
BGW-13,6,30,6.25,100,59.72,32.5,12.71,0.101,False
BGW-13,6,31,6.25,100,65.16,31.46,12.39,0.185,False
BGW-13,6,32,6.25,100,65.54,31.21,11.9,0.0,False
BGW-13,6,33,6.25,100,61.29,33.35,13.1,0.225,False
BGW-13,6,34,6.25,100,65.27,31.03,12.21,0.06,False
BGW-13,6,35,6.25,100,64.5,35.51,14.13,0.18,False
BGW-13,6,36,6.25,100,62.97,33.54,13.28,0.21,False
BGW-13,6,37,6.25,100,62.7,35.09,13.92,0.25,False
BGW-13,6,38,6.25,100,59.46,34.59,13.47,0.038,False
BGW-13,6,39,6.25,100,60.76,36.34,13.5,0.0,False
BGW-13,6,40,6.25,100,63.5,33.43,13.28,0.0,False
BGW-13,6,41,6.25,100,59.59,35.37,13.79,0.138,False
BGW-13,6,42,6.25,100,63.52,35.84,13.84,0.104,False
BGW-13,6,43,6.25,100,61.36,33.29,12.79,0.103,False
BGW-13,6,44,6.25,100,64.13,36.68,13.63,0.269,False
BGW-13,6,45,6.25,100,65.38,36.36,13.5,0.259,False
BGW-13,6,46,6.25,100,63.5,38.29,14.77,0.101,False
BGW-13,6,47,6.25,100,62.58,36.37,13.52,0.22,False
BGW-13,6,48,6.25,100,61.01,38.88,14.66,0.19,False
BGW-13,6,49,6.25,100,61.0,36.82,13.46,0.097,False
BGW-13,6,50,6.25,100,62.64,37.63,14.38,0.038,False
BGW-13,6,51,6.25,100,59.56,34.82,13.26,0.203,False
BGW-13,6,52,6.25,100,63.65,38.68,13.99,0.335,False
BGW-13,6,53,6.25,100,61.18,37.26,14.77,0.116,False
BGW-13,6,54,6.25,100,61.79,35.33,13.45,0.236,False
BGW-13,6,55,6.25,100,65.49,37.1,14.41,0.296,False
BGW-13,6,56,6.25,100,63.77,36.28,13.16,0.186,False
BGW-13,6,57,6.25,100,62.14,37.46,14.32,0.392,False
BGW-13,6,58,6.25,100,59.92,35.76,13.86,0.074,False
BGW-13,6,59,6.25,100,63.19,40.92,16.06,0.136,False
BGW-13,6,60,6.25,100,65.63,38.49,14.87,0.297,False
BGW-13,6,61,6.25,100,62.88,38.14,13.85,0.077,False
BGW-13,6,62,6.25,100,64.23,41.66,15.5,0.215,False
BGW-13,6,63,6.25,100,60.76,37.68,14.97,0.207,False
BGW-13,6,64,6.25,100,61.43,40.88,16.08,0.174,False
BGW-13,6,65,6.25,100,64.5,41.43,15.21,0.081,False
BGW-13,6,66,6.25,100,63.79,37.61,13.92,0.044,False
BGW-13,6,67,6.25,100,64.24,40.61,16.1,0.172,False
BGW-13,6,68,6.25,100,63.97,35.22,13.48,2.461,False
BGW-13,6,69,6.25,100,65.16,41.37,15.18,0.196,False
BGW-13,6,70,6.25,100,64.39,40.95,15.89,0.119,False
BGW-13,6,71,6.25,100,65.03,36.54,13.84,2.472,False
BGW-13,6,72,6.25,100,64.0,32.57,12.07,2.359,False
BGW-13,6,73,6.25,100,61.74,32.8,11.84,2.471,False
BGW-13,6,74,6.25,100,61.87,39.26,14.89,0.277,False
BGW-13,6,75,6.25,100,64.68,37.28,14.49,2.27,False
BGW-13,6,76,6.25,100,65.01,35.57,13.92,2.222,False
BGW-13,6,77,6.25,100,60.84,36.6,13.75,2.334,False
BGW-13,6,78,6.25,100,60.28,30.47,11.73,2.275,False
BGW-13,6,79,6.25,100,60.15,35.15,13.2,2.496,False
BGW-13,6,80,5.24,100,54.04,33.66,12.65,2.305,False
BGW-13,6,81,5.24,100,51.5,32.28,12.57,2.415,False
BGW-13,6,82,5.24,100,53.14,33.69,13.11,2.441,False
BGW-13,6,83,5.24,100,50.68,33.93,13.22,2.305,False
BGW-13,6,84,5.24,100,53.22,36.06,13.5,2.402,False
BGW-13,6,85,5.24,100,51.84,34.46,12.55,2.325,False
BGW-13,6,86,5.24,100,53.45,34.86,12.9,2.158,False
BGW-13,6,87,5.24,100,51.69,33.32,13.24,2.391,False
BGW-13,6,88,5.24,100,50.27,33.93,13.23,2.314,False
BGW-13,6,89,5.24,100,53.01,35.42,14.05,2.195,False
BGW-13,7,0,4.25,120,41.51,26.96,10.3,0.245,False
BGW-13,7,1,4.25,120,43.47,31.27,12.32,0.0,False
BGW-13,7,2,4.25,120,42.65,28.35,10.4,0.114,False
BGW-13,7,3,4.25,120,44.25,28.72,11.39,0.0,False
BGW-13,7,4,4.25,120,41.86,28.55,10.95,0.133,False
BGW-13,7,5,4.25,120,43.5,28.44,11.13,0.137,False
BGW-13,7,6,4.25,120,44.32,30.3,11.3,0.17,False
BGW-13,7,7,4.25,120,41.51,30.64,11.92,0.0,False
BGW-13,7,8,4.25,120,42.2,27.68,10.23,0.249,False
BGW-13,7,9,4.25,120,44.45,28.95,10.57,0.027,False
BGW-13,7,10,4.25,120,42.76,30.74,11.8,0.271,False
BGW-13,7,11,4.25,120,40.85,31.52,11.82,0.157,False
BGW-13,7,12,4.25,120,41.43,30.81,11.45,0.019,False
BGW-13,7,13,4.25,120,43.65,29.58,10.93,0.004,False
BGW-13,7,14,4.25,120,43.61,32.06,11.98,0.16,False
BGW-13,7,15,4.25,120,43.19,30.14,11.08,0.058,False
BGW-13,7,16,4.25,120,41.32,29.96,11.8,0.031,False
BGW-13,7,17,4.25,120,42.4,30.2,11.25,0.093,False
BGW-13,7,18,4.25,120,44.42,30.76,11.66,0.267,False
BGW-13,7,19,4.25,120,44.26,31.76,12.0,0.185,False
BGW-13,7,20,4.25,120,40.37,32.91,12.8,0.22,False
BGW-13,7,21,4.25,120,43.12,34.09,13.03,0.0,False
BGW-13,7,22,4.25,120,43.28,32.38,12.79,0.162,False
BGW-13,7,23,4.25,120,40.44,32.5,12.62,0.107,False
BGW-13,7,24,4.25,120,43.89,32.36,12.16,0.027,False
BGW-13,7,25,4.25,120,42.92,36.1,13.76,0.301,False
BGW-13,7,26,4.25,120,40.69,37.06,14.45,0.067,False
BGW-13,7,27,4.25,120,43.17,32.81,12.1,0.1,False
BGW-13,7,28,4.25,120,41.47,36.2,13.84,0.224,False
BGW-13,7,29,4.25,120,43.24,36.58,14.06,0.129,False
BGW-13,7,30,4.25,120,42.66,34.92,12.69,0.282,False
BGW-13,7,31,4.25,120,43.5,35.92,13.83,0.095,False
BGW-13,7,32,4.25,120,41.46,37.2,14.58,0.093,False
BGW-13,7,33,4.25,120,42.99,34.97,13.41,0.151,False
BGW-13,7,34,4.25,120,42.58,34.05,12.68,0.195,False
BGW-13,7,35,4.25,120,44.42,34.87,13.45,0.176,False
BGW-13,7,36,4.25,120,40.34,38.36,14.25,0.123,False
BGW-13,7,37,4.25,120,40.47,38.86,14.84,0.112,False
BGW-13,7,38,4.25,120,42.38,37.87,14.8,0.1,False
BGW-13,7,39,4.25,120,43.82,38.91,14.73,0.126,False
BGW-13,7,40,4.25,120,43.21,39.59,15.63,0.142,False
BGW-13,7,41,4.25,120,43.75,40.03,15.12,0.062,False
BGW-13,7,42,4.25,120,43.8,38.4,14.46,0.103,False
BGW-13,7,43,4.25,120,43.1,36.51,13.4,0.07,False
BGW-13,7,44,4.25,120,42.23,38.99,14.17,0.172,False
BGW-13,7,45,4.25,120,43.13,30.11,11.13,2.354,False
BGW-13,7,46,4.25,120,40.72,39.28,14.94,0.055,False
BGW-13,7,47,4.25,120,44.11,37.55,14.14,2.309,False
BGW-13,7,48,4.25,120,43.57,33.53,13.04,2.368,False
BGW-13,7,49,4.25,120,40.67,35.11,12.68,2.268,False
BGW-13,7,50,4.25,120,44.51,31.67,11.89,2.518,False
BGW-13,7,51,4.25,120,43.16,35.07,13.11,2.345,False
BGW-13,7,52,3.28,120,32.83,35.78,14.14,2.207,False
BGW-13,7,53,3.28,120,33.45,35.48,13.78,2.335,False
BGW-13,7,54,3.28,120,33.2,34.07,12.32,2.422,False
BGW-13,7,55,3.28,120,31.42,34.75,12.63,2.312,False
BGW-13,7,56,3.28,120,32.66,36.4,13.31,2.328,False
BGW-13,7,57,3.28,120,33.24,41.59,16.39,0.101,True
BGW-13,7,58,3.28,120,34.28,35.53,13.97,2.323,False
BGW-13,7,59,3.28,120,33.69,36.1,13.04,2.493,False
BGW-13,7,60,3.28,120,32.82,35.03,12.88,2.473,False
BGW-13,7,61,3.28,120,31.58,33.44,12.55,2.372,False
BGW-13,7,62,3.28,120,34.1,33.58,13.12,2.282,False
BGW-13,7,63,3.28,120,32.39,34.07,13.38,2.478,False
BGW-13,7,64,3.28,120,33.26,34.77,13.54,2.375,False
BGW-13,7,65,3.28,120,32.4,36.9,14.51,2.479,False
BGW-13,7,66,3.28,120,31.62,35.52,13.41,2.181,False
BGW-13,7,67,3.28,120,32.21,33.65,12.97,2.265,False
BGW-13,7,68,3.28,120,32.4,37.55,14.23,2.424,False
BGW-13,7,69,3.28,120,34.23,35.24,13.58,2.291,False
BGW-13,7,70,3.28,120,33.29,32.09,12.73,2.318,False
BGW-13,7,71,3.28,120,31.98,37.42,14.17,2.328,False
BGW-13,7,72,3.28,120,31.85,34.16,13.45,2.297,False
BGW-13,7,73,3.28,120,33.69,35.32,14.06,2.399,False
BGW-13,7,74,3.28,120,31.46,37.48,14.83,2.121,False
BGW-13,7,75,3.28,120,33.55,35.52,13.09,2.457,False
BGW-13,7,76,3.28,120,32.74,35.99,14.26,2.348,False
BGW-13,7,77,3.28,120,33.32,33.35,13.14,2.327,False
BGW-13,7,78,3.28,120,31.97,34.15,12.68,2.377,False
BGW-13,7,79,3.28,120,33.08,34.85,13.66,2.32,False
BGW-13,7,80,3.28,120,31.34,34.88,13.44,2.377,False
BGW-13,7,81,3.28,120,32.21,32.9,13.08,2.382,False
BGW-13,7,82,3.28,120,33.72,37.48,14.62,2.36,False
BGW-13,7,83,3.28,120,33.14,35.47,13.56,2.2,False
BGW-13,7,84,3.28,120,34.2,34.43,12.46,2.521,False
BGW-13,7,85,3.28,120,33.71,33.52,13.31,2.433,False
BGW-13,7,86,3.28,120,34.36,36.49,13.86,2.326,False
BGW-13,7,87,3.28,120,31.15,34.44,13.25,2.324,False
BGW-13,7,88,3.28,120,34.28,35.66,13.85,2.32,False
BGW-13,7,89,3.28,120,33.41,34.41,13.09,2.19,False
BGW-13,8,0,5.91,144,61.97,30.13,10.99,0.246,False
BGW-13,8,1,5.91,144,56.69,27.56,10.01,0.036,False
BGW-13,8,2,5.91,144,57.79,28.07,11.14,0.217,False
BGW-13,8,3,5.91,144,60.82,28.54,10.42,0.242,False
BGW-13,8,4,5.91,144,61.24,27.65,9.99,0.117,False
BGW-13,8,5,5.91,144,58.93,27.37,10.46,0.133,False
BGW-13,8,6,5.91,144,57.76,29.3,11.18,0.225,False
BGW-13,8,7,5.91,144,56.2,24.96,9.34,0.222,False
BGW-13,8,8,5.91,144,57.55,27.4,10.75,0.041,False
BGW-13,8,9,5.91,144,61.72,28.55,11.05,0.001,False
BGW-13,8,10,5.91,144,58.49,29.18,10.81,0.064,False
BGW-13,8,11,5.91,144,61.51,27.71,10.91,0.06,False
BGW-13,8,12,5.91,144,58.52,29.41,11.67,0.108,False
BGW-13,8,13,5.91,144,59.75,28.17,10.19,0.171,False
BGW-13,8,14,5.91,144,57.24,27.35,9.91,0.395,False
BGW-13,8,15,5.91,144,59.81,27.58,10.81,0.153,False
BGW-13,8,16,5.91,144,59.72,29.33,11.3,0.155,False
BGW-13,8,17,5.91,144,61.77,30.14,11.42,0.0,False
BGW-13,8,18,5.91,144,56.78,30.25,11.74,0.117,False
BGW-13,8,19,5.91,144,61.95,30.32,11.14,0.202,False
BGW-13,8,20,5.91,144,59.3,29.66,11.62,0.13,False
BGW-13,8,21,5.91,144,61.97,32.08,12.52,0.07,False
BGW-13,8,22,5.91,144,60.82,30.7,11.52,0.124,False
BGW-13,8,23,5.91,144,58.57,29.62,11.67,0.346,False
BGW-13,8,24,5.91,144,57.59,31.69,11.94,0.033,False
BGW-13,8,25,5.91,144,56.83,33.3,13.02,0.269,False
BGW-13,8,26,5.91,144,60.62,29.37,10.76,0.093,False
BGW-13,8,27,5.91,144,56.72,34.35,13.34,0.162,False
BGW-13,8,28,5.91,144,60.55,29.86,11.16,0.13,False
BGW-13,8,29,5.91,144,59.11,33.67,12.19,0.08,False
BGW-13,8,30,5.91,144,59.51,29.84,10.92,0.111,False
BGW-13,8,31,5.91,144,59.09,32.3,11.75,0.157,False
BGW-13,8,32,5.91,144,57.13,32.4,12.29,0.229,False
BGW-13,8,33,5.91,144,60.59,33.52,12.67,0.272,False
BGW-13,8,34,5.91,144,59.67,33.72,12.48,0.319,False
BGW-13,8,35,5.91,144,59.2,33.57,12.19,0.162,False
BGW-13,8,36,5.91,144,61.08,34.55,13.51,0.0,False
BGW-13,8,37,5.91,144,62.02,33.42,12.87,0.05,False
BGW-13,8,38,5.91,144,61.96,35.84,14.24,0.085,False
BGW-13,8,39,5.91,144,61.12,35.11,13.57,0.054,False
BGW-13,8,40,5.91,144,59.03,34.4,12.43,0.283,False
BGW-13,8,41,5.91,144,59.4,35.36,13.76,0.298,False
BGW-13,8,42,5.91,144,59.8,37.54,14.15,0.222,False
BGW-13,8,43,5.91,144,59.11,35.72,13.69,0.075,False
BGW-13,8,44,5.91,144,59.15,35.56,13.97,0.167,False
BGW-13,8,45,5.91,144,58.12,37.23,13.82,0.142,False
BGW-13,8,46,5.91,144,56.62,35.0,13.6,0.315,False
BGW-13,8,47,5.91,144,58.99,34.99,12.86,0.33,False
BGW-13,8,48,5.91,144,59.02,35.28,14.01,0.097,False
BGW-13,8,49,5.91,144,60.45,36.6,13.94,0.142,False
BGW-13,8,50,5.91,144,58.62,36.75,14.64,0.179,False
BGW-13,8,51,5.91,144,58.38,37.63,13.63,0.211,False
BGW-13,8,52,5.91,144,59.07,34.85,13.02,0.062,False
BGW-13,8,53,5.91,144,60.02,36.9,14.48,0.086,False
BGW-13,8,54,5.91,144,57.19,36.22,14.41,0.255,False
BGW-13,8,55,5.91,144,57.29,38.72,14.25,0.229,False
BGW-13,8,56,5.91,144,59.79,36.87,14.41,0.093,False
BGW-13,8,57,5.91,144,61.27,40.76,15.58,0.194,False
BGW-13,8,58,5.91,144,60.07,40.2,15.58,0.14,False
BGW-13,8,59,5.91,144,59.43,36.59,14.56,0.051,False
BGW-13,8,60,5.91,144,60.77,41.52,16.18,0.167,False
BGW-13,8,61,5.91,144,57.91,38.62,14.69,0.116,False
BGW-13,8,62,5.91,144,57.35,33.33,12.3,2.25,False
BGW-13,8,63,5.91,144,61.99,37.35,13.62,0.151,False
BGW-13,8,64,5.91,144,59.98,33.31,12.59,2.431,False
BGW-13,8,65,5.91,144,59.24,38.21,15.12,0.031,False
BGW-13,8,66,5.91,144,61.06,38.54,15.34,0.249,False
BGW-13,8,67,5.91,144,60.32,37.85,14.8,0.132,False
BGW-13,8,68,5.91,144,59.54,32.4,11.75,2.429,False
BGW-13,8,69,5.91,144,56.63,32.66,12.48,2.463,False
BGW-13,8,70,5.91,144,56.16,39.74,14.88,0.159,False
BGW-13,8,71,5.91,144,59.03,38.79,14.13,0.166,False
BGW-13,8,72,5.91,144,57.4,31.34,12.36,2.095,False
BGW-13,8,73,5.91,144,59.0,34.19,13.43,2.219,False
BGW-13,8,74,5.91,144,58.25,35.78,13.66,2.345,False
BGW-13,8,75,5.91,144,59.44,35.19,13.02,2.311,False
BGW-13,8,76,5.91,144,56.92,34.88,13.33,2.179,False
BGW-13,8,77,5.02,144,48.7,34.59,13.21,2.372,False
BGW-13,8,78,5.02,144,49.91,36.16,14.3,2.283,False
BGW-13,8,79,5.02,144,52.49,33.09,12.75,2.193,False
BGW-13,8,80,5.02,144,50.35,34.04,13.4,2.371,False
BGW-13,8,81,5.02,144,48.87,35.69,13.96,2.25,False
BGW-13,8,82,5.02,144,50.56,35.35,13.04,2.356,False
BGW-13,8,83,5.02,144,51.16,35.53,13.0,2.304,False
BGW-13,8,84,5.02,144,48.95,34.69,13.02,2.435,False
BGW-13,8,85,5.02,144,50.94,33.14,13.05,2.424,False
BGW-13,8,86,5.02,144,51.18,33.57,13.14,2.503,False
BGW-13,8,87,5.02,144,50.1,37.05,13.73,2.304,False
BGW-13,8,88,5.02,144,51.71,35.97,14.33,2.394,False
BGW-13,8,89,5.02,144,52.72,37.19,13.86,2.284,False
BGW-13,9,0,5.28,120,54.53,27.64,10.42,0.242,False
BGW-13,9,1,5.28,120,52.78,28.66,10.5,0.0,False
BGW-13,9,2,5.28,120,55.27,30.76,11.12,0.132,False
BGW-13,9,3,5.28,120,50.44,30.79,11.22,0.177,False
BGW-13,9,4,5.28,120,51.75,29.01,11.11,0.182,False
BGW-13,9,5,5.28,120,52.68,26.27,9.7,0.031,False
BGW-13,9,6,5.28,120,51.87,28.37,10.25,0.0,False
BGW-13,9,7,5.28,120,51.36,29.55,11.51,0.35,False
BGW-13,9,8,5.28,120,53.46,29.66,11.83,0.332,False
BGW-13,9,9,5.28,120,55.13,30.2,11.18,0.064,False
BGW-13,9,10,5.28,120,52.95,32.01,12.59,0.329,False
BGW-13,9,11,5.28,120,51.32,32.67,12.45,0.275,False
BGW-13,9,12,5.28,120,51.18,27.95,10.72,0.01,False
BGW-13,9,13,5.28,120,55.03,28.83,11.06,0.115,False
BGW-13,9,14,5.28,120,55.33,29.93,11.04,0.144,False
BGW-13,9,15,5.28,120,53.66,31.92,12.02,0.056,False
BGW-13,9,16,5.28,120,55.22,32.92,12.85,0.142,False
BGW-13,9,17,5.28,120,51.67,32.79,12.59,0.219,False
BGW-13,9,18,5.28,120,52.5,30.57,11.32,0.084,False
BGW-13,9,19,5.28,120,51.74,33.06,12.83,0.143,False
BGW-13,9,20,5.28,120,54.06,35.25,13.58,0.199,False
BGW-13,9,21,5.28,120,54.87,35.2,13.26,0.1,False
BGW-13,9,22,5.28,120,51.5,31.02,11.66,0.222,False
BGW-13,9,23,5.28,120,54.39,33.98,12.48,0.008,False
BGW-13,9,24,5.28,120,50.64,35.35,12.89,0.219,False
BGW-13,9,25,5.28,120,52.68,35.39,12.88,0.128,False
BGW-13,9,26,5.28,120,54.94,34.88,12.72,0.0,False
BGW-13,9,27,5.28,120,53.34,36.67,13.75,0.159,False
BGW-13,9,28,5.28,120,55.17,33.89,12.7,0.128,False
BGW-13,9,29,5.28,120,51.82,35.56,13.48,0.306,False
BGW-13,9,30,5.28,120,51.56,36.18,14.09,0.248,False
BGW-13,9,31,5.28,120,55.4,35.72,13.39,0.168,False
BGW-13,9,32,5.28,120,51.5,40.46,15.06,0.356,False
BGW-13,9,33,5.28,120,52.86,37.5,14.89,0.151,False
BGW-13,9,34,5.28,120,54.31,37.94,14.32,0.155,False
BGW-13,9,35,5.28,120,51.59,39.88,15.59,0.215,False
BGW-13,9,36,5.28,120,51.79,36.27,13.85,0.14,False
BGW-13,9,37,5.28,120,54.19,37.35,14.19,0.01,False
BGW-13,9,38,5.28,120,55.25,36.84,14.09,0.2,False
BGW-13,9,39,5.28,120,50.89,38.62,14.2,0.165,False
BGW-13,9,40,5.28,120,53.06,35.61,13.56,2.426,False
BGW-13,9,41,5.28,120,54.31,33.54,13.22,2.307,False
BGW-13,9,42,5.28,120,50.69,32.35,12.43,2.33,False
BGW-13,9,43,5.28,120,51.87,39.17,15.53,0.108,False
BGW-13,9,44,5.28,120,51.45,40.11,14.6,0.0,False
BGW-13,9,45,5.28,120,54.68,32.68,11.95,2.205,False
BGW-13,9,46,5.28,120,50.8,38.75,15.29,0.17,False
BGW-13,9,47,5.28,120,55.05,34.55,12.87,2.371,False
BGW-13,9,48,5.28,120,52.98,30.5,11.32,2.347,False
BGW-13,9,49,5.28,120,54.62,35.78,13.95,2.464,False
BGW-13,9,50,5.28,120,51.8,33.26,12.16,2.438,False
BGW-13,9,51,5.28,120,51.84,35.32,13.33,2.202,False
BGW-13,9,52,5.28,120,50.6,34.67,13.17,2.299,False
BGW-13,9,53,5.28,120,50.41,35.52,14.0,2.341,False
BGW-13,9,54,5.28,120,52.69,35.87,13.07,2.423,False
BGW-13,9,55,4.13,120,40.64,36.23,13.18,2.3,False
BGW-13,9,56,4.13,120,42.53,33.53,12.58,2.235,False
BGW-13,9,57,4.13,120,41.19,35.97,13.16,2.311,False
BGW-13,9,58,4.13,120,42.52,35.73,14.14,2.315,False
BGW-13,9,59,4.13,120,42.91,32.54,12.1,2.487,False
BGW-13,9,60,4.13,120,40.9,33.91,13.5,2.279,False
BGW-13,9,61,4.13,120,41.55,33.85,12.7,2.294,False
BGW-13,9,62,4.13,120,43.14,34.42,13.36,2.191,False
BGW-13,9,63,4.13,120,42.74,35.5,12.82,2.332,False
BGW-13,9,64,4.13,120,42.8,35.72,13.58,2.577,False
BGW-13,9,65,4.13,120,42.0,32.15,12.54,2.394,False
BGW-13,9,66,4.13,120,42.04,37.07,13.44,2.377,False
BGW-13,9,67,4.13,120,39.39,35.51,13.85,2.442,False
BGW-13,9,68,4.13,120,42.45,37.21,13.71,2.243,False
BGW-13,9,69,4.13,120,41.64,32.47,12.83,2.196,False
BGW-13,9,70,4.13,120,42.88,35.29,12.97,2.4,False
BGW-13,9,71,4.13,120,41.69,37.2,13.51,2.342,False
BGW-13,9,72,4.13,120,41.21,36.9,13.65,2.261,False
BGW-13,9,73,4.13,120,42.89,36.63,13.54,2.475,False
BGW-13,9,74,4.13,120,39.3,33.24,12.28,2.279,False
BGW-13,9,75,4.13,120,42.21,36.02,14.29,2.395,False
BGW-13,9,76,4.13,120,42.59,36.68,14.39,2.29,False
BGW-13,9,77,4.13,120,41.24,35.42,12.82,2.316,False
BGW-13,9,78,4.13,120,41.12,34.43,13.62,2.194,False
BGW-13,9,79,4.13,120,42.49,34.69,12.73,2.158,False
BGW-13,9,80,4.13,120,43.17,35.28,13.35,2.345,False
BGW-13,9,81,4.13,120,41.29,33.44,13.18,2.471,False
BGW-13,9,82,4.13,120,39.81,31.89,12.48,2.171,False
BGW-13,9,83,4.13,120,43.35,38.1,15.13,2.354,False
BGW-13,9,84,4.13,120,40.94,35.37,13.89,2.342,False
BGW-13,9,85,4.13,120,40.35,35.46,13.6,2.245,False
BGW-13,9,86,4.13,120,40.1,37.17,13.9,2.383,False
BGW-13,9,87,4.13,120,39.99,37.5,14.83,2.409,False
BGW-13,9,88,4.13,120,40.98,36.15,13.48,2.217,False
BGW-13,9,89,4.13,120,39.71,35.86,13.12,2.377,False
BGW-14,1,0,5.86,86,57.78,25.96,9.53,0.114,False
BGW-14,1,1,5.86,86,57.15,29.22,11.29,0.089,False
BGW-14,1,2,5.86,86,59.7,29.16,11.1,0.049,False
BGW-14,1,3,5.86,86,56.76,31.98,11.78,0.071,False
BGW-14,1,4,5.86,86,55.95,28.2,11.04,0.286,False
BGW-14,1,5,5.86,86,60.86,27.88,10.77,0.289,False
BGW-14,1,6,5.86,86,60.31,27.46,10.28,0.331,False
BGW-14,1,7,5.86,86,59.61,29.06,10.52,0.03,False
BGW-14,1,8,5.86,86,59.53,27.73,10.03,0.161,False
BGW-14,1,9,5.86,86,56.54,31.77,12.59,0.084,False
BGW-14,1,10,5.86,86,56.5,29.78,11.54,0.171,False
BGW-14,1,11,5.86,86,56.77,29.01,11.36,0.248,False
BGW-14,1,12,5.86,86,61.16,30.55,11.47,0.094,False
BGW-14,1,13,5.86,86,60.73,29.66,11.04,0.073,False
BGW-14,1,14,5.86,86,59.21,28.59,11.4,0.145,False
BGW-14,1,15,5.86,86,58.19,31.38,12.16,0.05,False
BGW-14,1,16,5.86,86,57.22,27.18,10.26,0.028,False
BGW-14,1,17,5.86,86,58.68,31.59,11.78,0.189,False
BGW-14,1,18,5.86,86,61.5,30.02,11.72,0.059,False
BGW-14,1,19,5.86,86,57.91,29.01,11.05,0.245,False
BGW-14,1,20,5.86,86,56.0,31.37,12.13,0.19,False
BGW-14,1,21,5.86,86,58.94,30.03,11.11,0.138,False
BGW-14,1,22,5.86,86,57.34,31.36,11.76,0.13,False
BGW-14,1,23,5.86,86,57.73,29.39,11.14,0.3,False
BGW-14,1,24,5.86,86,59.5,28.14,10.99,0.074,False
BGW-14,1,25,5.86,86,59.89,31.44,12.08,0.1,False
BGW-14,1,26,5.86,86,57.97,36.4,13.56,0.303,False
BGW-14,1,27,5.86,86,55.94,34.54,12.78,0.011,False
BGW-14,1,28,5.86,86,57.98,28.68,10.38,0.037,False
BGW-14,1,29,5.86,86,55.83,31.73,11.46,0.002,False
BGW-14,1,30,5.86,86,59.29,35.32,12.77,0.271,False
BGW-14,1,31,5.86,86,56.19,31.27,11.69,0.211,False
BGW-14,1,32,5.86,86,60.57,31.48,12.47,0.061,False
BGW-14,1,33,5.86,86,61.54,33.0,12.42,0.14,False
BGW-14,1,34,5.86,86,59.87,36.13,13.51,0.132,False
BGW-14,1,35,5.86,86,58.08,33.37,13.08,0.0,False
BGW-14,1,36,5.86,86,61.28,34.34,12.93,0.131,False
BGW-14,1,37,5.86,86,56.63,33.19,12.93,0.22,False
BGW-14,1,38,5.86,86,58.52,36.4,14.09,0.182,False
BGW-14,1,39,5.86,86,59.34,34.89,12.91,0.404,False
BGW-14,1,40,5.86,86,57.86,34.95,13.08,0.067,False
BGW-14,1,41,5.86,86,59.07,36.48,13.69,0.324,False
BGW-14,1,42,5.86,86,60.51,36.13,14.03,0.095,False
BGW-14,1,43,5.86,86,58.8,35.01,13.0,0.009,False
BGW-14,1,44,5.86,86,56.72,35.5,13.46,0.151,False
BGW-14,1,45,5.86,86,57.88,37.83,14.39,0.034,False
BGW-14,1,46,5.86,86,58.18,37.49,13.64,0.0,False
BGW-14,1,47,5.86,86,60.82,37.46,14.59,0.243,False
BGW-14,1,48,5.86,86,59.99,36.55,13.27,0.084,False
BGW-14,1,49,5.86,86,59.75,36.93,14.5,0.011,False
BGW-14,1,50,5.86,86,58.51,35.68,13.2,0.259,False
BGW-14,1,51,5.86,86,56.71,39.37,14.52,0.244,False
BGW-14,1,52,5.86,86,56.37,37.44,13.69,0.187,False
BGW-14,1,53,5.86,86,58.73,36.29,13.52,0.0,False
BGW-14,1,54,5.86,86,58.03,39.53,15.24,0.0,False
BGW-14,1,55,5.86,86,60.63,38.65,14.9,0.024,False
BGW-14,1,56,5.86,86,60.93,34.8,12.59,2.419,False
BGW-14,1,57,5.86,86,58.51,38.66,15.11,0.068,False
BGW-14,1,58,5.86,86,61.19,33.5,12.83,2.415,False
BGW-14,1,59,5.86,86,59.71,40.94,15.01,0.278,False
BGW-14,1,60,5.86,86,57.98,33.2,12.96,2.277,False
BGW-14,1,61,5.86,86,57.85,32.71,12.04,2.216,False
BGW-14,1,62,5.86,86,57.61,32.33,12.07,2.347,False
BGW-14,1,63,5.86,86,57.17,34.15,13.53,2.379,False
BGW-14,1,64,5.86,86,60.15,31.21,11.85,2.35,False
BGW-14,1,65,5.86,86,58.47,35.4,13.34,2.163,False
BGW-14,1,66,4.52,86,46.86,35.34,13.9,2.353,False
BGW-14,1,67,4.52,86,44.18,36.79,14.31,2.286,False
BGW-14,1,68,4.52,86,46.18,34.49,13.69,2.335,False
BGW-14,1,69,4.52,86,44.51,33.87,12.44,2.486,False
BGW-14,1,70,4.52,86,43.87,33.88,13.04,2.363,False
BGW-14,1,71,4.52,86,43.93,33.5,12.68,2.36,False
BGW-14,1,72,4.52,86,46.82,33.52,12.37,2.426,False
BGW-14,1,73,4.52,86,45.85,36.16,13.34,2.409,False
BGW-14,1,74,4.52,86,43.27,35.19,13.55,2.415,False
BGW-14,1,75,4.52,86,43.75,35.99,13.5,2.598,False
BGW-14,1,76,4.52,86,45.85,35.57,14.02,2.38,False
BGW-14,1,77,4.52,86,43.97,35.61,14.17,2.34,False
BGW-14,1,78,4.52,86,47.33,32.1,12.11,2.417,False
BGW-14,1,79,4.52,86,46.64,38.23,14.22,2.446,False
BGW-14,1,80,4.52,86,47.34,38.05,14.66,2.517,False
BGW-14,1,81,4.52,86,47.38,34.97,13.29,2.396,False
BGW-14,1,82,4.52,86,47.02,36.09,13.28,2.302,False
BGW-14,1,83,4.52,86,46.54,34.25,12.64,2.334,False
BGW-14,1,84,4.52,86,46.98,34.95,13.43,2.345,False
BGW-14,1,85,4.52,86,47.14,33.69,12.96,2.364,False
BGW-14,1,86,4.52,86,45.19,36.51,13.93,2.367,False
BGW-14,1,87,4.52,86,43.31,34.93,13.06,2.466,False
BGW-14,1,88,4.52,86,46.5,34.72,13.17,2.302,False
BGW-14,1,89,4.52,86,46.75,34.63,13.11,2.267,False
BGW-14,2,0,5.52,86,53.82,26.85,10.35,0.3,False
BGW-14,2,1,5.52,86,53.26,25.82,10.29,0.389,False
BGW-14,2,2,5.52,86,57.72,30.61,11.8,0.035,False
BGW-14,2,3,5.52,86,57.29,26.93,10.62,0.211,False
BGW-14,2,4,5.52,86,52.98,28.47,11.15,0.051,False
BGW-14,2,5,5.52,86,54.62,27.38,10.67,0.134,False
BGW-14,2,6,5.52,86,54.09,25.89,10.3,0.228,False
BGW-14,2,7,5.52,86,52.94,26.99,10.08,0.127,False
BGW-14,2,8,5.52,86,53.69,26.46,9.88,0.275,False
BGW-14,2,9,5.52,86,52.59,28.18,11.2,0.111,False
BGW-14,2,10,5.52,86,54.96,26.24,10.2,0.133,False
BGW-14,2,11,5.52,86,52.48,27.35,10.0,0.427,False
BGW-14,2,12,5.52,86,55.55,32.0,11.83,0.0,False
BGW-14,2,13,5.52,86,56.99,27.47,10.41,0.223,False
BGW-14,2,14,5.52,86,53.77,30.58,11.15,0.104,False
BGW-14,2,15,5.52,86,53.74,27.4,10.38,0.189,False
BGW-14,2,16,5.52,86,55.43,26.27,9.92,0.176,False
BGW-14,2,17,5.52,86,54.84,25.36,9.4,0.245,False
BGW-14,2,18,5.52,86,55.6,30.4,11.55,0.195,False
BGW-14,2,19,5.52,86,53.32,30.8,12.02,0.0,False
BGW-14,2,20,5.52,86,55.06,29.93,11.22,0.103,False
BGW-14,2,21,5.52,86,54.97,29.44,11.65,0.228,False
BGW-14,2,22,5.52,86,53.95,28.86,11.45,0.089,False
BGW-14,2,23,5.52,86,56.53,30.37,12.02,0.095,False
BGW-14,2,24,5.52,86,56.12,28.44,11.09,0.304,False
BGW-14,2,25,5.52,86,53.2,28.56,10.37,0.112,False
BGW-14,2,26,5.52,86,53.94,27.71,10.78,0.158,False
BGW-14,2,27,5.52,86,55.5,31.51,12.1,0.041,False
BGW-14,2,28,5.52,86,53.64,31.05,11.3,0.065,False
BGW-14,2,29,5.52,86,55.08,33.52,12.57,0.096,False
BGW-14,2,30,5.52,86,53.52,33.03,12.7,0.149,False
BGW-14,2,31,5.52,86,52.48,30.56,11.07,0.146,False
BGW-14,2,32,5.52,86,53.0,33.7,13.14,0.166,False
BGW-14,2,33,5.52,86,54.44,32.57,12.8,0.273,False
BGW-14,2,34,5.52,86,54.85,32.47,12.83,0.16,False
BGW-14,2,35,5.52,86,55.72,37.9,14.31,0.0,False
BGW-14,2,36,5.52,86,57.47,35.91,13.99,0.127,False
BGW-14,2,37,5.52,86,54.9,34.19,13.46,0.147,False
BGW-14,2,38,5.52,86,56.17,33.26,13.18,0.245,False
BGW-14,2,39,5.52,86,54.63,32.55,12.42,0.0,False
BGW-14,2,40,5.52,86,55.6,32.94,12.81,0.114,False
BGW-14,2,41,5.52,86,57.23,32.18,12.22,0.026,False
BGW-14,2,42,5.52,86,52.95,35.49,13.15,0.164,False
BGW-14,2,43,5.52,86,53.96,33.05,13.12,0.233,False
BGW-14,2,44,5.52,86,54.95,34.77,13.79,0.259,False
BGW-14,2,45,5.52,86,53.1,32.92,12.85,0.148,False
BGW-14,2,46,5.52,86,53.05,34.22,13.08,0.158,False
BGW-14,2,47,5.52,86,55.91,36.84,14.18,0.154,False
BGW-14,2,48,5.52,86,52.85,33.92,12.58,0.339,False
BGW-14,2,49,5.52,86,52.48,35.78,13.97,0.264,False
BGW-14,2,50,5.52,86,57.64,36.12,14.05,0.042,False
BGW-14,2,51,5.52,86,56.24,37.57,14.37,0.03,False
BGW-14,2,52,5.52,86,55.7,35.91,14.22,0.055,False
BGW-14,2,53,5.52,86,56.56,36.32,14.05,0.149,False
BGW-14,2,54,5.52,86,54.5,34.32,13.28,0.085,False
BGW-14,2,55,5.52,86,55.83,36.88,13.44,0.036,False
BGW-14,2,56,5.52,86,56.37,39.87,15.33,0.192,False
BGW-14,2,57,5.52,86,54.71,38.36,14.35,0.342,False
BGW-14,2,58,5.52,86,53.32,36.02,13.31,0.0,False
BGW-14,2,59,5.52,86,52.49,35.73,14.13,0.069,False
BGW-14,2,60,5.52,86,53.33,37.42,13.61,0.0,False
BGW-14,2,61,5.52,86,56.01,37.76,14.65,0.179,False
BGW-14,2,62,5.52,86,54.0,38.05,14.37,0.2,False
BGW-14,2,63,5.52,86,57.31,38.06,14.29,0.175,False
BGW-14,2,64,5.52,86,54.02,37.42,13.57,0.0,False
BGW-14,2,65,5.52,86,57.6,38.28,14.57,0.185,False
BGW-14,2,66,5.52,86,55.9,40.48,14.99,0.232,False
BGW-14,2,67,5.52,86,54.23,37.86,14.52,0.138,False
BGW-14,2,68,5.52,86,57.82,33.9,12.8,2.366,False
BGW-14,2,69,5.52,86,55.59,31.61,12.46,2.539,False
BGW-14,2,70,5.52,86,55.85,32.93,12.43,2.464,False
BGW-14,2,71,5.52,86,55.08,33.37,12.39,2.486,False
BGW-14,2,72,5.52,86,57.26,41.13,15.86,0.208,False
BGW-14,2,73,5.52,86,56.71,32.52,12.6,2.365,False
BGW-14,2,74,5.52,86,55.49,33.9,13.11,2.296,False
BGW-14,2,75,5.52,86,54.54,34.22,13.46,2.309,False
BGW-14,2,76,5.52,86,57.18,36.07,14.14,2.302,False
BGW-14,2,77,5.52,86,56.79,34.39,13.13,2.353,False
BGW-14,2,78,5.52,86,52.83,35.81,13.6,2.428,False
BGW-14,2,79,5.52,86,57.05,34.5,13.34,2.385,False
BGW-14,2,80,5.52,86,54.24,32.38,11.93,2.412,False
BGW-14,2,81,5.52,86,57.21,36.52,13.38,2.178,False
BGW-14,2,82,4.47,86,43.16,34.22,13.4,2.259,False
BGW-14,2,83,4.47,86,46.36,34.0,12.28,2.267,False
BGW-14,2,84,4.47,86,43.78,35.53,14.03,2.38,False
BGW-14,2,85,4.47,86,45.92,33.16,12.0,2.368,False
BGW-14,2,86,4.47,86,42.63,33.71,13.44,2.414,False
BGW-14,2,87,4.47,86,44.81,34.8,12.97,2.237,False
BGW-14,2,88,4.47,86,43.7,34.04,13.28,2.371,False
BGW-14,2,89,4.47,86,45.98,35.92,13.91,2.347,False
BGW-14,3,0,6.46,120,63.08,29.36,10.63,0.0,False
BGW-14,3,1,6.46,120,62.26,28.33,10.33,0.155,False
BGW-14,3,2,6.46,120,61.65,28.86,10.97,0.173,False
BGW-14,3,3,6.46,120,65.28,30.05,11.96,0.199,False
BGW-14,3,4,6.46,120,67.3,27.85,10.4,0.039,False
BGW-14,3,5,6.46,120,63.0,27.09,10.64,0.24,False
BGW-14,3,6,6.46,120,66.9,29.34,11.48,0.323,False
BGW-14,3,7,6.46,120,66.32,30.03,10.97,0.004,False
BGW-14,3,8,6.46,120,66.23,26.2,10.4,0.285,False
BGW-14,3,9,6.46,120,67.64,28.54,10.72,0.262,False
BGW-14,3,10,6.46,120,66.84,31.97,11.97,0.025,False
BGW-14,3,11,6.46,120,66.75,28.87,11.05,0.206,False
BGW-14,3,12,6.46,120,62.36,29.72,10.94,0.212,False
BGW-14,3,13,6.46,120,64.03,29.35,11.3,0.118,False
BGW-14,3,14,6.46,120,64.69,29.53,11.73,0.089,False
BGW-14,3,15,6.46,120,64.01,29.78,11.34,0.06,False
BGW-14,3,16,6.46,120,67.38,31.98,12.59,0.139,False
BGW-14,3,17,6.46,120,67.24,29.98,11.92,0.344,False
BGW-14,3,18,6.46,120,62.95,29.71,10.98,0.021,False
BGW-14,3,19,6.46,120,62.28,31.16,11.68,0.215,False
BGW-14,3,20,6.46,120,62.9,29.43,10.85,0.248,False
BGW-14,3,21,6.46,120,62.35,29.86,11.09,0.173,False
BGW-14,3,22,6.46,120,63.33,30.83,11.64,0.102,False
BGW-14,3,23,6.46,120,62.7,33.91,12.9,0.155,False
BGW-14,3,24,6.46,120,67.07,30.58,11.22,0.03,False
BGW-14,3,25,6.46,120,63.69,32.66,11.94,0.233,False
BGW-14,3,26,6.46,120,65.74,32.68,12.23,0.169,False
BGW-14,3,27,6.46,120,62.6,31.73,12.54,0.189,False
BGW-14,3,28,6.46,120,66.71,29.71,11.24,0.146,False
BGW-14,3,29,6.46,120,65.29,36.36,13.68,0.237,False
BGW-14,3,30,6.46,120,67.55,34.21,13.12,0.07,False
BGW-14,3,31,6.46,120,62.62,31.84,12.58,0.101,False
BGW-14,3,32,6.46,120,62.41,32.94,12.44,0.331,False
BGW-14,3,33,6.46,120,65.43,31.73,11.75,0.204,False
BGW-14,3,34,6.46,120,67.73,34.08,13.52,0.185,False
BGW-14,3,35,6.46,120,62.41,35.62,13.69,0.201,False
BGW-14,3,36,6.46,120,63.44,32.5,12.12,0.112,False
BGW-14,3,37,6.46,120,61.94,35.51,14.14,0.107,False
BGW-14,3,38,6.46,120,66.84,34.22,13.18,0.362,False
BGW-14,3,39,6.46,120,61.95,38.11,15.04,0.183,False
BGW-14,3,40,6.46,120,66.0,38.42,14.85,0.183,False
BGW-14,3,41,6.46,120,66.95,36.9,13.79,0.049,False
BGW-14,3,42,6.46,120,62.72,37.68,14.04,0.144,False
BGW-14,3,43,6.46,120,63.77,36.42,13.5,0.106,False
BGW-14,3,44,6.46,120,62.95,39.03,15.53,0.207,False
BGW-14,3,45,6.46,120,64.79,36.86,13.77,0.179,False
BGW-14,3,46,6.46,120,62.15,39.84,14.46,0.114,False
BGW-14,3,47,6.46,120,63.66,35.6,14.19,0.211,False
BGW-14,3,48,6.46,120,64.38,38.75,14.21,0.254,False
BGW-14,3,49,6.46,120,66.99,37.05,14.13,0.212,False
BGW-14,3,50,6.46,120,62.57,37.83,14.7,0.183,False
BGW-14,3,51,6.46,120,61.5,37.86,14.39,0.041,False
BGW-14,3,52,6.46,120,66.06,33.77,12.83,2.548,False
BGW-14,3,53,6.46,120,66.23,34.66,13.81,2.35,False
BGW-14,3,54,6.46,120,65.53,34.31,12.77,2.345,False
BGW-14,3,55,6.46,120,66.22,33.03,12.79,2.336,False
BGW-14,3,56,6.46,120,62.69,37.44,13.88,0.17,False
BGW-14,3,57,6.46,120,65.66,32.61,12.12,2.371,False
BGW-14,3,58,6.46,120,64.19,39.62,15.2,0.014,False
BGW-14,3,59,6.46,120,66.73,32.09,12.47,2.5,False
BGW-14,3,60,6.46,120,67.35,32.33,11.82,2.219,False
BGW-14,3,61,6.46,120,65.06,32.4,12.61,2.508,False
BGW-14,3,62,6.46,120,65.32,33.93,12.61,2.29,False
BGW-14,3,63,6.46,120,64.52,32.08,11.75,2.307,False
BGW-14,3,64,5.05,120,48.53,34.82,12.9,2.11,False
BGW-14,3,65,5.05,120,50.66,33.91,13.1,2.429,False
BGW-14,3,66,5.05,120,49.69,34.21,12.56,2.362,False
BGW-14,3,67,5.05,120,52.74,34.45,12.7,2.276,False
BGW-14,3,68,5.05,120,48.36,34.67,13.04,2.156,False
BGW-14,3,69,5.05,120,52.52,34.31,12.71,2.267,False
BGW-14,3,70,5.05,120,48.89,33.4,12.26,2.343,False
BGW-14,3,71,5.05,120,49.05,35.1,13.93,2.401,False
BGW-14,3,72,5.05,120,49.52,34.13,13.29,2.288,False
BGW-14,3,73,5.05,120,48.14,35.71,14.15,2.324,False
BGW-14,3,74,5.05,120,51.5,34.71,13.54,2.407,False
BGW-14,3,75,5.05,120,50.2,34.37,13.64,2.241,False
BGW-14,3,76,5.05,120,51.53,35.81,12.96,2.527,False
BGW-14,3,77,5.05,120,52.08,34.4,13.06,2.395,False
BGW-14,3,78,5.05,120,51.29,35.46,14.0,2.435,False
BGW-14,3,79,5.05,120,52.9,33.45,13.17,2.257,False
BGW-14,3,80,5.05,120,50.95,34.97,13.32,2.349,False
BGW-14,3,81,5.05,120,52.56,35.4,13.85,2.57,False
BGW-14,3,82,5.05,120,49.49,35.51,13.99,2.107,False
BGW-14,3,83,5.05,120,52.28,33.23,12.7,2.33,False
BGW-14,3,84,5.05,120,48.61,34.89,13.73,2.481,False
BGW-14,3,85,5.05,120,49.9,36.62,14.37,2.202,False
BGW-14,3,86,5.05,120,50.76,37.98,14.19,2.486,False
BGW-14,3,87,5.05,120,51.03,33.57,12.75,2.339,False
BGW-14,3,88,5.05,120,50.7,34.38,12.48,2.321,False
BGW-14,3,89,5.05,120,48.62,32.06,12.1,2.247,False
BGW-14,4,0,3.64,120,35.76,28.39,10.31,0.083,False
BGW-14,4,1,3.64,120,37.55,28.41,10.7,0.228,False
BGW-14,4,2,3.64,120,37.94,27.0,10.36,0.282,False
BGW-14,4,3,3.64,120,36.2,30.01,11.57,0.046,False
BGW-14,4,4,3.64,120,36.08,27.91,11.03,0.069,False
BGW-14,4,5,3.64,120,37.91,27.15,10.46,0.075,False
BGW-14,4,6,3.64,120,35.97,27.75,10.34,0.129,False
BGW-14,4,7,3.64,120,35.6,28.2,10.71,0.107,False
BGW-14,4,8,3.64,120,35.36,29.05,11.35,0.087,False
BGW-14,4,9,3.64,120,37.35,29.58,11.13,0.231,False
BGW-14,4,10,3.64,120,36.61,28.59,10.98,0.081,False
BGW-14,4,11,3.64,120,36.06,29.45,11.37,0.148,False
BGW-14,4,12,3.64,120,36.52,28.22,10.75,0.073,False
BGW-14,4,13,3.64,120,37.66,27.1,10.81,0.0,False
BGW-14,4,14,3.64,120,35.48,31.01,12.31,0.132,False
BGW-14,4,15,3.64,120,37.59,31.47,12.33,0.181,False
BGW-14,4,16,3.64,120,35.89,32.97,12.31,0.093,False
BGW-14,4,17,3.64,120,36.2,32.58,12.9,0.187,False
BGW-14,4,18,3.64,120,38.0,31.94,12.65,0.08,False
BGW-14,4,19,3.64,120,37.32,32.2,11.66,0.026,False
BGW-14,4,20,3.64,120,37.76,32.17,12.54,0.067,False
BGW-14,4,21,3.64,120,36.53,33.32,13.02,0.09,False
BGW-14,4,22,3.64,120,36.57,34.51,13.09,0.284,False
BGW-14,4,23,3.64,120,38.05,34.26,13.06,0.057,False
BGW-14,4,24,3.64,120,35.15,34.39,13.5,0.117,False
BGW-14,4,25,3.64,120,34.73,35.68,14.19,0.127,False
BGW-14,4,26,3.64,120,37.74,36.15,13.92,0.141,False
BGW-14,4,27,3.64,120,37.1,36.7,13.73,0.145,False
BGW-14,4,28,3.64,120,35.99,36.81,13.6,0.098,False
BGW-14,4,29,3.64,120,34.97,38.13,14.34,0.175,False
BGW-14,4,30,3.64,120,36.28,36.84,13.45,0.22,False
BGW-14,4,31,3.64,120,37.82,39.42,15.49,0.123,False
BGW-14,4,32,3.64,120,35.9,37.52,13.65,0.233,False
BGW-14,4,33,3.64,120,37.43,39.57,15.0,0.18,False
BGW-14,4,34,3.64,120,37.45,42.0,15.82,0.378,False
BGW-14,4,35,3.64,120,37.47,38.64,14.71,0.254,False
BGW-14,4,36,3.64,120,35.22,31.78,12.44,2.133,False
BGW-14,4,37,3.64,120,36.4,33.07,12.1,2.506,False
BGW-14,4,38,3.64,120,35.86,37.69,15.01,0.069,False
BGW-14,4,39,3.64,120,37.46,31.47,11.55,2.605,False
BGW-14,4,40,3.64,120,37.06,33.35,13.11,2.326,False
BGW-14,4,41,3.64,120,37.81,30.66,12.15,2.332,False
BGW-14,4,42,3.64,120,36.56,35.46,12.95,2.444,False
BGW-14,4,43,3.64,120,37.55,32.97,13.14,2.352,False
BGW-14,4,44,3.64,120,35.4,31.9,12.46,2.171,False
BGW-14,4,45,3.64,120,38.2,33.37,13.3,2.242,False
BGW-14,4,46,2.74,120,27.28,34.64,13.04,2.44,False
BGW-14,4,47,2.74,120,28.56,35.01,13.96,2.152,False
BGW-14,4,48,2.74,120,26.64,32.68,11.89,2.436,False
BGW-14,4,49,2.74,120,27.0,34.07,12.65,2.39,False
BGW-14,4,50,2.74,120,27.15,34.69,12.52,2.33,False
BGW-14,4,51,2.74,120,27.31,36.85,13.67,2.239,False
BGW-14,4,52,2.74,120,26.45,36.26,14.13,2.488,False
BGW-14,4,53,2.74,120,28.31,36.73,13.28,2.324,False
BGW-14,4,54,2.74,120,27.52,33.29,12.17,2.21,False
BGW-14,4,55,2.74,120,27.83,35.82,13.17,2.282,False
BGW-14,4,56,2.74,120,26.22,34.06,12.3,2.302,False
BGW-14,4,57,2.74,120,27.85,36.0,13.74,2.334,False
BGW-14,4,58,2.74,120,28.14,35.47,13.12,2.497,False
BGW-14,4,59,2.74,120,27.04,36.8,13.83,2.248,False
BGW-14,4,60,2.74,120,27.46,35.01,13.4,2.524,False
BGW-14,4,61,2.74,120,26.24,39.28,14.27,2.433,False
BGW-14,4,62,2.74,120,26.62,36.09,13.84,2.553,False
BGW-14,4,63,2.74,120,27.29,33.25,12.6,2.304,False
BGW-14,4,64,2.74,120,28.73,34.66,12.55,2.289,False
BGW-14,4,65,2.74,120,27.79,35.67,13.71,2.387,False
BGW-14,4,66,2.74,120,28.22,34.01,13.55,2.354,False
BGW-14,4,67,2.74,120,27.68,36.87,14.05,2.497,False
BGW-14,4,68,2.74,120,26.62,36.45,13.81,2.293,False
BGW-14,4,69,2.74,120,26.91,34.17,13.61,2.362,False
BGW-14,4,70,2.74,120,28.14,35.41,13.13,2.56,False
BGW-14,4,71,2.74,120,26.75,32.23,12.03,2.413,False
BGW-14,4,72,2.74,120,26.2,35.76,13.05,2.288,False
BGW-14,4,73,2.74,120,28.12,36.15,14.25,2.317,False
BGW-14,4,74,2.74,120,27.18,35.73,13.08,2.41,False
BGW-14,4,75,2.74,120,26.19,32.88,12.16,2.255,False
BGW-14,4,76,2.74,120,28.29,37.11,14.03,2.323,False
BGW-14,4,77,2.74,120,27.66,38.67,15.04,2.395,False
BGW-14,4,78,2.74,120,26.71,35.23,13.14,2.089,False
BGW-14,4,79,2.74,120,26.63,37.68,14.92,2.168,False
BGW-14,4,80,2.74,120,27.8,36.0,13.14,2.352,False
BGW-14,4,81,2.74,120,27.83,37.86,14.3,2.47,False
BGW-14,4,82,2.74,120,26.51,36.24,13.82,2.54,False
BGW-14,4,83,2.74,120,27.95,34.74,13.8,2.405,False
BGW-14,4,84,2.74,120,26.84,37.5,14.02,2.437,False
BGW-14,4,85,2.74,120,27.76,37.13,14.17,2.376,False
BGW-14,4,86,2.74,120,26.35,35.67,13.15,2.345,False
BGW-14,4,87,2.74,120,28.64,35.13,13.47,2.387,False
BGW-14,4,88,2.74,120,27.99,36.2,13.91,2.371,False
BGW-14,4,89,2.74,120,27.81,35.79,13.43,2.288,False
BGW-14,5,0,3.58,144,37.36,31.64,12.58,0.068,False
BGW-14,5,1,3.58,144,36.49,28.71,10.59,0.383,False
BGW-14,5,2,3.58,144,36.43,27.36,10.42,0.074,False
BGW-14,5,3,3.58,144,36.47,25.12,9.85,0.103,False
BGW-14,5,4,3.58,144,36.65,29.66,11.37,0.139,False
BGW-14,5,5,3.58,144,34.38,29.26,11.23,0.156,False
BGW-14,5,6,3.58,144,35.02,29.79,10.77,0.0,False
BGW-14,5,7,3.58,144,34.85,29.91,10.98,0.073,False
BGW-14,5,8,3.58,144,34.99,28.21,10.53,0.086,False
BGW-14,5,9,3.58,144,35.98,27.69,10.71,0.144,False
BGW-14,5,10,3.58,144,34.99,28.65,10.8,0.097,False
BGW-14,5,11,3.58,144,35.19,27.27,10.2,0.13,False
BGW-14,5,12,3.58,144,34.35,33.07,12.19,0.054,False
BGW-14,5,13,3.58,144,34.69,30.13,11.34,0.18,False
BGW-14,5,14,3.58,144,35.48,29.64,11.0,0.065,False
BGW-14,5,15,3.58,144,35.03,31.95,11.75,0.281,False
BGW-14,5,16,3.58,144,35.93,29.14,11.45,0.256,False
BGW-14,5,17,3.58,144,37.08,34.89,13.54,0.039,False
BGW-14,5,18,3.58,144,35.89,31.53,12.18,0.119,False
BGW-14,5,19,3.58,144,34.03,31.91,12.04,0.202,False
BGW-14,5,20,3.58,144,34.76,33.94,13.16,0.147,False
BGW-14,5,21,3.58,144,36.53,34.44,13.57,0.21,False
BGW-14,5,22,3.58,144,34.2,35.6,13.32,0.172,False
BGW-14,5,23,3.58,144,35.27,30.93,11.99,0.16,False
BGW-14,5,24,3.58,144,34.44,34.99,12.86,0.108,False
BGW-14,5,25,3.58,144,34.86,33.62,13.09,0.162,False
BGW-14,5,26,3.58,144,36.75,36.84,13.87,0.235,False
BGW-14,5,27,3.58,144,37.37,38.17,15.08,0.219,False
BGW-14,5,28,3.58,144,35.94,35.39,13.58,0.141,False
BGW-14,5,29,3.58,144,37.43,35.18,13.29,0.105,False
BGW-14,5,30,3.58,144,37.51,36.22,13.79,0.061,False
BGW-14,5,31,3.58,144,34.04,40.41,15.92,0.058,False
BGW-14,5,32,3.58,144,36.55,36.23,13.81,0.163,False
BGW-14,5,33,3.58,144,36.15,37.86,14.21,0.112,False
BGW-14,5,34,3.58,144,36.82,37.02,14.42,0.105,False
BGW-14,5,35,3.58,144,35.44,37.69,13.72,0.0,False
BGW-14,5,36,3.58,144,36.44,33.55,13.0,2.317,False
BGW-14,5,37,3.58,144,35.6,32.74,13.04,2.327,False
BGW-14,5,38,3.58,144,35.71,36.97,13.74,2.315,False
BGW-14,5,39,3.58,144,36.69,33.65,13.12,2.378,False
BGW-14,5,40,3.58,144,36.49,34.22,13.1,2.414,False
BGW-14,5,41,3.58,144,36.31,33.61,13.34,2.412,False
BGW-14,5,42,2.26,144,23.17,34.6,12.56,2.305,False
BGW-14,5,43,2.26,144,21.56,33.26,12.91,2.53,False
BGW-14,5,44,2.26,144,22.61,34.6,13.01,2.292,False
BGW-14,5,45,2.26,144,23.31,32.95,12.79,2.328,False
BGW-14,5,46,2.26,144,23.41,33.97,12.74,2.389,False
BGW-14,5,47,2.26,144,22.44,33.44,12.26,2.389,False
BGW-14,5,48,2.26,144,22.78,34.87,13.52,2.186,False
BGW-14,5,49,2.26,144,22.09,34.28,12.85,2.336,False
BGW-14,5,50,2.26,144,22.25,32.46,12.57,2.28,False
BGW-14,5,51,2.26,144,22.88,34.38,13.6,2.239,False
BGW-14,5,52,2.26,144,23.09,36.3,13.98,2.296,False
BGW-14,5,53,2.26,144,22.19,32.67,12.6,2.45,False
BGW-14,5,54,2.26,144,22.0,36.39,14.1,2.186,False
BGW-14,5,55,2.26,144,22.89,32.41,12.9,2.251,False
BGW-14,5,56,2.26,144,21.5,36.03,13.08,2.299,False
BGW-14,5,57,2.26,144,23.29,34.52,13.61,2.328,False
BGW-14,5,58,2.26,144,21.96,35.66,13.23,2.242,False
BGW-14,5,59,2.26,144,22.15,32.91,12.11,2.239,False
BGW-14,5,60,2.26,144,22.48,35.84,13.77,2.257,False
BGW-14,5,61,2.26,144,22.13,36.77,13.76,2.448,False
BGW-14,5,62,2.26,144,23.4,33.67,12.86,2.089,False
BGW-14,5,63,2.26,144,22.7,35.83,13.71,2.433,False
BGW-14,5,64,2.26,144,22.27,37.39,13.59,2.259,False
BGW-14,5,65,2.26,144,23.44,36.13,13.15,2.371,False
BGW-14,5,66,2.26,144,22.25,34.25,13.21,2.119,False
BGW-14,5,67,2.26,144,21.56,35.1,13.77,2.641,False
BGW-14,5,68,2.26,144,23.06,34.04,13.3,2.295,False
BGW-14,5,69,2.26,144,22.11,35.72,13.5,2.476,False
BGW-14,5,70,2.26,144,23.52,34.48,13.49,2.634,False
BGW-14,5,71,2.26,144,22.02,35.12,13.69,2.286,False
BGW-14,5,72,2.26,144,22.88,34.16,12.73,2.514,False
BGW-14,5,73,2.26,144,21.96,35.01,13.18,2.42,False
BGW-14,5,74,2.26,144,22.74,39.74,15.31,2.211,False
BGW-14,5,75,2.26,144,23.56,36.63,14.25,2.306,False
BGW-14,5,76,2.26,144,23.25,34.46,12.62,2.466,False
BGW-14,5,77,2.26,144,22.67,35.45,13.44,2.403,False
BGW-14,5,78,2.26,144,22.1,36.08,14.19,2.442,False
BGW-14,5,79,2.26,144,23.14,34.85,13.0,2.263,False
BGW-14,5,80,2.26,144,22.92,34.06,13.43,2.226,False
BGW-14,5,81,2.26,144,22.76,35.3,12.77,2.61,False
BGW-14,5,82,2.26,144,22.14,36.66,14.37,2.383,False
BGW-14,5,83,2.26,144,23.44,34.84,12.84,2.291,False
BGW-14,5,84,2.26,144,22.88,35.82,14.18,2.157,False
BGW-14,5,85,2.26,144,23.68,36.02,14.36,2.185,False
BGW-14,5,86,2.26,144,23.64,36.52,13.44,2.384,False
BGW-14,5,87,2.26,144,21.89,35.11,13.75,2.349,False
BGW-14,5,88,2.26,144,22.28,34.96,12.73,2.505,False
BGW-14,5,89,2.26,144,23.72,36.37,14.23,2.452,False
BGW-14,6,0,4.62,86,48.02,26.69,10.53,0.187,False
BGW-14,6,1,4.62,86,45.53,29.99,11.61,0.024,False
BGW-14,6,2,4.62,86,47.34,28.54,10.56,0.073,False
BGW-14,6,3,4.62,86,44.06,27.81,10.31,0.08,False
BGW-14,6,4,4.62,86,44.73,25.21,9.76,0.262,False
BGW-14,6,5,4.62,86,44.09,26.82,10.41,0.047,False
BGW-14,6,6,4.62,86,47.54,27.81,10.52,0.203,False
BGW-14,6,7,4.62,86,46.97,29.6,11.0,0.157,False
BGW-14,6,8,4.62,86,47.97,29.07,11.28,0.297,False
BGW-14,6,9,4.62,86,47.24,28.85,10.8,0.28,False
BGW-14,6,10,4.62,86,45.14,27.79,10.69,0.177,False
BGW-14,6,11,4.62,86,44.34,29.06,11.03,0.133,False
BGW-14,6,12,4.62,86,45.18,28.31,10.58,0.0,False
BGW-14,6,13,4.62,86,44.99,29.2,10.91,0.193,False
BGW-14,6,14,4.62,86,47.39,28.04,10.49,0.172,False
BGW-14,6,15,4.62,86,46.56,27.75,10.05,0.12,False
BGW-14,6,16,4.62,86,47.84,29.15,11.17,0.221,False
BGW-14,6,17,4.62,86,47.41,30.55,12.18,0.08,False
BGW-14,6,18,4.62,86,44.95,30.38,11.14,0.092,False
BGW-14,6,19,4.62,86,48.18,30.06,11.57,0.13,False
BGW-14,6,20,4.62,86,46.47,30.38,11.5,0.11,False
BGW-14,6,21,4.62,86,46.38,32.3,12.83,0.0,False
BGW-14,6,22,4.62,86,47.85,32.85,13.04,0.217,False
BGW-14,6,23,4.62,86,44.61,31.07,11.93,0.184,False
BGW-14,6,24,4.62,86,47.07,33.89,13.11,0.261,False
BGW-14,6,25,4.62,86,47.83,34.12,13.09,0.158,False
BGW-14,6,26,4.62,86,44.38,35.21,13.36,0.227,False
BGW-14,6,27,4.62,86,44.67,32.29,12.62,0.0,False
BGW-14,6,28,4.62,86,47.04,33.22,12.88,0.146,False
BGW-14,6,29,4.62,86,43.98,30.24,11.81,0.152,False
BGW-14,6,30,4.62,86,45.02,32.94,11.91,0.29,False
BGW-14,6,31,4.62,86,48.27,35.6,14.14,0.035,False
BGW-14,6,32,4.62,86,44.41,36.95,14.23,0.044,False
BGW-14,6,33,4.62,86,45.57,33.47,13.3,0.0,False
BGW-14,6,34,4.62,86,44.53,34.21,12.63,0.133,False
BGW-14,6,35,4.62,86,44.37,34.98,12.9,0.232,False
BGW-14,6,36,4.62,86,44.91,35.13,13.59,0.304,False
BGW-14,6,37,4.62,86,47.5,32.34,12.17,0.296,False
BGW-14,6,38,4.62,86,45.49,35.27,13.52,0.012,False
BGW-14,6,39,4.62,86,46.3,38.67,15.13,0.229,False
BGW-14,6,40,4.62,86,47.41,36.96,14.63,0.153,False
BGW-14,6,41,4.62,86,48.13,35.32,13.69,0.0,False
BGW-14,6,42,4.62,86,48.14,37.02,14.26,0.274,False
BGW-14,6,43,4.62,86,46.42,38.65,14.29,0.301,False
BGW-14,6,44,4.62,86,47.08,37.81,14.27,0.039,False
BGW-14,6,45,4.62,86,44.55,40.43,15.21,0.091,False
BGW-14,6,46,4.62,86,47.65,36.42,13.92,0.101,False
BGW-14,6,47,4.62,86,45.79,37.87,14.6,0.112,False
BGW-14,6,48,4.62,86,45.44,34.79,13.15,2.474,False
BGW-14,6,49,4.62,86,45.81,38.72,14.85,0.28,False
BGW-14,6,50,4.62,86,47.89,30.26,11.64,2.426,False
BGW-14,6,51,4.62,86,45.65,33.08,12.44,2.327,False
BGW-14,6,52,4.62,86,48.0,32.66,12.51,2.437,False
BGW-14,6,53,4.62,86,47.53,35.13,13.25,2.497,False
BGW-14,6,54,4.62,86,47.4,33.9,12.29,2.19,False
BGW-14,6,55,4.62,86,44.14,34.01,12.71,2.255,False
BGW-14,6,56,3.3,86,32.13,34.12,13.03,2.381,False
BGW-14,6,57,3.3,86,33.15,34.93,13.01,2.258,False
BGW-14,6,58,3.3,86,32.81,32.6,11.84,2.522,False
BGW-14,6,59,3.3,86,33.52,32.44,12.15,2.148,False
BGW-14,6,60,3.3,86,32.53,33.84,12.77,2.405,False
BGW-14,6,61,3.3,86,34.09,33.69,12.64,2.494,False
BGW-14,6,62,3.3,86,34.57,33.14,12.4,2.385,False
BGW-14,6,63,3.3,86,32.27,33.1,12.21,2.237,False
BGW-14,6,64,3.3,86,32.2,34.14,12.73,2.365,False
BGW-14,6,65,3.3,86,32.8,32.33,12.47,2.28,False
BGW-14,6,66,3.3,86,32.43,35.1,12.93,2.401,False
BGW-14,6,67,3.3,86,34.67,35.0,13.46,2.307,False
BGW-14,6,68,3.3,86,33.27,37.08,14.52,2.388,False
BGW-14,6,69,3.3,86,33.23,36.37,14.45,2.387,False
BGW-14,6,70,3.3,86,33.3,35.54,13.47,2.404,False
BGW-14,6,71,3.3,86,34.1,34.69,13.13,2.401,False
BGW-14,6,72,3.3,86,32.33,37.6,13.9,2.396,False
BGW-14,6,73,3.3,86,34.26,32.56,12.37,2.245,False
BGW-14,6,74,3.3,86,32.48,33.71,12.81,2.262,False
BGW-14,6,75,3.3,86,34.54,34.91,12.9,2.312,False
BGW-14,6,76,3.3,86,31.44,33.58,12.55,2.363,False
BGW-14,6,77,3.3,86,33.09,35.39,13.97,2.309,False
BGW-14,6,78,3.3,86,33.69,34.06,13.22,2.513,False
BGW-14,6,79,3.3,86,31.59,35.34,12.87,2.392,False
BGW-14,6,80,3.3,86,33.45,34.79,13.35,2.354,False
BGW-14,6,81,3.3,86,32.18,34.24,13.44,2.312,False
BGW-14,6,82,3.3,86,33.07,34.69,13.72,2.17,False
BGW-14,6,83,3.3,86,33.45,35.92,13.41,2.345,False
BGW-14,6,84,3.3,86,31.6,32.3,12.05,2.193,False
BGW-14,6,85,3.3,86,32.29,34.4,13.14,2.261,False
BGW-14,6,86,3.3,86,33.94,33.02,12.63,2.38,False
BGW-14,6,87,3.3,86,34.67,34.51,12.93,2.502,False
BGW-14,6,88,3.3,86,33.71,33.98,13.2,2.506,False
BGW-14,6,89,3.3,86,33.7,35.9,13.92,2.45,False
BGW-14,7,0,5.01,120,51.42,32.2,11.99,0.33,False
BGW-14,7,1,5.01,120,50.87,29.18,10.77,0.251,False
BGW-14,7,2,5.01,120,48.5,29.87,11.88,0.171,False
BGW-14,7,3,5.01,120,50.78,27.5,10.85,0.102,False
BGW-14,7,4,5.01,120,49.35,27.59,10.78,0.001,False
BGW-14,7,5,5.01,120,51.36,25.17,9.85,0.0,False
BGW-14,7,6,5.01,120,50.42,30.05,11.06,0.096,False
BGW-14,7,7,5.01,120,49.01,27.18,10.73,0.065,False
BGW-14,7,8,5.01,120,50.89,29.32,11.54,0.159,False
BGW-14,7,9,5.01,120,47.79,28.74,11.0,0.274,False
BGW-14,7,10,5.01,120,50.75,29.79,11.27,0.277,False
BGW-14,7,11,5.01,120,48.83,26.41,9.57,0.15,False
BGW-14,7,12,5.01,120,48.68,30.82,11.88,0.353,False
BGW-14,7,13,5.01,120,48.9,29.08,11.47,0.282,False
BGW-14,7,14,5.01,120,51.3,26.8,10.64,0.276,False
BGW-14,7,15,5.01,120,48.25,31.86,12.09,0.165,False
BGW-14,7,16,5.01,120,49.92,30.59,11.62,0.222,False
BGW-14,7,17,5.01,120,47.65,32.88,12.46,0.042,False
BGW-14,7,18,5.01,120,49.19,30.7,12.15,0.276,False
BGW-14,7,19,5.01,120,48.57,31.63,11.91,0.144,False
BGW-14,7,20,5.01,120,50.1,30.47,11.51,0.359,False
BGW-14,7,21,5.01,120,48.41,31.77,12.52,0.262,False
BGW-14,7,22,5.01,120,49.14,30.63,11.09,0.149,False
BGW-14,7,23,5.01,120,49.73,33.71,12.31,0.257,False
BGW-14,7,24,5.01,120,49.5,31.54,12.13,0.291,False
BGW-14,7,25,5.01,120,49.34,30.91,12.16,0.0,False
BGW-14,7,26,5.01,120,48.57,31.36,11.91,0.174,False
BGW-14,7,27,5.01,120,48.69,31.75,12.25,0.002,False
BGW-14,7,28,5.01,120,49.55,32.16,12.59,0.013,False
BGW-14,7,29,5.01,120,49.2,32.88,12.36,0.132,False
BGW-14,7,30,5.01,120,47.83,31.14,11.93,0.177,False
BGW-14,7,31,5.01,120,49.72,34.99,13.2,0.154,False
BGW-14,7,32,5.01,120,51.79,34.59,13.61,0.071,False
BGW-14,7,33,5.01,120,51.47,33.47,13.2,0.039,False
BGW-14,7,34,5.01,120,50.02,35.08,12.76,0.176,False
BGW-14,7,35,5.01,120,48.57,33.35,12.77,0.146,False
BGW-14,7,36,5.01,120,49.47,37.07,13.53,0.0,False
BGW-14,7,37,5.01,120,49.68,36.93,13.69,0.322,False
BGW-14,7,38,5.01,120,51.84,36.2,13.85,0.245,False
BGW-14,7,39,5.01,120,49.77,34.83,13.37,0.261,False
BGW-14,7,40,5.01,120,51.47,34.98,13.88,0.188,False
BGW-14,7,41,5.01,120,47.87,35.77,13.17,0.296,False
BGW-14,7,42,5.01,120,51.45,36.17,13.33,0.015,False
BGW-14,7,43,5.01,120,51.48,38.23,13.95,0.253,False
BGW-14,7,44,5.01,120,47.58,37.97,14.85,0.294,False
BGW-14,7,45,5.01,120,51.79,37.22,13.72,0.304,False
BGW-14,7,46,5.01,120,49.04,34.71,13.39,0.166,False
BGW-14,7,47,5.01,120,50.3,38.98,14.39,0.302,False
BGW-14,7,48,5.01,120,52.05,35.08,12.92,0.156,False
BGW-14,7,49,5.01,120,50.88,38.45,14.81,0.198,False
BGW-14,7,50,5.01,120,48.12,38.4,15.2,0.006,False
BGW-14,7,51,5.01,120,48.99,34.07,13.11,2.345,False
BGW-14,7,52,5.01,120,48.88,33.85,13.33,2.341,False
BGW-14,7,53,5.01,120,48.12,32.97,12.95,2.227,False
BGW-14,7,54,5.01,120,47.66,33.2,12.26,2.411,False
BGW-14,7,55,5.01,120,48.5,34.47,13.32,2.195,False
BGW-14,7,56,5.01,120,52.14,31.53,12.48,2.43,False
BGW-14,7,57,3.78,120,37.34,32.96,12.67,2.29,False
BGW-14,7,58,3.78,120,37.25,33.43,13.07,2.319,False
BGW-14,7,59,3.78,120,38.57,31.92,11.6,2.345,False
BGW-14,7,60,3.78,120,37.15,35.82,14.15,2.311,False
BGW-14,7,61,3.78,120,36.22,32.36,12.4,2.365,False
BGW-14,7,62,3.78,120,39.2,33.23,12.15,2.357,False
BGW-14,7,63,3.78,120,38.06,35.87,13.96,2.379,False
BGW-14,7,64,3.78,120,37.39,34.22,13.07,2.547,False
BGW-14,7,65,3.78,120,36.93,35.47,13.56,2.262,False
BGW-14,7,66,3.78,120,36.2,35.96,14.07,2.25,False
BGW-14,7,67,3.78,120,38.84,35.5,13.09,2.29,False
BGW-14,7,68,3.78,120,37.57,34.85,12.86,2.371,False
BGW-14,7,69,3.78,120,37.99,33.84,13.33,2.41,False
BGW-14,7,70,3.78,120,36.07,35.36,13.05,2.452,False
BGW-14,7,71,3.78,120,37.13,34.86,13.45,2.367,False
BGW-14,7,72,3.78,120,36.0,31.9,12.68,2.514,False
BGW-14,7,73,3.78,120,39.41,34.64,12.93,2.397,False
BGW-14,7,74,3.78,120,39.61,36.75,13.67,2.315,False
BGW-14,7,75,3.78,120,38.56,36.7,13.54,2.433,False
BGW-14,7,76,3.78,120,37.31,36.05,13.67,2.431,False
BGW-14,7,77,3.78,120,38.4,37.8,13.77,2.525,False
BGW-14,7,78,3.78,120,37.28,34.7,13.57,2.386,False
BGW-14,7,79,3.78,120,35.92,34.84,12.85,2.485,False
BGW-14,7,80,3.78,120,36.47,35.93,13.82,2.353,False
BGW-14,7,81,3.78,120,37.67,37.41,14.72,2.388,False
BGW-14,7,82,3.78,120,39.02,35.91,14.1,2.199,False
BGW-14,7,83,3.78,120,36.71,34.22,13.28,2.214,False
BGW-14,7,84,3.78,120,38.86,35.07,13.47,2.141,False
BGW-14,7,85,3.78,120,39.57,34.54,13.42,2.296,False
BGW-14,7,86,3.78,120,39.4,36.62,13.76,2.174,False
BGW-14,7,87,3.78,120,38.58,34.22,12.84,2.286,False
BGW-14,7,88,3.78,120,39.09,37.21,13.61,2.423,False
BGW-14,7,89,3.78,120,37.75,35.52,14.09,2.402,False
BGW-14,8,0,6.13,120,60.02,29.14,10.76,0.061,False
BGW-14,8,1,6.13,120,62.93,28.78,10.46,0.0,False
BGW-14,8,2,6.13,120,58.43,25.18,9.31,0.194,False
BGW-14,8,3,6.13,120,61.64,28.95,11.24,0.025,False
BGW-14,8,4,6.13,120,61.16,28.14,10.69,0.106,False
BGW-14,8,5,6.13,120,63.09,28.1,10.47,0.321,False
BGW-14,8,6,6.13,120,58.84,30.67,11.22,0.108,False
BGW-14,8,7,6.13,120,60.26,27.81,10.2,0.17,False
BGW-14,8,8,6.13,120,61.28,26.88,9.82,0.136,False
BGW-14,8,9,6.13,120,58.92,30.26,11.76,0.301,False
BGW-14,8,10,6.13,120,59.4,28.34,11.19,0.053,False
BGW-14,8,11,6.13,120,61.15,30.22,11.66,0.099,False
BGW-14,8,12,6.13,120,61.03,28.33,10.43,0.173,False
BGW-14,8,13,6.13,120,61.26,29.24,10.9,0.22,False
BGW-14,8,14,6.13,120,63.64,29.14,11.14,0.217,False
BGW-14,8,15,6.13,120,64.01,29.49,11.62,0.116,False
BGW-14,8,16,6.13,120,58.39,29.73,10.75,0.287,False
BGW-14,8,17,6.13,120,59.69,30.96,11.5,0.013,False
BGW-14,8,18,6.13,120,60.14,28.38,10.77,0.163,False
BGW-14,8,19,6.13,120,60.71,30.81,11.36,0.09,False
BGW-14,8,20,6.13,120,63.12,28.88,11.46,0.209,False
BGW-14,8,21,6.13,120,62.32,30.82,12.19,0.314,False
BGW-14,8,22,6.13,120,59.38,31.42,12.17,0.0,False
BGW-14,8,23,6.13,120,59.3,30.94,11.51,0.058,False
BGW-14,8,24,6.13,120,59.85,30.77,12.14,0.075,False
BGW-14,8,25,6.13,120,58.39,31.91,12.21,0.082,False
BGW-14,8,26,6.13,120,63.64,33.81,12.34,0.143,False
BGW-14,8,27,6.13,120,61.87,32.26,11.96,0.096,False
BGW-14,8,28,6.13,120,62.09,36.58,14.15,0.114,False
BGW-14,8,29,6.13,120,63.51,34.44,13.4,0.151,False
BGW-14,8,30,6.13,120,60.96,34.45,12.84,0.223,False
BGW-14,8,31,6.13,120,63.53,36.47,13.65,0.18,False
BGW-14,8,32,6.13,120,64.13,34.13,12.95,0.244,False
BGW-14,8,33,6.13,120,58.45,31.67,12.16,0.072,False
BGW-14,8,34,6.13,120,61.57,37.21,14.03,0.077,False
BGW-14,8,35,6.13,120,62.75,34.63,12.66,0.172,False
BGW-14,8,36,6.13,120,62.66,35.59,14.0,0.228,False
BGW-14,8,37,6.13,120,60.47,36.45,14.07,0.076,False
BGW-14,8,38,6.13,120,63.84,36.1,13.35,0.161,False
BGW-14,8,39,6.13,120,61.19,36.99,13.85,0.0,False
BGW-14,8,40,6.13,120,61.11,36.53,13.38,0.191,False
BGW-14,8,41,6.13,120,62.69,36.55,14.38,0.145,False
BGW-14,8,42,6.13,120,61.25,39.43,15.08,0.123,False
BGW-14,8,43,6.13,120,61.57,36.43,14.07,0.169,False
BGW-14,8,44,6.13,120,58.63,37.87,13.82,0.178,False
BGW-14,8,45,6.13,120,63.48,37.56,13.87,0.088,False
BGW-14,8,46,6.13,120,59.25,36.56,14.25,0.258,False
BGW-14,8,47,6.13,120,64.15,36.42,13.72,0.247,False
BGW-14,8,48,6.13,120,60.31,37.4,13.59,0.403,False
BGW-14,8,49,6.13,120,60.25,37.18,14.17,0.233,False
BGW-14,8,50,6.13,120,63.98,35.5,13.75,0.221,False
BGW-14,8,51,6.13,120,63.22,33.48,12.26,2.268,False
BGW-14,8,52,6.13,120,60.73,34.02,12.9,2.26,False
BGW-14,8,53,6.13,120,63.75,32.09,11.78,2.444,False
BGW-14,8,54,6.13,120,59.09,32.8,12.07,2.366,False
BGW-14,8,55,6.13,120,63.02,31.9,12.72,2.306,False
BGW-14,8,56,6.13,120,63.05,33.54,12.69,2.49,False
BGW-14,8,57,4.66,120,48.47,34.03,12.62,2.498,False
BGW-14,8,58,4.66,120,47.97,31.95,12.43,2.341,False
BGW-14,8,59,4.66,120,48.07,39.04,14.89,0.0,True
BGW-14,8,60,4.66,120,47.74,32.19,12.21,2.282,False
BGW-14,8,61,4.66,120,45.69,33.34,12.12,2.462,False
BGW-14,8,62,4.66,120,45.68,33.33,12.42,2.352,False
BGW-14,8,63,4.66,120,46.54,34.86,13.26,2.465,False
BGW-14,8,64,4.66,120,46.0,35.01,13.16,2.343,False
BGW-14,8,65,4.66,120,48.08,33.4,13.3,2.528,False
BGW-14,8,66,4.66,120,48.59,34.14,13.03,2.354,False
BGW-14,8,67,4.66,120,46.19,34.16,13.3,2.514,False
BGW-14,8,68,4.66,120,47.33,36.22,14.13,2.2,False
BGW-14,8,69,4.66,120,47.11,35.27,13.06,2.269,False
BGW-14,8,70,4.66,120,44.95,33.44,12.69,2.314,False
BGW-14,8,71,4.66,120,47.14,35.46,14.03,2.428,False
BGW-14,8,72,4.66,120,45.89,32.74,12.42,2.311,False
BGW-14,8,73,4.66,120,45.45,36.62,14.53,2.51,False
BGW-14,8,74,4.66,120,47.36,34.23,12.9,2.468,False
BGW-14,8,75,4.66,120,47.08,33.35,12.08,2.341,False
BGW-14,8,76,4.66,120,47.09,34.53,13.06,2.325,False
BGW-14,8,77,4.66,120,47.9,34.09,12.91,2.321,False
BGW-14,8,78,4.66,120,44.9,34.58,13.6,2.27,False
BGW-14,8,79,4.66,120,45.35,35.04,13.52,2.337,False
BGW-14,8,80,4.66,120,44.95,37.07,14.78,2.323,False
BGW-14,8,81,4.66,120,48.22,33.87,13.32,2.392,False
BGW-14,8,82,4.66,120,47.7,37.94,14.83,2.528,False
BGW-14,8,83,4.66,120,44.49,35.45,14.13,2.495,False
BGW-14,8,84,4.66,120,46.69,35.74,13.45,2.421,False
BGW-14,8,85,4.66,120,45.35,36.75,13.62,2.324,False
BGW-14,8,86,4.66,120,47.29,33.63,12.21,2.48,False
BGW-14,8,87,4.66,120,47.29,36.9,13.64,2.368,False
BGW-14,8,88,4.66,120,44.35,34.79,12.86,2.206,False
BGW-14,8,89,4.66,120,47.62,34.54,13.54,2.189,False
BGW-14,9,0,5.35,120,55.43,28.46,11.32,0.237,False
BGW-14,9,1,5.35,120,52.5,28.5,10.56,0.011,False
BGW-14,9,2,5.35,120,54.42,23.55,9.06,0.017,False
BGW-14,9,3,5.35,120,53.43,28.06,11.1,0.2,False
BGW-14,9,4,5.35,120,52.79,28.12,10.52,0.054,False
BGW-14,9,5,5.35,120,51.38,24.61,9.78,0.173,False
BGW-14,9,6,5.35,120,54.27,30.31,11.35,0.0,False
BGW-14,9,7,5.35,120,54.36,27.57,10.98,0.098,False
BGW-14,9,8,5.35,120,55.89,27.24,10.27,0.311,False
BGW-14,9,9,5.35,120,53.21,26.94,9.97,0.045,False
BGW-14,9,10,5.35,120,51.61,28.51,11.12,0.117,False
BGW-14,9,11,5.35,120,53.99,29.23,10.93,0.082,False
BGW-14,9,12,5.35,120,55.73,30.83,12.22,0.272,False
BGW-14,9,13,5.35,120,55.73,26.32,10.48,0.211,False
BGW-14,9,14,5.35,120,52.87,30.87,12.03,0.088,False
BGW-14,9,15,5.35,120,54.05,28.87,11.35,0.099,False
BGW-14,9,16,5.35,120,53.73,30.97,11.88,0.0,False
BGW-14,9,17,5.35,120,54.79,29.26,10.72,0.266,False
BGW-14,9,18,5.35,120,53.38,27.95,10.66,0.165,False
BGW-14,9,19,5.35,120,54.02,28.3,10.45,0.05,False
BGW-14,9,20,5.35,120,54.0,28.46,10.69,0.202,False
BGW-14,9,21,5.35,120,53.69,29.86,11.32,0.326,False
BGW-14,9,22,5.35,120,53.62,31.43,12.33,0.118,False
BGW-14,9,23,5.35,120,53.11,29.13,10.92,0.114,False
BGW-14,9,24,5.35,120,54.3,31.56,11.53,0.189,False
BGW-14,9,25,5.35,120,56.2,29.92,11.85,0.114,False
BGW-14,9,26,5.35,120,55.98,29.35,11.07,0.324,False
BGW-14,9,27,5.35,120,55.26,31.97,12.71,0.205,False
BGW-14,9,28,5.35,120,53.84,30.9,12.09,0.0,False
BGW-14,9,29,5.35,120,51.85,30.53,11.52,0.199,False
BGW-14,9,30,5.35,120,55.08,32.14,12.75,0.042,False
BGW-14,9,31,5.35,120,53.94,34.64,13.03,0.148,False
BGW-14,9,32,5.35,120,52.76,31.66,12.12,0.166,False
BGW-14,9,33,5.35,120,55.43,31.87,11.94,0.187,False
BGW-14,9,34,5.35,120,55.26,30.78,12.14,0.088,False
BGW-14,9,35,5.35,120,51.45,33.22,12.63,0.138,False
BGW-14,9,36,5.35,120,54.67,32.4,12.72,0.197,False
BGW-14,9,37,5.35,120,53.54,34.88,12.8,0.249,False
BGW-14,9,38,5.35,120,54.11,34.04,13.43,0.162,False
BGW-14,9,39,5.35,120,51.54,32.66,12.22,0.136,False
BGW-14,9,40,5.35,120,53.01,39.15,15.51,0.075,False
BGW-14,9,41,5.35,120,53.94,35.31,13.99,0.0,False
BGW-14,9,42,5.35,120,53.55,36.07,13.39,0.03,False
BGW-14,9,43,5.35,120,53.22,35.97,13.34,0.061,False
BGW-14,9,44,5.35,120,52.61,35.39,13.92,0.0,False
BGW-14,9,45,5.35,120,51.0,36.11,13.69,0.034,False
BGW-14,9,46,5.35,120,56.16,36.87,13.53,0.235,False
BGW-14,9,47,5.35,120,54.65,36.76,13.43,0.058,False
BGW-14,9,48,5.35,120,53.81,37.74,14.51,0.2,False
BGW-14,9,49,5.35,120,52.93,36.32,13.35,0.087,False
BGW-14,9,50,5.35,120,56.01,39.11,15.38,0.385,False
BGW-14,9,51,5.35,120,56.01,35.84,14.02,0.248,False
BGW-14,9,52,5.35,120,55.91,37.31,13.62,0.102,False
BGW-14,9,53,5.35,120,52.6,39.51,15.5,0.052,False
BGW-14,9,54,5.35,120,54.53,37.41,14.17,0.102,False
BGW-14,9,55,5.35,120,51.64,37.88,13.78,0.108,False
BGW-14,9,56,5.35,120,54.8,36.96,13.94,0.013,False
BGW-14,9,57,5.35,120,54.23,35.85,13.12,0.105,False
BGW-14,9,58,5.35,120,53.26,34.47,13.32,2.22,False
BGW-14,9,59,5.35,120,53.62,41.63,16.38,0.156,False
BGW-14,9,60,5.35,120,51.48,38.24,14.66,0.0,False
BGW-14,9,61,5.35,120,56.13,40.8,16.17,0.14,False
BGW-14,9,62,5.35,120,54.15,40.21,15.07,0.105,False
BGW-14,9,63,5.35,120,56.0,33.31,13.21,2.281,False
BGW-14,9,64,5.35,120,54.72,37.73,14.2,0.212,False
BGW-14,9,65,5.35,120,55.45,33.48,12.11,2.46,False
BGW-14,9,66,5.35,120,54.91,35.14,13.28,2.467,False
BGW-14,9,67,5.35,120,51.41,34.93,13.22,2.338,False
BGW-14,9,68,5.35,120,51.73,36.24,14.04,2.393,False
BGW-14,9,69,5.35,120,53.49,34.15,13.28,2.317,False
BGW-14,9,70,5.35,120,53.69,34.75,13.46,2.349,False
BGW-14,9,71,5.35,120,56.0,35.32,12.89,2.493,False
BGW-14,9,72,4.1,120,43.03,34.32,12.82,2.389,False
BGW-14,9,73,4.1,120,41.45,32.85,11.97,2.274,False
BGW-14,9,74,4.1,120,39.15,34.59,13.48,2.345,False
BGW-14,9,75,4.1,120,41.88,35.58,13.74,2.326,False
BGW-14,9,76,4.1,120,39.64,32.66,12.48,2.457,False
BGW-14,9,77,4.1,120,42.88,36.43,13.25,2.438,False
BGW-14,9,78,4.1,120,42.51,33.12,12.16,2.398,False
BGW-14,9,79,4.1,120,40.52,35.03,13.24,2.376,False
BGW-14,9,80,4.1,120,42.95,31.6,12.19,2.317,False
BGW-14,9,81,4.1,120,42.02,34.33,12.47,2.13,False
BGW-14,9,82,4.1,120,41.08,33.7,12.94,2.373,False
BGW-14,9,83,4.1,120,40.6,34.1,13.46,2.305,False
BGW-14,9,84,4.1,120,41.36,34.71,12.67,2.223,False
BGW-14,9,85,4.1,120,41.55,34.64,13.18,2.273,False
BGW-14,9,86,4.1,120,42.94,33.45,12.18,2.135,False
BGW-14,9,87,4.1,120,39.54,33.66,12.38,2.355,False
BGW-14,9,88,4.1,120,42.86,35.32,13.76,2.398,False
BGW-14,9,89,4.1,120,40.97,33.72,12.35,2.354,False
BGW-15,1,0,3.97,86,38.61,27.6,10.78,0.193,False
BGW-15,1,1,3.97,86,38.42,26.05,10.35,0.3,False
BGW-15,1,2,3.97,86,40.84,27.75,10.71,0.075,False
BGW-15,1,3,3.97,86,37.73,27.58,10.87,0.222,False
BGW-15,1,4,3.97,86,38.91,25.13,9.92,0.114,False
BGW-15,1,5,3.97,86,40.93,27.45,10.62,0.079,False
BGW-15,1,6,3.97,86,40.92,25.98,9.61,0.157,False
BGW-15,1,7,3.97,86,41.53,29.64,11.78,0.057,False
BGW-15,1,8,3.97,86,41.37,26.49,9.76,0.107,False
BGW-15,1,9,3.97,86,39.91,29.49,10.83,0.325,False
BGW-15,1,10,3.97,86,41.45,28.88,10.5,0.019,False
BGW-15,1,11,3.97,86,38.08,27.53,10.16,0.136,False
BGW-15,1,12,3.97,86,38.54,29.64,11.5,0.222,False
BGW-15,1,13,3.97,86,38.81,29.24,10.7,0.22,False
BGW-15,1,14,3.97,86,38.51,30.8,12.26,0.122,False
BGW-15,1,15,3.97,86,41.58,32.68,13.03,0.263,False
BGW-15,1,16,3.97,86,40.55,28.15,10.54,0.25,False
BGW-15,1,17,3.97,86,37.84,29.94,10.85,0.2,False
BGW-15,1,18,3.97,86,39.96,29.1,11.28,0.196,False
BGW-15,1,19,3.97,86,37.98,27.92,10.48,0.0,False
BGW-15,1,20,3.97,86,39.43,28.53,10.42,0.261,False
BGW-15,1,21,3.97,86,40.63,31.98,11.95,0.0,False
BGW-15,1,22,3.97,86,41.46,32.15,12.38,0.082,False
BGW-15,1,23,3.97,86,38.23,29.11,11.21,0.255,False
BGW-15,1,24,3.97,86,37.97,31.25,12.25,0.26,False
BGW-15,1,25,3.97,86,38.04,29.66,10.98,0.39,False
BGW-15,1,26,3.97,86,38.04,31.62,11.57,0.175,False
BGW-15,1,27,3.97,86,38.95,29.62,10.96,0.077,False
BGW-15,1,28,3.97,86,39.52,32.69,12.66,0.206,False
BGW-15,1,29,3.97,86,39.8,34.14,12.63,0.023,False
BGW-15,1,30,3.97,86,37.75,33.6,12.82,0.0,False
BGW-15,1,31,3.97,86,41.01,32.94,12.65,0.03,False
BGW-15,1,32,3.97,86,40.16,33.79,12.23,0.186,False
BGW-15,1,33,3.97,86,41.33,33.83,12.44,0.144,False
BGW-15,1,34,3.97,86,38.56,36.29,14.24,0.147,False
BGW-15,1,35,3.97,86,40.47,34.52,13.22,0.115,False
BGW-15,1,36,3.97,86,37.78,33.47,12.12,0.087,False
BGW-15,1,37,3.97,86,41.67,33.46,12.56,0.231,False
BGW-15,1,38,3.97,86,39.55,31.77,11.78,0.173,False
BGW-15,1,39,3.97,86,38.4,33.23,12.39,0.033,False
BGW-15,1,40,3.97,86,38.58,34.46,12.55,0.102,False
BGW-15,1,41,3.97,86,38.54,34.61,12.96,0.388,False
BGW-15,1,42,3.97,86,40.03,35.36,13.03,0.103,False
BGW-15,1,43,3.97,86,40.97,34.72,13.06,0.076,False
BGW-15,1,44,3.97,86,38.45,37.2,14.26,0.041,False
BGW-15,1,45,3.97,86,40.83,34.36,12.81,0.244,False
BGW-15,1,46,3.97,86,40.77,36.11,13.84,0.11,False
BGW-15,1,47,3.97,86,40.18,37.28,14.87,0.176,False
BGW-15,1,48,3.97,86,41.31,35.93,14.05,0.139,False
BGW-15,1,49,3.97,86,39.81,36.3,13.85,0.0,False
BGW-15,1,50,3.97,86,38.02,37.45,13.87,0.08,False
BGW-15,1,51,3.97,86,41.1,36.8,13.86,0.102,False
BGW-15,1,52,3.97,86,38.38,38.08,13.85,0.188,False
BGW-15,1,53,3.97,86,40.3,36.92,14.62,0.109,False
BGW-15,1,54,3.97,86,38.37,38.04,14.87,0.21,False
BGW-15,1,55,3.97,86,40.33,36.57,13.6,0.15,False
BGW-15,1,56,3.97,86,41.03,37.2,14.06,0.208,False
BGW-15,1,57,3.97,86,39.68,38.86,14.3,0.103,False
BGW-15,1,58,3.97,86,38.96,38.37,15.02,0.193,False
BGW-15,1,59,3.97,86,39.75,36.7,14.37,0.149,False
BGW-15,1,60,3.97,86,39.51,37.2,14.19,0.126,False
BGW-15,1,61,3.97,86,40.94,37.32,13.58,0.048,False
BGW-15,1,62,3.97,86,39.03,38.76,14.6,0.083,False
BGW-15,1,63,3.97,86,39.56,38.85,14.27,0.225,False
BGW-15,1,64,3.97,86,40.8,40.47,15.3,0.374,False
BGW-15,1,65,3.97,86,40.08,36.95,13.68,0.14,False
BGW-15,1,66,3.97,86,40.74,36.91,13.73,0.165,False
BGW-15,1,67,3.97,86,37.95,38.39,13.87,0.078,False
BGW-15,1,68,3.97,86,40.45,37.75,14.85,0.191,False
BGW-15,1,69,3.97,86,40.6,40.84,15.79,0.145,False
BGW-15,1,70,3.97,86,39.91,37.95,13.82,0.0,False
BGW-15,1,71,3.97,86,41.49,42.41,15.87,0.093,False
BGW-15,1,72,3.97,86,38.62,39.97,15.46,0.305,False
BGW-15,1,73,3.97,86,37.91,37.31,14.22,0.231,False
BGW-15,1,74,3.97,86,39.06,40.5,14.74,0.188,False
BGW-15,1,75,3.97,86,38.42,38.72,15.28,0.217,False
BGW-15,1,76,3.97,86,39.95,40.71,15.62,0.165,False
BGW-15,1,77,3.97,86,40.05,39.41,15.01,0.236,False
BGW-15,1,78,3.97,86,38.15,34.33,12.86,2.405,False
BGW-15,1,79,3.97,86,40.02,33.98,13.4,2.198,False
BGW-15,1,80,3.97,86,40.24,35.54,13.08,2.482,False
BGW-15,1,81,3.97,86,39.51,40.13,15.65,0.236,False
BGW-15,1,82,3.97,86,39.1,41.19,16.34,0.131,False
BGW-15,1,83,3.97,86,39.2,38.39,14.09,0.232,False
BGW-15,1,84,3.97,86,37.73,34.12,13.55,2.468,False
BGW-15,1,85,3.97,86,38.14,39.31,15.6,0.222,False
BGW-15,1,86,3.97,86,40.98,33.87,12.5,2.267,False
BGW-15,1,87,3.97,86,41.23,35.22,13.38,2.229,False
BGW-15,1,88,3.97,86,39.87,34.37,13.44,2.273,False
BGW-15,1,89,3.97,86,39.1,35.04,13.79,2.391,False
BGW-15,2,0,3.97,100,38.81,26.98,10.2,0.24,False
BGW-15,2,1,3.97,100,37.78,27.05,10.12,0.107,False
BGW-15,2,2,3.97,100,37.96,26.72,10.06,0.0,False
BGW-15,2,3,3.97,100,38.08,28.13,10.58,0.184,False
BGW-15,2,4,3.97,100,40.8,27.5,10.34,0.109,False
BGW-15,2,5,3.97,100,39.71,25.16,9.9,0.188,False
BGW-15,2,6,3.97,100,41.44,28.47,10.91,0.137,False
BGW-15,2,7,3.97,100,39.57,29.89,11.74,0.102,False
BGW-15,2,8,3.97,100,41.03,27.91,10.65,0.158,False
BGW-15,2,9,3.97,100,40.48,28.79,10.77,0.181,False
BGW-15,2,10,3.97,100,40.2,28.66,11.16,0.291,False
BGW-15,2,11,3.97,100,40.71,29.4,11.0,0.124,False
BGW-15,2,12,3.97,100,41.03,28.38,10.48,0.035,False
BGW-15,2,13,3.97,100,38.53,30.13,11.44,0.165,False
BGW-15,2,14,3.97,100,38.34,33.31,12.06,0.252,False
BGW-15,2,15,3.97,100,39.33,32.93,13.01,0.204,False
BGW-15,2,16,3.97,100,38.02,31.96,12.44,0.271,False
BGW-15,2,17,3.97,100,39.82,32.45,12.81,0.087,False
BGW-15,2,18,3.97,100,40.65,31.95,11.64,0.071,False
BGW-15,2,19,3.97,100,40.78,31.11,12.2,0.272,False
BGW-15,2,20,3.97,100,39.67,32.43,12.22,0.1,False
BGW-15,2,21,3.97,100,39.45,33.77,12.75,0.168,False
BGW-15,2,22,3.97,100,37.87,33.2,12.82,0.105,False
BGW-15,2,23,3.97,100,38.46,31.83,12.39,0.065,False
BGW-15,2,24,3.97,100,39.1,34.79,13.55,0.197,False
BGW-15,2,25,3.97,100,39.48,37.11,13.99,0.148,False
BGW-15,2,26,3.97,100,40.77,35.54,13.34,0.0,False
BGW-15,2,27,3.97,100,40.73,34.31,12.9,0.296,False
BGW-15,2,28,3.97,100,38.8,34.85,13.59,0.106,False
BGW-15,2,29,3.97,100,40.32,35.78,14.23,0.205,False
BGW-15,2,30,3.97,100,37.83,33.82,12.55,0.166,False
BGW-15,2,31,3.97,100,38.42,33.85,12.96,0.142,False
BGW-15,2,32,3.97,100,39.51,38.13,14.82,0.114,False
BGW-15,2,33,3.97,100,40.45,37.73,14.05,0.084,False
BGW-15,2,34,3.97,100,40.76,34.26,12.69,0.253,False
BGW-15,2,35,3.97,100,38.4,36.34,14.03,0.168,False
BGW-15,2,36,3.97,100,40.77,39.21,15.17,0.234,False
BGW-15,2,37,3.97,100,39.75,38.64,15.22,0.204,False
BGW-15,2,38,3.97,100,37.82,39.09,14.52,0.228,False
BGW-15,2,39,3.97,100,38.82,41.08,15.53,0.119,False
BGW-15,2,40,3.97,100,41.27,38.99,14.16,0.119,False
BGW-15,2,41,3.97,100,39.32,39.99,14.86,0.014,False
BGW-15,2,42,3.97,100,41.62,36.72,13.6,0.0,False
BGW-15,2,43,3.97,100,41.18,39.83,15.21,0.135,False
BGW-15,2,44,3.97,100,39.64,37.16,14.65,0.109,False
BGW-15,2,45,3.97,100,39.19,40.06,15.95,0.067,False
BGW-15,2,46,3.97,100,39.56,36.78,13.98,0.183,False
BGW-15,2,47,3.97,100,40.59,33.38,13.25,2.354,False
BGW-15,2,48,3.97,100,39.32,38.81,14.31,0.151,False
BGW-15,2,49,3.97,100,40.77,39.35,15.54,0.291,False
BGW-15,2,50,3.97,100,41.27,40.53,15.22,0.132,False
BGW-15,2,51,3.97,100,38.85,39.86,15.71,0.392,False
BGW-15,2,52,3.97,100,39.97,38.74,14.41,0.108,False
BGW-15,2,53,3.97,100,41.07,34.49,13.57,2.47,False
BGW-15,2,54,3.97,100,37.83,41.23,15.31,0.37,False
BGW-15,2,55,3.97,100,41.59,35.38,13.43,2.331,False
BGW-15,2,56,3.97,100,40.96,34.58,12.96,2.328,False
BGW-15,2,57,3.97,100,39.14,40.0,15.37,0.144,False
BGW-15,2,58,3.97,100,38.21,39.65,15.74,0.109,False
BGW-15,2,59,3.97,100,40.93,34.92,12.68,2.261,False
BGW-15,2,60,3.97,100,37.83,39.48,15.57,0.0,False
BGW-15,2,61,3.97,100,41.09,41.89,15.24,0.131,False
BGW-15,2,62,3.97,100,38.77,34.57,13.32,2.397,False
BGW-15,2,63,3.97,100,40.97,40.21,15.18,0.238,False
BGW-15,2,64,3.97,100,39.67,36.5,13.78,2.46,False
BGW-15,2,65,3.97,100,41.15,41.5,16.45,0.345,False
BGW-15,2,66,3.97,100,41.55,34.92,13.39,2.432,False
BGW-15,2,67,3.97,100,40.84,41.99,16.51,0.189,False
BGW-15,2,68,3.97,100,39.54,34.46,12.44,2.221,False
BGW-15,2,69,3.97,100,40.98,37.78,14.06,2.284,False
BGW-15,2,70,3.97,100,41.53,33.19,12.72,2.381,False
BGW-15,2,71,3.97,100,37.83,39.68,15.0,0.209,False
BGW-15,2,72,3.97,100,39.06,34.92,13.84,2.383,False
BGW-15,2,73,3.97,100,39.41,35.19,12.97,2.337,False
BGW-15,2,74,3.97,100,37.79,36.8,14.25,2.41,False
BGW-15,2,75,3.97,100,40.83,35.2,14.02,2.367,False
BGW-15,2,76,3.97,100,40.99,35.64,13.19,2.361,False
BGW-15,2,77,3.97,100,39.51,35.68,12.93,2.187,False
BGW-15,2,78,2.92,100,28.62,36.47,13.38,2.371,False
BGW-15,2,79,2.92,100,29.02,36.57,14.32,2.296,False
BGW-15,2,80,2.92,100,30.51,35.72,12.97,2.511,False
BGW-15,2,81,2.92,100,29.3,34.23,13.15,2.29,False
BGW-15,2,82,2.92,100,30.45,34.59,12.75,2.221,False
BGW-15,2,83,2.92,100,30.03,34.22,13.0,2.345,False
BGW-15,2,84,2.92,100,30.0,35.55,14.1,2.279,False
BGW-15,2,85,2.92,100,27.82,35.49,13.02,2.455,False
BGW-15,2,86,2.92,100,28.17,35.54,13.22,2.219,False
BGW-15,2,87,2.92,100,29.26,34.6,12.58,2.397,False
BGW-15,2,88,2.92,100,28.89,35.94,13.72,2.346,False
BGW-15,2,89,2.92,100,29.46,38.49,15.16,2.301,False
BGW-15,3,0,4.6,86,45.7,29.81,11.23,0.212,False
BGW-15,3,1,4.6,86,45.98,26.34,9.76,0.247,False
BGW-15,3,2,4.6,86,46.46,27.48,10.34,0.324,False
BGW-15,3,3,4.6,86,46.41,28.07,11.08,0.402,False
BGW-15,3,4,4.6,86,44.84,28.94,11.36,0.219,False
BGW-15,3,5,4.6,86,44.65,25.51,9.72,0.123,False
BGW-15,3,6,4.6,86,44.43,27.69,10.6,0.35,False
BGW-15,3,7,4.6,86,47.55,28.91,11.49,0.226,False
BGW-15,3,8,4.6,86,44.03,27.78,10.31,0.115,False
BGW-15,3,9,4.6,86,44.05,31.71,12.04,0.019,False
BGW-15,3,10,4.6,86,47.49,27.16,9.96,0.0,False
BGW-15,3,11,4.6,86,48.09,28.78,10.5,0.1,False
BGW-15,3,12,4.6,86,45.24,29.8,11.67,0.143,False
BGW-15,3,13,4.6,86,46.07,29.85,11.79,0.0,False
BGW-15,3,14,4.6,86,45.42,30.5,12.0,0.193,False
BGW-15,3,15,4.6,86,45.22,29.19,11.52,0.29,False
BGW-15,3,16,4.6,86,46.21,29.47,11.44,0.188,False
BGW-15,3,17,4.6,86,44.9,30.69,11.51,0.21,False
BGW-15,3,18,4.6,86,46.19,28.69,11.16,0.145,False
BGW-15,3,19,4.6,86,45.26,30.23,11.32,0.103,False
BGW-15,3,20,4.6,86,47.86,30.1,11.84,0.0,False
BGW-15,3,21,4.6,86,48.04,29.72,11.12,0.138,False
BGW-15,3,22,4.6,86,45.9,28.97,11.35,0.09,False
BGW-15,3,23,4.6,86,44.48,27.74,10.9,0.141,False
BGW-15,3,24,4.6,86,47.73,32.15,11.87,0.088,False
BGW-15,3,25,4.6,86,45.75,32.49,12.21,0.0,False
BGW-15,3,26,4.6,86,44.5,30.43,11.91,0.0,False
BGW-15,3,27,4.6,86,48.13,33.49,12.12,0.0,False
BGW-15,3,28,4.6,86,47.9,30.43,11.74,0.162,False
BGW-15,3,29,4.6,86,43.98,34.56,12.83,0.0,False
BGW-15,3,30,4.6,86,44.56,32.65,11.88,0.19,False
BGW-15,3,31,4.6,86,44.94,32.86,13.05,0.0,False
BGW-15,3,32,4.6,86,47.9,33.39,12.14,0.163,False
BGW-15,3,33,4.6,86,45.09,31.85,12.27,0.059,False
BGW-15,3,34,4.6,86,47.59,32.73,12.46,0.162,False
BGW-15,3,35,4.6,86,47.79,33.16,12.45,0.306,False
BGW-15,3,36,4.6,86,45.21,33.95,12.7,0.322,False
BGW-15,3,37,4.6,86,45.75,35.01,13.91,0.213,False
BGW-15,3,38,4.6,86,44.41,37.89,13.97,0.193,False
BGW-15,3,39,4.6,86,47.02,33.72,13.22,0.034,False
BGW-15,3,40,4.6,86,47.03,32.19,12.38,0.169,False
BGW-15,3,41,4.6,86,45.57,37.69,14.21,0.19,False
BGW-15,3,42,4.6,86,44.53,32.42,12.81,0.0,False
BGW-15,3,43,4.6,86,45.73,35.57,13.96,0.18,False
BGW-15,3,44,4.6,86,44.53,37.32,14.46,0.101,False
BGW-15,3,45,4.6,86,46.39,33.71,12.34,0.107,False
BGW-15,3,46,4.6,86,46.52,35.13,13.55,0.029,False
BGW-15,3,47,4.6,86,44.96,38.11,14.57,0.222,False
BGW-15,3,48,4.6,86,47.1,35.58,13.38,0.251,False
BGW-15,3,49,4.6,86,47.55,38.97,14.87,0.118,False
BGW-15,3,50,4.6,86,43.88,36.9,13.71,0.268,False
BGW-15,3,51,4.6,86,46.73,41.17,16.26,0.0,False
BGW-15,3,52,4.6,86,47.81,38.03,14.11,0.345,False
BGW-15,3,53,4.6,86,47.08,37.74,14.11,0.145,False
BGW-15,3,54,4.6,86,48.0,36.56,14.01,0.103,False
BGW-15,3,55,4.6,86,45.23,34.83,13.27,0.009,False
BGW-15,3,56,4.6,86,45.89,35.16,13.25,0.182,False
BGW-15,3,57,4.6,86,47.8,39.5,14.72,0.034,False
BGW-15,3,58,4.6,86,47.35,36.47,13.44,0.3,False
BGW-15,3,59,4.6,86,44.4,36.86,13.81,0.067,False
BGW-15,3,60,4.6,86,47.6,39.2,15.24,0.1,False
BGW-15,3,61,4.6,86,44.23,39.36,14.61,0.0,False
BGW-15,3,62,4.6,86,45.01,37.37,14.82,0.139,False
BGW-15,3,63,4.6,86,45.16,38.57,14.6,0.079,False
BGW-15,3,64,4.6,86,44.74,38.21,15.21,0.058,False
BGW-15,3,65,4.6,86,46.04,40.43,15.96,0.148,False
BGW-15,3,66,4.6,86,44.52,38.84,15.15,0.048,False
BGW-15,3,67,4.6,86,47.08,41.34,16.26,0.074,False
BGW-15,3,68,4.6,86,46.91,39.3,14.54,0.262,False
BGW-15,3,69,4.6,86,43.77,38.94,14.25,0.227,False
BGW-15,3,70,4.6,86,46.52,42.05,16.63,0.218,False
BGW-15,3,71,4.6,86,46.96,40.84,16.0,0.362,False
BGW-15,3,72,4.6,86,46.17,39.44,15.63,0.329,False
BGW-15,3,73,4.6,86,44.61,37.89,14.85,0.103,False
BGW-15,3,74,4.6,86,47.28,39.48,15.27,0.237,False
BGW-15,3,75,4.6,86,46.2,35.05,12.9,2.5,False
BGW-15,3,76,4.6,86,43.76,39.74,15.38,0.185,False
BGW-15,3,77,4.6,86,44.2,39.64,14.44,0.095,False
BGW-15,3,78,4.6,86,46.55,38.51,14.25,0.21,False
BGW-15,3,79,4.6,86,44.98,40.03,14.71,0.192,False
BGW-15,3,80,4.6,86,48.14,42.57,16.36,0.051,False
BGW-15,3,81,4.6,86,44.85,39.75,14.43,0.124,False
BGW-15,3,82,4.6,86,45.67,36.64,14.39,2.335,False
BGW-15,3,83,4.6,86,43.88,39.39,14.83,0.06,False
BGW-15,3,84,4.6,86,44.71,40.33,14.83,0.103,False
BGW-15,3,85,4.6,86,47.86,42.71,16.54,0.204,False
BGW-15,3,86,4.6,86,46.02,42.16,16.24,0.117,False
BGW-15,3,87,4.6,86,47.95,42.08,16.48,0.049,False
BGW-15,3,88,4.6,86,44.6,35.85,14.25,2.247,False
BGW-15,3,89,4.6,86,44.88,35.07,12.66,2.311,False
BGW-15,4,0,4.52,100,45.33,28.46,10.41,0.0,False
BGW-15,4,1,4.52,100,44.38,27.52,10.52,0.148,False
BGW-15,4,2,4.52,100,44.09,30.37,11.06,0.137,False
BGW-15,4,3,4.52,100,46.88,28.82,10.89,0.0,False
BGW-15,4,4,4.52,100,45.79,28.2,10.51,0.157,False
BGW-15,4,5,4.52,100,45.55,29.34,10.75,0.0,False
BGW-15,4,6,4.52,100,44.61,32.38,12.12,0.022,False
BGW-15,4,7,4.52,100,46.59,29.62,11.1,0.108,False
BGW-15,4,8,4.52,100,46.96,28.78,11.33,0.089,False
BGW-15,4,9,4.52,100,47.08,29.38,11.67,0.164,False
BGW-15,4,10,4.52,100,47.04,26.59,9.89,0.118,False
BGW-15,4,11,4.52,100,44.6,28.4,10.54,0.26,False
BGW-15,4,12,4.52,100,45.37,31.36,12.25,0.271,False
BGW-15,4,13,4.52,100,45.18,31.88,11.98,0.218,False
BGW-15,4,14,4.52,100,47.46,34.31,13.03,0.169,False
BGW-15,4,15,4.52,100,45.31,32.14,12.1,0.217,False
BGW-15,4,16,4.52,100,44.13,33.05,13.08,0.084,False
BGW-15,4,17,4.52,100,43.64,29.35,11.41,0.136,False
BGW-15,4,18,4.52,100,46.83,32.08,12.68,0.104,False
BGW-15,4,19,4.52,100,44.07,31.78,11.63,0.278,False
BGW-15,4,20,4.52,100,44.51,33.1,12.04,0.015,False
BGW-15,4,21,4.52,100,47.1,36.76,14.49,0.04,False
BGW-15,4,22,4.52,100,45.33,34.82,13.73,0.115,False
BGW-15,4,23,4.52,100,46.84,33.48,13.03,0.129,False
BGW-15,4,24,4.52,100,47.47,35.82,13.39,0.0,False
BGW-15,4,25,4.52,100,43.85,35.93,13.03,0.108,False
BGW-15,4,26,4.52,100,46.17,36.59,13.58,0.261,False
BGW-15,4,27,4.52,100,47.03,35.03,12.94,0.306,False
BGW-15,4,28,4.52,100,45.24,34.19,12.63,0.273,False
BGW-15,4,29,4.52,100,43.13,36.91,13.37,0.116,False
BGW-15,4,30,4.52,100,44.61,38.42,13.89,0.043,False
BGW-15,4,31,4.52,100,45.94,36.8,13.29,0.194,False
BGW-15,4,32,4.52,100,43.3,38.48,14.99,0.105,False
BGW-15,4,33,4.52,100,46.35,38.05,14.09,0.073,False
BGW-15,4,34,4.52,100,45.75,36.12,13.88,0.126,False
BGW-15,4,35,4.52,100,47.45,39.08,14.41,0.236,False
BGW-15,4,36,4.52,100,47.35,38.71,15.27,0.182,False
BGW-15,4,37,4.52,100,45.66,37.47,14.56,0.131,False
BGW-15,4,38,4.52,100,45.67,37.73,13.98,0.124,False
BGW-15,4,39,4.52,100,45.99,36.89,14.43,0.11,False
BGW-15,4,40,4.52,100,47.41,38.97,14.87,0.091,False
BGW-15,4,41,4.52,100,45.15,33.49,13.35,2.502,False
BGW-15,4,42,4.52,100,46.18,42.15,15.94,0.053,False
BGW-15,4,43,4.52,100,46.76,34.12,12.85,2.412,False
BGW-15,4,44,4.52,100,43.26,37.98,13.74,0.0,False
BGW-15,4,45,4.52,100,46.23,39.44,14.94,0.174,False
BGW-15,4,46,4.52,100,46.12,40.15,15.62,0.03,False
BGW-15,4,47,4.52,100,47.42,34.21,13.11,2.523,False
BGW-15,4,48,4.52,100,43.23,40.95,15.4,0.229,False
BGW-15,4,49,4.52,100,43.24,38.35,14.28,0.08,False
BGW-15,4,50,4.52,100,45.35,33.89,13.16,2.248,False
BGW-15,4,51,4.52,100,44.71,36.23,13.92,2.131,False
BGW-15,4,52,4.52,100,46.27,34.71,13.68,2.369,False
BGW-15,4,53,4.52,100,46.32,34.79,13.78,2.392,False
BGW-15,4,54,4.52,100,44.68,41.11,15.11,0.182,False
BGW-15,4,55,4.52,100,43.69,34.92,13.49,2.243,False
BGW-15,4,56,4.52,100,46.85,37.85,13.84,2.478,False
BGW-15,4,57,4.52,100,43.85,37.2,14.58,2.316,False
BGW-15,4,58,4.52,100,45.22,35.83,13.56,2.271,False
BGW-15,4,59,4.52,100,47.18,35.43,13.95,2.341,False
BGW-15,4,60,3.34,100,33.0,36.46,13.64,2.401,False
BGW-15,4,61,3.34,100,33.6,37.66,13.63,2.21,False
BGW-15,4,62,3.34,100,34.36,41.21,16.16,0.0,True
BGW-15,4,63,3.34,100,33.03,36.6,14.21,2.22,False
BGW-15,4,64,3.34,100,33.93,35.34,13.41,2.454,False
BGW-15,4,65,3.34,100,32.44,34.72,13.6,2.298,False
BGW-15,4,66,3.34,100,34.64,33.99,12.68,2.488,False
BGW-15,4,67,3.34,100,32.91,33.66,13.26,2.305,False
BGW-15,4,68,3.34,100,33.86,32.87,12.8,2.302,False
BGW-15,4,69,3.34,100,32.23,37.98,14.51,2.458,False
BGW-15,4,70,3.34,100,33.39,35.22,13.92,2.403,False
BGW-15,4,71,3.34,100,31.78,36.6,14.04,2.364,False
BGW-15,4,72,3.34,100,33.98,34.81,12.89,2.297,False
BGW-15,4,73,3.34,100,34.73,37.95,13.78,2.275,False
BGW-15,4,74,3.34,100,31.92,34.62,12.93,2.32,False
BGW-15,4,75,3.34,100,32.37,36.0,13.37,2.435,False
BGW-15,4,76,3.34,100,34.66,35.89,13.79,2.449,False
BGW-15,4,77,3.34,100,32.05,35.22,13.76,2.251,False
BGW-15,4,78,3.34,100,32.27,35.85,13.96,2.51,False
BGW-15,4,79,3.34,100,32.04,36.14,13.39,2.253,False
BGW-15,4,80,3.34,100,34.42,35.43,13.18,2.343,False
BGW-15,4,81,3.34,100,33.87,33.65,12.15,2.421,False
BGW-15,4,82,3.34,100,33.75,35.74,13.69,2.19,False
BGW-15,4,83,3.34,100,33.01,36.27,13.86,2.33,False
BGW-15,4,84,3.34,100,32.81,37.67,14.64,2.431,False
BGW-15,4,85,3.34,100,33.46,37.37,13.77,2.251,False
BGW-15,4,86,3.34,100,33.9,37.51,14.7,2.477,False
BGW-15,4,87,3.34,100,32.58,36.81,13.6,2.381,False
BGW-15,4,88,3.34,100,34.14,37.09,13.81,2.351,False
BGW-15,4,89,3.34,100,32.82,34.31,12.4,2.348,False
BGW-15,5,0,5.25,100,53.37,28.21,10.36,0.197,False
BGW-15,5,1,5.25,100,52.31,28.62,10.98,0.277,False
BGW-15,5,2,5.25,100,50.79,30.65,11.96,0.095,False
BGW-15,5,3,5.25,100,54.58,29.15,10.81,0.098,False
BGW-15,5,4,5.25,100,52.18,26.56,10.37,0.138,False
BGW-15,5,5,5.25,100,54.37,28.19,10.77,0.206,False
BGW-15,5,6,5.25,100,51.53,27.35,10.11,0.377,False
BGW-15,5,7,5.25,100,52.61,25.5,10.04,0.052,False
BGW-15,5,8,5.25,100,50.43,31.73,11.86,0.174,False
BGW-15,5,9,5.25,100,51.85,28.12,11.2,0.0,False
BGW-15,5,10,5.25,100,53.64,29.81,10.96,0.131,False
BGW-15,5,11,5.25,100,52.87,29.55,10.71,0.259,False
BGW-15,5,12,5.25,100,52.04,29.38,10.92,0.346,False
BGW-15,5,13,5.25,100,50.8,31.65,11.51,0.152,False
BGW-15,5,14,5.25,100,53.84,31.24,12.25,0.173,False
BGW-15,5,15,5.25,100,52.85,30.71,11.8,0.073,False
BGW-15,5,16,5.25,100,54.64,33.19,12.66,0.218,False
BGW-15,5,17,5.25,100,50.08,30.11,11.31,0.102,False
BGW-15,5,18,5.25,100,52.67,29.93,10.95,0.039,False
BGW-15,5,19,5.25,100,54.85,31.31,12.04,0.13,False
BGW-15,5,20,5.25,100,52.08,33.08,13.18,0.044,False
BGW-15,5,21,5.25,100,51.18,32.13,12.65,0.025,False
BGW-15,5,22,5.25,100,54.05,32.29,11.68,0.29,False
BGW-15,5,23,5.25,100,52.08,34.13,12.81,0.0,False
BGW-15,5,24,5.25,100,51.93,34.31,12.4,0.096,False
BGW-15,5,25,5.25,100,53.51,35.03,12.74,0.225,False
BGW-15,5,26,5.25,100,54.14,32.06,12.57,0.125,False
BGW-15,5,27,5.25,100,52.05,33.6,13.22,0.169,False
BGW-15,5,28,5.25,100,52.21,33.73,12.69,0.128,False
BGW-15,5,29,5.25,100,54.55,37.25,14.7,0.325,False
BGW-15,5,30,5.25,100,54.11,37.38,14.45,0.124,False
BGW-15,5,31,5.25,100,50.85,35.61,13.44,0.235,False
BGW-15,5,32,5.25,100,54.76,37.1,14.41,0.0,False
BGW-15,5,33,5.25,100,50.89,35.82,13.21,0.257,False
BGW-15,5,34,5.25,100,52.63,36.46,14.41,0.0,False
BGW-15,5,35,5.25,100,50.54,36.85,13.55,0.104,False
BGW-15,5,36,5.25,100,51.65,38.61,15.25,0.082,False
BGW-15,5,37,5.25,100,54.56,38.39,15.25,0.323,False
BGW-15,5,38,5.25,100,50.16,38.16,13.84,0.268,False
BGW-15,5,39,5.25,100,54.27,38.31,13.99,0.022,False
BGW-15,5,40,5.25,100,54.85,35.43,13.73,0.103,False
BGW-15,5,41,5.25,100,50.93,41.08,15.07,0.251,False
BGW-15,5,42,5.25,100,51.71,37.56,14.32,0.162,False
BGW-15,5,43,5.25,100,51.67,37.92,13.97,0.017,False
BGW-15,5,44,5.25,100,51.09,39.19,15.08,0.133,False
BGW-15,5,45,5.25,100,52.25,39.36,15.16,0.117,False
BGW-15,5,46,5.25,100,52.07,40.07,15.5,0.139,False
BGW-15,5,47,5.25,100,54.54,40.38,15.53,0.326,False
BGW-15,5,48,5.25,100,50.46,37.82,14.45,0.086,False
BGW-15,5,49,5.25,100,52.07,37.26,13.94,0.293,False
BGW-15,5,50,5.25,100,55.12,40.77,16.17,0.293,False
BGW-15,5,51,5.25,100,54.06,38.94,15.0,0.105,False
BGW-15,5,52,5.25,100,52.69,38.58,14.79,0.339,False
BGW-15,5,53,5.25,100,53.1,34.63,13.47,2.378,False
BGW-15,5,54,5.25,100,53.42,34.28,13.68,2.388,False
BGW-15,5,55,5.25,100,51.07,41.04,15.52,0.232,False
BGW-15,5,56,5.25,100,53.87,42.39,16.07,0.24,False
BGW-15,5,57,5.25,100,53.92,35.76,13.5,2.514,False
BGW-15,5,58,5.25,100,52.13,34.0,13.42,2.222,False
BGW-15,5,59,5.25,100,53.45,36.09,13.63,2.291,False
BGW-15,5,60,5.25,100,53.76,34.94,13.7,2.436,False
BGW-15,5,61,5.25,100,52.42,35.16,13.13,2.24,False
BGW-15,5,62,5.25,100,52.74,36.23,14.08,2.172,False
BGW-15,5,63,5.25,100,53.63,38.94,14.62,0.211,False
BGW-15,5,64,5.25,100,53.71,33.18,12.83,2.384,False
BGW-15,5,65,5.25,100,50.89,42.43,16.05,0.191,False
BGW-15,5,66,5.25,100,53.19,35.17,13.0,2.422,False
BGW-15,5,67,5.25,100,51.53,32.96,11.94,2.412,False
BGW-15,5,68,5.25,100,52.28,39.08,15.13,0.115,False
BGW-15,5,69,5.25,100,52.8,37.66,13.64,0.136,False
BGW-15,5,70,5.25,100,51.78,34.24,12.67,2.427,False
BGW-15,5,71,5.25,100,50.8,39.67,15.09,0.155,False
BGW-15,5,72,5.25,100,53.68,40.79,15.31,0.212,False
BGW-15,5,73,5.25,100,50.04,37.13,14.13,2.242,False
BGW-15,5,74,5.25,100,50.1,36.48,13.44,2.348,False
BGW-15,5,75,5.25,100,52.7,36.01,13.16,2.41,False
BGW-15,5,76,5.25,100,52.07,34.57,13.36,2.294,False
BGW-15,5,77,5.25,100,50.78,36.79,14.31,2.292,False
BGW-15,5,78,5.25,100,53.17,36.92,14.06,2.341,False
BGW-15,5,79,3.91,100,39.39,36.6,13.49,2.519,False
BGW-15,5,80,3.91,100,38.18,36.89,14.39,2.14,False
BGW-15,5,81,3.91,100,38.3,33.73,13.2,2.565,False
BGW-15,5,82,3.91,100,38.32,37.62,13.79,2.429,False
BGW-15,5,83,3.91,100,39.7,34.74,13.52,2.367,False
BGW-15,5,84,3.91,100,39.58,36.09,13.72,2.372,False
BGW-15,5,85,3.91,100,39.91,33.03,12.47,2.17,False
BGW-15,5,86,3.91,100,37.63,35.61,13.99,2.209,False
BGW-15,5,87,3.91,100,37.33,35.35,13.64,2.258,False
BGW-15,5,88,3.91,100,40.42,35.97,13.1,2.22,False
BGW-15,5,89,3.91,100,39.47,33.93,12.58,2.413,False
BGW-15,6,0,6.06,120,60.02,27.2,10.09,0.157,False
BGW-15,6,1,6.06,120,61.38,30.0,11.48,0.183,False
BGW-15,6,2,6.06,120,57.73,27.87,10.41,0.054,False
BGW-15,6,3,6.06,120,58.93,27.77,10.08,0.108,False
BGW-15,6,4,6.06,120,58.27,29.21,10.7,0.34,False
BGW-15,6,5,6.06,120,57.69,28.58,10.82,0.099,False
BGW-15,6,6,6.06,120,59.11,29.52,10.91,0.209,False
BGW-15,6,7,6.06,120,59.21,27.62,10.33,0.041,False
BGW-15,6,8,6.06,120,59.5,28.82,11.41,0.095,False
BGW-15,6,9,6.06,120,60.02,32.01,11.84,0.143,False
BGW-15,6,10,6.06,120,61.27,30.28,11.5,0.258,False
BGW-15,6,11,6.06,120,59.8,27.37,10.17,0.153,False
BGW-15,6,12,6.06,120,58.42,28.57,10.71,0.184,False
BGW-15,6,13,6.06,120,58.84,31.73,11.98,0.099,False
BGW-15,6,14,6.06,120,58.41,31.72,11.7,0.181,False
BGW-15,6,15,6.06,120,62.17,29.82,11.21,0.234,False
BGW-15,6,16,6.06,120,61.87,31.35,11.53,0.17,False
BGW-15,6,17,6.06,120,59.5,31.79,12.19,0.246,False
BGW-15,6,18,6.06,120,61.97,31.28,11.84,0.124,False
BGW-15,6,19,6.06,120,63.38,29.65,11.36,0.248,False
BGW-15,6,20,6.06,120,57.93,28.39,11.15,0.102,False
BGW-15,6,21,6.06,120,60.4,32.83,12.46,0.194,False
BGW-15,6,22,6.06,120,62.56,34.04,12.73,0.084,False
BGW-15,6,23,6.06,120,59.48,31.46,11.42,0.161,False
BGW-15,6,24,6.06,120,63.27,35.58,13.3,0.086,False
BGW-15,6,25,6.06,120,60.68,34.74,13.2,0.171,False
BGW-15,6,26,6.06,120,62.44,32.65,12.5,0.175,False
BGW-15,6,27,6.06,120,62.86,34.55,12.52,0.139,False
BGW-15,6,28,6.06,120,61.4,35.77,12.93,0.195,False
BGW-15,6,29,6.06,120,63.11,36.66,14.27,0.065,False
BGW-15,6,30,6.06,120,61.03,36.43,13.88,0.428,False
BGW-15,6,31,6.06,120,57.96,36.25,14.04,0.237,False
BGW-15,6,32,6.06,120,61.75,36.55,14.17,0.052,False
BGW-15,6,33,6.06,120,60.45,36.91,14.39,0.108,False
BGW-15,6,34,6.06,120,59.86,35.62,13.55,0.081,False
BGW-15,6,35,6.06,120,62.58,37.25,14.57,0.256,False
BGW-15,6,36,6.06,120,59.06,38.05,14.03,0.036,False
BGW-15,6,37,6.06,120,62.63,35.64,13.82,0.087,False
BGW-15,6,38,6.06,120,61.95,34.59,13.78,0.378,False
BGW-15,6,39,6.06,120,59.07,36.58,14.23,0.11,False
BGW-15,6,40,6.06,120,61.79,39.03,15.29,0.144,False
BGW-15,6,41,6.06,120,58.23,36.67,14.04,0.075,False
BGW-15,6,42,6.06,120,61.22,37.4,13.77,0.153,False
BGW-15,6,43,6.06,120,60.77,39.83,14.79,0.098,False
BGW-15,6,44,6.06,120,59.67,39.46,15.64,0.136,False
BGW-15,6,45,6.06,120,59.59,38.05,14.75,0.0,False
BGW-15,6,46,6.06,120,61.8,37.81,14.18,0.157,False
BGW-15,6,47,6.06,120,57.65,37.6,14.41,0.255,False
BGW-15,6,48,6.06,120,58.07,39.7,15.57,0.102,False
BGW-15,6,49,6.06,120,61.13,41.28,15.07,0.14,False
BGW-15,6,50,6.06,120,58.45,39.33,15.59,0.079,False
BGW-15,6,51,6.06,120,58.27,39.91,15.52,0.219,False
BGW-15,6,52,6.06,120,62.35,41.57,15.85,0.043,False
BGW-15,6,53,6.06,120,58.82,38.65,14.86,0.335,False
BGW-15,6,54,6.06,120,60.14,42.63,16.24,0.169,False
BGW-15,6,55,6.06,120,59.09,31.24,11.49,2.493,False
BGW-15,6,56,6.06,120,58.45,40.22,14.98,0.0,False
BGW-15,6,57,6.06,120,61.2,34.25,13.42,2.391,False
BGW-15,6,58,6.06,120,58.63,42.35,16.12,0.138,False
BGW-15,6,59,6.06,120,63.12,39.38,15.47,0.103,False
BGW-15,6,60,6.06,120,59.2,34.61,13.14,2.363,False
BGW-15,6,61,6.06,120,60.97,34.94,12.86,2.479,False
BGW-15,6,62,6.06,120,59.83,35.84,12.95,2.539,False
BGW-15,6,63,6.06,120,61.72,35.39,12.89,2.357,False
BGW-15,6,64,6.06,120,59.95,34.25,13.64,2.527,False
BGW-15,6,65,6.06,120,63.51,33.73,12.4,2.231,False
BGW-15,6,66,4.79,120,47.07,33.69,12.79,2.154,False
BGW-15,6,67,4.79,120,49.05,40.83,15.87,0.163,True
BGW-15,6,68,4.79,120,48.17,34.41,12.49,2.325,False
BGW-15,6,69,4.79,120,46.22,34.91,13.22,2.471,False
BGW-15,6,70,4.79,120,45.95,34.03,13.09,2.281,False
BGW-15,6,71,4.79,120,48.69,36.35,14.45,2.522,False
BGW-15,6,72,4.79,120,46.05,33.29,12.29,2.156,False
BGW-15,6,73,4.79,120,49.68,39.48,14.49,0.072,True
BGW-15,6,74,4.79,120,48.14,36.0,14.08,2.351,False
BGW-15,6,75,4.79,120,46.36,38.39,14.1,2.396,False
BGW-15,6,76,4.79,120,50.15,34.84,13.3,2.23,False
BGW-15,6,77,4.79,120,48.36,34.79,12.97,2.291,False
BGW-15,6,78,4.79,120,45.82,33.41,12.52,2.468,False
BGW-15,6,79,4.79,120,47.92,34.85,13.28,2.306,False
BGW-15,6,80,4.79,120,48.29,41.01,15.98,0.063,True
BGW-15,6,81,4.79,120,46.39,34.99,13.82,2.431,False
BGW-15,6,82,4.79,120,50.04,33.86,13.16,2.358,False
BGW-15,6,83,4.79,120,47.41,37.16,14.1,2.322,False
BGW-15,6,84,4.79,120,49.67,34.09,12.33,2.266,False
BGW-15,6,85,4.79,120,48.72,39.09,14.55,2.36,False
BGW-15,6,86,4.79,120,45.78,34.52,13.39,2.418,False
BGW-15,6,87,4.79,120,45.98,34.42,13.1,2.334,False
BGW-15,6,88,4.79,120,49.51,34.87,12.95,2.324,False
BGW-15,6,89,4.79,120,49.9,35.34,13.32,2.24,False
BGW-15,7,0,3.87,120,38.22,29.02,11.09,0.144,False
BGW-15,7,1,3.87,120,38.62,31.74,12.19,0.058,False
BGW-15,7,2,3.87,120,39.45,32.79,12.84,0.259,False
BGW-15,7,3,3.87,120,40.4,30.35,11.09,0.005,False
BGW-15,7,4,3.87,120,38.31,29.58,11.17,0.246,False
BGW-15,7,5,3.87,120,37.78,27.36,10.58,0.203,False
BGW-15,7,6,3.87,120,40.13,29.9,11.66,0.197,False
BGW-15,7,7,3.87,120,37.09,26.27,9.89,0.223,False
BGW-15,7,8,3.87,120,39.93,29.13,10.7,0.21,False
BGW-15,7,9,3.87,120,39.81,27.83,10.86,0.244,False
BGW-15,7,10,3.87,120,39.72,30.57,11.56,0.212,False
BGW-15,7,11,3.87,120,39.76,29.92,11.14,0.284,False
BGW-15,7,12,3.87,120,39.09,29.16,11.11,0.154,False
BGW-15,7,13,3.87,120,37.95,30.17,11.11,0.411,False
BGW-15,7,14,3.87,120,40.25,30.95,11.67,0.146,False
BGW-15,7,15,3.87,120,39.75,27.06,10.17,0.079,False
BGW-15,7,16,3.87,120,39.94,28.38,11.25,0.289,False
BGW-15,7,17,3.87,120,38.14,30.02,11.63,0.24,False
BGW-15,7,18,3.87,120,40.01,29.41,11.7,0.254,False
BGW-15,7,19,3.87,120,39.35,30.38,11.65,0.129,False
BGW-15,7,20,3.87,120,40.54,29.46,11.25,0.09,False
BGW-15,7,21,3.87,120,38.67,31.11,12.18,0.135,False
BGW-15,7,22,3.87,120,39.05,32.15,12.09,0.056,False
BGW-15,7,23,3.87,120,39.65,32.28,12.66,0.074,False
BGW-15,7,24,3.87,120,40.18,30.4,11.69,0.137,False
BGW-15,7,25,3.87,120,37.51,31.93,12.05,0.0,False
BGW-15,7,26,3.87,120,37.71,31.66,12.55,0.016,False
BGW-15,7,27,3.87,120,40.38,30.17,11.0,0.181,False
BGW-15,7,28,3.87,120,40.01,31.21,11.34,0.222,False
BGW-15,7,29,3.87,120,36.83,30.35,11.86,0.215,False
BGW-15,7,30,3.87,120,39.05,31.15,11.96,0.361,False
BGW-15,7,31,3.87,120,40.5,34.89,13.24,0.163,False
BGW-15,7,32,3.87,120,38.35,34.7,12.82,0.089,False
BGW-15,7,33,3.87,120,37.52,32.25,11.8,0.151,False
BGW-15,7,34,3.87,120,38.85,33.21,13.23,0.216,False
BGW-15,7,35,3.87,120,37.36,34.06,13.36,0.093,False
BGW-15,7,36,3.87,120,37.18,31.6,12.02,0.193,False
BGW-15,7,37,3.87,120,39.71,33.07,12.99,0.073,False
BGW-15,7,38,3.87,120,37.58,36.61,13.65,0.221,False
BGW-15,7,39,3.87,120,39.91,35.84,13.41,0.387,False
BGW-15,7,40,3.87,120,37.29,36.23,13.76,0.146,False
BGW-15,7,41,3.87,120,39.33,36.71,13.51,0.164,False
BGW-15,7,42,3.87,120,40.31,31.86,11.63,0.241,False
BGW-15,7,43,3.87,120,38.76,35.64,13.65,0.133,False
BGW-15,7,44,3.87,120,37.09,37.84,14.77,0.27,False
BGW-15,7,45,3.87,120,37.51,36.36,14.13,0.244,False
BGW-15,7,46,3.87,120,38.22,34.18,12.58,0.24,False
BGW-15,7,47,3.87,120,39.12,38.33,14.87,0.168,False
BGW-15,7,48,3.87,120,38.17,37.13,14.77,0.0,False
BGW-15,7,49,3.87,120,38.4,35.69,13.45,0.127,False
BGW-15,7,50,3.87,120,37.54,35.12,13.94,0.146,False
BGW-15,7,51,3.87,120,39.6,39.21,14.68,0.19,False
BGW-15,7,52,3.87,120,37.44,35.82,14.11,0.084,False
BGW-15,7,53,3.87,120,40.13,37.76,13.7,0.287,False
BGW-15,7,54,3.87,120,37.29,37.13,13.7,0.311,False
BGW-15,7,55,3.87,120,37.36,41.72,15.15,0.168,False
BGW-15,7,56,3.87,120,36.95,41.18,16.28,0.0,False
BGW-15,7,57,3.87,120,40.45,36.08,14.17,0.052,False
BGW-15,7,58,3.87,120,37.92,39.7,15.09,0.129,False
BGW-15,7,59,3.87,120,37.81,37.4,14.18,0.014,False
BGW-15,7,60,3.87,120,39.25,37.33,13.99,0.263,False
BGW-15,7,61,3.87,120,39.06,38.97,15.22,0.145,False
BGW-15,7,62,3.87,120,40.33,38.51,14.41,0.13,False
BGW-15,7,63,3.87,120,39.07,41.82,16.01,0.045,False
BGW-15,7,64,3.87,120,38.08,38.51,14.54,0.005,False
BGW-15,7,65,3.87,120,37.3,39.44,14.77,0.176,False
BGW-15,7,66,3.87,120,38.44,38.94,14.42,0.0,False
BGW-15,7,67,3.87,120,40.0,41.29,16.05,0.181,False
BGW-15,7,68,3.87,120,38.12,39.55,15.0,0.126,False
BGW-15,7,69,3.87,120,40.22,38.5,14.68,0.18,False
BGW-15,7,70,3.87,120,38.34,34.47,13.54,2.448,False
BGW-15,7,71,3.87,120,40.08,41.15,15.41,0.153,False
BGW-15,7,72,3.87,120,39.36,35.4,12.83,2.395,False
BGW-15,7,73,3.87,120,37.36,35.85,13.41,2.296,False
BGW-15,7,74,3.87,120,38.42,36.93,14.01,0.027,False
BGW-15,7,75,3.87,120,38.62,34.34,12.74,2.433,False
BGW-15,7,76,3.87,120,37.88,34.74,13.55,2.087,False
BGW-15,7,77,3.87,120,39.99,35.52,13.11,2.301,False
BGW-15,7,78,3.87,120,40.19,36.04,13.14,2.317,False
BGW-15,7,79,3.87,120,37.45,41.5,15.73,0.152,False
BGW-15,7,80,3.87,120,37.54,34.57,13.37,2.228,False
BGW-15,7,81,3.87,120,36.96,37.22,14.37,2.26,False
BGW-15,7,82,3.87,120,39.33,32.24,12.08,2.421,False
BGW-15,7,83,3.87,120,36.91,41.02,15.46,0.106,False
BGW-15,7,84,3.87,120,39.33,37.59,14.93,0.181,False
BGW-15,7,85,3.87,120,37.28,43.41,16.45,0.172,False
BGW-15,7,86,3.87,120,37.44,37.32,13.99,2.426,False
BGW-15,7,87,3.87,120,37.28,37.22,14.67,2.242,False
BGW-15,7,88,3.87,120,40.25,33.66,12.8,2.413,False
BGW-15,7,89,3.87,120,38.46,37.73,14.66,2.236,False
BGW-15,8,0,6.45,144,66.82,29.1,11.32,0.264,False
BGW-15,8,1,6.45,144,63.67,27.9,10.42,0.43,False
BGW-15,8,2,6.45,144,62.81,28.92,11.22,0.088,False
BGW-15,8,3,6.45,144,65.23,29.87,10.84,0.141,False
BGW-15,8,4,6.45,144,65.21,28.15,10.31,0.066,False
BGW-15,8,5,6.45,144,63.06,28.39,10.32,0.335,False
BGW-15,8,6,6.45,144,63.06,29.96,11.85,0.124,False
BGW-15,8,7,6.45,144,61.31,28.12,11.18,0.267,False
BGW-15,8,8,6.45,144,67.55,31.51,12.22,0.204,False
BGW-15,8,9,6.45,144,63.97,29.99,10.95,0.082,False
BGW-15,8,10,6.45,144,64.9,29.99,11.34,0.082,False
BGW-15,8,11,6.45,144,65.35,28.08,10.22,0.116,False
BGW-15,8,12,6.45,144,61.85,28.95,11.37,0.359,False
BGW-15,8,13,6.45,144,62.91,29.67,11.35,0.325,False
BGW-15,8,14,6.45,144,61.83,27.28,10.5,0.056,False
BGW-15,8,15,6.45,144,63.4,31.88,11.8,0.116,False
BGW-15,8,16,6.45,144,65.61,28.67,10.95,0.052,False
BGW-15,8,17,6.45,144,64.4,30.81,12.02,0.029,False
BGW-15,8,18,6.45,144,65.42,27.23,10.28,0.154,False
BGW-15,8,19,6.45,144,62.79,32.12,12.18,0.0,False
BGW-15,8,20,6.45,144,67.42,29.34,11.61,0.21,False
BGW-15,8,21,6.45,144,65.32,29.6,11.3,0.185,False
BGW-15,8,22,6.45,144,63.56,30.65,12.15,0.385,False
BGW-15,8,23,6.45,144,67.01,30.68,11.84,0.131,False
BGW-15,8,24,6.45,144,65.3,31.41,11.59,0.307,False
BGW-15,8,25,6.45,144,65.61,33.68,13.24,0.107,False
BGW-15,8,26,6.45,144,67.06,32.36,12.54,0.136,False
BGW-15,8,27,6.45,144,65.84,30.79,11.76,0.178,False
BGW-15,8,28,6.45,144,63.26,33.88,12.77,0.037,False
BGW-15,8,29,6.45,144,66.55,32.66,12.36,0.162,False
BGW-15,8,30,6.45,144,62.2,33.77,13.43,0.0,False
BGW-15,8,31,6.45,144,62.61,33.22,12.24,0.067,False
BGW-15,8,32,6.45,144,62.36,33.24,12.51,0.12,False
BGW-15,8,33,6.45,144,61.48,31.82,12.68,0.192,False
BGW-15,8,34,6.45,144,64.57,33.91,13.06,0.148,False
BGW-15,8,35,6.45,144,67.11,34.34,13.57,0.238,False
BGW-15,8,36,6.45,144,63.94,36.61,14.55,0.105,False
BGW-15,8,37,6.45,144,67.06,33.2,12.55,0.172,False
BGW-15,8,38,6.45,144,63.67,36.94,13.79,0.278,False
BGW-15,8,39,6.45,144,63.96,36.51,13.89,0.088,False
BGW-15,8,40,6.45,144,62.96,36.96,14.0,0.314,False
BGW-15,8,41,6.45,144,62.07,35.25,13.75,0.272,False
BGW-15,8,42,6.45,144,65.74,32.76,12.84,0.154,False
BGW-15,8,43,6.45,144,62.81,34.55,12.82,0.007,False
BGW-15,8,44,6.45,144,64.94,37.98,14.2,0.247,False
BGW-15,8,45,6.45,144,66.49,37.63,14.39,0.0,False
BGW-15,8,46,6.45,144,66.54,38.59,14.85,0.01,False
BGW-15,8,47,6.45,144,62.85,37.63,14.43,0.21,False
BGW-15,8,48,6.45,144,62.76,35.16,13.76,0.168,False
BGW-15,8,49,6.45,144,65.94,35.17,13.79,0.146,False
BGW-15,8,50,6.45,144,64.64,35.01,13.39,0.132,False
BGW-15,8,51,6.45,144,62.07,38.87,14.75,0.244,False
BGW-15,8,52,6.45,144,64.72,37.44,14.42,0.139,False
BGW-15,8,53,6.45,144,61.85,37.35,14.36,0.298,False
BGW-15,8,54,6.45,144,66.66,41.36,15.87,0.132,False
BGW-15,8,55,6.45,144,61.73,38.38,14.67,0.111,False
BGW-15,8,56,6.45,144,61.49,39.03,14.83,0.018,False
BGW-15,8,57,6.45,144,64.8,36.26,14.25,0.017,False
BGW-15,8,58,6.45,144,65.14,41.45,16.11,0.233,False
BGW-15,8,59,6.45,144,63.81,39.65,15.58,0.258,False
BGW-15,8,60,6.45,144,63.84,37.86,14.3,0.172,False
BGW-15,8,61,6.45,144,64.77,38.09,14.57,0.262,False
BGW-15,8,62,6.45,144,65.53,40.33,15.73,0.156,False
BGW-15,8,63,6.45,144,64.34,40.18,15.88,0.154,False
BGW-15,8,64,6.45,144,63.01,40.02,14.56,0.073,False
BGW-15,8,65,6.45,144,66.39,40.37,15.13,0.252,False
BGW-15,8,66,6.45,144,62.99,39.82,14.42,0.405,False
BGW-15,8,67,6.45,144,67.46,41.14,15.65,0.224,False
BGW-15,8,68,6.45,144,65.45,41.71,16.28,0.279,False
BGW-15,8,69,6.45,144,67.36,38.15,14.05,0.085,False
BGW-15,8,70,6.45,144,63.15,32.36,12.73,2.154,False
BGW-15,8,71,6.45,144,65.02,40.05,14.46,0.114,False
BGW-15,8,72,6.45,144,64.71,34.09,13.05,2.493,False
BGW-15,8,73,6.45,144,64.89,42.25,15.41,0.261,False
BGW-15,8,74,6.45,144,67.4,33.13,13.02,2.273,False
BGW-15,8,75,6.45,144,65.68,41.69,15.66,0.314,False
BGW-15,8,76,6.45,144,65.46,39.91,14.48,0.112,False
BGW-15,8,77,6.45,144,62.17,35.4,13.06,2.324,False
BGW-15,8,78,6.45,144,66.98,33.22,12.89,2.33,False
BGW-15,8,79,6.45,144,62.74,35.93,13.07,2.421,False
BGW-15,8,80,6.45,144,63.06,34.38,13.62,2.345,False
BGW-15,8,81,6.45,144,63.84,33.35,13.11,2.343,False
BGW-15,8,82,6.45,144,66.65,41.76,15.33,0.071,False
BGW-15,8,83,6.45,144,63.76,39.86,14.82,0.27,False
BGW-15,8,84,6.45,144,62.97,36.11,13.73,2.215,False
BGW-15,8,85,6.45,144,65.88,37.69,14.03,2.263,False
BGW-15,8,86,6.45,144,62.29,30.38,11.18,2.522,False
BGW-15,8,87,6.45,144,65.27,33.74,13.35,2.352,False
BGW-15,8,88,6.45,144,61.89,34.83,12.86,2.374,False
BGW-15,8,89,6.45,144,64.93,39.24,14.72,2.421,False
BGW-15,9,0,4.88,120,49.4,28.66,10.53,0.137,False
BGW-15,9,1,4.88,120,49.53,27.42,10.69,0.124,False
BGW-15,9,2,4.88,120,50.72,26.1,10.2,0.188,False
BGW-15,9,3,4.88,120,47.53,31.67,12.34,0.066,False
BGW-15,9,4,4.88,120,46.48,27.6,10.89,0.035,False
BGW-15,9,5,4.88,120,48.46,30.95,12.3,0.183,False
BGW-15,9,6,4.88,120,49.16,28.66,10.64,0.038,False
BGW-15,9,7,4.88,120,47.33,28.89,11.17,0.366,False
BGW-15,9,8,4.88,120,49.8,26.88,9.8,0.116,False
BGW-15,9,9,4.88,120,47.44,30.68,11.71,0.263,False
BGW-15,9,10,4.88,120,48.62,28.82,10.47,0.337,False
BGW-15,9,11,4.88,120,46.87,28.39,10.47,0.15,False
BGW-15,9,12,4.88,120,46.99,28.93,11.32,0.048,False
BGW-15,9,13,4.88,120,49.28,28.25,10.33,0.261,False
BGW-15,9,14,4.88,120,49.4,27.65,10.55,0.129,False
BGW-15,9,15,4.88,120,47.79,32.27,11.67,0.183,False
BGW-15,9,16,4.88,120,49.48,28.12,10.76,0.078,False
BGW-15,9,17,4.88,120,48.6,29.04,10.84,0.117,False
BGW-15,9,18,4.88,120,49.43,30.11,11.92,0.064,False
BGW-15,9,19,4.88,120,47.54,31.12,11.54,0.047,False
BGW-15,9,20,4.88,120,48.69,31.06,11.77,0.196,False
BGW-15,9,21,4.88,120,47.15,31.72,11.85,0.146,False
BGW-15,9,22,4.88,120,49.32,31.74,11.84,0.272,False
BGW-15,9,23,4.88,120,49.37,32.24,12.25,0.185,False
BGW-15,9,24,4.88,120,48.32,31.82,12.45,0.306,False
BGW-15,9,25,4.88,120,50.74,29.53,11.24,0.0,False
BGW-15,9,26,4.88,120,48.42,29.76,11.23,0.084,False
BGW-15,9,27,4.88,120,50.97,30.43,11.86,0.0,False
BGW-15,9,28,4.88,120,46.74,29.74,10.9,0.151,False
BGW-15,9,29,4.88,120,50.96,31.37,11.42,0.0,False
BGW-15,9,30,4.88,120,48.3,32.87,12.57,0.072,False
BGW-15,9,31,4.88,120,50.71,31.18,11.27,0.166,False
BGW-15,9,32,4.88,120,46.98,32.02,11.81,0.204,False
BGW-15,9,33,4.88,120,47.42,31.16,12.19,0.158,False
BGW-15,9,34,4.88,120,51.07,32.81,12.2,0.315,False
BGW-15,9,35,4.88,120,50.18,33.38,12.43,0.179,False
BGW-15,9,36,4.88,120,50.21,30.78,11.7,0.208,False
BGW-15,9,37,4.88,120,46.73,31.28,12.18,0.242,False
BGW-15,9,38,4.88,120,49.59,34.05,12.8,0.15,False
BGW-15,9,39,4.88,120,49.05,33.72,13.06,0.027,False
BGW-15,9,40,4.88,120,46.34,33.72,13.21,0.14,False
BGW-15,9,41,4.88,120,48.39,34.73,12.72,0.177,False
BGW-15,9,42,4.88,120,46.75,31.77,11.85,0.156,False
BGW-15,9,43,4.88,120,50.92,35.08,13.28,0.131,False
BGW-15,9,44,4.88,120,46.54,34.32,13.35,0.136,False
BGW-15,9,45,4.88,120,48.95,37.08,14.64,0.083,False
BGW-15,9,46,4.88,120,48.11,34.15,12.75,0.171,False
BGW-15,9,47,4.88,120,48.76,32.57,11.95,0.222,False
BGW-15,9,48,4.88,120,46.72,35.26,13.54,0.337,False
BGW-15,9,49,4.88,120,46.67,31.48,12.09,0.206,False
BGW-15,9,50,4.88,120,46.98,36.45,13.3,0.021,False
BGW-15,9,51,4.88,120,49.7,36.8,14.29,0.045,False
BGW-15,9,52,4.88,120,47.86,35.72,14.1,0.305,False
BGW-15,9,53,4.88,120,49.52,34.72,13.83,0.073,False
BGW-15,9,54,4.88,120,48.72,37.93,14.23,0.117,False
BGW-15,9,55,4.88,120,48.45,34.68,13.04,0.023,False
BGW-15,9,56,4.88,120,49.45,36.94,14.29,0.217,False
BGW-15,9,57,4.88,120,49.21,36.43,13.75,0.165,False
BGW-15,9,58,4.88,120,49.71,36.72,13.88,0.0,False
BGW-15,9,59,4.88,120,48.33,35.79,13.19,0.003,False
BGW-15,9,60,4.88,120,50.8,34.44,13.66,0.0,False
BGW-15,9,61,4.88,120,49.85,38.93,14.71,0.209,False
BGW-15,9,62,4.88,120,48.88,37.27,14.69,0.213,False
BGW-15,9,63,4.88,120,49.62,41.43,15.79,0.03,False
BGW-15,9,64,4.88,120,50.05,37.97,14.56,0.137,False
BGW-15,9,65,4.88,120,49.73,42.79,17.01,0.161,False
BGW-15,9,66,4.88,120,50.82,37.11,13.55,0.312,False
BGW-15,9,67,4.88,120,46.39,36.73,13.92,0.172,False
BGW-15,9,68,4.88,120,48.9,39.46,15.19,0.09,False
BGW-15,9,69,4.88,120,50.16,39.89,15.16,0.0,False
BGW-15,9,70,4.88,120,51.18,39.66,15.72,0.234,False
BGW-15,9,71,4.88,120,47.15,38.22,14.07,0.208,False
BGW-15,9,72,4.88,120,48.55,39.59,14.71,0.275,False
BGW-15,9,73,4.88,120,47.13,39.84,14.64,0.16,False
BGW-15,9,74,4.88,120,47.43,37.8,14.2,0.18,False
BGW-15,9,75,4.88,120,48.51,36.99,13.62,0.102,False
BGW-15,9,76,4.88,120,49.04,40.19,15.18,0.188,False
BGW-15,9,77,4.88,120,47.07,38.7,15.05,0.272,False
BGW-15,9,78,4.88,120,51.15,37.55,13.97,0.218,False
BGW-15,9,79,4.88,120,47.18,40.44,15.47,0.11,False
BGW-15,9,80,4.88,120,48.82,40.28,15.05,0.22,False
BGW-15,9,81,4.88,120,46.39,41.51,15.24,0.136,False
BGW-15,9,82,4.88,120,47.05,39.15,14.45,0.323,False
BGW-15,9,83,4.88,120,47.47,41.72,15.47,0.095,False
BGW-15,9,84,4.88,120,47.09,41.02,15.42,0.0,False
BGW-15,9,85,4.88,120,50.09,40.31,16.07,0.227,False
BGW-15,9,86,4.88,120,47.64,39.47,14.93,0.173,False
BGW-15,9,87,4.88,120,50.06,41.96,15.24,0.082,False
BGW-15,9,88,4.88,120,48.24,41.68,15.35,0.323,False
BGW-15,9,89,4.88,120,47.68,33.86,13.31,2.423,False
BGW-16,1,0,5.94,86,59.53,30.19,11.07,0.164,False
BGW-16,1,1,5.94,86,56.53,26.99,10.15,0.175,False
BGW-16,1,2,5.94,86,58.27,31.92,11.61,0.132,False
BGW-16,1,3,5.94,86,60.8,27.26,10.74,0.226,False
BGW-16,1,4,5.94,86,58.51,29.89,11.12,0.114,False
BGW-16,1,5,5.94,86,60.17,30.26,11.59,0.055,False
BGW-16,1,6,5.94,86,57.28,28.5,10.8,0.213,False
BGW-16,1,7,5.94,86,58.98,28.87,10.66,0.332,False
BGW-16,1,8,5.94,86,56.54,28.89,11.05,0.133,False
BGW-16,1,9,5.94,86,61.48,28.81,10.62,0.111,False
BGW-16,1,10,5.94,86,61.14,30.72,11.56,0.28,False
BGW-16,1,11,5.94,86,56.85,30.12,11.78,0.002,False
BGW-16,1,12,5.94,86,57.91,29.22,10.85,0.092,False
BGW-16,1,13,5.94,86,61.05,30.14,12.01,0.107,False
BGW-16,1,14,5.94,86,59.67,29.13,10.71,0.197,False
BGW-16,1,15,5.94,86,62.06,28.24,10.52,0.0,False
BGW-16,1,16,5.94,86,62.08,28.65,10.59,0.161,False
BGW-16,1,17,5.94,86,61.92,27.73,10.21,0.053,False
BGW-16,1,18,5.94,86,60.4,30.17,12.01,0.1,False
BGW-16,1,19,5.94,86,61.68,28.54,10.49,0.021,False
BGW-16,1,20,5.94,86,61.49,30.38,11.39,0.056,False
BGW-16,1,21,5.94,86,59.68,31.99,12.11,0.267,False
BGW-16,1,22,5.94,86,59.03,26.94,9.87,0.09,False
BGW-16,1,23,5.94,86,57.05,30.03,11.86,0.243,False
BGW-16,1,24,5.94,86,59.84,31.14,12.23,0.241,False
BGW-16,1,25,5.94,86,59.52,32.06,12.22,0.226,False
BGW-16,1,26,5.94,86,58.41,28.91,11.47,0.175,False
BGW-16,1,27,5.94,86,57.99,30.39,11.49,0.13,False
BGW-16,1,28,5.94,86,56.72,33.73,12.53,0.073,False
BGW-16,1,29,5.94,86,61.53,31.79,12.05,0.199,False
BGW-16,1,30,5.94,86,59.45,33.28,13.07,0.102,False
BGW-16,1,31,5.94,86,61.05,30.94,11.61,0.179,False
BGW-16,1,32,5.94,86,57.52,32.88,12.65,0.222,False
BGW-16,1,33,5.94,86,57.39,35.28,12.91,0.221,False
BGW-16,1,34,5.94,86,57.23,32.75,11.83,0.155,False
BGW-16,1,35,5.94,86,56.92,32.88,13.09,0.06,False
BGW-16,1,36,5.94,86,58.83,33.96,13.1,0.083,False
BGW-16,1,37,5.94,86,60.57,32.71,12.77,0.222,False
BGW-16,1,38,5.94,86,61.79,32.99,12.23,0.125,False
BGW-16,1,39,5.94,86,58.3,34.76,12.97,0.198,False
BGW-16,1,40,5.94,86,58.17,37.15,13.51,0.204,False
BGW-16,1,41,5.94,86,58.17,37.3,13.6,0.023,False
BGW-16,1,42,5.94,86,56.73,35.22,13.11,0.121,False
BGW-16,1,43,5.94,86,58.48,33.31,12.56,0.37,False
BGW-16,1,44,5.94,86,60.08,36.04,13.59,0.082,False
BGW-16,1,45,5.94,86,62.1,34.17,13.32,0.0,False
BGW-16,1,46,5.94,86,62.15,35.81,13.06,0.172,False
BGW-16,1,47,5.94,86,61.55,38.42,13.94,0.161,False
BGW-16,1,48,5.94,86,60.24,37.47,14.48,0.266,False
BGW-16,1,49,5.94,86,61.46,34.76,13.16,0.221,False
BGW-16,1,50,5.94,86,57.68,34.51,13.65,0.196,False
BGW-16,1,51,5.94,86,61.38,36.98,14.1,0.119,False
BGW-16,1,52,5.94,86,60.38,39.06,14.54,0.025,False
BGW-16,1,53,5.94,86,58.58,35.65,13.19,0.195,False
BGW-16,1,54,5.94,86,58.48,35.92,13.13,0.263,False
BGW-16,1,55,5.94,86,58.59,36.14,13.94,0.097,False
BGW-16,1,56,5.94,86,59.68,38.36,14.92,0.04,False
BGW-16,1,57,5.94,86,57.06,34.64,13.23,0.134,False
BGW-16,1,58,5.94,86,59.85,37.77,13.89,0.101,False
BGW-16,1,59,5.94,86,57.63,39.79,15.77,0.034,False
BGW-16,1,60,5.94,86,58.38,36.75,14.37,0.058,False
BGW-16,1,61,5.94,86,60.49,39.02,15.04,0.122,False
BGW-16,1,62,5.94,86,56.49,38.84,14.12,0.322,False
BGW-16,1,63,5.94,86,61.67,41.21,16.43,0.061,False
BGW-16,1,64,5.94,86,57.11,39.81,15.8,0.134,False
BGW-16,1,65,5.94,86,60.66,37.78,14.47,0.23,False
BGW-16,1,66,5.94,86,58.16,40.04,15.79,0.159,False
BGW-16,1,67,5.94,86,56.81,39.83,15.03,0.233,False
BGW-16,1,68,5.94,86,58.62,42.57,16.13,0.361,False
BGW-16,1,69,5.94,86,57.93,39.51,15.46,0.088,False
BGW-16,1,70,5.94,86,57.87,38.95,14.4,0.346,False
BGW-16,1,71,5.94,86,59.59,41.07,16.08,0.245,False
BGW-16,1,72,5.94,86,59.72,38.89,14.92,0.135,False
BGW-16,1,73,5.94,86,59.9,38.68,15.29,0.006,False
BGW-16,1,74,5.94,86,59.48,42.54,16.75,0.242,False
BGW-16,1,75,5.94,86,57.21,40.65,16.21,0.251,False
BGW-16,1,76,5.94,86,58.6,40.86,15.62,0.0,False
BGW-16,1,77,5.94,86,56.94,41.31,15.83,0.223,False
BGW-16,1,78,5.94,86,60.53,39.14,15.5,0.212,False
BGW-16,1,79,5.94,86,60.86,42.64,16.23,0.226,False
BGW-16,1,80,5.94,86,60.97,41.7,16.53,0.094,False
BGW-16,1,81,5.94,86,61.16,41.51,16.37,0.044,False
BGW-16,1,82,5.94,86,60.54,41.44,14.96,0.138,False
BGW-16,1,83,5.94,86,61.04,41.69,15.34,0.0,False
BGW-16,1,84,5.94,86,57.34,42.48,16.2,0.298,False
BGW-16,1,85,5.94,86,62.24,40.01,15.24,0.058,False
BGW-16,1,86,5.94,86,61.3,40.53,14.98,0.068,False
BGW-16,1,87,5.94,86,61.15,39.36,14.34,0.147,False
BGW-16,1,88,5.94,86,57.44,41.87,16.56,0.095,False
BGW-16,1,89,5.94,86,60.24,42.6,15.81,0.406,False
BGW-16,2,0,5.88,86,56.93,30.51,11.83,0.207,False
BGW-16,2,1,5.88,86,58.97,28.18,10.75,0.167,False
BGW-16,2,2,5.88,86,55.94,26.62,9.64,0.162,False
BGW-16,2,3,5.88,86,58.25,27.2,10.46,0.296,False
BGW-16,2,4,5.88,86,57.03,27.7,10.46,0.156,False
BGW-16,2,5,5.88,86,59.52,27.91,10.5,0.058,False
BGW-16,2,6,5.88,86,59.13,29.29,11.25,0.208,False
BGW-16,2,7,5.88,86,56.28,29.51,11.3,0.117,False
BGW-16,2,8,5.88,86,57.88,29.19,11.4,0.075,False
BGW-16,2,9,5.88,86,59.59,28.13,10.47,0.167,False
BGW-16,2,10,5.88,86,57.7,31.45,12.09,0.133,False
BGW-16,2,11,5.88,86,56.49,26.71,10.01,0.061,False
BGW-16,2,12,5.88,86,58.07,31.1,11.77,0.058,False
BGW-16,2,13,5.88,86,59.22,25.57,10.15,0.163,False
BGW-16,2,14,5.88,86,59.52,29.01,11.04,0.277,False
BGW-16,2,15,5.88,86,56.36,30.07,11.1,0.026,False
BGW-16,2,16,5.88,86,60.44,26.93,10.25,0.202,False
BGW-16,2,17,5.88,86,60.87,30.05,11.06,0.1,False
BGW-16,2,18,5.88,86,59.69,30.14,11.3,0.121,False
BGW-16,2,19,5.88,86,59.15,28.51,11.12,0.0,False
BGW-16,2,20,5.88,86,58.55,31.16,11.99,0.084,False
BGW-16,2,21,5.88,86,56.82,30.02,11.54,0.251,False
BGW-16,2,22,5.88,86,57.07,30.8,12.06,0.312,False
BGW-16,2,23,5.88,86,58.69,31.25,12.44,0.074,False
BGW-16,2,24,5.88,86,59.19,29.19,10.64,0.097,False
BGW-16,2,25,5.88,86,57.09,30.29,11.49,0.124,False
BGW-16,2,26,5.88,86,61.35,30.65,11.39,0.063,False
BGW-16,2,27,5.88,86,61.65,31.55,12.37,0.034,False
BGW-16,2,28,5.88,86,60.85,34.84,13.77,0.243,False
BGW-16,2,29,5.88,86,57.79,31.66,11.64,0.019,False
BGW-16,2,30,5.88,86,56.7,30.2,11.68,0.105,False
BGW-16,2,31,5.88,86,57.47,32.03,12.7,0.183,False
BGW-16,2,32,5.88,86,57.63,30.94,11.17,0.016,False
BGW-16,2,33,5.88,86,60.88,32.91,12.28,0.0,False
BGW-16,2,34,5.88,86,59.0,30.27,11.66,0.196,False
BGW-16,2,35,5.88,86,60.98,32.47,12.44,0.0,False
BGW-16,2,36,5.88,86,58.25,32.36,12.9,0.202,False
BGW-16,2,37,5.88,86,56.95,32.38,11.7,0.185,False
BGW-16,2,38,5.88,86,56.87,36.07,13.6,0.158,False
BGW-16,2,39,5.88,86,61.11,34.13,12.43,0.317,False
BGW-16,2,40,5.88,86,61.39,34.7,12.99,0.165,False
BGW-16,2,41,5.88,86,61.5,33.3,12.9,0.051,False
BGW-16,2,42,5.88,86,60.08,35.97,13.34,0.02,False
BGW-16,2,43,5.88,86,58.8,37.06,13.95,0.118,False
BGW-16,2,44,5.88,86,60.25,36.97,14.43,0.3,False
BGW-16,2,45,5.88,86,55.98,33.59,12.66,0.176,False
BGW-16,2,46,5.88,86,58.08,31.73,11.67,0.109,False
BGW-16,2,47,5.88,86,56.74,31.2,12.26,0.218,False
BGW-16,2,48,5.88,86,58.69,36.63,14.38,0.12,False
BGW-16,2,49,5.88,86,60.16,35.57,12.97,0.157,False
BGW-16,2,50,5.88,86,58.77,36.83,13.51,0.234,False
BGW-16,2,51,5.88,86,56.79,35.12,13.2,0.145,False
BGW-16,2,52,5.88,86,56.78,33.57,12.16,0.093,False
BGW-16,2,53,5.88,86,57.49,37.42,13.75,0.333,False
BGW-16,2,54,5.88,86,60.51,37.4,14.2,0.295,False
BGW-16,2,55,5.88,86,61.45,37.72,14.18,0.191,False
BGW-16,2,56,5.88,86,57.77,37.26,14.65,0.083,False
BGW-16,2,57,5.88,86,58.06,38.23,14.82,0.188,False
BGW-16,2,58,5.88,86,60.68,35.91,13.21,0.235,False
BGW-16,2,59,5.88,86,60.74,37.97,15.07,0.0,False
BGW-16,2,60,5.88,86,57.29,35.69,14.18,0.294,False
BGW-16,2,61,5.88,86,60.47,37.89,13.75,0.137,False
BGW-16,2,62,5.88,86,57.82,39.22,14.49,0.0,False
BGW-16,2,63,5.88,86,58.27,39.35,14.74,0.217,False
BGW-16,2,64,5.88,86,56.44,37.25,14.39,0.0,False
BGW-16,2,65,5.88,86,58.77,38.56,14.16,0.126,False
BGW-16,2,66,5.88,86,59.59,40.44,16.09,0.145,False
BGW-16,2,67,5.88,86,56.72,40.04,15.32,0.054,False
BGW-16,2,68,5.88,86,56.72,39.02,15.15,0.248,False
BGW-16,2,69,5.88,86,61.06,38.34,14.48,0.165,False
BGW-16,2,70,5.88,86,60.53,43.71,17.33,0.014,False
BGW-16,2,71,5.88,86,59.84,41.17,15.53,0.296,False
BGW-16,2,72,5.88,86,59.15,38.73,14.53,0.246,False
BGW-16,2,73,5.88,86,57.62,39.38,15.14,0.185,False
BGW-16,2,74,5.88,86,59.3,39.81,15.57,0.212,False
BGW-16,2,75,5.88,86,58.37,39.8,15.18,0.21,False
BGW-16,2,76,5.88,86,56.75,42.49,15.57,0.091,False
BGW-16,2,77,5.88,86,58.1,39.1,14.93,0.233,False
BGW-16,2,78,5.88,86,61.48,41.26,15.95,0.012,False
BGW-16,2,79,5.88,86,57.41,37.47,13.6,0.096,False
BGW-16,2,80,5.88,86,57.6,43.92,17.17,0.148,False
BGW-16,2,81,5.88,86,56.66,40.49,16.02,0.205,False
BGW-16,2,82,5.88,86,57.89,40.82,16.08,0.12,False
BGW-16,2,83,5.88,86,61.19,42.53,15.99,0.063,False
BGW-16,2,84,5.88,86,61.13,38.28,14.57,0.176,False
BGW-16,2,85,5.88,86,58.64,41.61,15.17,0.232,False
BGW-16,2,86,5.88,86,57.86,41.96,16.67,0.0,False
BGW-16,2,87,5.88,86,56.69,39.22,14.31,0.14,False
BGW-16,2,88,5.88,86,57.63,39.69,15.56,0.322,False
BGW-16,2,89,5.88,86,58.93,42.29,15.43,0.319,False
BGW-16,3,0,4.3,120,43.24,29.05,10.67,0.145,False
BGW-16,3,1,4.3,120,44.65,26.71,10.02,0.049,False
BGW-16,3,2,4.3,120,44.68,29.6,11.27,0.06,False
BGW-16,3,3,4.3,120,42.02,27.34,10.21,0.102,False
BGW-16,3,4,4.3,120,44.13,29.46,11.44,0.067,False
BGW-16,3,5,4.3,120,40.94,28.24,11.0,0.198,False
BGW-16,3,6,4.3,120,43.71,28.61,10.35,0.278,False
BGW-16,3,7,4.3,120,41.95,31.92,11.67,0.284,False
BGW-16,3,8,4.3,120,43.19,30.2,11.05,0.163,False
BGW-16,3,9,4.3,120,43.0,30.14,11.08,0.162,False
BGW-16,3,10,4.3,120,41.7,27.48,10.39,0.158,False
BGW-16,3,11,4.3,120,43.95,30.08,11.39,0.181,False
BGW-16,3,12,4.3,120,42.18,30.48,11.68,0.201,False
BGW-16,3,13,4.3,120,43.96,29.7,11.71,0.223,False
BGW-16,3,14,4.3,120,43.22,29.85,11.83,0.258,False
BGW-16,3,15,4.3,120,43.24,29.61,11.61,0.304,False
BGW-16,3,16,4.3,120,44.15,29.8,11.09,0.139,False
BGW-16,3,17,4.3,120,41.18,30.21,11.95,0.199,False
BGW-16,3,18,4.3,120,44.37,31.61,12.42,0.041,False
BGW-16,3,19,4.3,120,43.04,31.56,11.48,0.099,False
BGW-16,3,20,4.3,120,44.2,31.52,11.95,0.215,False
BGW-16,3,21,4.3,120,41.58,32.87,11.87,0.079,False
BGW-16,3,22,4.3,120,44.36,30.6,11.51,0.179,False
BGW-16,3,23,4.3,120,43.17,33.14,12.3,0.095,False
BGW-16,3,24,4.3,120,43.66,32.09,11.82,0.056,False
BGW-16,3,25,4.3,120,41.77,33.44,12.71,0.133,False
BGW-16,3,26,4.3,120,42.59,35.35,12.87,0.245,False
BGW-16,3,27,4.3,120,42.05,34.45,13.2,0.268,False
BGW-16,3,28,4.3,120,43.81,35.0,13.02,0.171,False
BGW-16,3,29,4.3,120,43.34,35.92,13.14,0.13,False
BGW-16,3,30,4.3,120,40.98,32.94,12.78,0.24,False
BGW-16,3,31,4.3,120,42.18,32.79,13.06,0.132,False
BGW-16,3,32,4.3,120,44.39,34.33,13.43,0.091,False
BGW-16,3,33,4.3,120,41.39,38.82,15.28,0.247,False
BGW-16,3,34,4.3,120,40.94,33.06,13.12,0.0,False
BGW-16,3,35,4.3,120,43.89,34.01,12.62,0.247,False
BGW-16,3,36,4.3,120,43.74,35.08,12.84,0.224,False
BGW-16,3,37,4.3,120,43.82,37.05,14.57,0.338,False
BGW-16,3,38,4.3,120,44.07,37.89,14.06,0.106,False
BGW-16,3,39,4.3,120,43.76,37.17,14.26,0.199,False
BGW-16,3,40,4.3,120,41.43,39.87,15.62,0.0,False
BGW-16,3,41,4.3,120,43.27,37.42,14.01,0.144,False
BGW-16,3,42,4.3,120,43.71,39.05,14.48,0.334,False
BGW-16,3,43,4.3,120,41.66,38.4,15.25,0.154,False
BGW-16,3,44,4.3,120,44.99,42.28,15.58,0.075,False
BGW-16,3,45,4.3,120,41.48,36.97,14.19,0.0,False
BGW-16,3,46,4.3,120,41.42,40.27,14.59,0.122,False
BGW-16,3,47,4.3,120,44.67,39.02,15.27,0.116,False
BGW-16,3,48,4.3,120,41.7,39.04,15.1,0.233,False
BGW-16,3,49,4.3,120,42.12,40.12,14.52,0.341,False
BGW-16,3,50,4.3,120,41.0,38.0,14.75,0.012,False
BGW-16,3,51,4.3,120,44.03,42.09,16.18,0.241,False
BGW-16,3,52,4.3,120,44.7,40.78,15.0,0.311,False
BGW-16,3,53,4.3,120,42.48,40.39,15.19,0.172,False
BGW-16,3,54,4.3,120,41.78,36.99,13.8,0.167,False
BGW-16,3,55,4.3,120,41.11,39.75,15.61,0.134,False
BGW-16,3,56,4.3,120,41.39,40.16,15.66,0.09,False
BGW-16,3,57,4.3,120,44.53,39.55,14.99,0.184,False
BGW-16,3,58,4.3,120,42.55,41.23,16.23,0.184,False
BGW-16,3,59,4.3,120,43.69,42.24,16.66,0.208,False
BGW-16,3,60,4.3,120,43.64,40.57,15.7,0.188,False
BGW-16,3,61,4.3,120,41.63,41.67,15.36,0.116,False
BGW-16,3,62,4.3,120,42.57,35.63,13.51,2.409,False
BGW-16,3,63,4.3,120,41.42,45.15,16.67,0.096,False
BGW-16,3,64,4.3,120,45.09,43.49,16.36,0.113,False
BGW-16,3,65,4.3,120,41.94,41.39,15.89,0.143,False
BGW-16,3,66,4.3,120,41.95,40.16,15.44,0.127,False
BGW-16,3,67,4.3,120,41.41,41.43,15.45,0.061,False
BGW-16,3,68,4.3,120,41.41,40.93,15.55,0.208,False
BGW-16,3,69,4.3,120,41.92,40.51,15.87,0.08,False
BGW-16,3,70,4.3,120,41.25,33.99,12.78,2.42,False
BGW-16,3,71,4.3,120,42.55,40.04,14.84,0.174,False
BGW-16,3,72,4.3,120,41.17,38.51,14.6,0.02,False
BGW-16,3,73,4.3,120,42.49,34.22,12.9,2.39,False
BGW-16,3,74,4.3,120,42.7,44.06,17.07,0.104,False
BGW-16,3,75,4.3,120,43.7,40.43,16.02,0.0,False
BGW-16,3,76,4.3,120,45.06,36.55,13.96,2.331,False
BGW-16,3,77,4.3,120,43.59,42.92,16.92,0.0,False
BGW-16,3,78,4.3,120,43.35,39.12,14.25,0.24,False
BGW-16,3,79,4.3,120,42.6,34.28,12.56,2.286,False
BGW-16,3,80,4.3,120,42.92,39.94,15.42,0.076,False
BGW-16,3,81,4.3,120,44.67,37.18,13.56,2.182,False
BGW-16,3,82,4.3,120,42.63,37.45,14.52,2.216,False
BGW-16,3,83,4.3,120,44.52,36.5,13.76,2.316,False
BGW-16,3,84,4.3,120,43.86,37.36,14.1,2.318,False
BGW-16,3,85,4.3,120,42.86,42.54,16.22,0.142,False
BGW-16,3,86,4.3,120,43.78,40.69,16.23,0.085,False
BGW-16,3,87,4.3,120,41.19,38.52,14.7,0.07,False
BGW-16,3,88,4.3,120,43.85,40.98,16.05,0.225,False
BGW-16,3,89,4.3,120,43.15,42.94,16.41,0.085,False
BGW-16,4,0,6.02,144,60.94,28.39,11.21,0.161,False
BGW-16,4,1,6.02,144,59.83,23.6,8.82,0.165,False
BGW-16,4,2,6.02,144,59.06,29.4,10.73,0.198,False
BGW-16,4,3,6.02,144,61.1,27.02,10.5,0.016,False
BGW-16,4,4,6.02,144,62.82,26.51,10.58,0.152,False
BGW-16,4,5,6.02,144,62.96,30.14,11.33,0.153,False
BGW-16,4,6,6.02,144,60.58,29.0,11.4,0.0,False
BGW-16,4,7,6.02,144,57.81,27.38,10.63,0.087,False
BGW-16,4,8,6.02,144,58.65,27.27,10.03,0.119,False
BGW-16,4,9,6.02,144,63.08,29.6,11.2,0.259,False
BGW-16,4,10,6.02,144,57.92,26.28,9.94,0.01,False
BGW-16,4,11,6.02,144,60.51,28.22,10.43,0.159,False
BGW-16,4,12,6.02,144,62.3,28.9,11.12,0.154,False
BGW-16,4,13,6.02,144,58.9,31.27,11.99,0.214,False
BGW-16,4,14,6.02,144,61.68,29.21,11.12,0.156,False
BGW-16,4,15,6.02,144,62.11,31.48,12.38,0.188,False
BGW-16,4,16,6.02,144,61.62,32.26,11.73,0.316,False
BGW-16,4,17,6.02,144,62.1,27.26,10.79,0.22,False
BGW-16,4,18,6.02,144,60.13,33.6,13.03,0.123,False
BGW-16,4,19,6.02,144,60.16,30.83,12.16,0.238,False
BGW-16,4,20,6.02,144,61.92,29.91,11.7,0.163,False
BGW-16,4,21,6.02,144,61.04,33.58,12.71,0.178,False
BGW-16,4,22,6.02,144,62.77,31.17,11.29,0.168,False
BGW-16,4,23,6.02,144,59.42,33.66,12.82,0.221,False
BGW-16,4,24,6.02,144,57.52,32.71,12.04,0.38,False
BGW-16,4,25,6.02,144,59.63,33.52,13.11,0.107,False
BGW-16,4,26,6.02,144,58.26,33.41,12.34,0.198,False
BGW-16,4,27,6.02,144,62.09,31.04,12.19,0.155,False
BGW-16,4,28,6.02,144,60.47,34.1,12.89,0.067,False
BGW-16,4,29,6.02,144,62.12,35.67,12.96,0.226,False
BGW-16,4,30,6.02,144,61.72,33.09,12.43,0.06,False
BGW-16,4,31,6.02,144,59.16,33.45,12.64,0.183,False
BGW-16,4,32,6.02,144,62.34,37.21,13.68,0.265,False
BGW-16,4,33,6.02,144,59.72,35.7,13.83,0.05,False
BGW-16,4,34,6.02,144,61.37,35.24,13.77,0.115,False
BGW-16,4,35,6.02,144,60.89,35.05,12.9,0.135,False
BGW-16,4,36,6.02,144,60.99,36.23,14.46,0.229,False
BGW-16,4,37,6.02,144,62.28,33.77,13.32,0.126,False
BGW-16,4,38,6.02,144,61.71,35.68,13.24,0.236,False
BGW-16,4,39,6.02,144,60.15,37.73,14.71,0.209,False
BGW-16,4,40,6.02,144,59.77,39.2,14.42,0.156,False
BGW-16,4,41,6.02,144,59.16,40.56,15.07,0.182,False
BGW-16,4,42,6.02,144,59.67,36.67,14.04,0.16,False
BGW-16,4,43,6.02,144,60.37,38.43,15.21,0.133,False
BGW-16,4,44,6.02,144,57.78,39.65,15.04,0.232,False
BGW-16,4,45,6.02,144,57.33,39.06,14.84,0.139,False
BGW-16,4,46,6.02,144,57.6,38.74,14.26,0.122,False
BGW-16,4,47,6.02,144,60.75,40.31,15.35,0.306,False
BGW-16,4,48,6.02,144,58.77,37.62,14.27,0.063,False
BGW-16,4,49,6.02,144,61.22,38.23,14.16,0.261,False
BGW-16,4,50,6.02,144,60.4,41.39,15.29,0.018,False
BGW-16,4,51,6.02,144,60.57,38.22,15.05,0.105,False
BGW-16,4,52,6.02,144,61.44,41.41,16.5,0.09,False
BGW-16,4,53,6.02,144,61.51,41.43,15.72,0.222,False
BGW-16,4,54,6.02,144,59.59,37.59,14.97,0.135,False
BGW-16,4,55,6.02,144,58.84,39.68,15.67,0.117,False
BGW-16,4,56,6.02,144,62.41,38.87,14.23,0.259,False
BGW-16,4,57,6.02,144,61.48,40.61,14.89,0.172,False
BGW-16,4,58,6.02,144,60.41,41.98,15.91,0.01,False
BGW-16,4,59,6.02,144,61.95,40.94,15.88,0.147,False
BGW-16,4,60,6.02,144,62.51,41.17,15.2,0.015,False
BGW-16,4,61,6.02,144,60.21,40.7,15.1,0.34,False
BGW-16,4,62,6.02,144,59.03,42.6,15.52,0.131,False
BGW-16,4,63,6.02,144,63.03,42.08,16.1,0.111,False
BGW-16,4,64,6.02,144,60.98,38.81,14.14,0.056,False
BGW-16,4,65,6.02,144,61.87,43.11,15.78,0.014,False
BGW-16,4,66,6.02,144,57.75,40.78,15.05,0.069,False
BGW-16,4,67,6.02,144,58.22,42.42,15.65,0.194,False
BGW-16,4,68,6.02,144,61.45,38.74,15.25,0.027,False
BGW-16,4,69,6.02,144,60.22,38.03,14.85,0.185,False
BGW-16,4,70,6.02,144,58.15,37.15,13.56,2.408,False
BGW-16,4,71,6.02,144,63.14,40.0,15.3,0.202,False
BGW-16,4,72,6.02,144,59.33,35.93,13.81,2.313,False
BGW-16,4,73,6.02,144,59.13,43.84,17.42,0.046,False
BGW-16,4,74,6.02,144,58.34,42.72,16.67,0.408,False
BGW-16,4,75,6.02,144,57.23,42.95,15.77,0.063,False
BGW-16,4,76,6.02,144,60.13,39.5,14.58,0.049,False
BGW-16,4,77,6.02,144,60.87,41.44,15.97,0.124,False
BGW-16,4,78,6.02,144,62.19,41.75,15.22,0.069,False
BGW-16,4,79,6.02,144,61.06,44.53,16.27,0.176,False
BGW-16,4,80,6.02,144,60.6,34.83,13.09,2.168,False
BGW-16,4,81,6.02,144,61.15,37.09,13.69,2.424,False
BGW-16,4,82,6.02,144,58.31,39.9,14.58,0.057,False
BGW-16,4,83,6.02,144,61.91,34.98,13.4,2.355,False
BGW-16,4,84,6.02,144,62.26,42.85,16.44,0.131,False
BGW-16,4,85,6.02,144,61.08,37.59,14.42,2.251,False
BGW-16,4,86,6.02,144,59.36,37.71,13.76,2.415,False
BGW-16,4,87,6.02,144,58.23,42.1,15.69,0.123,False
BGW-16,4,88,6.02,144,58.16,39.78,14.83,0.094,False
BGW-16,4,89,6.02,144,61.68,43.46,16.1,0.218,False
BGW-16,5,0,5.58,144,55.77,30.86,11.29,0.129,False
BGW-16,5,1,5.58,144,55.18,28.23,10.54,0.028,False
BGW-16,5,2,5.58,144,58.05,30.6,11.61,0.27,False
BGW-16,5,3,5.58,144,58.47,30.93,11.54,0.194,False
BGW-16,5,4,5.58,144,57.08,27.47,10.66,0.157,False
BGW-16,5,5,5.58,144,55.72,27.85,10.88,0.19,False
BGW-16,5,6,5.58,144,58.48,26.82,10.09,0.013,False
BGW-16,5,7,5.58,144,57.1,30.73,11.48,0.154,False
BGW-16,5,8,5.58,144,56.6,28.58,11.33,0.154,False
BGW-16,5,9,5.58,144,54.92,29.05,11.2,0.07,False
BGW-16,5,10,5.58,144,55.33,26.73,9.65,0.039,False
BGW-16,5,11,5.58,144,55.68,28.23,10.55,0.235,False
BGW-16,5,12,5.58,144,58.14,30.56,11.73,0.0,False
BGW-16,5,13,5.58,144,57.0,28.66,10.48,0.0,False
BGW-16,5,14,5.58,144,53.65,30.54,11.61,0.109,False
BGW-16,5,15,5.58,144,56.86,29.79,11.58,0.05,False
BGW-16,5,16,5.58,144,58.43,30.24,11.0,0.389,False
BGW-16,5,17,5.58,144,58.4,32.67,12.65,0.181,False
BGW-16,5,18,5.58,144,57.49,33.05,13.07,0.076,False
BGW-16,5,19,5.58,144,56.69,32.06,11.7,0.238,False
BGW-16,5,20,5.58,144,54.91,34.53,13.17,0.067,False
BGW-16,5,21,5.58,144,57.93,30.48,11.15,0.174,False
BGW-16,5,22,5.58,144,53.67,32.47,12.04,0.22,False
BGW-16,5,23,5.58,144,58.21,35.19,13.14,0.132,False
BGW-16,5,24,5.58,144,58.09,33.82,13.01,0.01,False
BGW-16,5,25,5.58,144,53.16,32.68,11.82,0.115,False
BGW-16,5,26,5.58,144,57.94,35.41,13.79,0.359,False
BGW-16,5,27,5.58,144,53.03,35.56,13.78,0.274,False
BGW-16,5,28,5.58,144,55.07,35.93,14.22,0.066,False
BGW-16,5,29,5.58,144,56.82,34.24,12.47,0.211,False
BGW-16,5,30,5.58,144,53.78,34.1,13.17,0.216,False
BGW-16,5,31,5.58,144,56.12,35.36,13.52,0.229,False
BGW-16,5,32,5.58,144,57.4,36.57,13.4,0.13,False
BGW-16,5,33,5.58,144,53.46,37.85,14.29,0.205,False
BGW-16,5,34,5.58,144,54.09,37.67,14.01,0.239,False
BGW-16,5,35,5.58,144,53.42,35.85,13.42,0.186,False
BGW-16,5,36,5.58,144,58.51,36.61,13.5,0.258,False
BGW-16,5,37,5.58,144,57.22,35.85,14.02,0.0,False
BGW-16,5,38,5.58,144,57.68,40.99,15.82,0.18,False
BGW-16,5,39,5.58,144,57.15,36.87,13.84,0.091,False
BGW-16,5,40,5.58,144,55.68,35.85,13.91,0.303,False
BGW-16,5,41,5.58,144,56.21,36.38,13.68,0.135,False
BGW-16,5,42,5.58,144,53.01,38.16,15.07,0.239,False
BGW-16,5,43,5.58,144,56.99,40.35,15.16,0.157,False
BGW-16,5,44,5.58,144,54.79,36.42,13.37,0.069,False
BGW-16,5,45,5.58,144,55.41,39.82,15.53,0.022,False
BGW-16,5,46,5.58,144,54.89,37.59,14.36,0.151,False
BGW-16,5,47,5.58,144,58.38,40.75,15.69,0.145,False
BGW-16,5,48,5.58,144,56.56,37.72,13.82,0.029,False
BGW-16,5,49,5.58,144,55.59,40.02,15.2,0.009,False
BGW-16,5,50,5.58,144,54.81,36.03,14.35,0.326,False
BGW-16,5,51,5.58,144,55.93,42.0,15.19,0.317,False
BGW-16,5,52,5.58,144,54.97,43.22,16.99,0.032,False
BGW-16,5,53,5.58,144,57.98,37.49,14.21,0.243,False
BGW-16,5,54,5.58,144,53.59,41.65,16.12,0.122,False
BGW-16,5,55,5.58,144,57.37,44.37,16.73,0.0,False
BGW-16,5,56,5.58,144,56.86,40.4,15.69,0.299,False
BGW-16,5,57,5.58,144,53.85,40.73,15.31,0.139,False
BGW-16,5,58,5.58,144,55.54,37.01,14.18,0.123,False
BGW-16,5,59,5.58,144,54.08,40.22,15.26,0.0,False
BGW-16,5,60,5.58,144,57.85,42.61,16.94,0.169,False
BGW-16,5,61,5.58,144,56.9,42.77,16.95,0.104,False
BGW-16,5,62,5.58,144,54.77,43.68,16.39,0.266,False
BGW-16,5,63,5.58,144,54.76,39.75,15.48,0.102,False
BGW-16,5,64,5.58,144,53.45,39.13,15.57,0.122,False
BGW-16,5,65,5.58,144,53.09,44.5,17.59,0.131,False
BGW-16,5,66,5.58,144,54.98,41.85,15.41,0.138,False
BGW-16,5,67,5.58,144,53.27,40.77,15.39,0.129,False
BGW-16,5,68,5.58,144,56.43,43.01,16.35,0.19,False
BGW-16,5,69,5.58,144,53.32,41.24,15.34,0.136,False
BGW-16,5,70,5.58,144,53.03,41.92,15.41,0.188,False
BGW-16,5,71,5.58,144,55.71,35.73,13.78,2.353,False
BGW-16,5,72,5.58,144,58.14,36.44,13.41,2.216,False
BGW-16,5,73,5.58,144,55.92,41.11,15.58,0.178,False
BGW-16,5,74,5.58,144,55.73,41.05,15.01,0.207,False
BGW-16,5,75,5.58,144,57.16,41.5,15.93,0.06,False
BGW-16,5,76,5.58,144,57.37,35.67,12.98,2.514,False
BGW-16,5,77,5.58,144,53.32,40.15,14.78,0.385,False
BGW-16,5,78,5.58,144,55.53,40.32,16.04,0.111,False
BGW-16,5,79,5.58,144,57.9,41.94,16.42,0.158,False
BGW-16,5,80,5.58,144,53.22,41.12,15.01,0.17,False
BGW-16,5,81,5.58,144,53.23,35.07,13.3,2.26,False
BGW-16,5,82,5.58,144,56.43,41.27,15.22,0.162,False
BGW-16,5,83,5.58,144,58.34,35.98,13.61,2.203,False
BGW-16,5,84,5.58,144,53.93,43.74,16.1,0.157,False
BGW-16,5,85,5.58,144,57.78,41.49,16.41,0.051,False
BGW-16,5,86,5.58,144,53.32,38.78,15.18,0.166,False
BGW-16,5,87,5.58,144,57.55,40.31,14.57,0.0,False
BGW-16,5,88,5.58,144,57.98,40.8,16.09,0.12,False
BGW-16,5,89,5.58,144,56.08,42.73,15.45,0.088,False
BGW-16,6,0,4.99,86,49.03,30.15,12.0,0.051,False
BGW-16,6,1,4.99,86,49.76,29.25,10.83,0.174,False
BGW-16,6,2,4.99,86,52.38,27.06,10.55,0.316,False
BGW-16,6,3,4.99,86,52.09,27.03,9.87,0.042,False
BGW-16,6,4,4.99,86,48.08,33.25,12.87,0.165,False
BGW-16,6,5,4.99,86,51.06,29.19,11.37,0.231,False
BGW-16,6,6,4.99,86,52.28,30.52,11.65,0.147,False
BGW-16,6,7,4.99,86,47.98,31.05,11.44,0.079,False
BGW-16,6,8,4.99,86,52.34,28.81,11.19,0.0,False
BGW-16,6,9,4.99,86,51.27,29.57,11.76,0.139,False
BGW-16,6,10,4.99,86,47.82,29.02,10.67,0.077,False
BGW-16,6,11,4.99,86,48.9,28.51,10.8,0.135,False
BGW-16,6,12,4.99,86,49.61,31.1,11.4,0.163,False
BGW-16,6,13,4.99,86,48.57,30.8,11.77,0.049,False
BGW-16,6,14,4.99,86,48.96,28.92,11.01,0.137,False
BGW-16,6,15,4.99,86,52.35,28.29,10.57,0.087,False
BGW-16,6,16,4.99,86,51.77,31.48,11.45,0.304,False
BGW-16,6,17,4.99,86,48.69,31.63,11.89,0.141,False
BGW-16,6,18,4.99,86,50.81,32.32,12.7,0.094,False
BGW-16,6,19,4.99,86,51.37,29.86,11.01,0.048,False
BGW-16,6,20,4.99,86,48.88,28.84,11.32,0.31,False
BGW-16,6,21,4.99,86,51.83,28.46,10.82,0.308,False
BGW-16,6,22,4.99,86,48.5,30.35,12.04,0.389,False
BGW-16,6,23,4.99,86,49.79,27.97,10.79,0.104,False
BGW-16,6,24,4.99,86,49.93,31.18,11.29,0.101,False
BGW-16,6,25,4.99,86,49.11,34.71,12.64,0.198,False
BGW-16,6,26,4.99,86,50.04,32.56,12.47,0.0,False
BGW-16,6,27,4.99,86,50.82,33.49,12.41,0.188,False
BGW-16,6,28,4.99,86,47.84,34.69,13.5,0.169,False
BGW-16,6,29,4.99,86,51.95,35.26,13.64,0.137,False
BGW-16,6,30,4.99,86,48.59,32.77,12.03,0.238,False
BGW-16,6,31,4.99,86,49.12,33.86,13.38,0.088,False
BGW-16,6,32,4.99,86,50.75,31.78,12.43,0.222,False
BGW-16,6,33,4.99,86,50.17,35.11,12.98,0.218,False
BGW-16,6,34,4.99,86,47.73,35.65,13.48,0.241,False
BGW-16,6,35,4.99,86,52.22,36.29,13.76,0.0,False
BGW-16,6,36,4.99,86,50.52,37.78,14.87,0.258,False
BGW-16,6,37,4.99,86,47.45,36.08,14.11,0.127,False
BGW-16,6,38,4.99,86,52.2,34.39,13.64,0.221,False
BGW-16,6,39,4.99,86,48.25,33.82,12.86,0.224,False
BGW-16,6,40,4.99,86,50.55,36.63,14.61,0.26,False
BGW-16,6,41,4.99,86,49.03,36.41,13.92,0.198,False
BGW-16,6,42,4.99,86,48.91,38.41,13.89,0.155,False
BGW-16,6,43,4.99,86,48.65,39.39,15.36,0.042,False
BGW-16,6,44,4.99,86,50.73,37.48,14.36,0.255,False
BGW-16,6,45,4.99,86,51.78,39.66,15.59,0.104,False
BGW-16,6,46,4.99,86,50.87,38.62,14.94,0.094,False
BGW-16,6,47,4.99,86,50.25,38.44,14.73,0.105,False
BGW-16,6,48,4.99,86,49.2,36.66,14.12,0.058,False
BGW-16,6,49,4.99,86,47.86,41.46,15.79,0.029,False
BGW-16,6,50,4.99,86,49.01,37.07,14.63,0.07,False
BGW-16,6,51,4.99,86,49.78,39.89,15.17,0.128,False
BGW-16,6,52,4.99,86,49.17,37.58,13.6,0.151,False
BGW-16,6,53,4.99,86,47.78,41.07,15.16,0.0,False
BGW-16,6,54,4.99,86,52.29,37.24,14.09,0.321,False
BGW-16,6,55,4.99,86,50.54,41.57,15.6,0.0,False
BGW-16,6,56,4.99,86,48.66,38.18,14.82,0.103,False
BGW-16,6,57,4.99,86,52.19,39.59,14.58,0.126,False
BGW-16,6,58,4.99,86,51.58,40.07,15.39,0.222,False
BGW-16,6,59,4.99,86,51.67,38.61,15.3,0.096,False
BGW-16,6,60,4.99,86,50.21,42.52,16.26,0.0,False
BGW-16,6,61,4.99,86,51.64,39.0,14.43,0.247,False
BGW-16,6,62,4.99,86,50.08,42.75,15.72,0.311,False
BGW-16,6,63,4.99,86,49.85,38.19,14.74,0.163,False
BGW-16,6,64,4.99,86,48.15,39.32,14.84,0.144,False
BGW-16,6,65,4.99,86,48.22,39.27,14.43,0.158,False
BGW-16,6,66,4.99,86,47.54,41.64,15.56,0.132,False
BGW-16,6,67,4.99,86,51.31,42.28,16.04,0.111,False
BGW-16,6,68,4.99,86,51.17,41.25,16.07,0.209,False
BGW-16,6,69,4.99,86,49.59,39.07,15.57,0.145,False
BGW-16,6,70,4.99,86,50.59,40.3,15.46,0.185,False
BGW-16,6,71,4.99,86,50.71,38.84,14.89,0.014,False
BGW-16,6,72,4.99,86,47.53,41.55,15.93,0.0,False
BGW-16,6,73,4.99,86,49.43,40.16,15.41,0.075,False
BGW-16,6,74,4.99,86,49.21,42.05,16.38,0.139,False
BGW-16,6,75,4.99,86,50.1,42.22,15.43,0.13,False
BGW-16,6,76,4.99,86,49.24,37.77,14.25,2.406,False
BGW-16,6,77,4.99,86,47.9,38.22,13.82,0.177,False
BGW-16,6,78,4.99,86,47.57,40.0,15.45,0.224,False
BGW-16,6,79,4.99,86,50.88,40.08,15.6,0.041,False
BGW-16,6,80,4.99,86,48.26,36.03,14.0,2.398,False
BGW-16,6,81,4.99,86,51.92,38.84,14.87,0.107,False
BGW-16,6,82,4.99,86,51.88,37.79,14.84,0.102,False
BGW-16,6,83,4.99,86,47.77,45.0,17.46,0.156,False
BGW-16,6,84,4.99,86,48.88,41.5,16.06,0.12,False
BGW-16,6,85,4.99,86,50.33,38.94,14.1,0.237,False
BGW-16,6,86,4.99,86,48.6,42.52,16.78,0.261,False
BGW-16,6,87,4.99,86,51.07,43.88,17.02,0.225,False
BGW-16,6,88,4.99,86,50.82,42.42,16.62,0.156,False
BGW-16,6,89,4.99,86,52.35,41.72,15.38,0.071,False
BGW-16,7,0,5.43,120,55.56,29.5,11.63,0.168,False
BGW-16,7,1,5.43,120,52.8,28.55,10.64,0.137,False
BGW-16,7,2,5.43,120,56.02,27.8,10.37,0.283,False
BGW-16,7,3,5.43,120,52.81,28.53,10.33,0.218,False
BGW-16,7,4,5.43,120,52.84,29.29,11.02,0.0,False
BGW-16,7,5,5.43,120,54.4,27.21,9.91,0.136,False
BGW-16,7,6,5.43,120,53.07,28.47,10.98,0.056,False
BGW-16,7,7,5.43,120,54.62,28.89,10.62,0.123,False
BGW-16,7,8,5.43,120,55.31,30.11,11.72,0.226,False
BGW-16,7,9,5.43,120,56.16,28.6,10.75,0.08,False
BGW-16,7,10,5.43,120,53.64,28.88,11.51,0.158,False
BGW-16,7,11,5.43,120,53.23,30.62,11.62,0.009,False
BGW-16,7,12,5.43,120,55.05,29.9,11.88,0.129,False
BGW-16,7,13,5.43,120,51.85,28.8,10.76,0.503,False
BGW-16,7,14,5.43,120,55.69,30.87,11.92,0.302,False
BGW-16,7,15,5.43,120,54.68,32.19,11.67,0.157,False
BGW-16,7,16,5.43,120,53.59,30.48,11.48,0.231,False
BGW-16,7,17,5.43,120,51.71,29.98,11.49,0.384,False
BGW-16,7,18,5.43,120,54.73,33.8,13.12,0.166,False
BGW-16,7,19,5.43,120,52.53,32.1,11.74,0.145,False
BGW-16,7,20,5.43,120,51.61,30.33,11.87,0.217,False
BGW-16,7,21,5.43,120,52.75,31.68,11.92,0.085,False
BGW-16,7,22,5.43,120,56.79,32.04,12.61,0.255,False
BGW-16,7,23,5.43,120,54.37,34.09,13.23,0.19,False
BGW-16,7,24,5.43,120,55.28,34.21,12.52,0.039,False
BGW-16,7,25,5.43,120,56.09,35.52,13.63,0.087,False
BGW-16,7,26,5.43,120,54.38,34.73,13.29,0.217,False
BGW-16,7,27,5.43,120,54.7,34.02,12.67,0.225,False
BGW-16,7,28,5.43,120,54.02,35.5,13.51,0.31,False
BGW-16,7,29,5.43,120,52.68,35.88,14.2,0.077,False
BGW-16,7,30,5.43,120,53.59,36.34,14.5,0.122,False
BGW-16,7,31,5.43,120,53.01,35.67,13.94,0.26,False
BGW-16,7,32,5.43,120,52.1,35.46,13.32,0.333,False
BGW-16,7,33,5.43,120,52.26,39.2,14.2,0.159,False
BGW-16,7,34,5.43,120,51.58,37.18,13.61,0.151,False
BGW-16,7,35,5.43,120,54.26,35.38,13.62,0.137,False
BGW-16,7,36,5.43,120,53.04,41.65,15.22,0.204,False
BGW-16,7,37,5.43,120,54.31,36.52,13.4,0.123,False
BGW-16,7,38,5.43,120,56.93,40.88,15.87,0.169,False
BGW-16,7,39,5.43,120,56.68,38.96,14.74,0.226,False
BGW-16,7,40,5.43,120,52.18,40.77,15.86,0.175,False
BGW-16,7,41,5.43,120,53.8,34.97,13.1,0.191,False
BGW-16,7,42,5.43,120,56.0,38.25,13.92,0.064,False
BGW-16,7,43,5.43,120,52.42,38.03,14.29,0.151,False
BGW-16,7,44,5.43,120,53.99,37.85,13.83,0.104,False
BGW-16,7,45,5.43,120,53.69,38.17,14.87,0.168,False
BGW-16,7,46,5.43,120,56.04,40.75,15.19,0.0,False
BGW-16,7,47,5.43,120,55.14,41.54,16.57,0.27,False
BGW-16,7,48,5.43,120,53.62,40.87,15.23,0.34,False
BGW-16,7,49,5.43,120,55.69,42.09,15.87,0.0,False
BGW-16,7,50,5.43,120,55.61,41.14,16.41,0.065,False
BGW-16,7,51,5.43,120,55.07,39.47,14.69,0.134,False
BGW-16,7,52,5.43,120,56.94,42.06,15.67,0.156,False
BGW-16,7,53,5.43,120,56.71,41.6,16.03,0.152,False
BGW-16,7,54,5.43,120,53.69,38.98,15.5,0.158,False
BGW-16,7,55,5.43,120,55.7,39.05,14.71,0.109,False
BGW-16,7,56,5.43,120,54.49,42.38,16.83,0.249,False
BGW-16,7,57,5.43,120,55.26,40.51,15.56,0.116,False
BGW-16,7,58,5.43,120,56.47,44.37,17.1,0.184,False
BGW-16,7,59,5.43,120,55.27,41.49,16.28,0.314,False
BGW-16,7,60,5.43,120,52.85,39.05,15.02,0.035,False
BGW-16,7,61,5.43,120,56.78,42.71,15.87,0.187,False
BGW-16,7,62,5.43,120,52.58,39.17,15.07,0.034,False
BGW-16,7,63,5.43,120,55.15,40.63,15.2,0.16,False
BGW-16,7,64,5.43,120,53.52,43.2,16.97,0.286,False
BGW-16,7,65,5.43,120,55.81,41.04,15.17,0.261,False
BGW-16,7,66,5.43,120,56.44,42.19,15.55,0.123,False
BGW-16,7,67,5.43,120,53.0,38.44,15.05,0.11,False
BGW-16,7,68,5.43,120,54.75,43.29,17.0,0.225,False
BGW-16,7,69,5.43,120,55.39,44.77,16.38,0.125,False
BGW-16,7,70,5.43,120,51.56,42.34,15.65,0.183,False
BGW-16,7,71,5.43,120,52.89,42.51,16.51,0.24,False
BGW-16,7,72,5.43,120,54.19,44.9,16.33,0.0,False
BGW-16,7,73,5.43,120,51.91,41.35,15.2,0.228,False
BGW-16,7,74,5.43,120,53.31,42.76,16.78,0.193,False
BGW-16,7,75,5.43,120,53.4,33.81,13.41,2.353,False
BGW-16,7,76,5.43,120,52.3,41.17,15.18,0.116,False
BGW-16,7,77,5.43,120,53.67,36.13,13.5,2.185,False
BGW-16,7,78,5.43,120,54.69,35.16,13.49,2.443,False
BGW-16,7,79,5.43,120,52.14,43.65,16.41,0.022,False
BGW-16,7,80,5.43,120,55.98,37.17,14.61,2.206,False
BGW-16,7,81,5.43,120,51.74,37.29,14.6,2.307,False
BGW-16,7,82,5.43,120,52.29,42.47,15.42,0.182,False
BGW-16,7,83,5.43,120,56.24,35.86,13.79,2.171,False
BGW-16,7,84,5.43,120,55.98,41.36,16.48,0.053,False
BGW-16,7,85,5.43,120,52.73,42.72,15.82,0.358,False
BGW-16,7,86,5.43,120,55.13,35.52,13.54,2.342,False
BGW-16,7,87,5.43,120,51.86,41.62,16.3,0.333,False
BGW-16,7,88,5.43,120,51.62,42.1,16.69,0.141,False
BGW-16,7,89,5.43,120,56.12,36.3,14.08,2.214,False
BGW-16,8,0,4.27,86,44.4,29.7,11.1,0.138,False
BGW-16,8,1,4.27,86,42.0,29.97,11.25,0.202,False
BGW-16,8,2,4.27,86,40.77,26.82,9.83,0.288,False
BGW-16,8,3,4.27,86,44.49,29.32,11.3,0.302,False
BGW-16,8,4,4.27,86,44.55,30.24,11.79,0.167,False
BGW-16,8,5,4.27,86,43.04,29.09,11.06,0.183,False
BGW-16,8,6,4.27,86,43.9,28.02,10.46,0.108,False
BGW-16,8,7,4.27,86,43.76,30.01,10.9,0.123,False
BGW-16,8,8,4.27,86,41.82,28.82,10.6,0.0,False
BGW-16,8,9,4.27,86,44.47,25.98,9.99,0.066,False
BGW-16,8,10,4.27,86,44.22,29.9,11.46,0.024,False
BGW-16,8,11,4.27,86,41.61,29.35,10.69,0.148,False
BGW-16,8,12,4.27,86,42.8,29.96,11.0,0.026,False
BGW-16,8,13,4.27,86,43.04,32.4,11.97,0.164,False
BGW-16,8,14,4.27,86,43.18,28.75,10.39,0.094,False
BGW-16,8,15,4.27,86,43.05,30.65,12.05,0.213,False
BGW-16,8,16,4.27,86,42.01,32.87,12.04,0.111,False
BGW-16,8,17,4.27,86,42.09,31.15,12.19,0.194,False
BGW-16,8,18,4.27,86,44.3,30.91,12.14,0.0,False
BGW-16,8,19,4.27,86,43.54,32.79,12.39,0.227,False
BGW-16,8,20,4.27,86,41.59,34.25,12.4,0.052,False
BGW-16,8,21,4.27,86,40.91,30.59,12.05,0.19,False
BGW-16,8,22,4.27,86,44.32,32.58,12.08,0.204,False
BGW-16,8,23,4.27,86,42.52,33.61,13.27,0.163,False
BGW-16,8,24,4.27,86,43.26,36.7,14.19,0.259,False
BGW-16,8,25,4.27,86,42.96,33.29,13.14,0.128,False
BGW-16,8,26,4.27,86,43.13,34.63,13.19,0.149,False
BGW-16,8,27,4.27,86,43.38,35.41,12.79,0.063,False
BGW-16,8,28,4.27,86,41.43,35.48,12.83,0.316,False
BGW-16,8,29,4.27,86,44.24,35.84,13.96,0.198,False
BGW-16,8,30,4.27,86,42.01,38.3,14.17,0.328,False
BGW-16,8,31,4.27,86,44.23,35.44,13.45,0.006,False
BGW-16,8,32,4.27,86,40.87,36.8,14.17,0.202,False
BGW-16,8,33,4.27,86,42.82,36.61,13.64,0.294,False
BGW-16,8,34,4.27,86,42.17,39.12,14.35,0.216,False
BGW-16,8,35,4.27,86,42.26,37.87,14.02,0.324,False
BGW-16,8,36,4.27,86,42.41,36.59,13.84,0.196,False
BGW-16,8,37,4.27,86,42.06,39.73,15.25,0.085,False
BGW-16,8,38,4.27,86,42.47,38.59,14.46,0.082,False
BGW-16,8,39,4.27,86,40.81,41.05,15.48,0.327,False
BGW-16,8,40,4.27,86,40.74,39.67,14.81,0.043,False
BGW-16,8,41,4.27,86,43.58,38.25,14.7,0.285,False
BGW-16,8,42,4.27,86,44.18,44.05,17.57,0.336,False
BGW-16,8,43,4.27,86,43.7,37.72,14.79,0.201,False
BGW-16,8,44,4.27,86,41.99,39.96,14.85,0.174,False
BGW-16,8,45,4.27,86,44.17,39.57,15.75,0.084,False
BGW-16,8,46,4.27,86,44.79,42.61,16.57,0.118,False
BGW-16,8,47,4.27,86,40.85,41.11,16.23,0.157,False
BGW-16,8,48,4.27,86,40.74,38.77,14.34,0.259,False
BGW-16,8,49,4.27,86,41.32,42.59,15.88,0.252,False
BGW-16,8,50,4.27,86,41.52,35.43,13.18,2.186,False
BGW-16,8,51,4.27,86,41.47,41.38,15.58,0.177,False
BGW-16,8,52,4.27,86,41.9,41.86,16.07,0.206,False
BGW-16,8,53,4.27,86,41.28,40.09,15.65,0.069,False
BGW-16,8,54,4.27,86,43.23,41.2,15.64,0.092,False
BGW-16,8,55,4.27,86,41.4,40.6,14.83,0.383,False
BGW-16,8,56,4.27,86,44.37,39.52,14.48,0.073,False
BGW-16,8,57,4.27,86,40.67,41.48,15.71,0.431,False
BGW-16,8,58,4.27,86,41.76,37.08,14.68,2.069,False
BGW-16,8,59,4.27,86,42.08,40.92,15.04,0.081,False
BGW-16,8,60,4.27,86,40.62,41.24,15.99,0.21,False
BGW-16,8,61,4.27,86,40.88,35.41,13.74,2.604,False
BGW-16,8,62,4.27,86,40.99,35.23,13.39,2.223,False
BGW-16,8,63,4.27,86,40.85,42.42,16.45,0.249,False
BGW-16,8,64,4.27,86,42.58,42.84,17.08,0.047,False
BGW-16,8,65,4.27,86,44.16,35.54,13.42,2.345,False
BGW-16,8,66,4.27,86,41.98,42.45,16.92,0.0,False
BGW-16,8,67,4.27,86,42.1,34.87,13.4,2.302,False
BGW-16,8,68,4.27,86,44.56,40.36,15.83,0.111,False
BGW-16,8,69,4.27,86,44.25,42.57,15.42,0.242,False
BGW-16,8,70,4.27,86,44.48,42.48,16.1,0.226,False
BGW-16,8,71,4.27,86,44.11,42.1,15.74,0.154,False
BGW-16,8,72,4.27,86,41.72,35.27,13.7,2.482,False
BGW-16,8,73,4.27,86,41.35,33.6,13.18,2.258,False
BGW-16,8,74,4.27,86,41.82,34.67,13.13,2.291,False
BGW-16,8,75,4.27,86,42.83,41.62,15.91,0.089,False
BGW-16,8,76,4.27,86,42.63,38.06,15.14,2.322,False
BGW-16,8,77,4.27,86,40.84,35.74,13.68,2.234,False
BGW-16,8,78,4.27,86,43.19,37.28,14.02,2.269,False
BGW-16,8,79,4.27,86,42.0,41.77,16.33,0.227,False
BGW-16,8,80,4.27,86,43.9,40.17,15.73,0.066,False
BGW-16,8,81,4.27,86,41.81,42.99,16.36,0.078,False
BGW-16,8,82,4.27,86,41.33,43.01,15.92,0.18,False
BGW-16,8,83,4.27,86,42.67,41.15,16.02,0.118,False
BGW-16,8,84,4.27,86,41.03,41.39,15.47,0.071,False
BGW-16,8,85,4.27,86,42.07,35.49,13.51,2.298,False
BGW-16,8,86,4.27,86,43.62,36.33,13.17,2.524,False
BGW-16,8,87,4.27,86,40.6,32.94,12.74,2.472,False
BGW-16,8,88,4.27,86,41.39,32.71,12.29,2.281,False
BGW-16,8,89,4.27,86,42.85,34.46,13.48,2.369,False
BGW-17,1,0,3.71,100,37.38,29.77,11.48,0.152,False
BGW-17,1,1,3.71,100,36.34,28.12,10.28,0.274,False
BGW-17,1,2,3.71,100,38.33,29.0,10.59,0.141,False
BGW-17,1,3,3.71,100,36.91,28.34,11.3,0.233,False
BGW-17,1,4,3.71,100,38.49,30.08,11.01,0.025,False
BGW-17,1,5,3.71,100,37.89,30.04,11.59,0.133,False
BGW-17,1,6,3.71,100,35.57,31.26,11.44,0.244,False
BGW-17,1,7,3.71,100,38.25,29.81,11.59,0.212,False
BGW-17,1,8,3.71,100,35.96,32.25,12.74,0.238,False
BGW-17,1,9,3.71,100,36.67,29.75,11.78,0.301,False
BGW-17,1,10,3.71,100,36.61,28.18,11.03,0.05,False
BGW-17,1,11,3.71,100,36.51,31.52,11.94,0.32,False
BGW-17,1,12,3.71,100,38.43,28.86,11.16,0.124,False
BGW-17,1,13,3.71,100,37.84,29.21,10.91,0.159,False
BGW-17,1,14,3.71,100,35.36,31.7,12.18,0.0,False
BGW-17,1,15,3.71,100,35.99,30.14,11.17,0.089,False
BGW-17,1,16,3.71,100,38.59,33.48,13.21,0.047,False
BGW-17,1,17,3.71,100,37.13,31.31,11.88,0.117,False
BGW-17,1,18,3.71,100,36.23,30.17,11.68,0.272,False
BGW-17,1,19,3.71,100,36.25,33.13,12.63,0.087,False
BGW-17,1,20,3.71,100,35.48,33.54,13.23,0.187,False
BGW-17,1,21,3.71,100,38.57,30.68,11.19,0.231,False
BGW-17,1,22,3.71,100,38.87,33.33,12.94,0.022,False
BGW-17,1,23,3.71,100,35.86,31.97,11.82,0.176,False
BGW-17,1,24,3.71,100,36.52,33.87,12.72,0.151,False
BGW-17,1,25,3.71,100,36.58,33.82,12.89,0.0,False
BGW-17,1,26,3.71,100,37.17,34.45,13.11,0.15,False
BGW-17,1,27,3.71,100,35.88,34.6,13.42,0.167,False
BGW-17,1,28,3.71,100,36.22,36.21,13.25,0.223,False
BGW-17,1,29,3.71,100,35.83,35.54,12.91,0.0,False
BGW-17,1,30,3.71,100,36.57,35.91,14.21,0.048,False
BGW-17,1,31,3.71,100,38.85,36.47,13.3,0.232,False
BGW-17,1,32,3.71,100,38.58,36.52,13.45,0.17,False
BGW-17,1,33,3.71,100,35.71,36.73,14.16,0.139,False
BGW-17,1,34,3.71,100,35.32,37.01,13.92,0.075,False
BGW-17,1,35,3.71,100,35.83,37.26,13.52,0.149,False
BGW-17,1,36,3.71,100,38.57,36.54,14.05,0.119,False
BGW-17,1,37,3.71,100,36.11,37.06,13.85,0.205,False
BGW-17,1,38,3.71,100,38.05,37.31,13.97,0.0,False
BGW-17,1,39,3.71,100,38.93,38.27,14.41,0.233,False
BGW-17,1,40,3.71,100,35.79,36.0,13.76,0.043,False
BGW-17,1,41,3.71,100,38.85,37.58,13.58,0.116,False
BGW-17,1,42,3.71,100,35.47,38.2,14.49,0.108,False
BGW-17,1,43,3.71,100,37.8,43.56,16.16,0.109,False
BGW-17,1,44,3.71,100,36.98,38.65,14.38,0.016,False
BGW-17,1,45,3.71,100,37.51,35.71,13.84,0.193,False
BGW-17,1,46,3.71,100,38.42,38.98,14.22,0.222,False
BGW-17,1,47,3.71,100,35.93,41.33,15.39,0.085,False
BGW-17,1,48,3.71,100,35.36,40.86,15.45,0.253,False
BGW-17,1,49,3.71,100,35.33,37.11,14.35,0.288,False
BGW-17,1,50,3.71,100,35.43,41.18,15.32,0.0,False
BGW-17,1,51,3.71,100,35.29,44.05,16.84,0.241,False
BGW-17,1,52,3.71,100,37.06,42.44,15.54,0.126,False
BGW-17,1,53,3.71,100,37.26,41.43,15.07,0.147,False
BGW-17,1,54,3.71,100,38.8,38.75,14.0,0.095,False
BGW-17,1,55,3.71,100,36.48,39.64,14.47,0.06,False
BGW-17,1,56,3.71,100,37.93,39.24,14.93,0.137,False
BGW-17,1,57,3.71,100,35.65,42.08,16.51,0.262,False
BGW-17,1,58,3.71,100,38.44,39.5,14.43,0.151,False
BGW-17,1,59,3.71,100,37.25,43.87,17.1,0.185,False
BGW-17,1,60,3.71,100,38.28,39.09,15.12,0.274,False
BGW-17,1,61,3.71,100,35.91,39.38,15.66,0.205,False
BGW-17,1,62,3.71,100,36.49,40.86,14.77,0.174,False
BGW-17,1,63,3.71,100,35.77,37.65,14.36,0.157,False
BGW-17,1,64,3.71,100,38.88,41.58,15.56,0.192,False
BGW-17,1,65,3.71,100,36.85,39.76,15.22,0.154,False
BGW-17,1,66,3.71,100,36.0,40.89,15.79,0.255,False
BGW-17,1,67,3.71,100,37.03,40.42,14.99,0.099,False
BGW-17,1,68,3.71,100,36.34,42.61,16.95,0.062,False
BGW-17,1,69,3.71,100,38.92,40.91,15.57,0.09,False
BGW-17,1,70,3.71,100,35.66,41.72,15.68,0.094,False
BGW-17,1,71,3.71,100,35.55,42.69,15.86,0.147,False
BGW-17,1,72,3.71,100,35.44,41.42,15.75,0.212,False
BGW-17,1,73,3.71,100,37.61,42.74,16.74,0.358,False
BGW-17,1,74,3.71,100,36.25,40.46,15.9,0.201,False
BGW-17,1,75,3.71,100,37.5,41.49,15.06,0.0,False
BGW-17,1,76,3.71,100,36.65,36.91,13.94,2.242,False
BGW-17,1,77,3.71,100,38.16,41.64,16.02,0.002,False
BGW-17,1,78,3.71,100,38.41,40.32,15.57,0.016,False
BGW-17,1,79,3.71,100,37.24,42.63,16.36,0.184,False
BGW-17,1,80,3.71,100,35.56,41.11,15.03,0.124,False
BGW-17,1,81,3.71,100,36.49,40.19,15.67,0.222,False
BGW-17,1,82,3.71,100,37.12,38.22,14.09,2.276,False
BGW-17,1,83,3.71,100,38.09,44.19,16.76,0.126,False
BGW-17,1,84,3.71,100,36.76,41.93,15.6,0.088,False
BGW-17,1,85,3.71,100,35.46,45.28,17.88,0.169,False
BGW-17,1,86,3.71,100,36.81,38.84,15.1,0.182,False
BGW-17,1,87,3.71,100,36.3,33.56,12.29,2.242,False
BGW-17,1,88,3.71,100,35.58,41.76,15.83,0.166,False
BGW-17,1,89,3.71,100,36.17,41.61,15.22,0.313,False
BGW-17,2,0,5.12,120,52.39,29.33,10.88,0.078,False
BGW-17,2,1,5.12,120,52.59,27.55,10.19,0.04,False
BGW-17,2,2,5.12,120,53.05,28.14,10.77,0.046,False
BGW-17,2,3,5.12,120,53.41,28.55,10.64,0.047,False
BGW-17,2,4,5.12,120,50.88,27.21,10.41,0.041,False
BGW-17,2,5,5.12,120,50.24,27.97,10.65,0.393,False
BGW-17,2,6,5.12,120,51.22,29.29,10.8,0.092,False
BGW-17,2,7,5.12,120,53.65,28.35,11.15,0.237,False
BGW-17,2,8,5.12,120,51.57,28.68,10.76,0.205,False
BGW-17,2,9,5.12,120,51.64,29.33,10.96,0.221,False
BGW-17,2,10,5.12,120,48.86,28.78,10.73,0.076,False
BGW-17,2,11,5.12,120,53.27,29.12,10.53,0.139,False
BGW-17,2,12,5.12,120,49.47,30.11,11.84,0.177,False
BGW-17,2,13,5.12,120,50.19,31.59,12.25,0.191,False
BGW-17,2,14,5.12,120,48.81,32.43,11.8,0.032,False
BGW-17,2,15,5.12,120,50.01,28.03,10.38,0.348,False
BGW-17,2,16,5.12,120,48.98,32.53,12.46,0.188,False
BGW-17,2,17,5.12,120,51.38,31.89,11.77,0.299,False
BGW-17,2,18,5.12,120,51.51,32.92,12.85,0.142,False
BGW-17,2,19,5.12,120,48.73,32.6,12.56,0.054,False
BGW-17,2,20,5.12,120,52.15,33.56,12.81,0.198,False
BGW-17,2,21,5.12,120,52.66,34.69,12.54,0.212,False
BGW-17,2,22,5.12,120,49.17,33.32,12.13,0.123,False
BGW-17,2,23,5.12,120,51.33,36.13,13.5,0.293,False
BGW-17,2,24,5.12,120,53.45,34.38,13.12,0.189,False
BGW-17,2,25,5.12,120,49.14,36.93,14.09,0.099,False
BGW-17,2,26,5.12,120,52.79,37.44,13.88,0.0,False
BGW-17,2,27,5.12,120,49.47,37.44,13.68,0.108,False
BGW-17,2,28,5.12,120,52.58,37.57,14.13,0.22,False
BGW-17,2,29,5.12,120,50.73,34.47,12.49,0.093,False
BGW-17,2,30,5.12,120,50.75,39.21,14.96,0.178,False
BGW-17,2,31,5.12,120,49.26,37.51,14.32,0.142,False
BGW-17,2,32,5.12,120,52.23,36.11,13.06,0.035,False
BGW-17,2,33,5.12,120,49.49,38.82,15.26,0.0,False
BGW-17,2,34,5.12,120,51.25,38.09,14.76,0.158,False
BGW-17,2,35,5.12,120,53.63,39.11,14.92,0.162,False
BGW-17,2,36,5.12,120,49.4,40.58,15.44,0.146,False
BGW-17,2,37,5.12,120,52.08,37.67,14.09,0.304,False
BGW-17,2,38,5.12,120,52.74,40.84,15.66,0.313,False
BGW-17,2,39,5.12,120,48.8,38.46,14.1,0.182,False
BGW-17,2,40,5.12,120,50.23,40.48,15.09,0.41,False
BGW-17,2,41,5.12,120,49.55,38.12,15.02,0.242,False
BGW-17,2,42,5.12,120,52.2,37.29,14.59,0.076,False
BGW-17,2,43,5.12,120,52.48,39.98,15.91,0.463,False
BGW-17,2,44,5.12,120,49.29,41.15,15.04,0.165,False
BGW-17,2,45,5.12,120,52.18,39.13,15.33,0.126,False
BGW-17,2,46,5.12,120,49.06,41.94,16.58,0.104,False
BGW-17,2,47,5.12,120,51.98,42.89,15.52,0.234,False
BGW-17,2,48,5.12,120,50.56,37.68,14.62,0.27,False
BGW-17,2,49,5.12,120,53.45,40.79,15.08,0.364,False
BGW-17,2,50,5.12,120,52.13,40.22,15.3,0.094,False
BGW-17,2,51,5.12,120,51.2,38.29,14.4,0.284,False
BGW-17,2,52,5.12,120,51.88,38.61,14.37,0.113,False
BGW-17,2,53,5.12,120,49.69,39.84,15.36,0.129,False
BGW-17,2,54,5.12,120,52.1,43.33,16.02,0.146,False
BGW-17,2,55,5.12,120,52.54,42.83,15.81,0.04,False
BGW-17,2,56,5.12,120,52.99,41.92,16.06,0.188,False
BGW-17,2,57,5.12,120,48.73,41.08,15.34,0.172,False
BGW-17,2,58,5.12,120,50.37,41.41,15.65,0.08,False
BGW-17,2,59,5.12,120,52.69,36.08,13.38,2.279,False
BGW-17,2,60,5.12,120,51.33,35.46,14.12,2.33,False
BGW-17,2,61,5.12,120,52.23,43.6,17.19,0.218,False
BGW-17,2,62,5.12,120,50.45,39.59,15.63,0.125,False
BGW-17,2,63,5.12,120,50.91,42.34,16.86,0.134,False
BGW-17,2,64,5.12,120,49.52,37.17,14.57,2.351,False
BGW-17,2,65,5.12,120,50.85,41.72,16.25,0.169,False
BGW-17,2,66,5.12,120,50.75,41.64,16.31,0.266,False
BGW-17,2,67,5.12,120,50.91,38.33,14.35,0.201,False
BGW-17,2,68,5.12,120,49.64,39.74,15.24,0.084,False
BGW-17,2,69,5.12,120,53.64,42.2,15.46,0.504,False
BGW-17,2,70,5.12,120,52.98,39.44,14.53,0.199,False
BGW-17,2,71,5.12,120,51.3,41.21,15.07,0.056,False
BGW-17,2,72,5.12,120,50.27,40.24,15.04,0.085,False
BGW-17,2,73,5.12,120,50.5,40.41,14.61,0.19,False
BGW-17,2,74,5.12,120,51.42,40.63,14.82,0.331,False
BGW-17,2,75,5.12,120,51.71,36.38,13.71,2.233,False
BGW-17,2,76,5.12,120,48.97,46.23,17.32,0.074,False
BGW-17,2,77,5.12,120,49.47,35.96,13.91,2.494,False
BGW-17,2,78,5.12,120,49.86,35.43,13.57,2.418,False
BGW-17,2,79,5.12,120,50.43,39.16,15.46,0.103,False
BGW-17,2,80,5.12,120,49.62,42.76,16.96,0.255,False
BGW-17,2,81,5.12,120,50.32,42.21,16.53,0.177,False
BGW-17,2,82,5.12,120,51.55,39.95,15.47,0.243,False
BGW-17,2,83,5.12,120,49.94,39.05,14.89,0.203,False
BGW-17,2,84,5.12,120,53.51,43.48,15.98,0.084,False
BGW-17,2,85,5.12,120,49.28,37.66,14.46,2.219,False
BGW-17,2,86,5.12,120,53.69,36.72,14.48,2.551,False
BGW-17,2,87,5.12,120,52.94,42.13,15.92,0.298,False
BGW-17,2,88,5.12,120,53.03,41.88,16.4,0.087,False
BGW-17,2,89,5.12,120,50.56,36.93,13.41,2.176,False
BGW-17,3,0,3.71,120,38.32,27.17,10.4,0.198,False
BGW-17,3,1,3.71,120,38.53,28.81,10.89,0.126,False
BGW-17,3,2,3.71,120,37.3,29.47,11.16,0.04,False
BGW-17,3,3,3.71,120,35.91,29.06,10.82,0.119,False
BGW-17,3,4,3.71,120,38.19,28.8,11.42,0.28,False
BGW-17,3,5,3.71,120,35.66,28.69,11.0,0.23,False
BGW-17,3,6,3.71,120,37.94,28.89,11.49,0.246,False
BGW-17,3,7,3.71,120,38.45,28.02,10.18,0.187,False
BGW-17,3,8,3.71,120,36.41,27.96,10.25,0.271,False
BGW-17,3,9,3.71,120,38.96,29.94,11.16,0.0,False
BGW-17,3,10,3.71,120,38.57,28.31,10.48,0.22,False
BGW-17,3,11,3.71,120,38.49,28.37,10.39,0.168,False
BGW-17,3,12,3.71,120,38.0,31.16,11.74,0.165,False
BGW-17,3,13,3.71,120,38.79,29.05,11.05,0.022,False
BGW-17,3,14,3.71,120,36.15,31.26,12.44,0.268,False
BGW-17,3,15,3.71,120,38.1,31.46,12.32,0.275,False
BGW-17,3,16,3.71,120,37.35,32.01,12.73,0.304,False
BGW-17,3,17,3.71,120,38.05,31.05,12.33,0.165,False
BGW-17,3,18,3.71,120,37.47,28.65,11.2,0.334,False
BGW-17,3,19,3.71,120,37.7,29.78,11.09,0.049,False
BGW-17,3,20,3.71,120,38.69,31.81,12.13,0.182,False
BGW-17,3,21,3.71,120,37.43,26.68,10.08,0.0,False
BGW-17,3,22,3.71,120,38.41,27.32,10.73,0.101,False
BGW-17,3,23,3.71,120,37.91,32.78,12.28,0.116,False
BGW-17,3,24,3.71,120,37.59,32.48,12.43,0.064,False
BGW-17,3,25,3.71,120,36.36,29.71,11.69,0.225,False
BGW-17,3,26,3.71,120,36.92,31.24,12.24,0.125,False
BGW-17,3,27,3.71,120,35.68,33.58,12.51,0.256,False
BGW-17,3,28,3.71,120,38.33,34.68,13.03,0.156,False
BGW-17,3,29,3.71,120,36.27,33.67,13.35,0.23,False
BGW-17,3,30,3.71,120,36.17,32.17,12.38,0.084,False
BGW-17,3,31,3.71,120,38.65,34.32,13.1,0.159,False
BGW-17,3,32,3.71,120,36.12,32.97,12.83,0.184,False
BGW-17,3,33,3.71,120,37.98,34.01,13.03,0.121,False
BGW-17,3,34,3.71,120,37.54,34.94,13.73,0.409,False
BGW-17,3,35,3.71,120,37.78,34.71,13.12,0.068,False
BGW-17,3,36,3.71,120,37.7,34.18,12.43,0.238,False
BGW-17,3,37,3.71,120,35.83,33.69,12.32,0.115,False
BGW-17,3,38,3.71,120,36.84,35.1,12.7,0.094,False
BGW-17,3,39,3.71,120,37.28,37.77,13.64,0.435,False
BGW-17,3,40,3.71,120,38.76,34.21,13.23,0.143,False
BGW-17,3,41,3.71,120,38.27,35.61,12.89,0.099,False
BGW-17,3,42,3.71,120,35.99,35.11,13.6,0.265,False
BGW-17,3,43,3.71,120,37.0,40.24,14.61,0.232,False
BGW-17,3,44,3.71,120,38.14,36.75,14.31,0.033,False
BGW-17,3,45,3.71,120,35.41,38.5,14.28,0.0,False
BGW-17,3,46,3.71,120,37.31,37.47,13.62,0.114,False
BGW-17,3,47,3.71,120,35.61,37.11,14.36,0.196,False
BGW-17,3,48,3.71,120,35.89,39.54,15.72,0.093,False
BGW-17,3,49,3.71,120,36.15,35.6,13.71,0.316,False
BGW-17,3,50,3.71,120,35.34,36.92,13.33,0.054,False
BGW-17,3,51,3.71,120,36.56,37.94,14.4,0.256,False
BGW-17,3,52,3.71,120,35.83,38.46,14.83,0.119,False
BGW-17,3,53,3.71,120,38.34,35.6,13.62,0.104,False
BGW-17,3,54,3.71,120,36.69,42.92,16.36,0.195,False
BGW-17,3,55,3.71,120,38.24,40.18,14.77,0.152,False
BGW-17,3,56,3.71,120,35.87,37.1,13.77,0.114,False
BGW-17,3,57,3.71,120,37.64,41.61,16.19,0.248,False
BGW-17,3,58,3.71,120,37.8,39.63,15.3,0.294,False
BGW-17,3,59,3.71,120,38.9,39.94,14.99,0.118,False
BGW-17,3,60,3.71,120,35.5,38.27,14.28,0.105,False
BGW-17,3,61,3.71,120,35.53,38.79,14.55,0.251,False
BGW-17,3,62,3.71,120,38.33,37.67,14.78,0.102,False
BGW-17,3,63,3.71,120,37.81,41.39,15.76,0.207,False
BGW-17,3,64,3.71,120,37.75,41.14,15.4,0.261,False
BGW-17,3,65,3.71,120,38.35,40.92,15.74,0.062,False
BGW-17,3,66,3.71,120,35.28,40.9,15.32,0.152,False
BGW-17,3,67,3.71,120,37.94,40.31,15.22,0.183,False
BGW-17,3,68,3.71,120,35.89,42.58,16.62,0.35,False
BGW-17,3,69,3.71,120,36.33,41.32,16.36,0.206,False
BGW-17,3,70,3.71,120,38.43,41.63,16.39,0.08,False
BGW-17,3,71,3.71,120,37.86,40.11,15.52,0.178,False
BGW-17,3,72,3.71,120,38.59,39.66,14.48,0.141,False
BGW-17,3,73,3.71,120,38.31,40.12,14.79,0.176,False
BGW-17,3,74,3.71,120,38.98,40.65,15.83,0.0,False
BGW-17,3,75,3.71,120,37.08,42.5,16.92,0.179,False
BGW-17,3,76,3.71,120,35.83,40.66,15.63,0.0,False
BGW-17,3,77,3.71,120,38.28,43.48,17.02,0.0,False
BGW-17,3,78,3.71,120,36.65,38.98,14.48,0.232,False
BGW-17,3,79,3.71,120,38.78,39.76,14.56,0.137,False
BGW-17,3,80,3.71,120,35.38,40.71,15.35,0.218,False
BGW-17,3,81,3.71,120,36.68,39.49,14.83,0.051,False
BGW-17,3,82,3.71,120,37.55,37.47,14.7,2.408,False
BGW-17,3,83,3.71,120,38.25,40.34,15.98,0.247,False
BGW-17,3,84,3.71,120,38.27,41.78,15.95,0.202,False
BGW-17,3,85,3.71,120,36.19,43.38,16.3,0.252,False
BGW-17,3,86,3.71,120,37.96,40.9,15.2,0.081,False
BGW-17,3,87,3.71,120,37.7,41.08,15.54,0.018,False
BGW-17,3,88,3.71,120,38.49,39.39,15.5,0.276,False
BGW-17,3,89,3.71,120,35.96,34.39,13.42,2.311,False
BGW-17,4,0,6.13,100,60.28,24.13,8.98,0.353,False
BGW-17,4,1,6.13,100,62.42,29.45,11.73,0.279,False
BGW-17,4,2,6.13,100,61.76,28.18,10.82,0.128,False
BGW-17,4,3,6.13,100,61.61,29.31,11.58,0.211,False
BGW-17,4,4,6.13,100,59.79,27.21,10.63,0.0,False
BGW-17,4,5,6.13,100,61.87,28.68,10.89,0.128,False
BGW-17,4,6,6.13,100,61.16,28.23,10.3,0.052,False
BGW-17,4,7,6.13,100,59.59,28.41,10.52,0.177,False
BGW-17,4,8,6.13,100,58.62,29.71,11.59,0.021,False
BGW-17,4,9,6.13,100,62.19,29.15,10.97,0.12,False
BGW-17,4,10,6.13,100,61.71,32.57,12.36,0.077,False
BGW-17,4,11,6.13,100,62.53,26.78,10.49,0.03,False
BGW-17,4,12,6.13,100,61.89,31.41,12.44,0.282,False
BGW-17,4,13,6.13,100,61.8,32.21,12.51,0.0,False
BGW-17,4,14,6.13,100,60.9,29.28,11.26,0.171,False
BGW-17,4,15,6.13,100,59.19,29.89,11.25,0.177,False
BGW-17,4,16,6.13,100,61.49,29.53,10.89,0.277,False
BGW-17,4,17,6.13,100,62.09,33.11,12.32,0.278,False
BGW-17,4,18,6.13,100,63.52,31.11,11.29,0.037,False
BGW-17,4,19,6.13,100,60.93,31.27,12.05,0.116,False
BGW-17,4,20,6.13,100,62.32,32.84,12.82,0.148,False
BGW-17,4,21,6.13,100,60.39,32.86,12.4,0.201,False
BGW-17,4,22,6.13,100,58.8,32.62,12.9,0.229,False
BGW-17,4,23,6.13,100,61.6,31.29,12.44,0.0,False
BGW-17,4,24,6.13,100,64.37,35.28,13.56,0.064,False
BGW-17,4,25,6.13,100,60.55,33.38,12.72,0.118,False
BGW-17,4,26,6.13,100,62.65,33.75,13.12,0.182,False
BGW-17,4,27,6.13,100,62.82,32.63,12.0,0.156,False
BGW-17,4,28,6.13,100,63.9,35.8,13.0,0.28,False
BGW-17,4,29,6.13,100,64.15,34.63,13.53,0.264,False
BGW-17,4,30,6.13,100,61.39,35.72,13.59,0.184,False
BGW-17,4,31,6.13,100,63.66,35.84,13.29,0.123,False
BGW-17,4,32,6.13,100,62.74,36.87,13.87,0.101,False
BGW-17,4,33,6.13,100,61.22,34.02,13.28,0.015,False
BGW-17,4,34,6.13,100,64.23,36.02,13.14,0.058,False
BGW-17,4,35,6.13,100,60.38,38.25,14.06,0.273,False
BGW-17,4,36,6.13,100,60.66,39.07,15.41,0.412,False
BGW-17,4,37,6.13,100,59.05,39.92,14.65,0.093,False
BGW-17,4,38,6.13,100,60.22,40.52,15.21,0.025,False
BGW-17,4,39,6.13,100,63.97,38.42,14.73,0.138,False
BGW-17,4,40,6.13,100,63.2,42.45,16.64,0.191,False
BGW-17,4,41,6.13,100,63.45,37.83,14.98,0.071,False
BGW-17,4,42,6.13,100,62.22,36.59,14.43,0.115,False
BGW-17,4,43,6.13,100,60.25,38.81,14.86,0.238,False
BGW-17,4,44,6.13,100,61.25,36.18,14.39,0.259,False
BGW-17,4,45,6.13,100,59.38,42.34,16.51,0.136,False
BGW-17,4,46,6.13,100,62.58,38.97,14.67,0.104,False
BGW-17,4,47,6.13,100,59.11,39.21,14.79,0.205,False
BGW-17,4,48,6.13,100,60.04,39.39,14.45,0.0,False
BGW-17,4,49,6.13,100,61.54,42.77,16.05,0.302,False
BGW-17,4,50,6.13,100,62.89,40.25,15.59,0.227,False
BGW-17,4,51,6.13,100,63.29,38.66,14.17,0.139,False
BGW-17,4,52,6.13,100,62.78,38.97,14.88,0.207,False
BGW-17,4,53,6.13,100,59.39,39.48,15.13,0.22,False
BGW-17,4,54,6.13,100,59.93,38.85,14.92,0.023,False
BGW-17,4,55,6.13,100,61.65,41.84,16.07,0.072,False
BGW-17,4,56,6.13,100,61.08,39.98,15.71,0.254,False
BGW-17,4,57,6.13,100,63.96,38.21,14.17,0.243,False
BGW-17,4,58,6.13,100,58.72,39.58,15.12,0.19,False
BGW-17,4,59,6.13,100,60.22,42.23,16.04,0.187,False
BGW-17,4,60,6.13,100,58.62,43.26,16.32,0.228,False
BGW-17,4,61,6.13,100,59.99,39.56,15.69,0.173,False
BGW-17,4,62,6.13,100,58.78,42.95,16.94,0.149,False
BGW-17,4,63,6.13,100,62.77,42.79,16.57,0.239,False
BGW-17,4,64,6.13,100,61.08,41.68,15.82,0.17,False
BGW-17,4,65,6.13,100,58.27,39.74,15.16,0.101,False
BGW-17,4,66,6.13,100,61.17,40.81,14.87,0.031,False
BGW-17,4,67,6.13,100,58.83,39.19,14.22,0.36,False
BGW-17,4,68,6.13,100,64.37,38.58,14.37,0.156,False
BGW-17,4,69,6.13,100,63.71,41.04,15.74,0.018,False
BGW-17,4,70,6.13,100,60.13,43.33,15.88,0.218,False
BGW-17,4,71,6.13,100,60.38,38.55,14.11,0.233,False
BGW-17,4,72,6.13,100,60.91,40.17,15.79,0.151,False
BGW-17,4,73,6.13,100,61.15,37.44,14.08,2.314,False
BGW-17,4,74,6.13,100,63.97,39.47,15.39,0.035,False
BGW-17,4,75,6.13,100,61.2,42.05,15.69,0.202,False
BGW-17,4,76,6.13,100,63.89,34.94,13.51,2.218,False
BGW-17,4,77,6.13,100,59.08,42.95,17.13,0.246,False
BGW-17,4,78,6.13,100,62.17,41.24,15.46,0.144,False
BGW-17,4,79,6.13,100,58.28,41.48,15.07,0.029,False
BGW-17,4,80,6.13,100,58.72,40.64,14.69,0.0,False
BGW-17,4,81,6.13,100,61.1,36.25,13.15,2.459,False
BGW-17,4,82,6.13,100,58.54,39.91,14.86,0.044,False
BGW-17,4,83,6.13,100,64.3,40.92,15.28,0.181,False
BGW-17,4,84,6.13,100,61.11,44.66,17.57,0.102,False
BGW-17,4,85,6.13,100,63.14,40.18,15.03,0.211,False
BGW-17,4,86,6.13,100,59.39,37.8,13.86,2.191,False
BGW-17,4,87,6.13,100,61.15,43.85,16.74,0.103,False
BGW-17,4,88,6.13,100,63.22,38.24,14.47,0.152,False
BGW-17,4,89,6.13,100,59.69,41.82,16.49,0.15,False
BGW-17,5,0,6.14,86,59.29,27.41,10.28,0.301,False
BGW-17,5,1,6.14,86,59.03,27.3,10.56,0.121,False
BGW-17,5,2,6.14,86,62.92,29.96,11.35,0.217,False
BGW-17,5,3,6.14,86,61.57,29.5,11.48,0.101,False
BGW-17,5,4,6.14,86,63.92,28.62,11.13,0.227,False
BGW-17,5,5,6.14,86,60.24,27.18,10.57,0.257,False
BGW-17,5,6,6.14,86,60.55,27.4,10.07,0.108,False
BGW-17,5,7,6.14,86,63.32,30.54,11.89,0.099,False
BGW-17,5,8,6.14,86,59.38,29.02,10.77,0.0,False
BGW-17,5,9,6.14,86,60.09,25.63,9.52,0.166,False
BGW-17,5,10,6.14,86,63.83,29.04,11.12,0.0,False
BGW-17,5,11,6.14,86,61.55,29.83,11.2,0.285,False
BGW-17,5,12,6.14,86,60.04,29.37,11.43,0.237,False
BGW-17,5,13,6.14,86,64.11,29.14,11.34,0.149,False
BGW-17,5,14,6.14,86,61.26,28.13,10.85,0.076,False
BGW-17,5,15,6.14,86,62.67,33.1,12.4,0.061,False
BGW-17,5,16,6.14,86,58.99,29.66,11.63,0.054,False
BGW-17,5,17,6.14,86,64.03,30.02,11.01,0.137,False
BGW-17,5,18,6.14,86,59.04,29.71,11.71,0.044,False
BGW-17,5,19,6.14,86,58.43,30.2,11.96,0.167,False
BGW-17,5,20,6.14,86,61.96,32.07,12.56,0.175,False
BGW-17,5,21,6.14,86,59.55,31.92,11.75,0.158,False
BGW-17,5,22,6.14,86,61.99,30.66,11.93,0.126,False
BGW-17,5,23,6.14,86,62.08,31.61,12.55,0.409,False
BGW-17,5,24,6.14,86,59.01,31.68,11.72,0.078,False
BGW-17,5,25,6.14,86,58.32,31.03,11.35,0.233,False
BGW-17,5,26,6.14,86,63.04,31.85,11.8,0.151,False
BGW-17,5,27,6.14,86,64.17,32.18,12.79,0.282,False
BGW-17,5,28,6.14,86,60.33,29.51,11.15,0.193,False
BGW-17,5,29,6.14,86,59.47,34.53,13.31,0.042,False
BGW-17,5,30,6.14,86,62.28,34.53,13.15,0.172,False
BGW-17,5,31,6.14,86,60.89,33.97,13.09,0.323,False
BGW-17,5,32,6.14,86,59.47,35.24,12.98,0.133,False
BGW-17,5,33,6.14,86,62.21,35.11,12.81,0.143,False
BGW-17,5,34,6.14,86,64.11,36.97,14.29,0.156,False
BGW-17,5,35,6.14,86,60.5,35.88,14.01,0.209,False
BGW-17,5,36,6.14,86,63.72,37.72,14.02,0.223,False
BGW-17,5,37,6.14,86,60.02,35.18,13.39,0.134,False
BGW-17,5,38,6.14,86,61.46,36.45,13.51,0.13,False
BGW-17,5,39,6.14,86,59.24,36.76,14.59,0.277,False
BGW-17,5,40,6.14,86,61.78,36.73,13.88,0.168,False
BGW-17,5,41,6.14,86,61.43,37.8,14.32,0.17,False
BGW-17,5,42,6.14,86,60.42,36.94,14.5,0.391,False
BGW-17,5,43,6.14,86,59.42,37.36,13.73,0.137,False
BGW-17,5,44,6.14,86,63.92,35.86,14.14,0.003,False
BGW-17,5,45,6.14,86,64.09,40.19,15.53,0.274,False
BGW-17,5,46,6.14,86,60.1,36.1,14.11,0.07,False
BGW-17,5,47,6.14,86,62.16,35.98,13.59,0.046,False
BGW-17,5,48,6.14,86,63.21,36.31,13.91,0.315,False
BGW-17,5,49,6.14,86,59.62,37.9,15.07,0.079,False
BGW-17,5,50,6.14,86,63.3,35.96,13.09,0.108,False
BGW-17,5,51,6.14,86,61.6,40.16,14.84,0.296,False
BGW-17,5,52,6.14,86,61.78,36.26,13.39,0.326,False
BGW-17,5,53,6.14,86,58.6,40.86,15.77,0.176,False
BGW-17,5,54,6.14,86,59.39,38.2,14.47,0.12,False
BGW-17,5,55,6.14,86,59.06,39.82,15.57,0.338,False
BGW-17,5,56,6.14,86,58.32,37.31,13.87,0.08,False
BGW-17,5,57,6.14,86,63.2,39.06,15.49,0.0,False
BGW-17,5,58,6.14,86,59.65,42.26,15.36,0.073,False
BGW-17,5,59,6.14,86,63.67,39.96,15.38,0.0,False
BGW-17,5,60,6.14,86,63.04,39.39,15.37,0.129,False
BGW-17,5,61,6.14,86,61.82,38.13,14.01,0.305,False
BGW-17,5,62,6.14,86,61.3,37.88,14.88,0.248,False
BGW-17,5,63,6.14,86,58.56,43.13,16.48,0.061,False
BGW-17,5,64,6.14,86,60.32,38.34,14.54,0.227,False
BGW-17,5,65,6.14,86,64.28,38.75,15.12,0.12,False
BGW-17,5,66,6.14,86,61.32,39.71,15.48,0.146,False
BGW-17,5,67,6.14,86,62.82,39.18,14.53,0.137,False
BGW-17,5,68,6.14,86,58.46,40.45,15.79,0.057,False
BGW-17,5,69,6.14,86,58.4,41.04,15.16,0.266,False
BGW-17,5,70,6.14,86,59.7,39.51,15.11,0.174,False
BGW-17,5,71,6.14,86,58.57,42.34,16.84,0.043,False
BGW-17,5,72,6.14,86,60.52,41.5,15.7,0.295,False
BGW-17,5,73,6.14,86,62.3,39.42,15.0,0.153,False
BGW-17,5,74,6.14,86,63.61,38.18,14.11,0.021,False
BGW-17,5,75,6.14,86,62.18,40.12,15.0,0.2,False
BGW-17,5,76,6.14,86,64.02,40.47,15.1,0.172,False
BGW-17,5,77,6.14,86,62.13,39.09,15.46,0.147,False
BGW-17,5,78,6.14,86,60.77,40.06,15.18,0.018,False
BGW-17,5,79,6.14,86,62.36,40.61,15.16,0.047,False
BGW-17,5,80,6.14,86,61.91,38.62,14.48,0.24,False
BGW-17,5,81,6.14,86,61.14,42.76,16.91,0.165,False
BGW-17,5,82,6.14,86,62.58,39.63,14.88,0.15,False
BGW-17,5,83,6.14,86,59.08,42.64,16.17,0.214,False
BGW-17,5,84,6.14,86,62.64,41.47,15.75,0.042,False
BGW-17,5,85,6.14,86,59.84,37.91,14.5,2.5,False
BGW-17,5,86,6.14,86,62.72,41.88,16.49,0.093,False
BGW-17,5,87,6.14,86,61.7,42.26,16.37,0.044,False
BGW-17,5,88,6.14,86,58.55,41.55,15.19,0.003,False
BGW-17,5,89,6.14,86,60.19,38.89,14.32,0.198,False
BGW-17,6,0,4.51,100,46.6,28.65,10.86,0.339,False
BGW-17,6,1,4.51,100,44.9,28.67,10.79,0.128,False
BGW-17,6,2,4.51,100,44.19,28.55,10.46,0.103,False
BGW-17,6,3,4.51,100,44.75,28.06,10.56,0.14,False
BGW-17,6,4,4.51,100,46.15,32.82,12.1,0.274,False
BGW-17,6,5,4.51,100,43.81,29.26,11.47,0.0,False
BGW-17,6,6,4.51,100,43.58,27.75,10.77,0.0,False
BGW-17,6,7,4.51,100,46.36,29.12,11.28,0.153,False
BGW-17,6,8,4.51,100,45.94,29.9,11.55,0.204,False
BGW-17,6,9,4.51,100,43.02,26.22,9.51,0.187,False
BGW-17,6,10,4.51,100,43.34,30.89,11.93,0.179,False
BGW-17,6,11,4.51,100,47.31,27.57,10.27,0.102,False
BGW-17,6,12,4.51,100,46.32,31.63,12.3,0.091,False
BGW-17,6,13,4.51,100,46.6,30.68,11.84,0.139,False
BGW-17,6,14,4.51,100,43.49,28.68,11.41,0.177,False
BGW-17,6,15,4.51,100,42.92,30.7,11.72,0.164,False
BGW-17,6,16,4.51,100,43.26,27.85,10.27,0.197,False
BGW-17,6,17,4.51,100,46.69,29.23,10.98,0.078,False
BGW-17,6,18,4.51,100,45.64,29.74,11.55,0.002,False
BGW-17,6,19,4.51,100,46.68,30.04,11.67,0.115,False
BGW-17,6,20,4.51,100,46.53,30.45,11.9,0.055,False
BGW-17,6,21,4.51,100,43.6,31.91,11.89,0.0,False
BGW-17,6,22,4.51,100,44.98,30.26,10.97,0.111,False
BGW-17,6,23,4.51,100,46.9,34.49,12.78,0.175,False
BGW-17,6,24,4.51,100,45.63,34.94,13.56,0.135,False
BGW-17,6,25,4.51,100,44.32,34.61,12.84,0.175,False
BGW-17,6,26,4.51,100,43.58,34.1,12.82,0.008,False
BGW-17,6,27,4.51,100,45.22,32.1,12.58,0.115,False
BGW-17,6,28,4.51,100,43.11,30.74,11.75,0.084,False
BGW-17,6,29,4.51,100,43.99,33.55,12.54,0.175,False
BGW-17,6,30,4.51,100,44.94,34.17,12.64,0.15,False
BGW-17,6,31,4.51,100,46.94,36.79,13.43,0.058,False
BGW-17,6,32,4.51,100,46.17,35.87,13.63,0.065,False
BGW-17,6,33,4.51,100,46.46,35.82,14.19,0.192,False
BGW-17,6,34,4.51,100,44.2,35.18,12.93,0.245,False
BGW-17,6,35,4.51,100,45.88,37.66,14.52,0.302,False
BGW-17,6,36,4.51,100,44.39,36.34,13.99,0.24,False
BGW-17,6,37,4.51,100,44.01,39.3,15.67,0.159,False
BGW-17,6,38,4.51,100,47.07,39.29,15.3,0.157,False
BGW-17,6,39,4.51,100,45.28,36.53,13.39,0.065,False
BGW-17,6,40,4.51,100,43.9,34.74,13.82,0.142,False
BGW-17,6,41,4.51,100,47.31,41.27,15.92,0.24,False
BGW-17,6,42,4.51,100,47.27,37.16,14.26,0.153,False
BGW-17,6,43,4.51,100,42.86,39.58,15.07,0.123,False
BGW-17,6,44,4.51,100,43.65,41.09,15.96,0.0,False
BGW-17,6,45,4.51,100,43.91,36.57,13.91,0.128,False
BGW-17,6,46,4.51,100,43.99,37.45,14.7,0.306,False
BGW-17,6,47,4.51,100,44.56,38.44,15.18,0.406,False
BGW-17,6,48,4.51,100,45.7,38.8,14.02,0.268,False
BGW-17,6,49,4.51,100,47.28,39.85,15.21,0.216,False
BGW-17,6,50,4.51,100,45.25,42.47,15.9,0.306,False
BGW-17,6,51,4.51,100,45.88,40.01,15.74,0.265,False
BGW-17,6,52,4.51,100,43.44,39.17,15.28,0.087,False
BGW-17,6,53,4.51,100,45.25,38.27,15.2,0.0,False
BGW-17,6,54,4.51,100,46.43,39.88,15.86,0.053,False
BGW-17,6,55,4.51,100,45.53,38.67,14.08,0.238,False
BGW-17,6,56,4.51,100,43.34,41.32,16.47,0.039,False
BGW-17,6,57,4.51,100,43.31,41.86,16.52,0.188,False
BGW-17,6,58,4.51,100,43.06,42.2,16.73,0.154,False
BGW-17,6,59,4.51,100,47.31,38.24,14.02,0.251,False
BGW-17,6,60,4.51,100,45.96,40.36,14.89,0.0,False
BGW-17,6,61,4.51,100,46.12,42.3,16.79,0.0,False
BGW-17,6,62,4.51,100,44.43,41.79,15.33,0.159,False
BGW-17,6,63,4.51,100,44.19,34.66,13.37,2.422,False
BGW-17,6,64,4.51,100,46.33,40.2,15.66,0.148,False
BGW-17,6,65,4.51,100,43.75,41.32,16.24,0.0,False
BGW-17,6,66,4.51,100,43.05,38.13,15.11,0.259,False
BGW-17,6,67,4.51,100,43.02,38.96,14.71,0.176,False
BGW-17,6,68,4.51,100,42.85,41.2,16.41,0.0,False
BGW-17,6,69,4.51,100,47.27,40.19,14.67,0.152,False
BGW-17,6,70,4.51,100,44.73,41.89,16.09,0.126,False
BGW-17,6,71,4.51,100,45.02,44.44,17.65,0.043,False
BGW-17,6,72,4.51,100,44.6,39.52,14.96,0.185,False
BGW-17,6,73,4.51,100,43.09,43.99,17.14,0.18,False
BGW-17,6,74,4.51,100,45.63,39.34,15.12,0.22,False
BGW-17,6,75,4.51,100,44.77,40.48,15.73,0.175,False
BGW-17,6,76,4.51,100,45.37,42.87,16.03,0.094,False
BGW-17,6,77,4.51,100,45.84,41.59,16.0,0.2,False
BGW-17,6,78,4.51,100,44.59,40.48,15.66,0.046,False
BGW-17,6,79,4.51,100,44.68,39.43,14.83,0.247,False
BGW-17,6,80,4.51,100,47.21,40.75,15.58,0.199,False
BGW-17,6,81,4.51,100,46.54,43.29,15.93,0.175,False
BGW-17,6,82,4.51,100,46.15,35.37,13.5,2.45,False
BGW-17,6,83,4.51,100,46.96,41.85,16.39,0.102,False
BGW-17,6,84,4.51,100,44.4,40.64,15.93,0.161,False
BGW-17,6,85,4.51,100,45.13,39.74,15.57,0.208,False
BGW-17,6,86,4.51,100,44.06,38.03,14.0,0.249,False
BGW-17,6,87,4.51,100,47.0,40.22,15.21,0.039,False
BGW-17,6,88,4.51,100,42.9,38.74,14.08,2.413,False
BGW-17,6,89,4.51,100,45.02,35.92,14.33,2.418,False
BGW-17,7,0,6.22,86,64.49,26.41,9.79,0.271,False
BGW-17,7,1,6.22,86,63.68,29.16,11.45,0.146,False
BGW-17,7,2,6.22,86,60.86,28.69,10.98,0.22,False
BGW-17,7,3,6.22,86,59.32,27.82,10.15,0.245,False
BGW-17,7,4,6.22,86,63.9,26.82,10.48,0.126,False
BGW-17,7,5,6.22,86,60.17,28.27,11.26,0.232,False
BGW-17,7,6,6.22,86,63.55,28.34,10.96,0.286,False
BGW-17,7,7,6.22,86,65.09,29.48,10.91,0.0,False
BGW-17,7,8,6.22,86,59.9,29.91,11.22,0.098,False
BGW-17,7,9,6.22,86,63.48,27.32,10.03,0.089,False
BGW-17,7,10,6.22,86,60.14,30.41,11.6,0.028,False
BGW-17,7,11,6.22,86,64.11,30.04,11.79,0.028,False
BGW-17,7,12,6.22,86,60.7,30.13,11.58,0.234,False
BGW-17,7,13,6.22,86,60.5,28.59,10.33,0.195,False
BGW-17,7,14,6.22,86,63.37,29.48,11.71,0.067,False
BGW-17,7,15,6.22,86,64.61,31.82,12.28,0.155,False
BGW-17,7,16,6.22,86,59.78,29.42,11.28,0.233,False
BGW-17,7,17,6.22,86,60.42,33.55,12.37,0.133,False
BGW-17,7,18,6.22,86,63.9,30.16,11.49,0.154,False
BGW-17,7,19,6.22,86,61.75,32.02,12.24,0.2,False
BGW-17,7,20,6.22,86,60.62,31.67,12.1,0.169,False
BGW-17,7,21,6.22,86,61.18,36.29,14.01,0.501,False
BGW-17,7,22,6.22,86,59.3,31.13,12.11,0.24,False
BGW-17,7,23,6.22,86,65.33,33.72,12.91,0.268,False
BGW-17,7,24,6.22,86,59.42,32.22,11.74,0.238,False
BGW-17,7,25,6.22,86,63.12,33.83,12.92,0.014,False
BGW-17,7,26,6.22,86,64.14,32.71,12.78,0.32,False
BGW-17,7,27,6.22,86,64.82,34.01,12.35,0.213,False
BGW-17,7,28,6.22,86,61.28,35.53,13.72,0.185,False
BGW-17,7,29,6.22,86,62.7,33.33,12.81,0.178,False
BGW-17,7,30,6.22,86,64.54,33.53,12.97,0.078,False
BGW-17,7,31,6.22,86,64.73,36.38,14.3,0.214,False
BGW-17,7,32,6.22,86,61.85,35.63,13.45,0.022,False
BGW-17,7,33,6.22,86,62.19,34.83,13.2,0.0,False
BGW-17,7,34,6.22,86,59.55,36.5,14.08,0.097,False
BGW-17,7,35,6.22,86,60.97,34.19,13.04,0.197,False
BGW-17,7,36,6.22,86,63.19,38.64,14.7,0.271,False
BGW-17,7,37,6.22,86,60.25,36.79,14.29,0.095,False
BGW-17,7,38,6.22,86,63.47,36.96,14.29,0.127,False
BGW-17,7,39,6.22,86,65.12,33.62,13.27,0.34,False
BGW-17,7,40,6.22,86,63.09,35.3,14.03,0.0,False
BGW-17,7,41,6.22,86,61.08,36.43,13.29,0.063,False
BGW-17,7,42,6.22,86,64.67,38.12,14.78,0.22,False
BGW-17,7,43,6.22,86,62.26,37.11,14.15,0.242,False
BGW-17,7,44,6.22,86,59.23,37.85,14.69,0.238,False
BGW-17,7,45,6.22,86,60.96,40.54,16.14,0.25,False
BGW-17,7,46,6.22,86,60.4,38.17,14.41,0.029,False
BGW-17,7,47,6.22,86,65.18,41.42,16.2,0.177,False
BGW-17,7,48,6.22,86,63.99,41.47,16.35,0.194,False
BGW-17,7,49,6.22,86,63.25,40.95,15.25,0.234,False
BGW-17,7,50,6.22,86,61.22,40.32,15.52,0.062,False
BGW-17,7,51,6.22,86,61.32,38.73,15.43,0.092,False
BGW-17,7,52,6.22,86,64.19,41.66,15.54,0.082,False
BGW-17,7,53,6.22,86,61.35,38.76,15.2,0.28,False
BGW-17,7,54,6.22,86,62.05,41.25,15.78,0.237,False
BGW-17,7,55,6.22,86,62.89,39.78,15.39,0.133,False
BGW-17,7,56,6.22,86,60.55,44.7,17.46,0.173,False
BGW-17,7,57,6.22,86,64.71,39.78,14.55,0.151,False
BGW-17,7,58,6.22,86,63.18,40.88,14.95,0.186,False
BGW-17,7,59,6.22,86,61.27,38.93,14.34,0.079,False
BGW-17,7,60,6.22,86,59.44,38.5,15.04,0.282,False
BGW-17,7,61,6.22,86,63.91,39.76,14.54,0.149,False
BGW-17,7,62,6.22,86,64.46,38.23,15.25,0.241,False
BGW-17,7,63,6.22,86,65.19,41.53,16.11,0.312,False
BGW-17,7,64,6.22,86,64.73,41.86,15.87,0.32,False
BGW-17,7,65,6.22,86,60.03,40.23,15.89,0.235,False
BGW-17,7,66,6.22,86,59.91,41.45,15.48,0.172,False
BGW-17,7,67,6.22,86,64.9,40.81,15.18,0.151,False
BGW-17,7,68,6.22,86,59.5,42.99,16.22,0.202,False
BGW-17,7,69,6.22,86,60.57,41.31,16.19,0.084,False
BGW-17,7,70,6.22,86,62.48,43.25,16.74,0.286,False
BGW-17,7,71,6.22,86,61.78,38.97,14.92,0.25,False
BGW-17,7,72,6.22,86,61.88,41.57,16.4,0.139,False
BGW-17,7,73,6.22,86,61.97,40.84,15.28,0.009,False
BGW-17,7,74,6.22,86,64.38,37.98,14.17,0.103,False
BGW-17,7,75,6.22,86,59.88,40.08,15.08,0.246,False
BGW-17,7,76,6.22,86,61.46,43.17,16.7,0.033,False
BGW-17,7,77,6.22,86,62.0,42.19,15.26,0.136,False
BGW-17,7,78,6.22,86,60.69,41.34,15.61,0.0,False
BGW-17,7,79,6.22,86,62.2,42.93,15.96,0.002,False
BGW-17,7,80,6.22,86,62.36,39.9,14.72,0.209,False
BGW-17,7,81,6.22,86,61.2,43.36,17.12,0.095,False
BGW-17,7,82,6.22,86,64.58,37.03,14.18,2.328,False
BGW-17,7,83,6.22,86,61.84,45.31,17.55,0.012,False
BGW-17,7,84,6.22,86,61.65,32.94,12.73,2.393,False
BGW-17,7,85,6.22,86,60.49,35.94,13.99,2.363,False
BGW-17,7,86,6.22,86,60.76,35.7,13.86,2.368,False
BGW-17,7,87,6.22,86,63.33,41.46,16.37,0.05,False
BGW-17,7,88,6.22,86,65.17,39.1,14.6,0.123,False
BGW-17,7,89,6.22,86,63.98,40.4,15.72,0.092,False
BGW-17,8,0,6.15,86,62.66,27.53,10.21,0.16,False
BGW-17,8,1,6.15,86,60.93,25.86,9.78,0.154,False
BGW-17,8,2,6.15,86,62.2,27.43,10.67,0.149,False
BGW-17,8,3,6.15,86,59.02,31.67,11.48,0.168,False
BGW-17,8,4,6.15,86,60.19,29.48,11.06,0.14,False
BGW-17,8,5,6.15,86,62.07,28.64,10.37,0.117,False
BGW-17,8,6,6.15,86,62.65,28.75,10.92,0.036,False
BGW-17,8,7,6.15,86,63.33,29.48,11.0,0.0,False
BGW-17,8,8,6.15,86,63.58,29.16,11.22,0.318,False
BGW-17,8,9,6.15,86,60.18,30.1,11.46,0.169,False
BGW-17,8,10,6.15,86,62.98,31.31,12.49,0.297,False
BGW-17,8,11,6.15,86,64.1,28.1,10.61,0.0,False
BGW-17,8,12,6.15,86,59.27,27.62,10.17,0.102,False
BGW-17,8,13,6.15,86,62.8,27.38,10.41,0.112,False
BGW-17,8,14,6.15,86,64.45,28.46,10.81,0.291,False
BGW-17,8,15,6.15,86,64.03,30.68,11.93,0.393,False
BGW-17,8,16,6.15,86,62.45,30.44,11.65,0.024,False
BGW-17,8,17,6.15,86,59.04,26.24,9.77,0.08,False
BGW-17,8,18,6.15,86,61.02,29.17,10.94,0.11,False
BGW-17,8,19,6.15,86,64.44,30.14,11.76,0.303,False
BGW-17,8,20,6.15,86,59.41,29.17,10.77,0.038,False
BGW-17,8,21,6.15,86,60.73,29.63,10.71,0.178,False
BGW-17,8,22,6.15,86,63.1,27.19,10.09,0.072,False
BGW-17,8,23,6.15,86,62.34,30.66,11.83,0.05,False
BGW-17,8,24,6.15,86,61.45,31.22,11.83,0.242,False
BGW-17,8,25,6.15,86,63.42,29.07,10.61,0.252,False
BGW-17,8,26,6.15,86,64.02,31.1,12.07,0.208,False
BGW-17,8,27,6.15,86,59.63,32.65,12.38,0.127,False
BGW-17,8,28,6.15,86,59.41,28.48,11.36,0.14,False
BGW-17,8,29,6.15,86,62.81,33.09,13.0,0.034,False
BGW-17,8,30,6.15,86,62.43,30.43,11.29,0.131,False
BGW-17,8,31,6.15,86,63.1,31.61,12.24,0.083,False
BGW-17,8,32,6.15,86,61.8,31.21,12.0,0.234,False
BGW-17,8,33,6.15,86,59.99,34.47,13.48,0.0,False
BGW-17,8,34,6.15,86,59.42,32.89,12.15,0.142,False
BGW-17,8,35,6.15,86,60.45,32.59,12.11,0.111,False
BGW-17,8,36,6.15,86,60.07,33.12,12.13,0.231,False
BGW-17,8,37,6.15,86,63.48,29.61,11.01,0.282,False
BGW-17,8,38,6.15,86,61.86,32.9,12.95,0.344,False
BGW-17,8,39,6.15,86,63.38,36.31,13.61,0.117,False
BGW-17,8,40,6.15,86,58.53,33.37,12.27,0.175,False
BGW-17,8,41,6.15,86,61.98,34.88,12.98,0.0,False
BGW-17,8,42,6.15,86,60.46,34.56,13.26,0.0,False
BGW-17,8,43,6.15,86,60.03,36.39,13.4,0.042,False
BGW-17,8,44,6.15,86,59.98,34.38,12.58,0.187,False
BGW-17,8,45,6.15,86,59.25,35.58,13.24,0.137,False
BGW-17,8,46,6.15,86,60.92,36.7,13.9,0.058,False
BGW-17,8,47,6.15,86,63.8,36.23,13.84,0.5,False
BGW-17,8,48,6.15,86,62.4,35.14,13.44,0.154,False
BGW-17,8,49,6.15,86,58.76,36.5,13.96,0.068,False
BGW-17,8,50,6.15,86,61.01,36.04,13.45,0.136,False
BGW-17,8,51,6.15,86,59.8,37.87,14.65,0.153,False
BGW-17,8,52,6.15,86,59.45,35.15,13.53,0.081,False
BGW-17,8,53,6.15,86,61.67,36.16,13.61,0.195,False
BGW-17,8,54,6.15,86,61.56,38.05,15.1,0.44,False
BGW-17,8,55,6.15,86,61.16,38.07,14.58,0.121,False
BGW-17,8,56,6.15,86,60.28,35.5,13.15,0.26,False
BGW-17,8,57,6.15,86,61.93,37.71,13.77,0.012,False
BGW-17,8,58,6.15,86,59.31,37.81,14.21,0.125,False
BGW-17,8,59,6.15,86,64.48,36.12,13.09,0.152,False
BGW-17,8,60,6.15,86,63.29,37.67,14.74,0.387,False
BGW-17,8,61,6.15,86,63.38,37.13,14.71,0.259,False
BGW-17,8,62,6.15,86,63.52,35.66,12.88,0.0,False
BGW-17,8,63,6.15,86,60.39,40.62,14.84,0.158,False
BGW-17,8,64,6.15,86,59.34,37.29,14.32,0.186,False
BGW-17,8,65,6.15,86,58.45,37.54,14.81,0.211,False
BGW-17,8,66,6.15,86,63.89,38.47,14.43,0.191,False
BGW-17,8,67,6.15,86,60.98,38.45,15.06,0.229,False
BGW-17,8,68,6.15,86,59.75,36.28,13.63,0.088,False
BGW-17,8,69,6.15,86,60.87,39.02,15.21,0.121,False
BGW-17,8,70,6.15,86,63.33,41.37,15.36,0.189,False
BGW-17,8,71,6.15,86,61.67,36.5,13.98,0.095,False
BGW-17,8,72,6.15,86,59.05,41.11,16.15,0.085,False
BGW-17,8,73,6.15,86,58.49,38.92,15.18,0.099,False
BGW-17,8,74,6.15,86,60.02,37.7,13.97,0.129,False
BGW-17,8,75,6.15,86,59.84,39.28,14.64,0.108,False
BGW-17,8,76,6.15,86,63.76,40.06,14.71,0.0,False
BGW-17,8,77,6.15,86,63.41,38.44,15.32,0.141,False
BGW-17,8,78,6.15,86,63.06,38.48,14.18,0.22,False
BGW-17,8,79,6.15,86,62.89,40.53,16.15,0.217,False
BGW-17,8,80,6.15,86,62.28,39.18,14.95,0.12,False
BGW-17,8,81,6.15,86,61.06,38.75,14.12,0.29,False
BGW-17,8,82,6.15,86,59.45,40.54,16.14,0.083,False
BGW-17,8,83,6.15,86,62.4,40.28,14.58,0.087,False
BGW-17,8,84,6.15,86,60.7,42.16,16.75,0.171,False
BGW-17,8,85,6.15,86,62.75,41.02,15.48,0.17,False
BGW-17,8,86,6.15,86,58.9,38.93,15.35,0.43,False
BGW-17,8,87,6.15,86,63.17,39.63,15.42,0.217,False
BGW-17,8,88,6.15,86,61.32,41.71,15.09,0.026,False
BGW-17,8,89,6.15,86,62.57,41.72,16.13,0.23,False
BGW-18,1,0,4.11,86,41.08,25.97,9.62,0.083,False
BGW-18,1,1,4.11,86,43.11,30.78,11.28,0.107,False
BGW-18,1,2,4.11,86,41.87,26.27,10.07,0.183,False
BGW-18,1,3,4.11,86,41.15,25.01,9.43,0.133,False
BGW-18,1,4,4.11,86,40.08,27.56,10.31,0.0,False
BGW-18,1,5,4.11,86,41.91,29.69,11.26,0.153,False
BGW-18,1,6,4.11,86,41.27,27.77,10.54,0.114,False
BGW-18,1,7,4.11,86,39.25,26.02,10.03,0.119,False
BGW-18,1,8,4.11,86,40.23,29.52,11.25,0.0,False
BGW-18,1,9,4.11,86,39.64,29.77,11.81,0.199,False
BGW-18,1,10,4.11,86,39.08,31.38,12.02,0.0,False
BGW-18,1,11,4.11,86,39.48,30.85,11.72,0.129,False
BGW-18,1,12,4.11,86,39.9,30.87,11.22,0.188,False
BGW-18,1,13,4.11,86,40.49,31.03,11.29,0.196,False
BGW-18,1,14,4.11,86,39.09,31.14,11.86,0.099,False
BGW-18,1,15,4.11,86,40.91,30.86,11.89,0.168,False
BGW-18,1,16,4.11,86,40.01,33.32,12.74,0.069,False
BGW-18,1,17,4.11,86,41.12,32.14,12.25,0.13,False
BGW-18,1,18,4.11,86,41.86,33.5,13.26,0.226,False
BGW-18,1,19,4.11,86,42.49,32.74,12.01,0.038,False
BGW-18,1,20,4.11,86,40.18,33.32,12.46,0.088,False
BGW-18,1,21,4.11,86,40.81,32.31,11.71,0.292,False
BGW-18,1,22,4.11,86,40.49,33.72,12.71,0.141,False
BGW-18,1,23,4.11,86,41.65,33.87,12.56,0.087,False
BGW-18,1,24,4.11,86,39.38,34.25,12.49,0.324,False
BGW-18,1,25,4.11,86,42.59,34.77,13.58,0.286,False
BGW-18,1,26,4.11,86,41.89,34.69,13.18,0.375,False
BGW-18,1,27,4.11,86,40.25,35.72,13.55,0.109,False
BGW-18,1,28,4.11,86,40.72,38.57,13.98,0.181,False
BGW-18,1,29,4.11,86,40.79,36.89,14.66,0.224,False
BGW-18,1,30,4.11,86,40.86,36.17,13.95,0.13,False
BGW-18,1,31,4.11,86,41.52,34.57,13.15,0.122,False
BGW-18,1,32,4.11,86,42.08,36.17,13.68,0.007,False
BGW-18,1,33,4.11,86,42.66,39.09,15.24,0.253,False
BGW-18,1,34,4.11,86,40.55,37.49,14.14,0.034,False
BGW-18,1,35,4.11,86,40.27,37.08,14.24,0.128,False
BGW-18,1,36,4.11,86,42.38,40.38,14.92,0.188,False
BGW-18,1,37,4.11,86,42.59,37.55,13.57,0.121,False
BGW-18,1,38,4.11,86,41.77,41.65,16.41,0.116,False
BGW-18,1,39,4.11,86,40.46,40.69,15.88,0.129,False
BGW-18,1,40,4.11,86,39.59,39.81,14.86,0.304,False
BGW-18,1,41,4.11,86,40.53,38.18,15.13,0.117,False
BGW-18,1,42,4.11,86,42.64,39.75,14.88,0.185,False
BGW-18,1,43,4.11,86,40.86,35.76,13.45,2.46,False
BGW-18,1,44,4.11,86,43.04,35.05,13.75,2.198,False
BGW-18,1,45,4.11,86,41.74,40.66,15.87,0.0,False
BGW-18,1,46,4.11,86,40.77,36.01,13.01,2.324,False
BGW-18,1,47,4.11,86,39.16,40.9,15.31,0.154,False
BGW-18,1,48,4.11,86,41.25,40.25,15.56,0.107,False
BGW-18,1,49,4.11,86,40.9,40.36,14.96,0.017,False
BGW-18,1,50,4.11,86,41.57,34.11,13.1,2.365,False
BGW-18,1,51,4.11,86,42.25,40.13,15.52,0.211,False
BGW-18,1,52,4.11,86,41.08,33.63,12.4,2.381,False
BGW-18,1,53,4.11,86,40.16,35.94,13.98,2.384,False
BGW-18,1,54,4.11,86,41.37,36.06,13.07,2.317,False
BGW-18,1,55,4.11,86,40.66,33.07,13.04,2.277,False
BGW-18,1,56,4.11,86,42.96,34.23,12.92,2.33,False
BGW-18,1,57,4.11,86,40.47,35.6,13.75,2.383,False
BGW-18,1,58,4.11,86,39.71,35.52,13.86,2.307,False
BGW-18,1,59,2.78,86,28.42,34.7,13.1,2.345,False
BGW-18,1,60,2.78,86,27.16,35.7,13.9,2.387,False
BGW-18,1,61,2.78,86,26.99,35.53,13.48,2.103,False
BGW-18,1,62,2.78,86,26.75,35.82,13.83,2.288,False
BGW-18,1,63,2.78,86,27.05,36.79,14.23,2.403,False
BGW-18,1,64,2.78,86,28.06,32.3,12.87,2.395,False
BGW-18,1,65,2.78,86,28.34,35.16,12.81,2.297,False
BGW-18,1,66,2.78,86,26.46,35.8,13.24,2.337,False
BGW-18,1,67,2.78,86,28.19,34.85,12.86,2.435,False
BGW-18,1,68,2.78,86,27.02,35.32,13.19,2.21,False
BGW-18,1,69,2.78,86,27.87,35.79,13.09,2.25,False
BGW-18,1,70,2.78,86,28.65,32.86,12.02,2.327,False
BGW-18,1,71,2.78,86,27.58,34.97,12.72,2.339,False
BGW-18,1,72,2.78,86,28.32,34.81,13.32,2.376,False
BGW-18,1,73,2.78,86,28.1,37.04,14.22,2.354,False
BGW-18,1,74,2.78,86,27.07,38.16,14.35,2.38,False
BGW-18,1,75,2.78,86,29.05,37.59,14.44,2.264,False
BGW-18,1,76,2.78,86,27.2,33.04,12.36,2.248,False
BGW-18,1,77,2.78,86,27.76,34.26,12.44,2.42,False
BGW-18,1,78,2.78,86,28.51,33.93,12.61,2.317,False
BGW-18,1,79,2.78,86,27.05,37.56,14.5,2.303,False
BGW-18,1,80,2.78,86,27.98,37.26,14.59,2.388,False
BGW-18,1,81,2.78,86,27.02,35.2,13.41,2.387,False
BGW-18,1,82,2.78,86,28.89,36.71,14.33,2.286,False
BGW-18,1,83,2.78,86,27.18,35.1,13.34,2.354,False
BGW-18,1,84,2.78,86,27.39,36.87,14.37,2.305,False
BGW-18,1,85,2.78,86,26.94,35.98,13.36,2.565,False
BGW-18,1,86,2.78,86,27.93,34.14,13.35,2.313,False
BGW-18,1,87,2.78,86,28.24,34.47,13.62,2.424,False
BGW-18,1,88,2.78,86,27.66,37.01,14.02,2.311,False
BGW-18,1,89,2.78,86,27.52,36.7,14.18,2.297,False
BGW-18,2,0,5.6,86,55.98,25.77,10.1,0.096,False
BGW-18,2,1,5.6,86,54.21,27.64,10.6,0.0,False
BGW-18,2,2,5.6,86,53.23,29.38,10.74,0.184,False
BGW-18,2,3,5.6,86,57.33,27.47,9.96,0.327,False
BGW-18,2,4,5.6,86,58.01,26.41,10.36,0.211,False
BGW-18,2,5,5.6,86,58.44,25.86,10.06,0.295,False
BGW-18,2,6,5.6,86,55.21,27.75,10.03,0.254,False
BGW-18,2,7,5.6,86,54.49,30.07,11.96,0.296,False
BGW-18,2,8,5.6,86,57.13,28.67,10.64,0.0,False
BGW-18,2,9,5.6,86,54.1,31.75,12.22,0.285,False
BGW-18,2,10,5.6,86,56.17,32.38,12.49,0.078,False
BGW-18,2,11,5.6,86,54.36,31.15,12.26,0.1,False
BGW-18,2,12,5.6,86,53.58,30.15,11.53,0.29,False
BGW-18,2,13,5.6,86,54.75,28.51,10.85,0.193,False
BGW-18,2,14,5.6,86,57.86,31.83,12.12,0.3,False
BGW-18,2,15,5.6,86,55.94,32.58,12.62,0.12,False
BGW-18,2,16,5.6,86,55.1,33.93,12.31,0.309,False
BGW-18,2,17,5.6,86,58.7,30.66,11.72,0.237,False
BGW-18,2,18,5.6,86,53.61,31.89,12.28,0.0,False
BGW-18,2,19,5.6,86,56.85,32.92,12.47,0.043,False
BGW-18,2,20,5.6,86,58.06,34.85,13.87,0.262,False
BGW-18,2,21,5.6,86,54.17,34.37,13.08,0.0,False
BGW-18,2,22,5.6,86,56.54,33.66,12.36,0.088,False
BGW-18,2,23,5.6,86,55.58,34.75,13.84,0.078,False
BGW-18,2,24,5.6,86,55.45,32.6,11.84,0.244,False
BGW-18,2,25,5.6,86,53.56,36.65,14.25,0.164,False
BGW-18,2,26,5.6,86,57.26,35.34,13.32,0.145,False
BGW-18,2,27,5.6,86,55.3,36.1,13.13,0.01,False
BGW-18,2,28,5.6,86,56.21,37.25,14.26,0.154,False
BGW-18,2,29,5.6,86,58.0,33.97,13.05,0.261,False
BGW-18,2,30,5.6,86,55.55,39.92,15.24,0.325,False
BGW-18,2,31,5.6,86,53.79,35.67,12.97,0.118,False
BGW-18,2,32,5.6,86,53.49,38.08,14.51,0.206,False
BGW-18,2,33,5.6,86,56.48,39.65,14.54,0.1,False
BGW-18,2,34,5.6,86,57.68,35.63,13.92,0.172,False
BGW-18,2,35,5.6,86,56.72,41.69,15.91,0.236,False
BGW-18,2,36,5.6,86,56.2,40.19,14.62,0.04,False
BGW-18,2,37,5.6,86,53.95,40.16,14.56,0.178,False
BGW-18,2,38,5.6,86,53.79,41.83,16.47,0.027,False
BGW-18,2,39,5.6,86,54.07,39.23,15.5,0.121,False
BGW-18,2,40,5.6,86,56.52,42.08,15.56,0.179,False
BGW-18,2,41,5.6,86,53.82,37.0,13.74,0.181,False
BGW-18,2,42,5.6,86,58.05,39.3,15.38,0.087,False
BGW-18,2,43,5.6,86,53.76,35.46,13.63,2.222,False
BGW-18,2,44,5.6,86,53.38,34.91,13.15,2.312,False
BGW-18,2,45,5.6,86,54.91,40.08,15.62,0.055,False
BGW-18,2,46,5.6,86,57.01,35.04,13.95,2.322,False
BGW-18,2,47,5.6,86,56.39,34.87,13.56,2.391,False
BGW-18,2,48,5.6,86,57.66,35.48,13.87,2.335,False
BGW-18,2,49,5.6,86,55.25,31.91,12.55,2.37,False
BGW-18,2,50,5.6,86,55.84,36.85,13.54,2.514,False
BGW-18,2,51,5.6,86,54.62,34.57,13.15,2.249,False
BGW-18,2,52,4.6,86,45.01,35.89,13.32,2.267,False
BGW-18,2,53,4.6,86,47.27,34.69,12.92,2.291,False
BGW-18,2,54,4.6,86,43.82,36.18,13.49,2.341,False
BGW-18,2,55,4.6,86,46.1,33.28,12.41,2.535,False
BGW-18,2,56,4.6,86,47.46,35.61,13.95,2.347,False
BGW-18,2,57,4.6,86,44.06,34.27,13.46,2.238,False
BGW-18,2,58,4.6,86,44.5,34.86,13.69,2.231,False
BGW-18,2,59,4.6,86,44.93,35.98,13.32,2.511,False
BGW-18,2,60,4.6,86,45.48,34.36,13.59,2.405,False
BGW-18,2,61,4.6,86,47.03,35.21,13.78,2.423,False
BGW-18,2,62,4.6,86,43.69,36.48,14.37,2.355,False
BGW-18,2,63,4.6,86,48.13,36.11,13.51,2.193,False
BGW-18,2,64,4.6,86,47.56,37.05,13.81,2.215,False
BGW-18,2,65,4.6,86,44.32,33.66,13.22,2.356,False
BGW-18,2,66,4.6,86,47.07,35.29,13.19,2.453,False
BGW-18,2,67,4.6,86,46.24,37.31,14.81,2.518,False
BGW-18,2,68,4.6,86,47.96,37.24,13.63,2.385,False
BGW-18,2,69,4.6,86,43.91,36.77,13.39,2.356,False
BGW-18,2,70,4.6,86,44.05,35.06,13.2,2.207,False
BGW-18,2,71,4.6,86,44.92,34.53,13.55,2.219,False
BGW-18,2,72,4.6,86,43.71,35.24,13.38,2.218,False
BGW-18,2,73,4.6,86,48.11,35.78,13.5,2.405,False
BGW-18,2,74,4.6,86,46.2,35.79,13.2,2.202,False
BGW-18,2,75,4.6,86,45.65,33.11,13.03,2.608,False
BGW-18,2,76,4.6,86,48.15,35.44,13.86,2.425,False
BGW-18,2,77,4.6,86,44.79,35.72,14.18,2.385,False
BGW-18,2,78,4.6,86,48.03,36.23,14.42,2.459,False
BGW-18,2,79,4.6,86,44.01,35.11,13.12,2.356,False
BGW-18,2,80,4.6,86,45.29,33.65,12.18,2.308,False
BGW-18,2,81,4.6,86,46.2,36.62,13.78,2.249,False
BGW-18,2,82,4.6,86,47.74,35.21,13.35,2.362,False
BGW-18,2,83,4.6,86,44.38,35.1,12.8,2.505,False
BGW-18,2,84,4.6,86,44.17,35.17,13.61,2.383,False
BGW-18,2,85,4.6,86,46.9,35.75,14.26,2.334,False
BGW-18,2,86,4.6,86,44.06,37.07,14.05,2.23,False
BGW-18,2,87,4.6,86,47.81,34.69,13.23,2.427,False
BGW-18,2,88,4.6,86,47.99,36.44,14.38,2.386,False
BGW-18,2,89,4.6,86,44.49,34.69,13.8,2.354,False
BGW-18,3,0,3.92,120,38.09,27.52,10.4,0.296,False
BGW-18,3,1,3.92,120,38.63,28.25,11.02,0.215,False
BGW-18,3,2,3.92,120,39.49,29.38,10.67,0.093,False
BGW-18,3,3,3.92,120,40.67,30.43,11.46,0.113,False
BGW-18,3,4,3.92,120,40.47,27.88,10.94,0.08,False
BGW-18,3,5,3.92,120,39.38,27.64,10.91,0.249,False
BGW-18,3,6,3.92,120,39.15,29.66,11.71,0.151,False
BGW-18,3,7,3.92,120,38.51,27.58,10.78,0.277,False
BGW-18,3,8,3.92,120,41.06,27.23,10.74,0.047,False
BGW-18,3,9,3.92,120,39.52,29.01,10.67,0.165,False
BGW-18,3,10,3.92,120,37.34,27.72,10.65,0.289,False
BGW-18,3,11,3.92,120,38.95,27.84,10.53,0.064,False
BGW-18,3,12,3.92,120,41.06,31.98,12.69,0.133,False
BGW-18,3,13,3.92,120,40.48,29.39,11.5,0.426,False
BGW-18,3,14,3.92,120,40.71,29.05,11.14,0.178,False
BGW-18,3,15,3.92,120,39.67,28.97,11.25,0.028,False
BGW-18,3,16,3.92,120,38.25,32.85,13.03,0.126,False
BGW-18,3,17,3.92,120,39.84,32.29,12.18,0.03,False
BGW-18,3,18,3.92,120,40.36,30.69,11.69,0.128,False
BGW-18,3,19,3.92,120,40.93,32.58,12.33,0.118,False
BGW-18,3,20,3.92,120,39.95,30.62,11.27,0.103,False
BGW-18,3,21,3.92,120,38.31,31.22,12.44,0.265,False
BGW-18,3,22,3.92,120,38.6,28.18,10.32,0.145,False
BGW-18,3,23,3.92,120,38.1,34.82,13.38,0.305,False
BGW-18,3,24,3.92,120,39.64,35.71,13.73,0.0,False
BGW-18,3,25,3.92,120,40.94,33.9,12.64,0.19,False
BGW-18,3,26,3.92,120,40.77,34.39,13.69,0.147,False
BGW-18,3,27,3.92,120,37.3,36.01,13.78,0.131,False
BGW-18,3,28,3.92,120,39.1,34.62,13.13,0.124,False
BGW-18,3,29,3.92,120,37.95,35.59,13.14,0.0,False
BGW-18,3,30,3.92,120,38.14,34.82,13.26,0.202,False
BGW-18,3,31,3.92,120,39.94,35.31,13.36,0.048,False
BGW-18,3,32,3.92,120,37.87,36.57,13.72,0.088,False
BGW-18,3,33,3.92,120,38.76,37.72,14.76,0.105,False
BGW-18,3,34,3.92,120,40.8,33.79,12.67,0.0,False
BGW-18,3,35,3.92,120,37.81,37.06,13.84,0.162,False
BGW-18,3,36,3.92,120,37.98,36.72,13.48,0.2,False
BGW-18,3,37,3.92,120,37.49,35.62,12.87,0.298,False
BGW-18,3,38,3.92,120,38.32,38.22,15.11,0.0,False
BGW-18,3,39,3.92,120,39.77,36.7,13.48,0.185,False
BGW-18,3,40,3.92,120,38.55,40.96,15.34,0.165,False
BGW-18,3,41,3.92,120,38.48,36.48,14.46,0.189,False
BGW-18,3,42,3.92,120,38.9,38.15,14.14,0.138,False
BGW-18,3,43,3.92,120,39.7,39.3,14.75,0.247,False
BGW-18,3,44,3.92,120,40.13,38.56,14.13,0.085,False
BGW-18,3,45,3.92,120,40.13,38.36,14.09,0.135,False
BGW-18,3,46,3.92,120,40.76,39.13,14.94,0.22,False
BGW-18,3,47,3.92,120,40.85,37.52,14.46,0.167,False
BGW-18,3,48,3.92,120,38.82,38.81,14.02,0.139,False
BGW-18,3,49,3.92,120,38.98,36.93,14.04,0.0,False
BGW-18,3,50,3.92,120,40.38,39.44,14.41,0.006,False
BGW-18,3,51,3.92,120,40.92,38.88,14.71,0.044,False
BGW-18,3,52,3.92,120,40.4,33.78,12.57,2.578,False
BGW-18,3,53,3.92,120,40.64,36.02,14.11,2.361,False
BGW-18,3,54,3.92,120,39.27,41.68,15.4,0.166,False
BGW-18,3,55,3.92,120,39.96,33.97,12.49,2.369,False
BGW-18,3,56,3.92,120,39.41,36.08,14.11,2.592,False
BGW-18,3,57,3.92,120,38.05,33.45,12.28,2.244,False
BGW-18,3,58,3.92,120,37.93,39.55,14.86,0.093,False
BGW-18,3,59,3.92,120,38.45,34.27,12.67,2.202,False
BGW-18,3,60,3.92,120,39.28,39.36,14.85,0.124,False
BGW-18,3,61,3.92,120,37.59,38.33,14.55,0.16,False
BGW-18,3,62,3.92,120,40.91,32.14,12.23,2.336,False
BGW-18,3,63,3.92,120,38.77,39.43,15.07,0.175,False
BGW-18,3,64,3.92,120,40.97,34.7,13.18,2.277,False
BGW-18,3,65,3.92,120,38.97,43.41,16.42,0.238,False
BGW-18,3,66,3.92,120,40.55,36.08,13.12,2.318,False
BGW-18,3,67,3.92,120,40.75,36.38,13.26,2.546,False
BGW-18,3,68,3.92,120,40.48,34.57,13.74,2.344,False
BGW-18,3,69,3.92,120,39.8,34.42,13.42,2.269,False
BGW-18,3,70,3.92,120,40.42,35.57,13.38,2.54,False
BGW-18,3,71,2.92,120,28.79,36.87,14.01,2.517,False
BGW-18,3,72,2.92,120,29.12,34.3,12.56,2.346,False
BGW-18,3,73,2.92,120,29.77,37.08,14.7,2.513,False
BGW-18,3,74,2.92,120,28.12,36.1,13.29,2.423,False
BGW-18,3,75,2.92,120,28.49,38.2,13.95,2.417,False
BGW-18,3,76,2.92,120,27.83,36.86,14.31,2.402,False
BGW-18,3,77,2.92,120,29.45,34.75,13.37,2.177,False
BGW-18,3,78,2.92,120,27.93,42.68,17.02,0.154,True
BGW-18,3,79,2.92,120,28.12,33.28,12.79,2.441,False
BGW-18,3,80,2.92,120,28.5,37.37,13.73,2.482,False
BGW-18,3,81,2.92,120,29.5,33.98,12.93,2.399,False
BGW-18,3,82,2.92,120,28.15,36.23,13.67,2.365,False
BGW-18,3,83,2.92,120,30.49,36.05,13.25,2.315,False
BGW-18,3,84,2.92,120,30.29,35.69,13.11,2.297,False
BGW-18,3,85,2.92,120,29.23,35.89,13.06,2.263,False
BGW-18,3,86,2.92,120,29.72,33.88,12.94,2.478,False
BGW-18,3,87,2.92,120,29.54,36.24,13.85,2.23,False
BGW-18,3,88,2.92,120,29.84,35.86,13.88,2.259,False
BGW-18,3,89,2.92,120,30.21,35.91,13.68,2.358,False
BGW-18,4,0,4.71,86,48.02,25.43,9.95,0.079,False
BGW-18,4,1,4.71,86,48.95,27.31,10.82,0.331,False
BGW-18,4,2,4.71,86,47.53,26.79,10.29,0.045,False
BGW-18,4,3,4.71,86,45.63,27.17,10.21,0.0,False
BGW-18,4,4,4.71,86,45.96,31.41,11.97,0.026,False
BGW-18,4,5,4.71,86,45.36,28.52,11.17,0.087,False
BGW-18,4,6,4.71,86,45.36,29.22,10.57,0.239,False
BGW-18,4,7,4.71,86,45.59,30.52,11.36,0.18,False
BGW-18,4,8,4.71,86,49.1,30.82,11.19,0.157,False
BGW-18,4,9,4.71,86,44.92,28.07,10.28,0.0,False
BGW-18,4,10,4.71,86,45.79,27.99,10.67,0.237,False
BGW-18,4,11,4.71,86,47.36,25.58,9.56,0.028,False
BGW-18,4,12,4.71,86,44.73,28.82,10.45,0.228,False
BGW-18,4,13,4.71,86,46.22,30.67,11.17,0.159,False
BGW-18,4,14,4.71,86,46.13,29.0,10.76,0.182,False
BGW-18,4,15,4.71,86,47.99,29.08,11.1,0.18,False
BGW-18,4,16,4.71,86,45.0,27.7,10.75,0.271,False
BGW-18,4,17,4.71,86,46.53,33.81,13.15,0.1,False
BGW-18,4,18,4.71,86,47.98,31.9,11.58,0.31,False
BGW-18,4,19,4.71,86,45.66,33.39,12.82,0.113,False
BGW-18,4,20,4.71,86,47.72,33.34,12.84,0.158,False
BGW-18,4,21,4.71,86,49.05,31.79,11.95,0.254,False
BGW-18,4,22,4.71,86,45.31,31.67,11.54,0.229,False
BGW-18,4,23,4.71,86,46.73,34.61,12.98,0.079,False
BGW-18,4,24,4.71,86,48.51,33.83,13.35,0.162,False
BGW-18,4,25,4.71,86,47.1,34.61,13.67,0.244,False
BGW-18,4,26,4.71,86,48.53,34.37,13.71,0.152,False
BGW-18,4,27,4.71,86,46.75,34.17,12.47,0.117,False
BGW-18,4,28,4.71,86,46.05,36.49,14.11,0.124,False
BGW-18,4,29,4.71,86,49.23,35.27,12.97,0.254,False
BGW-18,4,30,4.71,86,46.2,33.41,13.32,0.114,False
BGW-18,4,31,4.71,86,47.73,38.82,14.98,0.251,False
BGW-18,4,32,4.71,86,45.08,38.18,14.72,0.165,False
BGW-18,4,33,4.71,86,46.83,37.69,14.44,0.127,False
BGW-18,4,34,4.71,86,47.02,37.79,14.98,0.271,False
BGW-18,4,35,4.71,86,47.9,41.68,15.99,0.229,False
BGW-18,4,36,4.71,86,46.98,38.6,15.16,0.005,False
BGW-18,4,37,4.71,86,48.04,39.21,15.05,0.232,False
BGW-18,4,38,4.71,86,48.98,37.94,14.8,0.249,False
BGW-18,4,39,4.71,86,48.61,40.22,14.86,0.119,False
BGW-18,4,40,4.71,86,46.45,39.53,15.36,0.059,False
BGW-18,4,41,4.71,86,46.71,39.23,15.02,0.044,False
BGW-18,4,42,4.71,86,49.2,39.54,14.62,0.316,False
BGW-18,4,43,4.71,86,48.85,37.63,14.14,0.006,False
BGW-18,4,44,4.71,86,47.87,41.17,15.14,0.327,False
BGW-18,4,45,4.71,86,49.0,38.27,13.96,0.02,False
BGW-18,4,46,4.71,86,46.71,40.64,15.48,0.203,False
BGW-18,4,47,4.71,86,44.79,39.28,15.2,0.126,False
BGW-18,4,48,4.71,86,44.91,41.24,15.54,0.278,False
BGW-18,4,49,4.71,86,47.22,33.83,12.25,2.31,False
BGW-18,4,50,4.71,86,45.23,33.54,12.16,2.257,False
BGW-18,4,51,4.71,86,45.88,35.71,13.23,2.26,False
BGW-18,4,52,4.71,86,47.3,35.34,13.84,2.321,False
BGW-18,4,53,4.71,86,45.77,34.51,13.04,2.24,False
BGW-18,4,54,4.71,86,45.96,35.22,12.85,2.372,False
BGW-18,4,55,4.71,86,45.04,35.11,12.92,2.359,False
BGW-18,4,56,4.71,86,46.77,33.11,12.06,2.41,False
BGW-18,4,57,3.64,86,37.38,34.31,12.54,2.395,False
BGW-18,4,58,3.64,86,36.25,35.14,13.12,2.524,False
BGW-18,4,59,3.64,86,35.23,35.16,13.47,2.3,False
BGW-18,4,60,3.64,86,36.88,35.34,14.02,2.363,False
BGW-18,4,61,3.64,86,34.94,35.62,13.57,2.285,False
BGW-18,4,62,3.64,86,35.51,36.28,14.03,2.26,False
BGW-18,4,63,3.64,86,35.68,34.45,12.46,2.315,False
BGW-18,4,64,3.64,86,38.22,36.32,14.27,2.283,False
BGW-18,4,65,3.64,86,36.74,36.54,13.48,2.273,False
BGW-18,4,66,3.64,86,37.39,36.58,14.27,2.432,False
BGW-18,4,67,3.64,86,35.04,35.76,12.94,2.195,False
BGW-18,4,68,3.64,86,37.79,34.13,12.49,2.528,False
BGW-18,4,69,3.64,86,37.01,36.44,13.18,2.274,False
BGW-18,4,70,3.64,86,34.9,35.67,13.57,2.278,False
BGW-18,4,71,3.64,86,36.91,35.33,13.48,2.442,False
BGW-18,4,72,3.64,86,35.56,38.29,14.44,2.237,False
BGW-18,4,73,3.64,86,35.89,36.3,13.24,2.465,False
BGW-18,4,74,3.64,86,36.24,33.69,12.57,2.337,False
BGW-18,4,75,3.64,86,37.19,35.39,13.02,2.529,False
BGW-18,4,76,3.64,86,35.19,34.95,12.71,2.397,False
BGW-18,4,77,3.64,86,37.97,33.73,12.5,2.318,False
BGW-18,4,78,3.64,86,35.14,37.01,13.84,2.264,False
BGW-18,4,79,3.64,86,36.61,34.81,13.79,2.185,False
BGW-18,4,80,3.64,86,35.69,36.82,14.18,2.279,False
BGW-18,4,81,3.64,86,35.03,37.5,13.87,2.424,False
BGW-18,4,82,3.64,86,38.03,35.14,13.88,2.377,False
BGW-18,4,83,3.64,86,35.79,33.63,12.97,2.292,False
BGW-18,4,84,3.64,86,35.32,37.01,14.65,2.115,False
BGW-18,4,85,3.64,86,36.9,33.38,12.81,2.283,False
BGW-18,4,86,3.64,86,38.05,35.04,13.97,2.301,False
BGW-18,4,87,3.64,86,36.57,37.22,14.51,2.328,False
BGW-18,4,88,3.64,86,35.97,36.3,13.21,2.446,False
BGW-18,4,89,3.64,86,36.57,35.22,13.1,2.488,False
BGW-18,5,0,4.91,86,50.49,28.34,10.97,0.0,False
BGW-18,5,1,4.91,86,47.73,30.93,11.84,0.0,False
BGW-18,5,2,4.91,86,47.79,28.63,10.9,0.164,False
BGW-18,5,3,4.91,86,49.06,27.49,10.74,0.18,False
BGW-18,5,4,4.91,86,48.68,26.87,10.29,0.228,False
BGW-18,5,5,4.91,86,47.16,26.13,10.05,0.244,False
BGW-18,5,6,4.91,86,51.24,31.47,12.01,0.279,False
BGW-18,5,7,4.91,86,50.79,28.47,11.33,0.209,False
BGW-18,5,8,4.91,86,49.48,28.91,10.56,0.245,False
BGW-18,5,9,4.91,86,50.28,26.27,10.25,0.0,False
BGW-18,5,10,4.91,86,49.58,29.36,11.1,0.15,False
BGW-18,5,11,4.91,86,48.74,27.7,10.19,0.126,False
BGW-18,5,12,4.91,86,49.24,31.22,11.31,0.123,False
BGW-18,5,13,4.91,86,47.43,32.06,11.75,0.04,False
BGW-18,5,14,4.91,86,50.75,26.62,10.38,0.109,False
BGW-18,5,15,4.91,86,48.14,28.3,10.24,0.029,False
BGW-18,5,16,4.91,86,48.75,32.19,11.63,0.238,False
BGW-18,5,17,4.91,86,48.36,28.35,10.5,0.2,False
BGW-18,5,18,4.91,86,48.59,27.94,10.43,0.218,False
BGW-18,5,19,4.91,86,47.08,30.55,11.69,0.073,False
BGW-18,5,20,4.91,86,48.05,29.62,10.76,0.184,False
BGW-18,5,21,4.91,86,50.84,30.4,11.45,0.139,False
BGW-18,5,22,4.91,86,48.92,32.7,12.59,0.16,False
BGW-18,5,23,4.91,86,48.94,31.55,12.48,0.294,False
BGW-18,5,24,4.91,86,51.13,33.16,12.75,0.168,False
BGW-18,5,25,4.91,86,49.5,30.56,11.84,0.046,False
BGW-18,5,26,4.91,86,49.92,31.3,11.49,0.016,False
BGW-18,5,27,4.91,86,50.99,34.1,12.96,0.163,False
BGW-18,5,28,4.91,86,47.67,32.25,12.65,0.134,False
BGW-18,5,29,4.91,86,48.59,33.09,13.07,0.183,False
BGW-18,5,30,4.91,86,51.2,35.57,14.17,0.09,False
BGW-18,5,31,4.91,86,48.22,35.48,13.04,0.012,False
BGW-18,5,32,4.91,86,49.48,33.64,12.53,0.16,False
BGW-18,5,33,4.91,86,46.63,35.95,13.6,0.18,False
BGW-18,5,34,4.91,86,46.76,35.14,13.47,0.207,False
BGW-18,5,35,4.91,86,49.19,35.1,12.91,0.308,False
BGW-18,5,36,4.91,86,49.2,34.4,12.65,0.048,False
BGW-18,5,37,4.91,86,47.98,36.98,14.06,0.07,False
BGW-18,5,38,4.91,86,51.05,35.79,13.75,0.009,False
BGW-18,5,39,4.91,86,51.32,38.33,15.08,0.025,False
BGW-18,5,40,4.91,86,49.49,37.69,13.84,0.233,False
BGW-18,5,41,4.91,86,50.01,39.66,14.81,0.086,False
BGW-18,5,42,4.91,86,47.57,36.9,14.61,0.129,False
BGW-18,5,43,4.91,86,47.56,32.72,12.38,0.264,False
BGW-18,5,44,4.91,86,48.11,36.89,14.46,0.134,False
BGW-18,5,45,4.91,86,47.69,39.98,15.4,0.128,False
BGW-18,5,46,4.91,86,47.22,39.36,15.13,0.24,False
BGW-18,5,47,4.91,86,47.08,39.02,14.53,0.238,False
BGW-18,5,48,4.91,86,49.73,42.04,16.1,0.111,False
BGW-18,5,49,4.91,86,47.67,37.05,14.04,0.099,False
BGW-18,5,50,4.91,86,49.27,38.41,14.43,0.124,False
BGW-18,5,51,4.91,86,49.87,36.76,14.46,0.201,False
BGW-18,5,52,4.91,86,50.4,37.71,14.11,0.176,False
BGW-18,5,53,4.91,86,48.3,40.77,15.93,0.0,False
BGW-18,5,54,4.91,86,49.37,42.2,16.3,0.0,False
BGW-18,5,55,4.91,86,48.69,39.95,14.77,0.051,False
BGW-18,5,56,4.91,86,50.26,39.22,15.22,0.213,False
BGW-18,5,57,4.91,86,49.75,37.37,13.99,0.124,False
BGW-18,5,58,4.91,86,47.94,40.31,15.75,0.098,False
BGW-18,5,59,4.91,86,47.52,43.39,16.86,0.206,False
BGW-18,5,60,4.91,86,47.83,40.61,14.77,0.0,False
BGW-18,5,61,4.91,86,50.09,41.5,16.36,0.179,False
BGW-18,5,62,4.91,86,47.05,38.1,14.66,0.082,False
BGW-18,5,63,4.91,86,47.93,34.98,13.12,2.361,False
BGW-18,5,64,4.91,86,47.39,41.72,15.17,0.0,False
BGW-18,5,65,4.91,86,50.01,42.09,16.48,0.204,False
BGW-18,5,66,4.91,86,50.55,36.05,13.85,2.549,False
BGW-18,5,67,4.91,86,49.42,34.49,13.26,2.393,False
BGW-18,5,68,4.91,86,49.89,34.85,12.8,2.467,False
BGW-18,5,69,4.91,86,50.1,35.3,13.81,2.558,False
BGW-18,5,70,4.91,86,49.75,35.19,13.97,2.132,False
BGW-18,5,71,4.0,86,39.31,33.98,13.46,2.235,False
BGW-18,5,72,4.0,86,41.06,34.61,12.88,2.341,False
BGW-18,5,73,4.0,86,38.31,36.72,14.22,2.264,False
BGW-18,5,74,4.0,86,38.7,34.7,12.64,2.463,False
BGW-18,5,75,4.0,86,40.73,36.48,13.23,2.154,False
BGW-18,5,76,4.0,86,41.01,33.63,13.16,2.277,False
BGW-18,5,77,4.0,86,41.14,41.57,16.58,0.153,True
BGW-18,5,78,4.0,86,41.61,33.17,12.41,2.58,False
BGW-18,5,79,4.0,86,38.74,34.05,12.35,2.449,False
BGW-18,5,80,4.0,86,41.59,36.67,13.78,2.124,False
BGW-18,5,81,4.0,86,41.14,34.88,12.8,2.258,False
BGW-18,5,82,4.0,86,39.19,36.08,13.7,2.316,False
BGW-18,5,83,4.0,86,40.25,35.53,12.98,2.343,False
BGW-18,5,84,4.0,86,40.93,33.97,13.31,2.438,False
BGW-18,5,85,4.0,86,38.4,32.21,12.67,2.284,False
BGW-18,5,86,4.0,86,39.76,37.28,14.13,2.242,False
BGW-18,5,87,4.0,86,38.85,35.32,12.98,2.258,False
BGW-18,5,88,4.0,86,38.82,34.03,12.75,2.346,False
BGW-18,5,89,4.0,86,41.62,36.44,14.27,2.319,False
BGW-18,6,0,5.15,100,51.49,30.05,11.23,0.184,False
BGW-18,6,1,5.15,100,49.95,29.54,11.35,0.026,False
BGW-18,6,2,5.15,100,49.53,27.16,10.61,0.113,False
BGW-18,6,3,5.15,100,52.82,26.84,10.29,0.166,False
BGW-18,6,4,5.15,100,51.71,28.37,10.9,0.087,False
BGW-18,6,5,5.15,100,51.7,28.29,10.4,0.304,False
BGW-18,6,6,5.15,100,51.86,27.8,10.22,0.36,False
BGW-18,6,7,5.15,100,49.91,30.3,11.31,0.373,False
BGW-18,6,8,5.15,100,50.94,26.69,9.83,0.177,False
BGW-18,6,9,5.15,100,53.16,28.3,10.56,0.108,False
BGW-18,6,10,5.15,100,50.05,29.33,11.11,0.258,False
BGW-18,6,11,5.15,100,52.18,27.39,9.96,0.196,False
BGW-18,6,12,5.15,100,51.04,30.42,11.7,0.01,False
BGW-18,6,13,5.15,100,49.77,28.38,10.74,0.094,False
BGW-18,6,14,5.15,100,52.32,30.58,12.04,0.218,False
BGW-18,6,15,5.15,100,50.94,30.76,11.95,0.0,False
BGW-18,6,16,5.15,100,51.94,29.86,11.66,0.149,False
BGW-18,6,17,5.15,100,50.76,28.68,11.24,0.146,False
BGW-18,6,18,5.15,100,52.84,29.84,10.82,0.142,False
BGW-18,6,19,5.15,100,51.37,30.03,11.72,0.314,False
BGW-18,6,20,5.15,100,50.91,30.29,11.72,0.177,False
BGW-18,6,21,5.15,100,52.16,29.86,11.83,0.143,False
BGW-18,6,22,5.15,100,53.19,30.56,11.09,0.241,False
BGW-18,6,23,5.15,100,52.95,28.13,10.92,0.109,False
BGW-18,6,24,5.15,100,53.27,26.85,10.64,0.28,False
BGW-18,6,25,5.15,100,52.99,30.51,11.62,0.241,False
BGW-18,6,26,5.15,100,51.43,33.2,12.9,0.185,False
BGW-18,6,27,5.15,100,52.88,34.89,13.63,0.302,False
BGW-18,6,28,5.15,100,53.25,31.15,11.44,0.0,False
BGW-18,6,29,5.15,100,53.93,33.61,13.01,0.169,False
BGW-18,6,30,5.15,100,50.64,32.33,12.02,0.171,False
BGW-18,6,31,5.15,100,50.86,30.61,11.08,0.075,False
BGW-18,6,32,5.15,100,52.66,32.06,12.33,0.19,False
BGW-18,6,33,5.15,100,53.34,32.62,12.95,0.299,False
BGW-18,6,34,5.15,100,53.4,33.06,12.24,0.236,False
BGW-18,6,35,5.15,100,53.15,34.77,12.97,0.06,False
BGW-18,6,36,5.15,100,52.97,34.28,13.3,0.005,False
BGW-18,6,37,5.15,100,49.73,34.97,13.68,0.105,False
BGW-18,6,38,5.15,100,53.66,33.57,13.0,0.233,False
BGW-18,6,39,5.15,100,49.97,34.97,12.66,0.0,False
BGW-18,6,40,5.15,100,49.72,36.15,13.94,0.221,False
BGW-18,6,41,5.15,100,52.52,35.73,13.38,0.047,False
BGW-18,6,42,5.15,100,52.5,34.37,12.69,0.141,False
BGW-18,6,43,5.15,100,51.95,34.17,12.47,0.094,False
BGW-18,6,44,5.15,100,52.32,36.84,13.82,0.033,False
BGW-18,6,45,5.15,100,52.45,36.65,14.43,0.226,False
BGW-18,6,46,5.15,100,53.15,36.53,13.98,0.098,False
BGW-18,6,47,5.15,100,49.26,35.17,13.99,0.154,False
BGW-18,6,48,5.15,100,52.64,37.39,14.8,0.173,False
BGW-18,6,49,5.15,100,50.05,37.48,14.8,0.062,False
BGW-18,6,50,5.15,100,49.41,39.97,14.68,0.196,False
BGW-18,6,51,5.15,100,51.74,38.46,14.96,0.137,False
BGW-18,6,52,5.15,100,50.64,38.72,14.99,0.389,False
BGW-18,6,53,5.15,100,51.09,39.68,14.62,0.09,False
BGW-18,6,54,5.15,100,49.44,38.54,14.58,0.082,False
BGW-18,6,55,5.15,100,49.56,37.14,14.8,0.297,False
BGW-18,6,56,5.15,100,49.64,38.7,14.5,0.181,False
BGW-18,6,57,5.15,100,49.81,38.83,15.13,0.1,False
BGW-18,6,58,5.15,100,52.56,39.39,14.64,0.197,False
BGW-18,6,59,5.15,100,50.1,40.96,16.08,0.296,False
BGW-18,6,60,5.15,100,53.95,40.18,15.12,0.246,False
BGW-18,6,61,5.15,100,51.52,38.38,13.87,0.286,False
BGW-18,6,62,5.15,100,49.26,37.89,14.59,0.168,False
BGW-18,6,63,5.15,100,50.78,40.82,15.44,0.264,False
BGW-18,6,64,5.15,100,53.51,33.29,12.33,2.483,False
BGW-18,6,65,5.15,100,49.97,35.12,13.24,2.401,False
BGW-18,6,66,5.15,100,49.13,41.11,15.78,0.155,False
BGW-18,6,67,5.15,100,51.3,40.29,15.51,0.113,False
BGW-18,6,68,5.15,100,52.55,36.3,13.45,2.249,False
BGW-18,6,69,5.15,100,51.76,37.34,13.67,0.119,False
BGW-18,6,70,5.15,100,50.55,39.77,14.5,0.212,False
BGW-18,6,71,5.15,100,53.61,37.12,14.23,0.092,False
BGW-18,6,72,5.15,100,49.94,32.98,12.16,2.372,False
BGW-18,6,73,5.15,100,53.81,35.98,13.1,2.132,False
BGW-18,6,74,5.15,100,49.08,36.03,14.22,2.408,False
BGW-18,6,75,5.15,100,52.65,35.15,13.66,2.064,False
BGW-18,6,76,5.15,100,50.84,34.56,12.79,2.213,False
BGW-18,6,77,4.0,100,41.46,33.73,12.23,2.326,False
BGW-18,6,78,4.0,100,41.76,40.88,14.82,0.146,True
BGW-18,6,79,4.0,100,39.6,35.79,13.39,2.303,False
BGW-18,6,80,4.0,100,38.69,33.0,12.9,2.374,False
BGW-18,6,81,4.0,100,38.11,35.24,12.78,2.372,False
BGW-18,6,82,4.0,100,39.3,34.6,13.78,2.373,False
BGW-18,6,83,4.0,100,41.63,30.63,11.94,2.24,False
BGW-18,6,84,4.0,100,40.17,37.15,14.74,2.182,False
BGW-18,6,85,4.0,100,40.16,34.18,12.73,2.352,False
BGW-18,6,86,4.0,100,39.68,36.94,14.63,2.322,False
BGW-18,6,87,4.0,100,40.28,35.72,12.95,2.594,False
BGW-18,6,88,4.0,100,38.24,34.15,12.58,2.314,False
BGW-18,6,89,4.0,100,38.59,33.63,12.28,2.354,False
BGW-18,7,0,5.35,100,55.38,27.01,10.46,0.31,False
BGW-18,7,1,5.35,100,53.73,26.99,10.11,0.182,False
BGW-18,7,2,5.35,100,52.61,30.43,12.09,0.137,False
BGW-18,7,3,5.35,100,54.0,27.19,9.93,0.0,False
BGW-18,7,4,5.35,100,53.76,26.93,10.66,0.121,False
BGW-18,7,5,5.35,100,52.79,29.26,10.61,0.213,False
BGW-18,7,6,5.35,100,53.79,27.06,10.18,0.033,False
BGW-18,7,7,5.35,100,53.71,29.76,11.2,0.129,False
BGW-18,7,8,5.35,100,56.08,31.73,12.42,0.135,False
BGW-18,7,9,5.35,100,52.67,27.12,10.62,0.16,False
BGW-18,7,10,5.35,100,53.86,27.58,10.16,0.07,False
BGW-18,7,11,5.35,100,52.9,29.39,11.43,0.179,False
BGW-18,7,12,5.35,100,54.85,29.58,10.94,0.184,False
BGW-18,7,13,5.35,100,55.99,29.57,11.33,0.157,False
BGW-18,7,14,5.35,100,52.5,29.18,10.54,0.0,False
BGW-18,7,15,5.35,100,52.88,30.26,11.11,0.121,False
BGW-18,7,16,5.35,100,51.52,27.17,9.82,0.081,False
BGW-18,7,17,5.35,100,55.26,29.67,11.55,0.075,False
BGW-18,7,18,5.35,100,55.82,28.11,11.2,0.094,False
BGW-18,7,19,5.35,100,55.18,27.39,10.54,0.158,False
BGW-18,7,20,5.35,100,55.59,31.04,12.13,0.064,False
BGW-18,7,21,5.35,100,51.62,29.44,11.71,0.053,False
BGW-18,7,22,5.35,100,51.28,30.04,11.86,0.0,False
BGW-18,7,23,5.35,100,52.28,29.97,11.28,0.143,False
BGW-18,7,24,5.35,100,54.07,28.91,10.47,0.226,False
BGW-18,7,25,5.35,100,54.73,31.88,11.9,0.165,False
BGW-18,7,26,5.35,100,51.65,29.56,11.18,0.152,False
BGW-18,7,27,5.35,100,51.4,31.15,12.29,0.315,False
BGW-18,7,28,5.35,100,51.26,35.29,13.82,0.066,False
BGW-18,7,29,5.35,100,54.82,34.63,13.29,0.173,False
BGW-18,7,30,5.35,100,52.45,32.27,12.22,0.072,False
BGW-18,7,31,5.35,100,52.01,36.86,14.03,0.105,False
BGW-18,7,32,5.35,100,55.21,35.59,13.01,0.23,False
BGW-18,7,33,5.35,100,55.98,32.08,12.41,0.065,False
BGW-18,7,34,5.35,100,55.02,33.42,12.48,0.077,False
BGW-18,7,35,5.35,100,52.45,35.67,13.39,0.179,False
BGW-18,7,36,5.35,100,52.41,37.67,13.8,0.195,False
BGW-18,7,37,5.35,100,53.39,34.42,12.99,0.268,False
BGW-18,7,38,5.35,100,53.95,36.23,13.76,0.203,False
BGW-18,7,39,5.35,100,52.48,37.36,13.82,0.293,False
BGW-18,7,40,5.35,100,53.45,36.86,13.94,0.169,False
BGW-18,7,41,5.35,100,53.7,35.7,13.53,0.061,False
BGW-18,7,42,5.35,100,53.29,35.29,12.87,0.0,False
BGW-18,7,43,5.35,100,53.18,38.23,15.0,0.301,False
BGW-18,7,44,5.35,100,52.23,35.75,13.81,0.0,False
BGW-18,7,45,5.35,100,54.62,39.92,15.17,0.154,False
BGW-18,7,46,5.35,100,52.59,39.57,14.85,0.0,False
BGW-18,7,47,5.35,100,55.43,38.78,15.4,0.149,False
BGW-18,7,48,5.35,100,52.93,39.96,15.38,0.182,False
BGW-18,7,49,5.35,100,52.36,38.38,15.0,0.252,False
BGW-18,7,50,5.35,100,51.41,38.51,14.99,0.141,False
BGW-18,7,51,5.35,100,51.02,39.79,15.41,0.0,False
BGW-18,7,52,5.35,100,51.2,37.29,14.31,0.221,False
BGW-18,7,53,5.35,100,53.41,42.81,16.1,0.055,False
BGW-18,7,54,5.35,100,53.42,39.96,15.44,0.218,False
BGW-18,7,55,5.35,100,51.7,40.43,15.87,0.218,False
BGW-18,7,56,5.35,100,51.06,38.92,14.19,0.08,False
BGW-18,7,57,5.35,100,55.74,39.52,15.11,0.2,False
BGW-18,7,58,5.35,100,55.54,33.8,12.41,2.272,False
BGW-18,7,59,5.35,100,55.73,40.98,15.83,0.267,False
BGW-18,7,60,5.35,100,54.62,37.43,14.22,0.177,False
BGW-18,7,61,5.35,100,55.35,40.25,15.08,0.266,False
BGW-18,7,62,5.35,100,54.08,41.82,15.59,0.0,False
BGW-18,7,63,5.35,100,54.59,34.55,12.88,2.584,False
BGW-18,7,64,5.35,100,54.02,32.1,12.56,2.269,False
BGW-18,7,65,5.35,100,53.8,34.33,12.82,2.321,False
BGW-18,7,66,5.35,100,52.09,40.24,14.86,0.193,False
BGW-18,7,67,5.35,100,52.17,33.97,13.43,2.332,False
BGW-18,7,68,5.35,100,52.87,33.25,12.64,2.372,False
BGW-18,7,69,5.35,100,51.08,37.41,14.41,2.37,False
BGW-18,7,70,5.35,100,55.65,35.03,13.42,2.325,False
BGW-18,7,71,5.35,100,53.1,34.21,12.39,2.417,False
BGW-18,7,72,5.35,100,55.55,38.32,14.26,2.472,False
BGW-18,7,73,5.35,100,53.11,39.55,14.35,0.218,False
BGW-18,7,74,5.35,100,54.54,32.37,12.38,2.273,False
BGW-18,7,75,5.35,100,54.2,34.02,12.93,2.288,False
BGW-18,7,76,5.35,100,53.08,37.78,14.43,2.426,False
BGW-18,7,77,5.35,100,53.95,37.28,14.1,2.399,False
BGW-18,7,78,5.35,100,53.35,33.93,12.83,2.391,False
BGW-18,7,79,3.92,100,38.71,33.98,13.37,2.351,False
BGW-18,7,80,3.92,100,39.67,34.54,12.63,2.384,False
BGW-18,7,81,3.92,100,39.02,35.19,13.89,2.148,False
BGW-18,7,82,3.92,100,38.05,35.99,13.87,2.358,False
BGW-18,7,83,3.92,100,38.92,35.71,13.5,2.36,False
BGW-18,7,84,3.92,100,38.09,34.85,12.87,2.295,False
BGW-18,7,85,3.92,100,37.83,32.97,12.72,2.45,False
BGW-18,7,86,3.92,100,38.49,31.86,12.64,2.434,False
BGW-18,7,87,3.92,100,40.07,36.46,13.37,2.53,False
BGW-18,7,88,3.92,100,39.22,34.36,13.23,2.391,False
BGW-18,7,89,3.92,100,40.51,35.39,13.63,2.604,False
BGW-18,8,0,4.17,86,43.54,26.85,10.35,0.013,False
BGW-18,8,1,4.17,86,41.79,27.6,10.31,0.153,False
BGW-18,8,2,4.17,86,39.69,28.21,10.56,0.081,False
BGW-18,8,3,4.17,86,43.82,31.35,11.92,0.035,False
BGW-18,8,4,4.17,86,41.46,29.93,11.93,0.354,False
BGW-18,8,5,4.17,86,42.28,26.81,10.56,0.173,False
BGW-18,8,6,4.17,86,42.3,26.8,10.17,0.03,False
BGW-18,8,7,4.17,86,39.91,28.88,10.57,0.114,False
BGW-18,8,8,4.17,86,42.7,28.7,10.46,0.109,False
BGW-18,8,9,4.17,86,40.63,29.09,11.36,0.224,False
BGW-18,8,10,4.17,86,40.81,27.96,10.81,0.16,False
BGW-18,8,11,4.17,86,42.34,29.27,10.73,0.161,False
BGW-18,8,12,4.17,86,41.18,28.5,10.98,0.227,False
BGW-18,8,13,4.17,86,43.68,30.18,11.3,0.253,False
BGW-18,8,14,4.17,86,43.73,27.38,10.35,0.047,False
BGW-18,8,15,4.17,86,40.08,29.16,10.92,0.272,False
BGW-18,8,16,4.17,86,41.91,28.62,10.59,0.1,False
BGW-18,8,17,4.17,86,43.52,29.24,10.83,0.311,False
BGW-18,8,18,4.17,86,40.55,31.43,12.31,0.265,False
BGW-18,8,19,4.17,86,40.54,31.4,12.0,0.079,False
BGW-18,8,20,4.17,86,40.4,29.72,10.98,0.08,False
BGW-18,8,21,4.17,86,40.16,27.49,10.55,0.287,False
BGW-18,8,22,4.17,86,40.97,29.28,10.75,0.019,False
BGW-18,8,23,4.17,86,42.58,30.66,12.2,0.165,False
BGW-18,8,24,4.17,86,42.02,29.57,11.24,0.23,False
BGW-18,8,25,4.17,86,43.09,33.58,12.76,0.215,False
BGW-18,8,26,4.17,86,40.03,31.55,11.47,0.289,False
BGW-18,8,27,4.17,86,42.21,31.19,11.63,0.089,False
BGW-18,8,28,4.17,86,41.15,32.41,12.44,0.047,False
BGW-18,8,29,4.17,86,41.37,30.58,11.91,0.161,False
BGW-18,8,30,4.17,86,43.2,30.14,11.04,0.225,False
BGW-18,8,31,4.17,86,40.22,32.35,12.02,0.023,False
BGW-18,8,32,4.17,86,41.72,29.81,11.63,0.186,False
BGW-18,8,33,4.17,86,42.24,29.91,11.45,0.066,False
BGW-18,8,34,4.17,86,43.0,33.32,12.88,0.092,False
BGW-18,8,35,4.17,86,41.56,32.01,12.52,0.249,False
BGW-18,8,36,4.17,86,40.44,29.46,10.7,0.039,False
BGW-18,8,37,4.17,86,39.79,32.49,12.46,0.163,False
BGW-18,8,38,4.17,86,40.48,31.11,12.09,0.176,False
BGW-18,8,39,4.17,86,40.9,32.18,12.08,0.069,False
BGW-18,8,40,4.17,86,39.98,33.69,12.86,0.24,False
BGW-18,8,41,4.17,86,39.75,32.95,12.28,0.17,False
BGW-18,8,42,4.17,86,41.09,33.95,13.37,0.201,False
BGW-18,8,43,4.17,86,42.91,31.22,12.02,0.171,False
BGW-18,8,44,4.17,86,40.85,30.35,11.6,0.015,False
BGW-18,8,45,4.17,86,42.8,34.41,12.95,0.304,False
BGW-18,8,46,4.17,86,43.13,34.01,12.39,0.268,False
BGW-18,8,47,4.17,86,40.05,35.04,12.67,0.146,False
BGW-18,8,48,4.17,86,41.26,33.46,13.33,0.041,False
BGW-18,8,49,4.17,86,41.18,33.74,13.1,0.151,False
BGW-18,8,50,4.17,86,42.87,35.31,14.01,0.138,False
BGW-18,8,51,4.17,86,40.94,33.49,12.83,0.276,False
BGW-18,8,52,4.17,86,41.78,34.14,13.09,0.213,False
BGW-18,8,53,4.17,86,42.49,36.52,13.45,0.321,False
BGW-18,8,54,4.17,86,40.93,36.64,13.75,0.179,False
BGW-18,8,55,4.17,86,40.45,32.93,12.58,0.044,False
BGW-18,8,56,4.17,86,42.82,35.89,13.21,0.161,False
BGW-18,8,57,4.17,86,42.01,36.55,13.38,0.221,False
BGW-18,8,58,4.17,86,43.03,34.72,13.64,0.216,False
BGW-18,8,59,4.17,86,42.56,35.2,14.04,0.131,False
BGW-18,8,60,4.17,86,39.67,35.19,13.5,0.011,False
BGW-18,8,61,4.17,86,40.74,35.78,13.48,0.313,False
BGW-18,8,62,4.17,86,39.92,35.0,13.27,0.082,False
BGW-18,8,63,4.17,86,42.45,35.88,13.33,0.286,False
BGW-18,8,64,4.17,86,42.09,39.75,14.81,0.088,False
BGW-18,8,65,4.17,86,40.55,39.85,15.46,0.163,False
BGW-18,8,66,4.17,86,40.21,36.44,13.5,0.046,False
BGW-18,8,67,4.17,86,42.21,36.74,13.46,0.078,False
BGW-18,8,68,4.17,86,41.32,35.01,13.88,0.028,False
BGW-18,8,69,4.17,86,40.74,36.79,13.55,0.312,False
BGW-18,8,70,4.17,86,42.92,35.91,13.36,0.192,False
BGW-18,8,71,4.17,86,40.7,36.34,13.75,0.0,False
BGW-18,8,72,4.17,86,40.38,40.67,16.14,0.149,False
BGW-18,8,73,4.17,86,43.68,39.3,15.53,0.183,False
BGW-18,8,74,4.17,86,40.39,35.19,13.32,0.083,False
BGW-18,8,75,4.17,86,40.3,36.42,13.98,0.212,False
BGW-18,8,76,4.17,86,40.88,39.42,15.52,0.177,False
BGW-18,8,77,4.17,86,42.19,38.39,13.98,0.103,False
BGW-18,8,78,4.17,86,39.7,35.88,14.13,0.16,False
BGW-18,8,79,4.17,86,42.65,37.84,14.69,0.073,False
BGW-18,8,80,4.17,86,41.89,38.3,15.25,0.25,False
BGW-18,8,81,4.17,86,40.68,41.14,15.05,0.258,False
BGW-18,8,82,4.17,86,42.37,41.39,15.66,0.153,False
BGW-18,8,83,4.17,86,42.88,41.88,16.55,0.237,False
BGW-18,8,84,4.17,86,42.09,38.26,14.24,0.193,False
BGW-18,8,85,4.17,86,41.4,37.49,14.42,0.17,False
BGW-18,8,86,4.17,86,43.54,37.96,14.81,0.432,False
BGW-18,8,87,4.17,86,41.33,39.54,14.97,0.0,False
BGW-18,8,88,4.17,86,40.44,40.49,16.01,0.201,False
BGW-18,8,89,4.17,86,42.47,38.63,14.94,0.19,False
